#include "lvgl.h"

static const uint8_t heart_image_data[] = {
    0xFB, 0x56, 0x00, 0xFB, 0x56, 0x00, 0xFB, 0x56, 0x00, 0xFB, 0x56, 0x00, 0xFB, 0x56, 0x00, 0xFB, 0x56, 0x00, 0xFB, 0x56, 0x00, 0xFB, 0x56, 0x00,
    0xFB, 0x56, 0x00, 0xFB, 0x56, 0x00, 0xFB, 0x56, 0x00, 0xFB, 0x56, 0x00, 0xFB, 0x56, 0x00, 0xFB, 0x56, 0x00, 0xFB, 0x56, 0x00, 0xFB, 0x56, 0x00,
    0xFB, 0x56, 0x00, 0xFB, 0x56, 0x00, 0xFB, 0x56, 0x00, 0xFB, 0x56, 0x00, 0xFB, 0x56, 0x00, 0xFB, 0x56, 0x00, 0xFB, 0x56, 0x00, 0xFB, 0x56, 0x00,
    0xFB, 0x56, 0x00, 0xFB, 0x56, 0x00, 0xFB, 0x56, 0x00, 0xFB, 0x56, 0x00, 0xFB, 0x56, 0x00, 0xFB, 0x56, 0x00, 0xFB, 0x56, 0x00, 0xFB, 0x56, 0x00,
    0xFB, 0x56, 0x00, 0xFB, 0x56, 0x00, 0xFB, 0x56, 0x00, 0xFB, 0x56, 0x00, 0xFB, 0x56, 0x00, 0xFB, 0x56, 0x00, 0xFB, 0x36, 0x00, 0xFB, 0x36, 0x00,
    0xFB, 0x36, 0x00, 0xFB, 0x36, 0x00, 0xFB, 0x36, 0x00, 0xFB, 0x16, 0x00, 0xFB, 0x16, 0x00, 0xFB, 0x16, 0x00, 0xFB, 0x16, 0x00, 0xFB, 0x16, 0x00,
    0xFA, 0xF6, 0x00, 0xFA, 0xF5, 0x00, 0xFA, 0xF5, 0x00, 0xFA, 0xF5, 0x00, 0xFA, 0xD5, 0x00, 0xFA, 0xD5, 0x00, 0xFA, 0xD5, 0x00, 0xFA, 0xD5, 0x00,
    0xFA, 0xD5, 0x00, 0xFA, 0xB5, 0x00, 0xFA, 0xB5, 0x00, 0xFA, 0xB5, 0x00, 0xFA, 0xB5, 0x00, 0xFA, 0x95, 0x00, 0xFA, 0x95, 0x00, 0xFA, 0x95, 0x00,
    0xFA, 0x95, 0x00, 0xFA, 0x95, 0x00, 0xFA, 0x75, 0x00, 0xFA, 0x75, 0x00, 0xFA, 0x75, 0x00, 0xFA, 0x75, 0x00, 0xFA, 0x75, 0x00, 0xFA, 0x55, 0x00,
    0xFA, 0x55, 0x00, 0xFA, 0x54, 0x00, 0xFA, 0x54, 0x00, 0xFA, 0x34, 0x00, 0xFA, 0x34, 0x00, 0xFA, 0x34, 0x00, 0xFA, 0x34, 0x00, 0xFA, 0x34, 0x00,
    0xFB, 0x56, 0x00, 0xFB, 0x56, 0x00, 0xFB, 0x56, 0x00, 0xFB, 0x56, 0x00, 0xFB, 0x56, 0x00, 0xFB, 0x56, 0x00, 0xFB, 0x56, 0x00, 0xFB, 0x56, 0x00,
    0xFB, 0x56, 0x00, 0xFB, 0x56, 0x00, 0xFB, 0x56, 0x00, 0xFB, 0x56, 0x00, 0xFB, 0x56, 0x00, 0xFB, 0x56, 0x00, 0xFB, 0x56, 0x00, 0xFB, 0x56, 0x00,
    0xFB, 0x56, 0x00, 0xFB, 0x56, 0x00, 0xFB, 0x56, 0x00, 0xFB, 0x56, 0x00, 0xFB, 0x56, 0x00, 0xFB, 0x56, 0x00, 0xFB, 0x56, 0x00, 0xFB, 0x56, 0x00,
    0xFB, 0x56, 0x00, 0xFB, 0x56, 0x00, 0xFB, 0x56, 0x00, 0xFB, 0x56, 0x00, 0xFB, 0x56, 0x00, 0xFB, 0x56, 0x00, 0xFB, 0x56, 0x00, 0xFB, 0x56, 0x00,
    0xFB, 0x56, 0x00, 0xFB, 0x56, 0x00, 0xFB, 0x56, 0x00, 0xFB, 0x56, 0x00, 0xFB, 0x56, 0x00, 0xFB, 0x36, 0x00, 0xFB, 0x36, 0x00, 0xFB, 0x36, 0x00,
    0xFB, 0x36, 0x00, 0xFB, 0x36, 0x00, 0xFB, 0x16, 0x00, 0xFB, 0x16, 0x00, 0xFB, 0x16, 0x00, 0xFB, 0x16, 0x00, 0xFA, 0xF6, 0x00, 0xFA, 0xF6, 0x00,
    0xFA, 0xF5, 0x00, 0xFA, 0xF5, 0x00, 0xFA, 0xF5, 0x00, 0xFA, 0xD5, 0x00, 0xFA, 0xD5, 0x00, 0xFA, 0xD5, 0x00, 0xFA, 0xD5, 0x00, 0xFA, 0xD5, 0x00,
    0xFA, 0xB5, 0x00, 0xFA, 0xB5, 0x00, 0xFA, 0xB5, 0x00, 0xFA, 0xB5, 0x00, 0xFA, 0x95, 0x00, 0xFA, 0x95, 0x00, 0xFA, 0x95, 0x00, 0xFA, 0x95, 0x00,
    0xFA, 0x95, 0x00, 0xFA, 0x75, 0x00, 0xFA, 0x75, 0x00, 0xFA, 0x75, 0x00, 0xFA, 0x75, 0x00, 0xFA, 0x55, 0x00, 0xFA, 0x55, 0x00, 0xFA, 0x55, 0x00,
    0xFA, 0x54, 0x00, 0xFA, 0x54, 0x00, 0xFA, 0x34, 0x00, 0xFA, 0x34, 0x00, 0xFA, 0x34, 0x00, 0xFA, 0x34, 0x00, 0xFA, 0x34, 0x00, 0xFA, 0x14, 0x00,
    0xFB, 0x56, 0x00, 0xFB, 0x56, 0x00, 0xFB, 0x56, 0x00, 0xFB, 0x56, 0x00, 0xFB, 0x56, 0x00, 0xFB, 0x56, 0x00, 0xFB, 0x56, 0x00, 0xFB, 0x56, 0x00,
    0xFB, 0x56, 0x00, 0xFB, 0x56, 0x00, 0xFB, 0x56, 0x00, 0xFB, 0x56, 0x00, 0xFB, 0x56, 0x00, 0xFB, 0x56, 0x00, 0xFB, 0x56, 0x00, 0xFB, 0x56, 0x00,
    0xFB, 0x56, 0x00, 0xFB, 0x56, 0x00, 0xFB, 0x56, 0x00, 0xFB, 0x56, 0x00, 0xFB, 0x56, 0x00, 0xFB, 0x56, 0x00, 0xFB, 0x56, 0x00, 0xFB, 0x56, 0x00,
    0xFB, 0x56, 0x00, 0xFB, 0x56, 0x00, 0xFB, 0x56, 0x00, 0xFB, 0x56, 0x00, 0xFB, 0x56, 0x00, 0xFB, 0x56, 0x00, 0xFB, 0x56, 0x00, 0xFB, 0x56, 0x00,
    0xFB, 0x56, 0x00, 0xFB, 0x56, 0x00, 0xFB, 0x56, 0x00, 0xFB, 0x56, 0x00, 0xFB, 0x36, 0x00, 0xFB, 0x36, 0x00, 0xFB, 0x36, 0x00, 0xFB, 0x36, 0x00,
    0xFB, 0x36, 0x00, 0xFB, 0x16, 0x00, 0xFB, 0x16, 0x00, 0xFB, 0x16, 0x00, 0xFB, 0x16, 0x00, 0xFA, 0xF6, 0x00, 0xFA, 0xF6, 0x00, 0xFA, 0xF5, 0x00,
    0xFA, 0xF5, 0x00, 0xFA, 0xF5, 0x00, 0xFA, 0xD5, 0x00, 0xFA, 0xD5, 0x00, 0xFA, 0xD5, 0x00, 0xFA, 0xD5, 0x00, 0xFA, 0xB5, 0x00, 0xFA, 0xB5, 0x00,
    0xFA, 0xB5, 0x00, 0xFA, 0xB5, 0x00, 0xFA, 0xB5, 0x00, 0xFA, 0x95, 0x00, 0xFA, 0x95, 0x00, 0xFA, 0x95, 0x00, 0xFA, 0x95, 0x00, 0xFA, 0x95, 0x00,
    0xFA, 0x75, 0x00, 0xFA, 0x75, 0x00, 0xFA, 0x75, 0x00, 0xFA, 0x75, 0x00, 0xFA, 0x55, 0x00, 0xFA, 0x55, 0x00, 0xFA, 0x54, 0x00, 0xFA, 0x54, 0x00,
    0xFA, 0x54, 0x00, 0xFA, 0x34, 0x00, 0xFA, 0x34, 0x00, 0xFA, 0x34, 0x00, 0xFA, 0x34, 0x00, 0xFA, 0x14, 0x00, 0xFA, 0x14, 0x00, 0xFA, 0x14, 0x00,
    0xFB, 0x56, 0x00, 0xFB, 0x56, 0x00, 0xFB, 0x56, 0x00, 0xFB, 0x56, 0x00, 0xFB, 0x56, 0x00, 0xFB, 0x56, 0x00, 0xFB, 0x56, 0x00, 0xFB, 0x56, 0x00,
    0xFB, 0x56, 0x00, 0xFB, 0x56, 0x00, 0xFB, 0x56, 0x00, 0xFB, 0x56, 0x00, 0xFB, 0x56, 0x00, 0xFB, 0x56, 0x00, 0xFB, 0x56, 0x00, 0xFB, 0x56, 0x00,
    0xFB, 0x56, 0x00, 0xFB, 0x56, 0x00, 0xFB, 0x56, 0x00, 0xFB, 0x56, 0x00, 0xFB, 0x56, 0x00, 0xFB, 0x56, 0x00, 0xFB, 0x56, 0x00, 0xFB, 0x56, 0x00,
    0xFB, 0x56, 0x00, 0xFB, 0x56, 0x00, 0xFB, 0x56, 0x00, 0xFB, 0x56, 0x00, 0xFB, 0x56, 0x00, 0xFB, 0x56, 0x00, 0xFB, 0x56, 0x00, 0xFB, 0x56, 0x00,
    0xFB, 0x56, 0x00, 0xFB, 0x56, 0x00, 0xFB, 0x56, 0x00, 0xFB, 0x36, 0x00, 0xFB, 0x36, 0x00, 0xFB, 0x36, 0x00, 0xFB, 0x36, 0x00, 0xFB, 0x16, 0x00,
    0xFB, 0x16, 0x00, 0xFB, 0x16, 0x00, 0xFB, 0x16, 0x00, 0xFB, 0x16, 0x00, 0xFA, 0xF6, 0x00, 0xFA, 0xF6, 0x00, 0xFA, 0xF5, 0x00, 0xFA, 0xF5, 0x00,
    0xFA, 0xF5, 0x00, 0xFA, 0xD5, 0x00, 0xFA, 0xD5, 0x00, 0xFA, 0xD5, 0x00, 0xFA, 0xD5, 0x00, 0xFA, 0xB5, 0x00, 0xFA, 0xB5, 0x00, 0xFA, 0xB5, 0x00,
    0xFA, 0xB5, 0x00, 0xFA, 0xB5, 0x00, 0xFA, 0x95, 0x00, 0xFA, 0x95, 0x00, 0xFA, 0x95, 0x00, 0xFA, 0x95, 0x00, 0xFA, 0x75, 0x00, 0xFA, 0x75, 0x00,
    0xFA, 0x75, 0x00, 0xFA, 0x75, 0x00, 0xFA, 0x75, 0x00, 0xFA, 0x55, 0x00, 0xFA, 0x55, 0x00, 0xFA, 0x54, 0x00, 0xFA, 0x54, 0x00, 0xFA, 0x54, 0x00,
    0xFA, 0x34, 0x00, 0xFA, 0x34, 0x00, 0xFA, 0x34, 0x00, 0xFA, 0x34, 0x00, 0xFA, 0x14, 0x00, 0xFA, 0x14, 0x00, 0xFA, 0x14, 0x00, 0xFA, 0x14, 0x00,
    0xFB, 0x56, 0x00, 0xFB, 0x56, 0x00, 0xFB, 0x56, 0x00, 0xFB, 0x56, 0x00, 0xFB, 0x56, 0x00, 0xFB, 0x56, 0x00, 0xFB, 0x56, 0x00, 0xFB, 0x56, 0x00,
    0xFB, 0x56, 0x00, 0xFB, 0x56, 0x00, 0xFB, 0x56, 0x00, 0xFB, 0x56, 0x00, 0xFB, 0x56, 0x00, 0xFB, 0x56, 0x00, 0xFB, 0x56, 0x00, 0xFB, 0x56, 0x00,
    0xFB, 0x56, 0x00, 0xFB, 0x56, 0x00, 0xFB, 0x56, 0x00, 0xFB, 0x56, 0x00, 0xFB, 0x56, 0x00, 0xFB, 0x56, 0x00, 0xFB, 0x56, 0x00, 0xFB, 0x56, 0x00,
    0xFB, 0x56, 0x00, 0xFB, 0x56, 0x00, 0xFB, 0x56, 0x00, 0xFB, 0x56, 0x00, 0xFB, 0x56, 0x00, 0xFB, 0x56, 0x00, 0xFB, 0x56, 0x00, 0xFB, 0x56, 0x00,
    0xFB, 0x56, 0x00, 0xFB, 0x56, 0x00, 0xFB, 0x36, 0x00, 0xFB, 0x36, 0x00, 0xFB, 0x36, 0x00, 0xFB, 0x36, 0x00, 0xFB, 0x16, 0x00, 0xFB, 0x16, 0x00,
    0xFB, 0x16, 0x00, 0xFB, 0x16, 0x00, 0xFB, 0x16, 0x00, 0xFA, 0xF6, 0x00, 0xFA, 0xF5, 0x00, 0xFA, 0xF5, 0x00, 0xFA, 0xF5, 0x00, 0xFA, 0xD5, 0x00,
    0xFA, 0xD5, 0x00, 0xFA, 0xD5, 0x00, 0xFA, 0xD5, 0x00, 0xFA, 0xD5, 0x00, 0xFA, 0xB5, 0x00, 0xFA, 0xB5, 0x00, 0xFA, 0xB5, 0x00, 0xFA, 0xB5, 0x00,
    0xFA, 0xB5, 0x00, 0xFA, 0x95, 0x00, 0xFA, 0x95, 0x00, 0xFA, 0x95, 0x00, 0xFA, 0x95, 0x00, 0xFA, 0x75, 0x00, 0xFA, 0x75, 0x00, 0xFA, 0x75, 0x00,
    0xFA, 0x75, 0x00, 0xFA, 0x75, 0x00, 0xFA, 0x55, 0x00, 0xFA, 0x55, 0x00, 0xFA, 0x54, 0x00, 0xFA, 0x54, 0x00, 0xFA, 0x34, 0x00, 0xFA, 0x34, 0x00,
    0xFA, 0x34, 0x00, 0xFA, 0x34, 0x00, 0xFA, 0x34, 0x00, 0xFA, 0x14, 0x00, 0xFA, 0x14, 0x00, 0xFA, 0x14, 0x00, 0xFA, 0x14, 0x00, 0xFA, 0x14, 0x00,
    0xFB, 0x56, 0x00, 0xFB, 0x56, 0x00, 0xFB, 0x56, 0x00, 0xFB, 0x56, 0x00, 0xFB, 0x56, 0x00, 0xFB, 0x56, 0x00, 0xFB, 0x56, 0x00, 0xFB, 0x56, 0x00,
    0xFB, 0x56, 0x00, 0xFB, 0x56, 0x00, 0xFB, 0x56, 0x00, 0xFB, 0x56, 0x00, 0xFB, 0x56, 0x00, 0xFB, 0x56, 0x00, 0xFB, 0x56, 0x00, 0xFB, 0x56, 0x00,
    0xFB, 0x56, 0x00, 0xFB, 0x56, 0x00, 0xFB, 0x56, 0x00, 0xFB, 0x56, 0x00, 0xFB, 0x56, 0x00, 0xFB, 0x56, 0x00, 0xFB, 0x56, 0x00, 0xFB, 0x56, 0x00,
    0xFB, 0x56, 0x00, 0xFB, 0x56, 0x00, 0xFB, 0x56, 0x00, 0xFB, 0x56, 0x00, 0xFB, 0x56, 0x00, 0xFB, 0x56, 0x00, 0xFB, 0x56, 0x00, 0xFB, 0x56, 0x00,
    0xFB, 0x36, 0x00, 0xFB, 0x36, 0x00, 0xFB, 0x36, 0x00, 0xFB, 0x36, 0x00, 0xFB, 0x36, 0x00, 0xFB, 0x16, 0x00, 0xFB, 0x16, 0x00, 0xFB, 0x16, 0x00,
    0xFB, 0x16, 0x00, 0xFB, 0x16, 0x00, 0xFA, 0xF6, 0x00, 0xFA, 0xF5, 0x00, 0xFA, 0xF5, 0x00, 0xFA, 0xF5, 0x00, 0xFA, 0xD5, 0x00, 0xFA, 0xD5, 0x00,
    0xFA, 0xD5, 0x00, 0xFA, 0xD5, 0x00, 0xFA, 0xD5, 0x00, 0xFA, 0xB5, 0x00, 0xFA, 0xB5, 0x00, 0xFA, 0xB5, 0x00, 0xFA, 0xB5, 0x00, 0xFA, 0x95, 0x00,
    0xFA, 0x95, 0x00, 0xFA, 0x95, 0x00, 0xFA, 0x95, 0x00, 0xFA, 0x95, 0x00, 0xFA, 0x75, 0x00, 0xFA, 0x75, 0x00, 0xFA, 0x75, 0x00, 0xFA, 0x75, 0x00,
    0xFA, 0x75, 0x00, 0xFA, 0x55, 0x00, 0xFA, 0x55, 0x00, 0xFA, 0x54, 0x00, 0xFA, 0x54, 0x00, 0xFA, 0x34, 0x00, 0xFA, 0x34, 0x00, 0xFA, 0x34, 0x00,
    0xFA, 0x34, 0x00, 0xFA, 0x34, 0x00, 0xFA, 0x14, 0x00, 0xFA, 0x14, 0x00, 0xFA, 0x14, 0x00, 0xFA, 0x14, 0x00, 0xF9, 0xF4, 0x00, 0xF9, 0xF4, 0x00,
    0xFB, 0x56, 0x00, 0xFB, 0x56, 0x00, 0xFB, 0x56, 0x00, 0xFB, 0x56, 0x00, 0xFB, 0x56, 0x00, 0xFB, 0x56, 0x00, 0xFB, 0x56, 0x00, 0xFB, 0x56, 0x00,
    0xFB, 0x56, 0x00, 0xFB, 0x56, 0x00, 0xFB, 0x56, 0x00, 0xFB, 0x56, 0x00, 0xFB, 0x56, 0x00, 0xFB, 0x56, 0x00, 0xFB, 0x56, 0x00, 0xFB, 0x56, 0x00,
    0xFB, 0x56, 0x00, 0xFB, 0x56, 0x00, 0xFB, 0x56, 0x00, 0xFB, 0x56, 0x00, 0xFB, 0x56, 0x00, 0xFB, 0x56, 0x00, 0xFB, 0x56, 0x00, 0xFB, 0x56, 0x00,
    0xFB, 0x56, 0x00, 0xFB, 0x56, 0x00, 0xFB, 0x56, 0x00, 0xFB, 0x56, 0x00, 0xFB, 0x56, 0x00, 0xFB, 0x56, 0x00, 0xFB, 0x56, 0x00, 0xFB, 0x36, 0x00,
    0xFB, 0x36, 0x00, 0xFB, 0x36, 0x00, 0xFB, 0x36, 0x00, 0xFB, 0x36, 0x00, 0xFB, 0x16, 0x00, 0xFB, 0x16, 0x00, 0xFB, 0x16, 0x00, 0xFB, 0x16, 0x00,
    0xFA, 0xF6, 0x00, 0xFA, 0xF6, 0x00, 0xFA, 0xF5, 0x00, 0xFA, 0xF5, 0x00, 0xFA, 0xF5, 0x00, 0xFA, 0xD5, 0x00, 0xFA, 0xD5, 0x00, 0xFA, 0xD5, 0x00,
    0xFA, 0xD5, 0x00, 0xFA, 0xD5, 0x00, 0xFA, 0xB5, 0x00, 0xFA, 0xB5, 0x00, 0xFA, 0xB5, 0x00, 0xFA, 0xB5, 0x00, 0xFA, 0x95, 0x00, 0xFA, 0x95, 0x00,
    0xFA, 0x95, 0x00, 0xFA, 0x95, 0x00, 0xFA, 0x95, 0x00, 0xFA, 0x75, 0x00, 0xFA, 0x75, 0x00, 0xFA, 0x75, 0x00, 0xFA, 0x75, 0x00, 0xFA, 0x55, 0x00,
    0xFA, 0x55, 0x00, 0xFA, 0x55, 0x00, 0xFA, 0x54, 0x00, 0xFA, 0x54, 0x00, 0xFA, 0x34, 0x00, 0xFA, 0x34, 0x00, 0xFA, 0x34, 0x00, 0xFA, 0x34, 0x00,
    0xFA, 0x34, 0x00, 0xFA, 0x14, 0x00, 0xFA, 0x14, 0x00, 0xFA, 0x14, 0x00, 0xFA, 0x14, 0x00, 0xF9, 0xF4, 0x00, 0xF9, 0xF4, 0x00, 0xF9, 0xF4, 0x00,
    0xFB, 0x56, 0x00, 0xFB, 0x56, 0x00, 0xFB, 0x56, 0x00, 0xFB, 0x56, 0x00, 0xFB, 0x56, 0x00, 0xFB, 0x56, 0x00, 0xFB, 0x56, 0x00, 0xFB, 0x56, 0x00,
    0xFB, 0x56, 0x00, 0xFB, 0x56, 0x00, 0xFB, 0x56, 0x00, 0xFB, 0x56, 0x00, 0xFB, 0x56, 0x00, 0xFB, 0x56, 0x00, 0xFB, 0x56, 0x00, 0xFB, 0x56, 0x00,
    0xFB, 0x56, 0x00, 0xFB, 0x56, 0x00, 0xFB, 0x56, 0x00, 0xFB, 0x56, 0x00, 0xFB, 0x56, 0x00, 0xFB, 0x56, 0x00, 0xFB, 0x56, 0x00, 0xFB, 0x56, 0x00,
    0xFB, 0x56, 0x00, 0xFB, 0x56, 0x00, 0xFB, 0x56, 0x00, 0xFB, 0x56, 0x00, 0xFB, 0x56, 0x00, 0xFB, 0x56, 0x00, 0xFB, 0x36, 0x00, 0xFB, 0x36, 0x00,
    0xFB, 0x36, 0x00, 0xFB, 0x36, 0x00, 0xFB, 0x36, 0x00, 0xFB, 0x16, 0x00, 0xFB, 0x16, 0x00, 0xFB, 0x16, 0x00, 0xFB, 0x16, 0x00, 0xFA, 0xF6, 0x00,
    0xFA, 0xF6, 0x00, 0xFA, 0xF5, 0x00, 0xFA, 0xF5, 0x00, 0xFA, 0xF5, 0x00, 0xFA, 0xD5, 0x00, 0xFA, 0xD5, 0x00, 0xFA, 0xD5, 0x00, 0xFA, 0xD5, 0x00,
    0xFA, 0xB5, 0x00, 0xFA, 0xB5, 0x00, 0xFA, 0xB5, 0x00, 0xFA, 0xB5, 0x00, 0xFA, 0xB5, 0x00, 0xFA, 0x95, 0x00, 0xFA, 0x95, 0x00, 0xFA, 0x95, 0x00,
    0xFA, 0x95, 0x00, 0xFA, 0x95, 0x00, 0xFA, 0x75, 0x00, 0xFA, 0x75, 0x00, 0xFA, 0x75, 0x00, 0xFA, 0x75, 0x00, 0xFA, 0x55, 0x00, 0xFA, 0x55, 0x00,
    0xFA, 0x54, 0x00, 0xFA, 0x54, 0x00, 0xFA, 0x54, 0x00, 0xFA, 0x34, 0x00, 0xFA, 0x34, 0x00, 0xFA, 0x34, 0x00, 0xFA, 0x34, 0x00, 0xFA, 0x14, 0x00,
    0xFA, 0x14, 0x00, 0xFA, 0x14, 0x00, 0xFA, 0x14, 0x00, 0xFA, 0x14, 0x00, 0xF9, 0xF4, 0x00, 0xF9, 0xF4, 0x00, 0xF9, 0xF4, 0x00, 0xF9, 0xF4, 0x00,
    0xFB, 0x56, 0x00, 0xFB, 0x56, 0x00, 0xFB, 0x56, 0x00, 0xFB, 0x56, 0x00, 0xFB, 0x56, 0x00, 0xFB, 0x56, 0x00, 0xFB, 0x56, 0x00, 0xFB, 0x56, 0x00,
    0xFB, 0x56, 0x00, 0xFB, 0x56, 0x00, 0xFB, 0x56, 0x00, 0xFB, 0x56, 0x00, 0xFB, 0x56, 0x00, 0xFB, 0x56, 0x00, 0xFB, 0x56, 0x00, 0xFB, 0x56, 0x00,
    0xFB, 0x56, 0x00, 0xFB, 0x56, 0x00, 0xFB, 0x56, 0x00, 0xFB, 0x56, 0x00, 0xFB, 0x56, 0x00, 0xFB, 0x56, 0x00, 0xFB, 0x56, 0x00, 0xFB, 0x56, 0x00,
    0xFB, 0x56, 0x00, 0xFB, 0x56, 0x00, 0xFB, 0x56, 0x00, 0xFB, 0x56, 0x00, 0xFB, 0x56, 0x00, 0xFB, 0x36, 0x00, 0xFB, 0x36, 0x00, 0xFB, 0x36, 0x00,
    0xFB, 0x36, 0x00, 0xFB, 0x16, 0x00, 0xFB, 0x16, 0x00, 0xFB, 0x16, 0x00, 0xFB, 0x16, 0x00, 0xFB, 0x16, 0x00, 0xFA, 0xF6, 0x00, 0xFA, 0xF6, 0x00,
    0xFA, 0xF5, 0x00, 0xFA, 0xF5, 0x00, 0xFA, 0xF5, 0x00, 0xFA, 0xD5, 0x00, 0xFA, 0xD5, 0x00, 0xFA, 0xD5, 0x00, 0xFA, 0xD5, 0x00, 0xFA, 0xB5, 0x00,
    0xFA, 0xB5, 0x00, 0xFA, 0xB5, 0x00, 0xFA, 0xB5, 0x00, 0xFA, 0xB5, 0x00, 0xFA, 0x95, 0x00, 0xFA, 0x95, 0x00, 0xFA, 0x95, 0x00, 0xFA, 0x95, 0x00,
    0xFA, 0x75, 0x00, 0xFA, 0x75, 0x00, 0xFA, 0x75, 0x00, 0xFA, 0x75, 0x00, 0xFA, 0x75, 0x00, 0xFA, 0x55, 0x00, 0xFA, 0x55, 0x00, 0xFA, 0x54, 0x00,
    0xFA, 0x54, 0x00, 0xFA, 0x54, 0x00, 0xFA, 0x34, 0x00, 0xFA, 0x34, 0x00, 0xFA, 0x34, 0x00, 0xFA, 0x34, 0x00, 0xFA, 0x14, 0x00, 0xFA, 0x14, 0x00,
    0xFA, 0x14, 0x00, 0xFA, 0x14, 0x00, 0xFA, 0x14, 0x00, 0xF9, 0xF4, 0x00, 0xF9, 0xF4, 0x00, 0xF9, 0xF4, 0x00, 0xF9, 0xF4, 0x00, 0xF9, 0xD4, 0x00,
    0xFB, 0x56, 0x00, 0xFB, 0x56, 0x00, 0xFB, 0x56, 0x00, 0xFB, 0x56, 0x00, 0xFB, 0x56, 0x00, 0xFB, 0x56, 0x00, 0xFB, 0x56, 0x00, 0xFB, 0x56, 0x00,
    0xFB, 0x56, 0x00, 0xFB, 0x56, 0x00, 0xFB, 0x56, 0x00, 0xFB, 0x56, 0x00, 0xFB, 0x56, 0x00, 0xFB, 0x56, 0x00, 0xFB, 0x56, 0x00, 0xFB, 0x56, 0x00,
    0xFB, 0x56, 0x00, 0xFB, 0x56, 0x00, 0xFB, 0x56, 0x00, 0xFB, 0x56, 0x00, 0xFB, 0x56, 0x00, 0xFB, 0x56, 0x00, 0xFB, 0x56, 0x00, 0xFB, 0x56, 0x00,
    0xFB, 0x56, 0x00, 0xFB, 0x56, 0x00, 0xFB, 0x56, 0x00, 0xFB, 0x56, 0x00, 0xFB, 0x36, 0x00, 0xFB, 0x36, 0x00, 0xFB, 0x36, 0x00, 0xFB, 0x36, 0x00,
    0xFB, 0x16, 0x00, 0xFB, 0x16, 0x00, 0xFB, 0x16, 0x00, 0xFB, 0x16, 0x00, 0xFB, 0x16, 0x00, 0xFA, 0xF6, 0x00, 0xFA, 0xF5, 0x00, 0xFA, 0xF5, 0x00,
    0xFA, 0xF5, 0x00, 0xFA, 0xD5, 0x00, 0xFA, 0xD5, 0x00, 0xFA, 0xD5, 0x00, 0xFA, 0xD5, 0x00, 0xFA, 0xD5, 0x00, 0xFA, 0xB5, 0x00, 0xFA, 0xB5, 0x00,
    0xFA, 0xB5, 0x00, 0xFA, 0xB5, 0x00, 0xFA, 0xB5, 0x00, 0xFA, 0x95, 0x00, 0xFA, 0x95, 0x00, 0xFA, 0x95, 0x00, 0xFA, 0x95, 0x00, 0xFA, 0x75, 0x00,
    0xFA, 0x75, 0x00, 0xFA, 0x75, 0x00, 0xFA, 0x75, 0x00, 0xFA, 0x75, 0x00, 0xFA, 0x55, 0x00, 0xFA, 0x55, 0x00, 0xFA, 0x54, 0x00, 0xFA, 0x54, 0x00,
    0xFA, 0x34, 0x00, 0xFA, 0x34, 0x00, 0xFA, 0x34, 0x00, 0xFA, 0x34, 0x00, 0xFA, 0x34, 0x00, 0xFA, 0x14, 0x00, 0xFA, 0x14, 0x00, 0xFA, 0x14, 0x00,
    0xFA, 0x14, 0x00, 0xFA, 0x14, 0x00, 0xF9, 0xF4, 0x00, 0xF9, 0xF4, 0x00, 0xF9, 0xF4, 0x00, 0xF9, 0xF4, 0x00, 0xF9, 0xD4, 0x00, 0xF9, 0xD4, 0x00,
    0xFB, 0x56, 0x00, 0xFB, 0x56, 0x00, 0xFB, 0x56, 0x00, 0xFB, 0x56, 0x00, 0xFB, 0x56, 0x00, 0xFB, 0x56, 0x00, 0xFB, 0x56, 0x00, 0xFB, 0x56, 0x00,
    0xFB, 0x56, 0x00, 0xFB, 0x56, 0x00, 0xFB, 0x56, 0x00, 0xFB, 0x56, 0x00, 0xFB, 0x56, 0x00, 0xFB, 0x56, 0x00, 0xFB, 0x56, 0x00, 0xFB, 0x56, 0x00,
    0xFB, 0x56, 0x00, 0xFB, 0x56, 0x00, 0xFB, 0x56, 0x00, 0xFB, 0x56, 0x00, 0xFB, 0x56, 0x00, 0xFB, 0x56, 0x00, 0xFB, 0x56, 0x00, 0xFB, 0x56, 0x00,
    0xFB, 0x56, 0x00, 0xFB, 0x56, 0x00, 0xFB, 0x36, 0x00, 0xFB, 0x36, 0x00, 0xFB, 0x36, 0x00, 0xFB, 0x36, 0x00, 0xFB, 0x36, 0x00, 0xFB, 0x16, 0x00,
    0xFB, 0x16, 0x00, 0xFB, 0x16, 0x00, 0xFB, 0x16, 0x00, 0xFB, 0x16, 0x00, 0xFA, 0xF6, 0x00, 0xFA, 0xF5, 0x00, 0xFA, 0xF5, 0x00, 0xFA, 0xF5, 0x00,
    0xFA, 0xD5, 0x00, 0xFA, 0xD5, 0x00, 0xFA, 0xD5, 0x00, 0xFA, 0xD5, 0x00, 0xFA, 0xD5, 0x00, 0xFA, 0xB5, 0x00, 0xFA, 0xB5, 0x00, 0xFA, 0xB5, 0x00,
    0xFA, 0xB5, 0x00, 0xFA, 0x95, 0x00, 0xFA, 0x95, 0x00, 0xFA, 0x95, 0x00, 0xFA, 0x95, 0x00, 0xFA, 0x95, 0x00, 0xFA, 0x75, 0x00, 0xFA, 0x75, 0x00,
    0xFA, 0x75, 0x00, 0xFA, 0x75, 0x00, 0xFA, 0x75, 0x00, 0xFA, 0x55, 0x00, 0xFA, 0x55, 0x00, 0xFA, 0x54, 0x00, 0xFA, 0x54, 0x00, 0xFA, 0x34, 0x00,
    0xFA, 0x34, 0x00, 0xFA, 0x34, 0x00, 0xFA, 0x34, 0x00, 0xFA, 0x34, 0x00, 0xFA, 0x14, 0x00, 0xFA, 0x14, 0x00, 0xFA, 0x14, 0x00, 0xFA, 0x14, 0x00,
    0xF9, 0xF4, 0x00, 0xF9, 0xF4, 0x00, 0xF9, 0xF4, 0x00, 0xF9, 0xF4, 0x00, 0xF9, 0xF4, 0x00, 0xF9, 0xD4, 0x00, 0xF9, 0xD4, 0x00, 0xF9, 0xD4, 0x00,
    0xFB, 0x56, 0x00, 0xFB, 0x56, 0x00, 0xFB, 0x56, 0x00, 0xFB, 0x56, 0x00, 0xFB, 0x56, 0x00, 0xFB, 0x56, 0x00, 0xFB, 0x56, 0x00, 0xFB, 0x56, 0x00,
    0xFB, 0x56, 0x00, 0xFB, 0x56, 0x00, 0xFB, 0x56, 0x00, 0xFB, 0x56, 0x00, 0xFB, 0x56, 0x00, 0xFB, 0x56, 0x00, 0xFB, 0x56, 0x00, 0xFB, 0x56, 0x00,
    0xFB, 0x56, 0x00, 0xFB, 0x56, 0x00, 0xFB, 0x56, 0x00, 0xFB, 0x56, 0x00, 0xFB, 0x56, 0x00, 0xFB, 0x56, 0x00, 0xFB, 0x56, 0x00, 0xFB, 0x56, 0x00,
    0xFB, 0x56, 0x00, 0xFB, 0x36, 0x00, 0xFB, 0x36, 0x00, 0xFB, 0x36, 0x00, 0xFB, 0x36, 0x00, 0xFB, 0x36, 0x00, 0xFB, 0x16, 0x00, 0xFB, 0x16, 0x00,
    0xFB, 0x16, 0x00, 0xFB, 0x16, 0x00, 0xFA, 0xF6, 0x00, 0xFA, 0xF6, 0x00, 0xFA, 0xF5, 0x00, 0xFA, 0xF5, 0x00, 0xFA, 0xF5, 0x00, 0xFA, 0xD5, 0x00,
    0xFA, 0xD5, 0x00, 0xFA, 0xD5, 0x00, 0xFA, 0xD5, 0x00, 0xFA, 0xD5, 0x00, 0xFA, 0xB5, 0x00, 0xFA, 0xB5, 0x00, 0xFA, 0xB5, 0x00, 0xFA, 0xB5, 0x00,
    0xFA, 0x95, 0x00, 0xFA, 0x95, 0x00, 0xFA, 0x95, 0x00, 0xFA, 0x95, 0x00, 0xFA, 0x95, 0x00, 0xFA, 0x75, 0x00, 0xFA, 0x75, 0x00, 0xFA, 0x75, 0x00,
    0xFA, 0x75, 0x00, 0xFA, 0x55, 0x00, 0xFA, 0x55, 0x00, 0xFA, 0x55, 0x00, 0xFA, 0x54, 0x00, 0xFA, 0x54, 0x00, 0xFA, 0x34, 0x00, 0xFA, 0x34, 0x00,
    0xFA, 0x34, 0x00, 0xFA, 0x34, 0x00, 0xFA, 0x34, 0x00, 0xFA, 0x14, 0x00, 0xFA, 0x14, 0x00, 0xFA, 0x14, 0x00, 0xFA, 0x14, 0x00, 0xF9, 0xF4, 0x00,
    0xF9, 0xF4, 0x00, 0xF9, 0xF4, 0x00, 0xF9, 0xF4, 0x00, 0xF9, 0xF4, 0x00, 0xF9, 0xD4, 0x00, 0xF9, 0xD4, 0x00, 0xF9, 0xD4, 0x00, 0xF9, 0xD4, 0x00,
    0xFB, 0x56, 0x00, 0xFB, 0x56, 0x00, 0xFB, 0x56, 0x00, 0xFB, 0x56, 0x00, 0xFB, 0x56, 0x00, 0xFB, 0x56, 0x00, 0xFB, 0x56, 0x00, 0xFB, 0x56, 0x00,
    0xFB, 0x56, 0x00, 0xFB, 0x56, 0x00, 0xFB, 0x56, 0x00, 0xFB, 0x56, 0x00, 0xFB, 0x56, 0x00, 0xFB, 0x56, 0x00, 0xFB, 0x56, 0x00, 0xFB, 0x56, 0x00,
    0xFB, 0x56, 0x00, 0xFB, 0x56, 0x00, 0xFB, 0x56, 0x00, 0xFB, 0x56, 0x00, 0xFB, 0x56, 0x00, 0xFB, 0x56, 0x00, 0xFB, 0x56, 0x01, 0xFB, 0x56, 0x01,
    0xFB, 0x36, 0x03, 0xFB, 0x36, 0x03, 0xFB, 0x36, 0x03, 0xFB, 0x36, 0x03, 0xFB, 0x36, 0x03, 0xFB, 0x16, 0x03, 0xFB, 0x16, 0x02, 0xFB, 0x16, 0x01,
    0xFB, 0x16, 0x00, 0xFA, 0xF6, 0x00, 0xFA, 0xF6, 0x00, 0xFA, 0xF5, 0x00, 0xFA, 0xF5, 0x00, 0xFA, 0xF5, 0x00, 0xFA, 0xD5, 0x00, 0xFA, 0xD5, 0x00,
    0xFA, 0xD5, 0x00, 0xFA, 0xD5, 0x00, 0xFA, 0xB5, 0x00, 0xFA, 0xB5, 0x00, 0xFA, 0xB5, 0x00, 0xFA, 0xB5, 0x00, 0xFA, 0xB5, 0x00, 0xFA, 0x95, 0x00,
    0xFA, 0x95, 0x01, 0xFA, 0x95, 0x02, 0xFA, 0x95, 0x03, 0xFA, 0x95, 0x03, 0xFA, 0x75, 0x03, 0xFA, 0x75, 0x03, 0xFA, 0x75, 0x03, 0xFA, 0x75, 0x03,
    0xFA, 0x55, 0x01, 0xFA, 0x55, 0x01, 0xFA, 0x54, 0x00, 0xFA, 0x54, 0x00, 0xFA, 0x54, 0x00, 0xFA, 0x34, 0x00, 0xFA, 0x34, 0x00, 0xFA, 0x34, 0x00,
    0xFA, 0x34, 0x00, 0xFA, 0x14, 0x00, 0xFA, 0x14, 0x00, 0xFA, 0x14, 0x00, 0xFA, 0x14, 0x00, 0xFA, 0x14, 0x00, 0xF9, 0xF4, 0x00, 0xF9, 0xF4, 0x00,
    0xF9, 0xF4, 0x00, 0xF9, 0xF4, 0x00, 0xF9, 0xF4, 0x00, 0xF9, 0xD4, 0x00, 0xF9, 0xD4, 0x00, 0xF9, 0xD4, 0x00, 0xF9, 0xD4, 0x00, 0xF9, 0xB4, 0x00,
    0xFB, 0x56, 0x00, 0xFB, 0x56, 0x00, 0xFB, 0x56, 0x00, 0xFB, 0x56, 0x00, 0xFB, 0x56, 0x00, 0xFB, 0x56, 0x00, 0xFB, 0x56, 0x00, 0xFB, 0x56, 0x00,
    0xFB, 0x56, 0x00, 0xFB, 0x56, 0x00, 0xFB, 0x56, 0x00, 0xFB, 0x56, 0x00, 0xFB, 0x56, 0x00, 0xFB, 0x56, 0x00, 0xFB, 0x56, 0x00, 0xFB, 0x56, 0x00,
    0xFB, 0x56, 0x00, 0xFB, 0x56, 0x00, 0xFB, 0x56, 0x00, 0xFB, 0x56, 0x01, 0xFB, 0x56, 0x03, 0xFB, 0x56, 0x03, 0xFB, 0x56, 0x00, 0xFB, 0x36, 0x00,
    0xFB, 0x36, 0x00, 0xFB, 0x36, 0x00, 0xFB, 0x36, 0x00, 0xFB, 0x16, 0x00, 0xFB, 0x16, 0x00, 0xFB, 0x16, 0x00, 0xFB, 0x16, 0x00, 0xFB, 0x16, 0x00,
    0xFA, 0xF6, 0x03, 0xFA, 0xF6, 0x04, 0xFA, 0xF5, 0x02, 0xFA, 0xF5, 0x00, 0xFA, 0xF5, 0x00, 0xFA, 0xD5, 0x00, 0xFA, 0xD5, 0x00, 0xFA, 0xD5, 0x00,
    0xFA, 0xD5, 0x00, 0xFA, 0xB5, 0x00, 0xFA, 0xB5, 0x00, 0xFA, 0xB5, 0x00, 0xFA, 0xB5, 0x00, 0xFA, 0xB5, 0x02, 0xFA, 0x95, 0x04, 0xFA, 0x95, 0x03,
    0xFA, 0x95, 0x00, 0xFA, 0x95, 0x00, 0xFA, 0x75, 0x00, 0xFA, 0x75, 0x00, 0xFA, 0x75, 0x00, 0xFA, 0x75, 0x00, 0xFA, 0x75, 0x00, 0xFA, 0x55, 0x00,
    0xFA, 0x55, 0x00, 0xFA, 0x54, 0x00, 0xFA, 0x54, 0x03, 0xFA, 0x54, 0x03, 0xFA, 0x34, 0x01, 0xFA, 0x34, 0x00, 0xFA, 0x34, 0x00, 0xFA, 0x34, 0x00,
    0xFA, 0x14, 0x00, 0xFA, 0x14, 0x00, 0xFA, 0x14, 0x00, 0xFA, 0x14, 0x00, 0xFA, 0x14, 0x00, 0xF9, 0xF4, 0x00, 0xF9, 0xF4, 0x00, 0xF9, 0xF4, 0x00,
    0xF9, 0xF4, 0x00, 0xF9, 0xD4, 0x00, 0xF9, 0xD4, 0x00, 0xF9, 0xD4, 0x00, 0xF9, 0xD4, 0x00, 0xF9, 0xD4, 0x00, 0xF9, 0xB4, 0x00, 0xF9, 0xB4, 0x00,
    0xFB, 0x56, 0x00, 0xFB, 0x56, 0x00, 0xFB, 0x56, 0x00, 0xFB, 0x56, 0x00, 0xFB, 0x56, 0x00, 0xFB, 0x56, 0x00, 0xFB, 0x56, 0x00, 0xFB, 0x56, 0x00,
    0xFB, 0x56, 0x00, 0xFB, 0x56, 0x00, 0xFB, 0x56, 0x00, 0xFB, 0x56, 0x00, 0xFB, 0x56, 0x00, 0xFB, 0x56, 0x00, 0xFB, 0x56, 0x00, 0xFB, 0x56, 0x00,
    0xFB, 0x56, 0x00, 0xFB, 0x56, 0x02, 0xFB, 0x56, 0x04, 0xFB, 0x56, 0x00, 0xFB, 0x56, 0x00, 0xFB, 0x56, 0x00, 0xFB, 0x36, 0x03, 0xFB, 0x36, 0x14,
    0xFB, 0x36, 0x3E, 0xFB, 0x36, 0x41, 0xFB, 0x16, 0x41, 0xFB, 0x16, 0x41, 0xFB, 0x16, 0x41, 0xFB, 0x16, 0x41, 0xFB, 0x16, 0x1D, 0xFA, 0xF6, 0x03,
    0xFA, 0xF5, 0x00, 0xFA, 0xF5, 0x00, 0xFA, 0xF5, 0x00, 0xFA, 0xD5, 0x03, 0xFA, 0xD5, 0x02, 0xFA, 0xD5, 0x00, 0xFA, 0xD5, 0x00, 0xFA, 0xD5, 0x00,
    0xFA, 0xB5, 0x00, 0xFA, 0xB5, 0x00, 0xFA, 0xB5, 0x00, 0xFA, 0xB5, 0x03, 0xFA, 0xB5, 0x03, 0xFA, 0x95, 0x00, 0xFA, 0x95, 0x00, 0xFA, 0x95, 0x00,
    0xFA, 0x95, 0x03, 0xFA, 0x75, 0x1D, 0xFA, 0x75, 0x41, 0xFA, 0x75, 0x41, 0xFA, 0x75, 0x41, 0xFA, 0x75, 0x41, 0xFA, 0x55, 0x41, 0xFA, 0x55, 0x3E,
    0xFA, 0x54, 0x14, 0xFA, 0x54, 0x03, 0xFA, 0x34, 0x00, 0xFA, 0x34, 0x00, 0xFA, 0x34, 0x00, 0xFA, 0x34, 0x04, 0xFA, 0x34, 0x02, 0xFA, 0x14, 0x00,
    0xFA, 0x14, 0x00, 0xFA, 0x14, 0x00, 0xFA, 0x14, 0x00, 0xFA, 0x14, 0x00, 0xF9, 0xF4, 0x00, 0xF9, 0xF4, 0x00, 0xF9, 0xF4, 0x00, 0xF9, 0xF4, 0x00,
    0xF9, 0xD4, 0x00, 0xF9, 0xD4, 0x00, 0xF9, 0xD4, 0x00, 0xF9, 0xD4, 0x00, 0xF9, 0xD4, 0x00, 0xF9, 0xB4, 0x00, 0xF9, 0xB4, 0x00, 0xF9, 0xB4, 0x00,
    0xFB, 0x56, 0x00, 0xFB, 0x56, 0x00, 0xFB, 0x56, 0x00, 0xFB, 0x56, 0x00, 0xFB, 0x56, 0x00, 0xFB, 0x56, 0x00, 0xFB, 0x56, 0x00, 0xFB, 0x56, 0x00,
    0xFB, 0x56, 0x00, 0xFB, 0x56, 0x00, 0xFB, 0x56, 0x00, 0xFB, 0x56, 0x00, 0xFB, 0x56, 0x00, 0xFB, 0x56, 0x00, 0xFB, 0x56, 0x00, 0xFB, 0x56, 0x00,
    0xFB, 0x56, 0x03, 0xFB, 0x56, 0x00, 0xFB, 0x56, 0x00, 0xFB, 0x56, 0x07, 0xFB, 0x36, 0x5E, 0xFB, 0x36, 0x9E, 0xFB, 0x36, 0xD5, 0xFB, 0x36, 0xEF,
    0xFB, 0x36, 0xFF, 0xFB, 0x16, 0xFF, 0xFB, 0x16, 0xFF, 0xFB, 0x16, 0xFF, 0xFB, 0x16, 0xFF, 0xFB, 0x16, 0xFF, 0xFA, 0xF6, 0xF5, 0xFA, 0xF5, 0xD5,
    0xFA, 0xF5, 0xAD, 0xFA, 0xF5, 0x61, 0xFA, 0xD5, 0x28, 0xFA, 0xD5, 0x00, 0xFA, 0xD5, 0x00, 0xFA, 0xD5, 0x01, 0xFA, 0xD5, 0x03, 0xFA, 0xB5, 0x00,
    0xFA, 0xB5, 0x00, 0xFA, 0xB5, 0x02, 0xFA, 0xB5, 0x01, 0xFA, 0x95, 0x00, 0xFA, 0x95, 0x00, 0xFA, 0x95, 0x28, 0xFA, 0x95, 0x61, 0xFA, 0x95, 0xAD,
    0xFA, 0x75, 0xD5, 0xFA, 0x75, 0xF5, 0xFA, 0x75, 0xFF, 0xFA, 0x75, 0xFF, 0xFA, 0x75, 0xFF, 0xFA, 0x55, 0xFF, 0xFA, 0x55, 0xFF, 0xFA, 0x54, 0xFF,
    0xFA, 0x54, 0xEF, 0xFA, 0x34, 0xD5, 0xFA, 0x34, 0x9E, 0xFA, 0x34, 0x5E, 0xFA, 0x34, 0x07, 0xFA, 0x34, 0x00, 0xFA, 0x14, 0x00, 0xFA, 0x14, 0x03,
    0xFA, 0x14, 0x00, 0xFA, 0x14, 0x00, 0xF9, 0xF4, 0x00, 0xF9, 0xF4, 0x00, 0xF9, 0xF4, 0x00, 0xF9, 0xF4, 0x00, 0xF9, 0xF4, 0x00, 0xF9, 0xD4, 0x00,
    0xF9, 0xD4, 0x00, 0xF9, 0xD4, 0x00, 0xF9, 0xD4, 0x00, 0xF9, 0xD4, 0x00, 0xF9, 0xB4, 0x00, 0xF9, 0xB4, 0x00, 0xF9, 0xB3, 0x00, 0xF9, 0xB3, 0x00,
    0xFB, 0x56, 0x00, 0xFB, 0x56, 0x00, 0xFB, 0x56, 0x00, 0xFB, 0x56, 0x00, 0xFB, 0x56, 0x00, 0xFB, 0x56, 0x00, 0xFB, 0x56, 0x00, 0xFB, 0x56, 0x00,
    0xFB, 0x56, 0x00, 0xFB, 0x56, 0x00, 0xFB, 0x56, 0x00, 0xFB, 0x56, 0x00, 0xFB, 0x56, 0x00, 0xFB, 0x56, 0x00, 0xFB, 0x56, 0x03, 0xFB, 0x56, 0x02,
    0xFB, 0x56, 0x00, 0xFB, 0x56, 0x27, 0xFB, 0x56, 0x80, 0xFB, 0x36, 0xD3, 0xFB, 0x36, 0xFF, 0xFB, 0x36, 0xFF, 0xFB, 0x36, 0xFF, 0xFB, 0x36, 0xFF,
    0xFB, 0x16, 0xFD, 0xFB, 0x16, 0xFD, 0xFB, 0x16, 0xFD, 0xFB, 0x16, 0xFD, 0xFA, 0xF6, 0xFD, 0xFA, 0xF6, 0xFD, 0xFA, 0xF5, 0xFF, 0xFA, 0xF5, 0xFF,
    0xFA, 0xF5, 0xFF, 0xFA, 0xD5, 0xFF, 0xFA, 0xD5, 0xF8, 0xFA, 0xD5, 0xA2, 0xFA, 0xD5, 0x39, 0xFA, 0xD5, 0x00, 0xFA, 0xB5, 0x00, 0xFA, 0xB5, 0x02,
    0xFA, 0xB5, 0x04, 0xFA, 0xB5, 0x00, 0xFA, 0x95, 0x00, 0xFA, 0x95, 0x45, 0xFA, 0x95, 0xA2, 0xFA, 0x95, 0xF8, 0xFA, 0x95, 0xFF, 0xFA, 0x75, 0xFF,
    0xFA, 0x75, 0xFF, 0xFA, 0x75, 0xFF, 0xFA, 0x75, 0xFD, 0xFA, 0x55, 0xFD, 0xFA, 0x55, 0xFD, 0xFA, 0x55, 0xFD, 0xFA, 0x54, 0xFD, 0xFA, 0x54, 0xFD,
    0xFA, 0x34, 0xFF, 0xFA, 0x34, 0xFF, 0xFA, 0x34, 0xFF, 0xFA, 0x34, 0xFF, 0xFA, 0x34, 0xD3, 0xFA, 0x14, 0x80, 0xFA, 0x14, 0x27, 0xFA, 0x14, 0x00,
    0xFA, 0x14, 0x02, 0xF9, 0xF4, 0x03, 0xF9, 0xF4, 0x00, 0xF9, 0xF4, 0x00, 0xF9, 0xF4, 0x00, 0xF9, 0xF4, 0x00, 0xF9, 0xD4, 0x00, 0xF9, 0xD4, 0x00,
    0xF9, 0xD4, 0x00, 0xF9, 0xD4, 0x00, 0xF9, 0xB4, 0x00, 0xF9, 0xB4, 0x00, 0xF9, 0xB4, 0x00, 0xF9, 0xB3, 0x00, 0xF9, 0xB3, 0x00, 0xF9, 0x93, 0x00,
    0xFB, 0x56, 0x00, 0xFB, 0x56, 0x00, 0xFB, 0x56, 0x00, 0xFB, 0x56, 0x00, 0xFB, 0x56, 0x00, 0xFB, 0x56, 0x00, 0xFB, 0x56, 0x00, 0xFB, 0x56, 0x00,
    0xFB, 0x56, 0x00, 0xFB, 0x56, 0x00, 0xFB, 0x56, 0x00, 0xFB, 0x56, 0x00, 0xFB, 0x56, 0x00, 0xFB, 0x56, 0x04, 0xFB, 0x56, 0x00, 0xFB, 0x56, 0x00,
    0xFB, 0x56, 0x7C, 0xFB, 0x56, 0xF0, 0xFB, 0x36, 0xFF, 0xFB, 0x36, 0xFF, 0xFB, 0x36, 0xFC, 0xFB, 0x36, 0xFB, 0xFB, 0x36, 0xFD, 0xFB, 0x16, 0xFE,
    0xFB, 0x16, 0xFF, 0xFB, 0x16, 0xFF, 0xFB, 0x16, 0xFF, 0xFA, 0xF6, 0xFF, 0xFA, 0xF6, 0xFF, 0xFA, 0xF5, 0xFF, 0xFA, 0xF5, 0xFE, 0xFA, 0xF5, 0xFD,
    0xFA, 0xD5, 0xFC, 0xFA, 0xD5, 0xFC, 0xFA, 0xD5, 0xFF, 0xFA, 0xD5, 0xFF, 0xFA, 0xB5, 0xFD, 0xFA, 0xB5, 0xBA, 0xFA, 0xB5, 0x45, 0xFA, 0xB5, 0x00,
    0xFA, 0xB5, 0x00, 0xFA, 0x95, 0x2C, 0xFA, 0x95, 0xB6, 0xFA, 0x95, 0xFF, 0xFA, 0x95, 0xFF, 0xFA, 0x95, 0xFF, 0xFA, 0x75, 0xFC, 0xFA, 0x75, 0xFC,
    0xFA, 0x75, 0xFD, 0xFA, 0x75, 0xFE, 0xFA, 0x55, 0xFF, 0xFA, 0x55, 0xFF, 0xFA, 0x54, 0xFF, 0xFA, 0x54, 0xFF, 0xFA, 0x54, 0xFF, 0xFA, 0x34, 0xFF,
    0xFA, 0x34, 0xFE, 0xFA, 0x34, 0xFD, 0xFA, 0x34, 0xFB, 0xFA, 0x14, 0xFC, 0xFA, 0x14, 0xFF, 0xFA, 0x14, 0xFF, 0xFA, 0x14, 0xF0, 0xFA, 0x14, 0x7C,
    0xF9, 0xF4, 0x00, 0xF9, 0xF4, 0x00, 0xF9, 0xF4, 0x04, 0xF9, 0xF4, 0x00, 0xF9, 0xF4, 0x00, 0xF9, 0xD4, 0x00, 0xF9, 0xD4, 0x00, 0xF9, 0xD4, 0x00,
    0xF9, 0xD4, 0x00, 0xF9, 0xB4, 0x00, 0xF9, 0xB4, 0x00, 0xF9, 0xB4, 0x00, 0xF9, 0xB3, 0x00, 0xF9, 0xB3, 0x00, 0xF9, 0x93, 0x00, 0xF9, 0x93, 0x00,
    0xFB, 0x56, 0x00, 0xFB, 0x56, 0x00, 0xFB, 0x56, 0x00, 0xFB, 0x56, 0x00, 0xFB, 0x56, 0x00, 0xFB, 0x56, 0x00, 0xFB, 0x56, 0x00, 0xFB, 0x56, 0x00,
    0xFB, 0x56, 0x00, 0xFB, 0x56, 0x00, 0xFB, 0x56, 0x00, 0xFB, 0x56, 0x01, 0xFB, 0x56, 0x02, 0xFB, 0x56, 0x00, 0xFB, 0x56, 0x43, 0xFB, 0x56, 0xBC,
    0xFB, 0x56, 0xFF, 0xFB, 0x36, 0xFF, 0xFB, 0x36, 0xFB, 0xFB, 0x36, 0xFD, 0xFB, 0x36, 0xFF, 0xFB, 0x16, 0xFF, 0xFB, 0x16, 0xFF, 0xFB, 0x16, 0xFF,
    0xFB, 0x16, 0xFF, 0xFB, 0x16, 0xFF, 0xFA, 0xF6, 0xFF, 0xFA, 0xF6, 0xFF, 0xFA, 0xF5, 0xFF, 0xFA, 0xF5, 0xFF, 0xFA, 0xF5, 0xFF, 0xFA, 0xD5, 0xFF,
    0xFA, 0xD5, 0xFF, 0xFA, 0xD5, 0xFF, 0xFA, 0xD5, 0xFE, 0xFA, 0xB5, 0xFC, 0xFA, 0xB5, 0xFF, 0xFA, 0xB5, 0xFF, 0xFA, 0xB5, 0xFF, 0xFA, 0xB5, 0xB4,
    0xFA, 0x95, 0x9C, 0xFA, 0x95, 0xFA, 0xFA, 0x95, 0xFF, 0xFA, 0x95, 0xFD, 0xFA, 0x75, 0xFC, 0xFA, 0x75, 0xFE, 0xFA, 0x75, 0xFF, 0xFA, 0x75, 0xFF,
    0xFA, 0x75, 0xFF, 0xFA, 0x55, 0xFF, 0xFA, 0x55, 0xFF, 0xFA, 0x54, 0xFF, 0xFA, 0x54, 0xFF, 0xFA, 0x54, 0xFF, 0xFA, 0x34, 0xFF, 0xFA, 0x34, 0xFF,
    0xFA, 0x34, 0xFF, 0xFA, 0x34, 0xFF, 0xFA, 0x14, 0xFF, 0xFA, 0x14, 0xFF, 0xFA, 0x14, 0xFD, 0xFA, 0x14, 0xFB, 0xFA, 0x14, 0xFF, 0xF9, 0xF4, 0xFF,
    0xF9, 0xF4, 0xBC, 0xF9, 0xF4, 0x43, 0xF9, 0xF4, 0x00, 0xF9, 0xD4, 0x02, 0xF9, 0xD4, 0x01, 0xF9, 0xD4, 0x00, 0xF9, 0xD4, 0x00, 0xF9, 0xD4, 0x00,
    0xF9, 0xB4, 0x00, 0xF9, 0xB4, 0x00, 0xF9, 0xB4, 0x00, 0xF9, 0xB3, 0x00, 0xF9, 0xB3, 0x00, 0xF9, 0x93, 0x00, 0xF9, 0x93, 0x00, 0xF9, 0x93, 0x00,
    0xFB, 0x56, 0x00, 0xFB, 0x56, 0x00, 0xFB, 0x56, 0x00, 0xFB, 0x56, 0x00, 0xFB, 0x56, 0x00, 0xFB, 0x56, 0x00, 0xFB, 0x56, 0x00, 0xFB, 0x56, 0x00,
    0xFB, 0x56, 0x00, 0xFB, 0x56, 0x00, 0xFB, 0x56, 0x01, 0xFB, 0x56, 0x01, 0xFB, 0x56, 0x00, 0xFB, 0x56, 0x7F, 0xFB, 0x56, 0xFF, 0xFB, 0x56, 0xFF,
    0xFB, 0x36, 0xFB, 0xFB, 0x36, 0xFE, 0xFB, 0x36, 0xFF, 0xFB, 0x36, 0xFF, 0xFB, 0x16, 0xFF, 0xFB, 0x16, 0xFF, 0xFB, 0x16, 0xFF, 0xFB, 0x16, 0xFF,
    0xFB, 0x16, 0xFF, 0xFA, 0xF6, 0xFF, 0xFA, 0xF5, 0xFF, 0xFA, 0xF5, 0xFF, 0xFA, 0xF5, 0xFF, 0xFA, 0xD5, 0xFF, 0xFA, 0xD5, 0xFF, 0xFA, 0xD5, 0xFF,
    0xFA, 0xD5, 0xFF, 0xFA, 0xD5, 0xFF, 0xFA, 0xB5, 0xFF, 0xFA, 0xB5, 0xFF, 0xFA, 0xB5, 0xFF, 0xFA, 0xB5, 0xFC, 0xFA, 0xB5, 0xFE, 0xFA, 0x95, 0xFF,
    0xFA, 0x95, 0xFF, 0xFA, 0x95, 0xFF, 0xFA, 0x95, 0xFC, 0xFA, 0x75, 0xFF, 0xFA, 0x75, 0xFF, 0xFA, 0x75, 0xFF, 0xFA, 0x75, 0xFF, 0xFA, 0x75, 0xFF,
    0xFA, 0x55, 0xFF, 0xFA, 0x55, 0xFF, 0xFA, 0x54, 0xFF, 0xFA, 0x54, 0xFF, 0xFA, 0x34, 0xFF, 0xFA, 0x34, 0xFF, 0xFA, 0x34, 0xFF, 0xFA, 0x34, 0xFF,
    0xFA, 0x34, 0xFF, 0xFA, 0x14, 0xFF, 0xFA, 0x14, 0xFF, 0xFA, 0x14, 0xFF, 0xFA, 0x14, 0xFF, 0xFA, 0x14, 0xFF, 0xF9, 0xF4, 0xFE, 0xF9, 0xF4, 0xFB,
    0xF9, 0xF4, 0xFF, 0xF9, 0xF4, 0xFF, 0xF9, 0xD4, 0x7F, 0xF9, 0xD4, 0x00, 0xF9, 0xD4, 0x01, 0xF9, 0xD4, 0x01, 0xF9, 0xD4, 0x00, 0xF9, 0xB4, 0x00,
    0xF9, 0xB4, 0x00, 0xF9, 0xB4, 0x00, 0xF9, 0xB3, 0x00, 0xF9, 0x93, 0x00, 0xF9, 0x93, 0x00, 0xF9, 0x93, 0x00, 0xF9, 0x93, 0x00, 0xF9, 0x93, 0x00,
    0xFB, 0x56, 0x00, 0xFB, 0x56, 0x00, 0xFB, 0x56, 0x00, 0xFB, 0x56, 0x00, 0xFB, 0x56, 0x00, 0xFB, 0x56, 0x00, 0xFB, 0x56, 0x00, 0xFB, 0x56, 0x00,
    0xFB, 0x56, 0x00, 0xFB, 0x56, 0x00, 0xFB, 0x56, 0x04, 0xFB, 0x56, 0x01, 0xFB, 0x56, 0x9A, 0xFB, 0x56, 0xFF, 0xFB, 0x36, 0xFC, 0xFB, 0x36, 0xFC,
    0xFB, 0x36, 0xFF, 0xFB, 0x36, 0xFF, 0xFB, 0x36, 0xFF, 0xFB, 0x16, 0xFF, 0xFB, 0x16, 0xFF, 0xFB, 0x16, 0xFF, 0xFB, 0x16, 0xFF, 0xFB, 0x16, 0xFF,
    0xFA, 0xF6, 0xFF, 0xFA, 0xF5, 0xFF, 0xFA, 0xF5, 0xFF, 0xFA, 0xF5, 0xFF, 0xFA, 0xD5, 0xFF, 0xFA, 0xD5, 0xFF, 0xFA, 0xD5, 0xFF, 0xFA, 0xD5, 0xFF,
    0xFA, 0xD5, 0xFF, 0xFA, 0xB5, 0xFF, 0xFA, 0xB5, 0xFF, 0xFA, 0xB5, 0xFF, 0xFA, 0xB5, 0xFF, 0xFA, 0x95, 0xFF, 0xFA, 0x95, 0xFF, 0xFA, 0x95, 0xFC,
    0xFA, 0x95, 0xFB, 0xFA, 0x95, 0xFE, 0xFA, 0x75, 0xFF, 0xFA, 0x75, 0xFF, 0xFA, 0x75, 0xFF, 0xFA, 0x75, 0xFF, 0xFA, 0x75, 0xFF, 0xFA, 0x55, 0xFF,
    0xFA, 0x55, 0xFF, 0xFA, 0x54, 0xFF, 0xFA, 0x54, 0xFF, 0xFA, 0x34, 0xFF, 0xFA, 0x34, 0xFF, 0xFA, 0x34, 0xFF, 0xFA, 0x34, 0xFF, 0xFA, 0x34, 0xFF,
    0xFA, 0x14, 0xFF, 0xFA, 0x14, 0xFF, 0xFA, 0x14, 0xFF, 0xFA, 0x14, 0xFF, 0xF9, 0xF4, 0xFF, 0xF9, 0xF4, 0xFF, 0xF9, 0xF4, 0xFF, 0xF9, 0xF4, 0xFF,
    0xF9, 0xF4, 0xFC, 0xF9, 0xD4, 0xFC, 0xF9, 0xD4, 0xFF, 0xF9, 0xD4, 0x9A, 0xF9, 0xD4, 0x01, 0xF9, 0xD4, 0x04, 0xF9, 0xB4, 0x00, 0xF9, 0xB4, 0x00,
    0xF9, 0xB3, 0x00, 0xF9, 0xB3, 0x00, 0xF9, 0x93, 0x00, 0xF9, 0x93, 0x00, 0xF9, 0x93, 0x00, 0xF9, 0x93, 0x00, 0xF9, 0x93, 0x00, 0xF9, 0x73, 0x00,
    0xFB, 0x56, 0x00, 0xFB, 0x56, 0x00, 0xFB, 0x56, 0x00, 0xFB, 0x56, 0x00, 0xFB, 0x56, 0x00, 0xFB, 0x56, 0x00, 0xFB, 0x56, 0x00, 0xFB, 0x56, 0x00,
    0xFB, 0x56, 0x00, 0xFB, 0x56, 0x03, 0xFB, 0x56, 0x00, 0xFB, 0x56, 0x80, 0xFB, 0x56, 0xFF, 0xFB, 0x36, 0xF9, 0xFB, 0x36, 0xFE, 0xFB, 0x36, 0xFF,
    0xFB, 0x36, 0xFF, 0xFB, 0x36, 0xFF, 0xFB, 0x16, 0xFF, 0xFB, 0x16, 0xFF, 0xFB, 0x16, 0xFF, 0xFB, 0x16, 0xFF, 0xFA, 0xF6, 0xFF, 0xFA, 0xF6, 0xFF,
    0xFA, 0xF5, 0xFF, 0xFA, 0xF5, 0xFF, 0xFA, 0xF5, 0xFF, 0xFA, 0xD5, 0xFF, 0xFA, 0xD5, 0xFF, 0xFA, 0xD5, 0xFF, 0xFA, 0xD5, 0xFF, 0xFA, 0xD5, 0xFF,
    0xFA, 0xB5, 0xFF, 0xFA, 0xB5, 0xFF, 0xFA, 0xB5, 0xFF, 0xFA, 0xB5, 0xFF, 0xFA, 0x95, 0xFF, 0xFA, 0x95, 0xFF, 0xFA, 0x95, 0xFF, 0xFA, 0x95, 0xFF,
    0xFA, 0x95, 0xFF, 0xFA, 0x75, 0xFF, 0xFA, 0x75, 0xFF, 0xFA, 0x75, 0xFF, 0xFA, 0x75, 0xFF, 0xFA, 0x55, 0xFF, 0xFA, 0x55, 0xFF, 0xFA, 0x55, 0xFF,
    0xFA, 0x54, 0xFF, 0xFA, 0x54, 0xFF, 0xFA, 0x34, 0xFF, 0xFA, 0x34, 0xFF, 0xFA, 0x34, 0xFF, 0xFA, 0x34, 0xFF, 0xFA, 0x34, 0xFF, 0xFA, 0x14, 0xFF,
    0xFA, 0x14, 0xFF, 0xFA, 0x14, 0xFF, 0xFA, 0x14, 0xFF, 0xF9, 0xF4, 0xFF, 0xF9, 0xF4, 0xFF, 0xF9, 0xF4, 0xFF, 0xF9, 0xF4, 0xFF, 0xF9, 0xF4, 0xFF,
    0xF9, 0xD4, 0xFF, 0xF9, 0xD4, 0xFE, 0xF9, 0xD4, 0xF9, 0xF9, 0xD4, 0xFF, 0xF9, 0xB4, 0x80, 0xF9, 0xB4, 0x00, 0xF9, 0xB4, 0x03, 0xF9, 0xB3, 0x00,
    0xF9, 0xB3, 0x00, 0xF9, 0x93, 0x00, 0xF9, 0x93, 0x00, 0xF9, 0x93, 0x00, 0xF9, 0x93, 0x00, 0xF9, 0x93, 0x00, 0xF9, 0x73, 0x00, 0xF9, 0x73, 0x00,
    0xFB, 0x56, 0x00, 0xFB, 0x56, 0x00, 0xFB, 0x56, 0x00, 0xFB, 0x56, 0x00, 0xFB, 0x56, 0x00, 0xFB, 0x56, 0x00, 0xFB, 0x56, 0x00, 0xFB, 0x56, 0x00,
    0xFB, 0x56, 0x03, 0xFB, 0x56, 0x00, 0xFB, 0x56, 0x54, 0xFB, 0x56, 0xFE, 0xFB, 0x36, 0xFA, 0xFB, 0x36, 0xFE, 0xFB, 0x36, 0xFF, 0xFB, 0x36, 0xFF,
    0xFB, 0x36, 0xFF, 0xFB, 0x16, 0xFF, 0xFB, 0x16, 0xFF, 0xFB, 0x16, 0xFF, 0xFB, 0x16, 0xFF, 0xFA, 0xF6, 0xFF, 0xFA, 0xF6, 0xFF, 0xFA, 0xF5, 0xFF,
    0xFA, 0xF5, 0xFF, 0xFA, 0xF5, 0xFF, 0xFA, 0xD5, 0xFF, 0xFA, 0xD5, 0xFF, 0xFA, 0xD5, 0xFF, 0xFA, 0xD5, 0xFF, 0xFA, 0xB5, 0xFF, 0xFA, 0xB5, 0xFF,
    0xFA, 0xB5, 0xFF, 0xFA, 0xB5, 0xFF, 0xFA, 0xB5, 0xFF, 0xFA, 0x95, 0xFF, 0xFA, 0x95, 0xFF, 0xFA, 0x95, 0xFF, 0xFA, 0x95, 0xFF, 0xFA, 0x95, 0xFF,
    0xFA, 0x75, 0xFF, 0xFA, 0x75, 0xFF, 0xFA, 0x75, 0xFF, 0xFA, 0x75, 0xFF, 0xFA, 0x55, 0xFF, 0xFA, 0x55, 0xFF, 0xFA, 0x54, 0xFF, 0xFA, 0x54, 0xFF,
    0xFA, 0x54, 0xFF, 0xFA, 0x34, 0xFF, 0xFA, 0x34, 0xFF, 0xFA, 0x34, 0xFF, 0xFA, 0x34, 0xFF, 0xFA, 0x14, 0xFF, 0xFA, 0x14, 0xFF, 0xFA, 0x14, 0xFF,
    0xFA, 0x14, 0xFF, 0xFA, 0x14, 0xFF, 0xF9, 0xF4, 0xFF, 0xF9, 0xF4, 0xFF, 0xF9, 0xF4, 0xFF, 0xF9, 0xF4, 0xFF, 0xF9, 0xF4, 0xFF, 0xF9, 0xD4, 0xFF,
    0xF9, 0xD4, 0xFF, 0xF9, 0xD4, 0xFF, 0xF9, 0xD4, 0xFE, 0xF9, 0xB4, 0xFA, 0xF9, 0xB4, 0xFE, 0xF9, 0xB4, 0x54, 0xF9, 0xB3, 0x00, 0xF9, 0xB3, 0x03,
    0xF9, 0x93, 0x00, 0xF9, 0x93, 0x00, 0xF9, 0x93, 0x00, 0xF9, 0x93, 0x00, 0xF9, 0x73, 0x00, 0xF9, 0x73, 0x00, 0xF9, 0x73, 0x00, 0xF9, 0x73, 0x00,
    0xFB, 0x56, 0x00, 0xFB, 0x56, 0x00, 0xFB, 0x56, 0x00, 0xFB, 0x56, 0x00, 0xFB, 0x56, 0x00, 0xFB, 0x56, 0x00, 0xFB, 0x56, 0x00, 0xFB, 0x56, 0x00,
    0xFB, 0x56, 0x02, 0xFB, 0x56, 0x04, 0xFB, 0x56, 0xCF, 0xFB, 0x36, 0xFF, 0xFB, 0x36, 0xFC, 0xFB, 0x36, 0xFF, 0xFB, 0x36, 0xFF, 0xFB, 0x16, 0xFF,
    0xFB, 0x16, 0xFF, 0xFB, 0x16, 0xFF, 0xFB, 0x16, 0xFF, 0xFB, 0x16, 0xFF, 0xFA, 0xF6, 0xFF, 0xFA, 0xF6, 0xFF, 0xFA, 0xF5, 0xFF, 0xFA, 0xF5, 0xFF,
    0xFA, 0xF5, 0xFF, 0xFA, 0xD5, 0xFF, 0xFA, 0xD5, 0xFF, 0xFA, 0xD5, 0xFF, 0xFA, 0xD5, 0xFF, 0xFA, 0xB5, 0xFF, 0xFA, 0xB5, 0xFF, 0xFA, 0xB5, 0xFF,
    0xFA, 0xB5, 0xFF, 0xFA, 0xB5, 0xFF, 0xFA, 0x95, 0xFF, 0xFA, 0x95, 0xFF, 0xFA, 0x95, 0xFF, 0xFA, 0x95, 0xFF, 0xFA, 0x75, 0xFF, 0xFA, 0x75, 0xFF,
    0xFA, 0x75, 0xFF, 0xFA, 0x75, 0xFF, 0xFA, 0x75, 0xFF, 0xFA, 0x55, 0xFF, 0xFA, 0x55, 0xFF, 0xFA, 0x54, 0xFF, 0xFA, 0x54, 0xFF, 0xFA, 0x54, 0xFF,
    0xFA, 0x34, 0xFF, 0xFA, 0x34, 0xFF, 0xFA, 0x34, 0xFF, 0xFA, 0x34, 0xFF, 0xFA, 0x14, 0xFF, 0xFA, 0x14, 0xFF, 0xFA, 0x14, 0xFF, 0xFA, 0x14, 0xFF,
    0xFA, 0x14, 0xFF, 0xF9, 0xF4, 0xFF, 0xF9, 0xF4, 0xFF, 0xF9, 0xF4, 0xFF, 0xF9, 0xF4, 0xFF, 0xF9, 0xD4, 0xFF, 0xF9, 0xD4, 0xFF, 0xF9, 0xD4, 0xFF,
    0xF9, 0xD4, 0xFF, 0xF9, 0xD4, 0xFF, 0xF9, 0xB4, 0xFF, 0xF9, 0xB4, 0xFC, 0xF9, 0xB4, 0xFF, 0xF9, 0xB3, 0xCF, 0xF9, 0xB3, 0x04, 0xF9, 0x93, 0x02,
    0xF9, 0x93, 0x00, 0xF9, 0x93, 0x00, 0xF9, 0x93, 0x00, 0xF9, 0x73, 0x00, 0xF9, 0x73, 0x00, 0xF9, 0x73, 0x00, 0xF9, 0x73, 0x00, 0xF9, 0x73, 0x00,
    0xFB, 0x56, 0x00, 0xFB, 0x56, 0x00, 0xFB, 0x56, 0x00, 0xFB, 0x56, 0x00, 0xFB, 0x56, 0x00, 0xFB, 0x56, 0x00, 0xFB, 0x56, 0x00, 0xFB, 0x56, 0x04,
    0xFB, 0x56, 0x00, 0xFB, 0x56, 0x5A, 0xFB, 0x36, 0xFF, 0xFB, 0x36, 0xFC, 0xFB, 0x36, 0xFF, 0xFB, 0x36, 0xFF, 0xFB, 0x16, 0xFF, 0xFB, 0x16, 0xFF,
    0xFB, 0x16, 0xFF, 0xFB, 0x16, 0xFF, 0xFB, 0x16, 0xFF, 0xFA, 0xF6, 0xFF, 0xFA, 0xF5, 0xFF, 0xFA, 0xF5, 0xFF, 0xFA, 0xF5, 0xFF, 0xFA, 0xD5, 0xFF,
    0xFA, 0xD5, 0xFF, 0xFA, 0xD5, 0xFF, 0xFA, 0xD5, 0xFF, 0xFA, 0xD5, 0xFF, 0xFA, 0xB5, 0xFF, 0xFA, 0xB5, 0xFF, 0xFA, 0xB5, 0xFF, 0xFA, 0xB5, 0xFF,
    0xFA, 0xB5, 0xFF, 0xFA, 0x95, 0xFF, 0xFA, 0x95, 0xFF, 0xFA, 0x95, 0xFF, 0xFA, 0x95, 0xFF, 0xFA, 0x75, 0xFF, 0xFA, 0x75, 0xFF, 0xFA, 0x75, 0xFF,
    0xFA, 0x75, 0xFF, 0xFA, 0x75, 0xFF, 0xFA, 0x55, 0xFF, 0xFA, 0x55, 0xFF, 0xFA, 0x54, 0xFF, 0xFA, 0x54, 0xFF, 0xFA, 0x34, 0xFF, 0xFA, 0x34, 0xFF,
    0xFA, 0x34, 0xFF, 0xFA, 0x34, 0xFF, 0xFA, 0x34, 0xFF, 0xFA, 0x14, 0xFF, 0xFA, 0x14, 0xFF, 0xFA, 0x14, 0xFF, 0xFA, 0x14, 0xFF, 0xFA, 0x14, 0xFF,
    0xF9, 0xF4, 0xFF, 0xF9, 0xF4, 0xFF, 0xF9, 0xF4, 0xFF, 0xF9, 0xF4, 0xFF, 0xF9, 0xD4, 0xFF, 0xF9, 0xD4, 0xFF, 0xF9, 0xD4, 0xFF, 0xF9, 0xD4, 0xFF,
    0xF9, 0xD4, 0xFF, 0xF9, 0xB4, 0xFF, 0xF9, 0xB4, 0xFF, 0xF9, 0xB4, 0xFF, 0xF9, 0xB3, 0xFC, 0xF9, 0x93, 0xFF, 0xF9, 0x93, 0x5A, 0xF9, 0x93, 0x00,
    0xF9, 0x93, 0x04, 0xF9, 0x93, 0x00, 0xF9, 0x73, 0x00, 0xF9, 0x73, 0x00, 0xF9, 0x73, 0x00, 0xF9, 0x73, 0x00, 0xF9, 0x73, 0x00, 0xF9, 0x53, 0x00,
    0xFB, 0x56, 0x00, 0xFB, 0x56, 0x00, 0xFB, 0x56, 0x00, 0xFB, 0x56, 0x00, 0xFB, 0x56, 0x00, 0xFB, 0x56, 0x00, 0xFB, 0x56, 0x00, 0xFB, 0x56, 0x03,
    0xFB, 0x36, 0x00, 0xFB, 0x36, 0xA2, 0xFB, 0x36, 0xFF, 0xFB, 0x36, 0xFB, 0xFB, 0x36, 0xFF, 0xFB, 0x16, 0xFF, 0xFB, 0x16, 0xFF, 0xFB, 0x16, 0xFF,
    0xFB, 0x16, 0xFF, 0xFB, 0x16, 0xFF, 0xFA, 0xF6, 0xFF, 0xFA, 0xF5, 0xFF, 0xFA, 0xF5, 0xFF, 0xFA, 0xF5, 0xFF, 0xFA, 0xD5, 0xFF, 0xFA, 0xD5, 0xFF,
    0xFA, 0xD5, 0xFF, 0xFA, 0xD5, 0xFF, 0xFA, 0xD5, 0xFF, 0xFA, 0xB5, 0xFF, 0xFA, 0xB5, 0xFF, 0xFA, 0xB5, 0xFF, 0xFA, 0xB5, 0xFF, 0xFA, 0x95, 0xFF,
    0xFA, 0x95, 0xFF, 0xFA, 0x95, 0xFF, 0xFA, 0x95, 0xFF, 0xFA, 0x95, 0xFF, 0xFA, 0x75, 0xFF, 0xFA, 0x75, 0xFF, 0xFA, 0x75, 0xFF, 0xFA, 0x75, 0xFF,
    0xFA, 0x75, 0xFF, 0xFA, 0x55, 0xFF, 0xFA, 0x55, 0xFF, 0xFA, 0x54, 0xFF, 0xFA, 0x54, 0xFF, 0xFA, 0x34, 0xFF, 0xFA, 0x34, 0xFF, 0xFA, 0x34, 0xFF,
    0xFA, 0x34, 0xFF, 0xFA, 0x34, 0xFF, 0xFA, 0x14, 0xFF, 0xFA, 0x14, 0xFF, 0xFA, 0x14, 0xFF, 0xFA, 0x14, 0xFF, 0xF9, 0xF4, 0xFF, 0xF9, 0xF4, 0xFF,
    0xF9, 0xF4, 0xFF, 0xF9, 0xF4, 0xFF, 0xF9, 0xF4, 0xFF, 0xF9, 0xD4, 0xFF, 0xF9, 0xD4, 0xFF, 0xF9, 0xD4, 0xFF, 0xF9, 0xD4, 0xFF, 0xF9, 0xD4, 0xFF,
    0xF9, 0xB4, 0xFF, 0xF9, 0xB4, 0xFF, 0xF9, 0xB3, 0xFF, 0xF9, 0xB3, 0xFF, 0xF9, 0x93, 0xFB, 0xF9, 0x93, 0xFF, 0xF9, 0x93, 0xA2, 0xF9, 0x93, 0x00,
    0xF9, 0x93, 0x03, 0xF9, 0x73, 0x00, 0xF9, 0x73, 0x00, 0xF9, 0x73, 0x00, 0xF9, 0x73, 0x00, 0xF9, 0x53, 0x00, 0xF9, 0x53, 0x00, 0xF9, 0x53, 0x00,
    0xFB, 0x56, 0x00, 0xFB, 0x56, 0x00, 0xFB, 0x56, 0x00, 0xFB, 0x56, 0x00, 0xFB, 0x56, 0x00, 0xFB, 0x56, 0x00, 0xFB, 0x56, 0x01, 0xFB, 0x36, 0x00,
    0xFB, 0x36, 0x0D, 0xFB, 0x36, 0xE5, 0xFB, 0x36, 0xFF, 0xFB, 0x36, 0xFE, 0xFB, 0x16, 0xFF, 0xFB, 0x16, 0xFF, 0xFB, 0x16, 0xFF, 0xFB, 0x16, 0xFF,
    0xFA, 0xF6, 0xFF, 0xFA, 0xF6, 0xFF, 0xFA, 0xF5, 0xFF, 0xFA, 0xF5, 0xFF, 0xFA, 0xF5, 0xFF, 0xFA, 0xD5, 0xFF, 0xFA, 0xD5, 0xFF, 0xFA, 0xD5, 0xFF,
    0xFA, 0xD5, 0xFF, 0xFA, 0xD5, 0xFF, 0xFA, 0xB5, 0xFF, 0xFA, 0xB5, 0xFF, 0xFA, 0xB5, 0xFF, 0xFA, 0xB5, 0xFF, 0xFA, 0x95, 0xFF, 0xFA, 0x95, 0xFF,
    0xFA, 0x95, 0xFF, 0xFA, 0x95, 0xFF, 0xFA, 0x95, 0xFF, 0xFA, 0x75, 0xFF, 0xFA, 0x75, 0xFF, 0xFA, 0x75, 0xFF, 0xFA, 0x75, 0xFF, 0xFA, 0x55, 0xFF,
    0xFA, 0x55, 0xFF, 0xFA, 0x55, 0xFF, 0xFA, 0x54, 0xFF, 0xFA, 0x54, 0xFF, 0xFA, 0x34, 0xFF, 0xFA, 0x34, 0xFF, 0xFA, 0x34, 0xFF, 0xFA, 0x34, 0xFF,
    0xFA, 0x34, 0xFF, 0xFA, 0x14, 0xFF, 0xFA, 0x14, 0xFF, 0xFA, 0x14, 0xFF, 0xFA, 0x14, 0xFF, 0xF9, 0xF4, 0xFF, 0xF9, 0xF4, 0xFF, 0xF9, 0xF4, 0xFF,
    0xF9, 0xF4, 0xFF, 0xF9, 0xF4, 0xFF, 0xF9, 0xD4, 0xFF, 0xF9, 0xD4, 0xFF, 0xF9, 0xD4, 0xFF, 0xF9, 0xD4, 0xFF, 0xF9, 0xB4, 0xFF, 0xF9, 0xB4, 0xFF,
    0xF9, 0xB4, 0xFF, 0xF9, 0xB3, 0xFF, 0xF9, 0xB3, 0xFF, 0xF9, 0x93, 0xFF, 0xF9, 0x93, 0xFE, 0xF9, 0x93, 0xFF, 0xF9, 0x93, 0xE5, 0xF9, 0x93, 0x0D,
    0xF9, 0x73, 0x00, 0xF9, 0x73, 0x01, 0xF9, 0x73, 0x00, 0xF9, 0x73, 0x00, 0xF9, 0x53, 0x00, 0xF9, 0x53, 0x00, 0xF9, 0x53, 0x00, 0xF9, 0x53, 0x00,
    0xFB, 0x56, 0x00, 0xFB, 0x56, 0x00, 0xFB, 0x56, 0x00, 0xFB, 0x56, 0x00, 0xFB, 0x56, 0x00, 0xFB, 0x56, 0x00, 0xFB, 0x36, 0x01, 0xFB, 0x36, 0x00,
    0xFB, 0x36, 0x12, 0xFB, 0x36, 0xF0, 0xFB, 0x36, 0xFF, 0xFB, 0x16, 0xFE, 0xFB, 0x16, 0xFF, 0xFB, 0x16, 0xFF, 0xFB, 0x16, 0xFF, 0xFA, 0xF6, 0xFF,
    0xFA, 0xF6, 0xFF, 0xFA, 0xF5, 0xFF, 0xFA, 0xF5, 0xFF, 0xFA, 0xF5, 0xFF, 0xFA, 0xD5, 0xFF, 0xFA, 0xD5, 0xFF, 0xFA, 0xD5, 0xFF, 0xFA, 0xD5, 0xFF,
    0xFA, 0xB5, 0xFF, 0xFA, 0xB5, 0xFF, 0xFA, 0xB5, 0xFF, 0xFA, 0xB5, 0xFF, 0xFA, 0xB5, 0xFF, 0xFA, 0x95, 0xFF, 0xFA, 0x95, 0xFF, 0xFA, 0x95, 0xFF,
    0xFA, 0x95, 0xFF, 0xFA, 0x95, 0xFF, 0xFA, 0x75, 0xFF, 0xFA, 0x75, 0xFF, 0xFA, 0x75, 0xFF, 0xFA, 0x75, 0xFF, 0xFA, 0x55, 0xFF, 0xFA, 0x55, 0xFF,
    0xFA, 0x54, 0xFF, 0xFA, 0x54, 0xFF, 0xFA, 0x54, 0xFF, 0xFA, 0x34, 0xFF, 0xFA, 0x34, 0xFF, 0xFA, 0x34, 0xFF, 0xFA, 0x34, 0xFF, 0xFA, 0x14, 0xFF,
    0xFA, 0x14, 0xFF, 0xFA, 0x14, 0xFF, 0xFA, 0x14, 0xFF, 0xFA, 0x14, 0xFF, 0xF9, 0xF4, 0xFF, 0xF9, 0xF4, 0xFF, 0xF9, 0xF4, 0xFF, 0xF9, 0xF4, 0xFF,
    0xF9, 0xF4, 0xFF, 0xF9, 0xD4, 0xFF, 0xF9, 0xD4, 0xFF, 0xF9, 0xD4, 0xFF, 0xF9, 0xD4, 0xFF, 0xF9, 0xB4, 0xFF, 0xF9, 0xB4, 0xFF, 0xF9, 0xB4, 0xFF,
    0xF9, 0xB3, 0xFF, 0xF9, 0xB3, 0xFF, 0xF9, 0x93, 0xFF, 0xF9, 0x93, 0xFF, 0xF9, 0x93, 0xFE, 0xF9, 0x93, 0xFF, 0xF9, 0x73, 0xF0, 0xF9, 0x73, 0x12,
    0xF9, 0x73, 0x00, 0xF9, 0x73, 0x01, 0xF9, 0x73, 0x00, 0xF9, 0x53, 0x00, 0xF9, 0x53, 0x00, 0xF9, 0x53, 0x00, 0xF9, 0x53, 0x00, 0xF9, 0x53, 0x00,
    0xFB, 0x56, 0x00, 0xFB, 0x56, 0x00, 0xFB, 0x56, 0x00, 0xFB, 0x56, 0x00, 0xFB, 0x56, 0x00, 0xFB, 0x36, 0x00, 0xFB, 0x36, 0x01, 0xFB, 0x36, 0x00,
    0xFB, 0x36, 0x11, 0xFB, 0x16, 0xED, 0xFB, 0x16, 0xFF, 0xFB, 0x16, 0xFE, 0xFB, 0x16, 0xFF, 0xFB, 0x16, 0xFF, 0xFA, 0xF6, 0xFF, 0xFA, 0xF6, 0xFF,
    0xFA, 0xF5, 0xFF, 0xFA, 0xF5, 0xFF, 0xFA, 0xF5, 0xFF, 0xFA, 0xD5, 0xFF, 0xFA, 0xD5, 0xFF, 0xFA, 0xD5, 0xFF, 0xFA, 0xD5, 0xFF, 0xFA, 0xB5, 0xFF,
    0xFA, 0xB5, 0xFF, 0xFA, 0xB5, 0xFF, 0xFA, 0xB5, 0xFF, 0xFA, 0xB5, 0xFF, 0xFA, 0x95, 0xFF, 0xFA, 0x95, 0xFF, 0xFA, 0x95, 0xFF, 0xFA, 0x95, 0xFF,
    0xFA, 0x75, 0xFF, 0xFA, 0x75, 0xFF, 0xFA, 0x75, 0xFF, 0xFA, 0x75, 0xFF, 0xFA, 0x75, 0xFF, 0xFA, 0x55, 0xFF, 0xFA, 0x55, 0xFF, 0xFA, 0x54, 0xFF,
    0xFA, 0x54, 0xFF, 0xFA, 0x54, 0xFF, 0xFA, 0x34, 0xFF, 0xFA, 0x34, 0xFF, 0xFA, 0x34, 0xFF, 0xFA, 0x34, 0xFF, 0xFA, 0x14, 0xFF, 0xFA, 0x14, 0xFF,
    0xFA, 0x14, 0xFF, 0xFA, 0x14, 0xFF, 0xFA, 0x14, 0xFF, 0xF9, 0xF4, 0xFF, 0xF9, 0xF4, 0xFF, 0xF9, 0xF4, 0xFF, 0xF9, 0xF4, 0xFF, 0xF9, 0xD4, 0xFF,
    0xF9, 0xD4, 0xFF, 0xF9, 0xD4, 0xFF, 0xF9, 0xD4, 0xFF, 0xF9, 0xD4, 0xFF, 0xF9, 0xB4, 0xFF, 0xF9, 0xB4, 0xFF, 0xF9, 0xB4, 0xFF, 0xF9, 0xB3, 0xFF,
    0xF9, 0xB3, 0xFF, 0xF9, 0x93, 0xFF, 0xF9, 0x93, 0xFF, 0xF9, 0x93, 0xFF, 0xF9, 0x93, 0xFE, 0xF9, 0x73, 0xFF, 0xF9, 0x73, 0xED, 0xF9, 0x73, 0x11,
    0xF9, 0x73, 0x00, 0xF9, 0x73, 0x01, 0xF9, 0x53, 0x00, 0xF9, 0x53, 0x00, 0xF9, 0x53, 0x00, 0xF9, 0x53, 0x00, 0xF9, 0x33, 0x00, 0xF9, 0x33, 0x00,
    0xFB, 0x56, 0x00, 0xFB, 0x56, 0x00, 0xFB, 0x56, 0x00, 0xFB, 0x56, 0x00, 0xFB, 0x36, 0x00, 0xFB, 0x36, 0x00, 0xFB, 0x36, 0x01, 0xFB, 0x36, 0x00,
    0xFB, 0x16, 0x11, 0xFB, 0x16, 0xEE, 0xFB, 0x16, 0xFF, 0xFB, 0x16, 0xFE, 0xFB, 0x16, 0xFF, 0xFA, 0xF6, 0xFF, 0xFA, 0xF5, 0xFF, 0xFA, 0xF5, 0xFF,
    0xFA, 0xF5, 0xFF, 0xFA, 0xD5, 0xFF, 0xFA, 0xD5, 0xFF, 0xFA, 0xD5, 0xFF, 0xFA, 0xD5, 0xFF, 0xFA, 0xD5, 0xFF, 0xFA, 0xB5, 0xFF, 0xFA, 0xB5, 0xFF,
    0xFA, 0xB5, 0xFF, 0xFA, 0xB5, 0xFF, 0xFA, 0xB5, 0xFF, 0xFA, 0x95, 0xFF, 0xFA, 0x95, 0xFF, 0xFA, 0x95, 0xFF, 0xFA, 0x95, 0xFF, 0xFA, 0x75, 0xFF,
    0xFA, 0x75, 0xFF, 0xFA, 0x75, 0xFF, 0xFA, 0x75, 0xFF, 0xFA, 0x75, 0xFF, 0xFA, 0x55, 0xFF, 0xFA, 0x55, 0xFF, 0xFA, 0x54, 0xFF, 0xFA, 0x54, 0xFF,
    0xFA, 0x34, 0xFF, 0xFA, 0x34, 0xFF, 0xFA, 0x34, 0xFF, 0xFA, 0x34, 0xFF, 0xFA, 0x34, 0xFF, 0xFA, 0x14, 0xFF, 0xFA, 0x14, 0xFF, 0xFA, 0x14, 0xFF,
    0xFA, 0x14, 0xFF, 0xFA, 0x14, 0xFF, 0xF9, 0xF4, 0xFF, 0xF9, 0xF4, 0xFF, 0xF9, 0xF4, 0xFF, 0xF9, 0xF4, 0xFF, 0xF9, 0xD4, 0xFF, 0xF9, 0xD4, 0xFF,
    0xF9, 0xD4, 0xFF, 0xF9, 0xD4, 0xFF, 0xF9, 0xD4, 0xFF, 0xF9, 0xB4, 0xFF, 0xF9, 0xB4, 0xFF, 0xF9, 0xB4, 0xFF, 0xF9, 0xB3, 0xFF, 0xF9, 0x93, 0xFF,
    0xF9, 0x93, 0xFF, 0xF9, 0x93, 0xFF, 0xF9, 0x93, 0xFF, 0xF9, 0x93, 0xFF, 0xF9, 0x73, 0xFE, 0xF9, 0x73, 0xFF, 0xF9, 0x73, 0xEE, 0xF9, 0x73, 0x11,
    0xF9, 0x73, 0x00, 0xF9, 0x53, 0x01, 0xF9, 0x53, 0x00, 0xF9, 0x53, 0x00, 0xF9, 0x53, 0x00, 0xF9, 0x33, 0x00, 0xF9, 0x33, 0x00, 0xF9, 0x33, 0x00,
    0xFB, 0x56, 0x00, 0xFB, 0x56, 0x00, 0xFB, 0x36, 0x00, 0xFB, 0x36, 0x00, 0xFB, 0x36, 0x00, 0xFB, 0x36, 0x00, 0xFB, 0x36, 0x01, 0xFB, 0x16, 0x00,
    0xFB, 0x16, 0x11, 0xFB, 0x16, 0xEE, 0xFB, 0x16, 0xFF, 0xFB, 0x16, 0xFE, 0xFA, 0xF6, 0xFF, 0xFA, 0xF5, 0xFF, 0xFA, 0xF5, 0xFF, 0xFA, 0xF5, 0xFF,
    0xFA, 0xD5, 0xFF, 0xFA, 0xD5, 0xFF, 0xFA, 0xD5, 0xFF, 0xFA, 0xD5, 0xFF, 0xFA, 0xD5, 0xFF, 0xFA, 0xB5, 0xFF, 0xFA, 0xB5, 0xFF, 0xFA, 0xB5, 0xFF,
    0xFA, 0xB5, 0xFF, 0xFA, 0x95, 0xFF, 0xFA, 0x95, 0xFF, 0xFA, 0x95, 0xFF, 0xFA, 0x95, 0xFF, 0xFA, 0x95, 0xFF, 0xFA, 0x75, 0xFF, 0xFA, 0x75, 0xFF,
    0xFA, 0x75, 0xFF, 0xFA, 0x75, 0xFF, 0xFA, 0x75, 0xFF, 0xFA, 0x55, 0xFF, 0xFA, 0x55, 0xFF, 0xFA, 0x54, 0xFF, 0xFA, 0x54, 0xFF, 0xFA, 0x34, 0xFF,
    0xFA, 0x34, 0xFF, 0xFA, 0x34, 0xFF, 0xFA, 0x34, 0xFF, 0xFA, 0x34, 0xFF, 0xFA, 0x14, 0xFF, 0xFA, 0x14, 0xFF, 0xFA, 0x14, 0xFF, 0xFA, 0x14, 0xFF,
    0xF9, 0xF4, 0xFF, 0xF9, 0xF4, 0xFF, 0xF9, 0xF4, 0xFF, 0xF9, 0xF4, 0xFF, 0xF9, 0xF4, 0xFF, 0xF9, 0xD4, 0xFF, 0xF9, 0xD4, 0xFF, 0xF9, 0xD4, 0xFF,
    0xF9, 0xD4, 0xFF, 0xF9, 0xD4, 0xFF, 0xF9, 0xB4, 0xFF, 0xF9, 0xB4, 0xFF, 0xF9, 0xB3, 0xFF, 0xF9, 0xB3, 0xFF, 0xF9, 0x93, 0xFF, 0xF9, 0x93, 0xFF,
    0xF9, 0x93, 0xFF, 0xF9, 0x93, 0xFF, 0xF9, 0x93, 0xFF, 0xF9, 0x73, 0xFF, 0xF9, 0x73, 0xFE, 0xF9, 0x73, 0xFF, 0xF9, 0x73, 0xEE, 0xF9, 0x53, 0x11,
    0xF9, 0x53, 0x00, 0xF9, 0x53, 0x01, 0xF9, 0x53, 0x00, 0xF9, 0x53, 0x00, 0xF9, 0x33, 0x00, 0xF9, 0x33, 0x00, 0xF9, 0x33, 0x00, 0xF9, 0x33, 0x00,
    0xFB, 0x56, 0x00, 0xFB, 0x36, 0x00, 0xFB, 0x36, 0x00, 0xFB, 0x36, 0x00, 0xFB, 0x36, 0x00, 0xFB, 0x36, 0x00, 0xFB, 0x16, 0x01, 0xFB, 0x16, 0x00,
    0xFB, 0x16, 0x11, 0xFB, 0x16, 0xEE, 0xFA, 0xF6, 0xFF, 0xFA, 0xF6, 0xFE, 0xFA, 0xF5, 0xFF, 0xFA, 0xF5, 0xFF, 0xFA, 0xF5, 0xFF, 0xFA, 0xD5, 0xFF,
    0xFA, 0xD5, 0xFF, 0xFA, 0xD5, 0xFF, 0xFA, 0xD5, 0xFF, 0xFA, 0xD5, 0xFF, 0xFA, 0xB5, 0xFF, 0xFA, 0xB5, 0xFF, 0xFA, 0xB5, 0xFF, 0xFA, 0xB5, 0xFF,
    0xFA, 0x95, 0xFF, 0xFA, 0x95, 0xFF, 0xFA, 0x95, 0xFF, 0xFA, 0x95, 0xFF, 0xFA, 0x95, 0xFF, 0xFA, 0x75, 0xFF, 0xFA, 0x75, 0xFF, 0xFA, 0x75, 0xFF,
    0xFA, 0x75, 0xFF, 0xFA, 0x55, 0xFF, 0xFA, 0x55, 0xFF, 0xFA, 0x55, 0xFF, 0xFA, 0x54, 0xFF, 0xFA, 0x54, 0xFF, 0xFA, 0x34, 0xFF, 0xFA, 0x34, 0xFF,
    0xFA, 0x34, 0xFF, 0xFA, 0x34, 0xFF, 0xFA, 0x34, 0xFF, 0xFA, 0x14, 0xFF, 0xFA, 0x14, 0xFF, 0xFA, 0x14, 0xFF, 0xFA, 0x14, 0xFF, 0xF9, 0xF4, 0xFF,
    0xF9, 0xF4, 0xFF, 0xF9, 0xF4, 0xFF, 0xF9, 0xF4, 0xFF, 0xF9, 0xF4, 0xFF, 0xF9, 0xD4, 0xFF, 0xF9, 0xD4, 0xFF, 0xF9, 0xD4, 0xFF, 0xF9, 0xD4, 0xFF,
    0xF9, 0xB4, 0xFF, 0xF9, 0xB4, 0xFF, 0xF9, 0xB4, 0xFF, 0xF9, 0xB3, 0xFF, 0xF9, 0xB3, 0xFF, 0xF9, 0x93, 0xFF, 0xF9, 0x93, 0xFF, 0xF9, 0x93, 0xFF,
    0xF9, 0x93, 0xFF, 0xF9, 0x93, 0xFF, 0xF9, 0x73, 0xFF, 0xF9, 0x73, 0xFF, 0xF9, 0x73, 0xFE, 0xF9, 0x73, 0xFF, 0xF9, 0x53, 0xEE, 0xF9, 0x53, 0x11,
    0xF9, 0x53, 0x00, 0xF9, 0x53, 0x01, 0xF9, 0x53, 0x00, 0xF9, 0x33, 0x00, 0xF9, 0x33, 0x00, 0xF9, 0x33, 0x00, 0xF9, 0x33, 0x00, 0xF9, 0x13, 0x00,
    0xFB, 0x36, 0x00, 0xFB, 0x36, 0x00, 0xFB, 0x36, 0x00, 0xFB, 0x36, 0x00, 0xFB, 0x36, 0x00, 0xFB, 0x16, 0x00, 0xFB, 0x16, 0x01, 0xFB, 0x16, 0x00,
    0xFB, 0x16, 0x11, 0xFA, 0xF6, 0xEE, 0xFA, 0xF6, 0xFF, 0xFA, 0xF5, 0xFE, 0xFA, 0xF5, 0xFF, 0xFA, 0xF5, 0xFF, 0xFA, 0xD5, 0xFF, 0xFA, 0xD5, 0xFF,
    0xFA, 0xD5, 0xFF, 0xFA, 0xD5, 0xFF, 0xFA, 0xB5, 0xFF, 0xFA, 0xB5, 0xFF, 0xFA, 0xB5, 0xFF, 0xFA, 0xB5, 0xFF, 0xFA, 0xB5, 0xFF, 0xFA, 0x95, 0xFF,
    0xFA, 0x95, 0xFF, 0xFA, 0x95, 0xFF, 0xFA, 0x95, 0xFF, 0xFA, 0x95, 0xFF, 0xFA, 0x75, 0xFF, 0xFA, 0x75, 0xFF, 0xFA, 0x75, 0xFF, 0xFA, 0x75, 0xFF,
    0xFA, 0x55, 0xFF, 0xFA, 0x55, 0xFF, 0xFA, 0x54, 0xFF, 0xFA, 0x54, 0xFF, 0xFA, 0x54, 0xFF, 0xFA, 0x34, 0xFF, 0xFA, 0x34, 0xFF, 0xFA, 0x34, 0xFF,
    0xFA, 0x34, 0xFF, 0xFA, 0x14, 0xFF, 0xFA, 0x14, 0xFF, 0xFA, 0x14, 0xFF, 0xFA, 0x14, 0xFF, 0xFA, 0x14, 0xFF, 0xF9, 0xF4, 0xFF, 0xF9, 0xF4, 0xFF,
    0xF9, 0xF4, 0xFF, 0xF9, 0xF4, 0xFF, 0xF9, 0xF4, 0xFF, 0xF9, 0xD4, 0xFF, 0xF9, 0xD4, 0xFF, 0xF9, 0xD4, 0xFF, 0xF9, 0xD4, 0xFF, 0xF9, 0xB4, 0xFF,
    0xF9, 0xB4, 0xFF, 0xF9, 0xB4, 0xFF, 0xF9, 0xB3, 0xFF, 0xF9, 0xB3, 0xFF, 0xF9, 0x93, 0xFF, 0xF9, 0x93, 0xFF, 0xF9, 0x93, 0xFF, 0xF9, 0x93, 0xFF,
    0xF9, 0x73, 0xFF, 0xF9, 0x73, 0xFF, 0xF9, 0x73, 0xFF, 0xF9, 0x73, 0xFF, 0xF9, 0x73, 0xFE, 0xF9, 0x53, 0xFF, 0xF9, 0x53, 0xEE, 0xF9, 0x53, 0x11,
    0xF9, 0x53, 0x00, 0xF9, 0x53, 0x01, 0xF9, 0x33, 0x00, 0xF9, 0x33, 0x00, 0xF9, 0x33, 0x00, 0xF9, 0x33, 0x00, 0xF9, 0x13, 0x00, 0xF9, 0x13, 0x00,
    0xFB, 0x36, 0x00, 0xFB, 0x36, 0x00, 0xFB, 0x36, 0x00, 0xFB, 0x16, 0x00, 0xFB, 0x16, 0x00, 0xFB, 0x16, 0x00, 0xFB, 0x16, 0x01, 0xFB, 0x16, 0x00,
    0xFA, 0xF6, 0x11, 0xFA, 0xF6, 0xEE, 0xFA, 0xF5, 0xFF, 0xFA, 0xF5, 0xFE, 0xFA, 0xF5, 0xFF, 0xFA, 0xD5, 0xFF, 0xFA, 0xD5, 0xFF, 0xFA, 0xD5, 0xFF,
    0xFA, 0xD5, 0xFF, 0xFA, 0xB5, 0xFF, 0xFA, 0xB5, 0xFF, 0xFA, 0xB5, 0xFF, 0xFA, 0xB5, 0xFF, 0xFA, 0xB5, 0xFF, 0xFA, 0x95, 0xFF, 0xFA, 0x95, 0xFF,
    0xFA, 0x95, 0xFF, 0xFA, 0x95, 0xFF, 0xFA, 0x75, 0xFF, 0xFA, 0x75, 0xFF, 0xFA, 0x75, 0xFF, 0xFA, 0x75, 0xFF, 0xFA, 0x75, 0xFF, 0xFA, 0x55, 0xFF,
    0xFA, 0x55, 0xFF, 0xFA, 0x54, 0xFF, 0xFA, 0x54, 0xFF, 0xFA, 0x54, 0xFF, 0xFA, 0x34, 0xFF, 0xFA, 0x34, 0xFF, 0xFA, 0x34, 0xFF, 0xFA, 0x34, 0xFF,
    0xFA, 0x14, 0xFF, 0xFA, 0x14, 0xFF, 0xFA, 0x14, 0xFF, 0xFA, 0x14, 0xFF, 0xFA, 0x14, 0xFF, 0xF9, 0xF4, 0xFF, 0xF9, 0xF4, 0xFF, 0xF9, 0xF4, 0xFF,
    0xF9, 0xF4, 0xFF, 0xF9, 0xD4, 0xFF, 0xF9, 0xD4, 0xFF, 0xF9, 0xD4, 0xFF, 0xF9, 0xD4, 0xFF, 0xF9, 0xD4, 0xFF, 0xF9, 0xB4, 0xFF, 0xF9, 0xB4, 0xFF,
    0xF9, 0xB4, 0xFF, 0xF9, 0xB3, 0xFF, 0xF9, 0xB3, 0xFF, 0xF9, 0x93, 0xFF, 0xF9, 0x93, 0xFF, 0xF9, 0x93, 0xFF, 0xF9, 0x93, 0xFF, 0xF9, 0x73, 0xFF,
    0xF9, 0x73, 0xFF, 0xF9, 0x73, 0xFF, 0xF9, 0x73, 0xFF, 0xF9, 0x73, 0xFF, 0xF9, 0x53, 0xFE, 0xF9, 0x53, 0xFF, 0xF9, 0x53, 0xEE, 0xF9, 0x53, 0x11,
    0xF9, 0x33, 0x00, 0xF9, 0x33, 0x01, 0xF9, 0x33, 0x00, 0xF9, 0x33, 0x00, 0xF9, 0x33, 0x00, 0xF9, 0x13, 0x00, 0xF9, 0x13, 0x00, 0xF9, 0x13, 0x00,
    0xFB, 0x36, 0x00, 0xFB, 0x36, 0x00, 0xFB, 0x16, 0x00, 0xFB, 0x16, 0x00, 0xFB, 0x16, 0x00, 0xFB, 0x16, 0x00, 0xFB, 0x16, 0x01, 0xFA, 0xF6, 0x00,
    0xFA, 0xF5, 0x11, 0xFA, 0xF5, 0xEE, 0xFA, 0xF5, 0xFF, 0xFA, 0xD5, 0xFE, 0xFA, 0xD5, 0xFF, 0xFA, 0xD5, 0xFF, 0xFA, 0xD5, 0xFF, 0xFA, 0xD5, 0xFF,
    0xFA, 0xB5, 0xFF, 0xFA, 0xB5, 0xFF, 0xFA, 0xB5, 0xFF, 0xFA, 0xB5, 0xFF, 0xFA, 0xB5, 0xFF, 0xFA, 0x95, 0xFF, 0xFA, 0x95, 0xFF, 0xFA, 0x95, 0xFF,
    0xFA, 0x95, 0xFF, 0xFA, 0x75, 0xFF, 0xFA, 0x75, 0xFF, 0xFA, 0x75, 0xFF, 0xFA, 0x75, 0xFF, 0xFA, 0x75, 0xFF, 0xFA, 0x55, 0xFF, 0xFA, 0x55, 0xFF,
    0xFA, 0x54, 0xFF, 0xFA, 0x54, 0xFF, 0xFA, 0x34, 0xFF, 0xFA, 0x34, 0xFF, 0xFA, 0x34, 0xFF, 0xFA, 0x34, 0xFF, 0xFA, 0x34, 0xFF, 0xFA, 0x14, 0xFF,
    0xFA, 0x14, 0xFF, 0xFA, 0x14, 0xFF, 0xFA, 0x14, 0xFF, 0xFA, 0x14, 0xFF, 0xF9, 0xF4, 0xFF, 0xF9, 0xF4, 0xFF, 0xF9, 0xF4, 0xFF, 0xF9, 0xF4, 0xFF,
    0xF9, 0xD4, 0xFF, 0xF9, 0xD4, 0xFF, 0xF9, 0xD4, 0xFF, 0xF9, 0xD4, 0xFF, 0xF9, 0xD4, 0xFF, 0xF9, 0xB4, 0xFF, 0xF9, 0xB4, 0xFF, 0xF9, 0xB4, 0xFF,
    0xF9, 0xB3, 0xFF, 0xF9, 0x93, 0xFF, 0xF9, 0x93, 0xFF, 0xF9, 0x93, 0xFF, 0xF9, 0x93, 0xFF, 0xF9, 0x93, 0xFF, 0xF9, 0x73, 0xFF, 0xF9, 0x73, 0xFF,
    0xF9, 0x73, 0xFF, 0xF9, 0x73, 0xFF, 0xF9, 0x73, 0xFF, 0xF9, 0x53, 0xFF, 0xF9, 0x53, 0xFE, 0xF9, 0x53, 0xFF, 0xF9, 0x53, 0xEE, 0xF9, 0x33, 0x11,
    0xF9, 0x33, 0x00, 0xF9, 0x33, 0x01, 0xF9, 0x33, 0x00, 0xF9, 0x33, 0x00, 0xF9, 0x13, 0x00, 0xF9, 0x13, 0x00, 0xF9, 0x13, 0x00, 0xF9, 0x12, 0x00,
    0xFB, 0x36, 0x00, 0xFB, 0x16, 0x00, 0xFB, 0x16, 0x00, 0xFB, 0x16, 0x00, 0xFB, 0x16, 0x00, 0xFB, 0x16, 0x00, 0xFA, 0xF6, 0x01, 0xFA, 0xF5, 0x00,
    0xFA, 0xF5, 0x11, 0xFA, 0xF5, 0xEE, 0xFA, 0xD5, 0xFF, 0xFA, 0xD5, 0xFE, 0xFA, 0xD5, 0xFF, 0xFA, 0xD5, 0xFF, 0xFA, 0xD5, 0xFF, 0xFA, 0xB5, 0xFF,
    0xFA, 0xB5, 0xFF, 0xFA, 0xB5, 0xFF, 0xFA, 0xB5, 0xFF, 0xFA, 0x95, 0xFF, 0xFA, 0x95, 0xFF, 0xFA, 0x95, 0xFF, 0xFA, 0x95, 0xFF, 0xFA, 0x95, 0xFF,
    0xFA, 0x75, 0xFF, 0xFA, 0x75, 0xFF, 0xFA, 0x75, 0xFF, 0xFA, 0x75, 0xFF, 0xFA, 0x75, 0xFF, 0xFA, 0x55, 0xFF, 0xFA, 0x55, 0xFF, 0xFA, 0x54, 0xFF,
    0xFA, 0x54, 0xFF, 0xFA, 0x34, 0xFF, 0xFA, 0x34, 0xFF, 0xFA, 0x34, 0xFF, 0xFA, 0x34, 0xFF, 0xFA, 0x34, 0xFF, 0xFA, 0x14, 0xFF, 0xFA, 0x14, 0xFF,
    0xFA, 0x14, 0xFF, 0xFA, 0x14, 0xFF, 0xF9, 0xF4, 0xFF, 0xF9, 0xF4, 0xFF, 0xF9, 0xF4, 0xFF, 0xF9, 0xF4, 0xFF, 0xF9, 0xF4, 0xFF, 0xF9, 0xD4, 0xFF,
    0xF9, 0xD4, 0xFF, 0xF9, 0xD4, 0xFF, 0xF9, 0xD4, 0xFF, 0xF9, 0xD4, 0xFF, 0xF9, 0xB4, 0xFF, 0xF9, 0xB4, 0xFF, 0xF9, 0xB3, 0xFF, 0xF9, 0xB3, 0xFF,
    0xF9, 0x93, 0xFF, 0xF9, 0x93, 0xFF, 0xF9, 0x93, 0xFF, 0xF9, 0x93, 0xFF, 0xF9, 0x93, 0xFF, 0xF9, 0x73, 0xFF, 0xF9, 0x73, 0xFF, 0xF9, 0x73, 0xFF,
    0xF9, 0x73, 0xFF, 0xF9, 0x53, 0xFF, 0xF9, 0x53, 0xFF, 0xF9, 0x53, 0xFF, 0xF9, 0x53, 0xFE, 0xF9, 0x53, 0xFF, 0xF9, 0x33, 0xEE, 0xF9, 0x33, 0x11,
    0xF9, 0x33, 0x00, 0xF9, 0x33, 0x01, 0xF9, 0x33, 0x00, 0xF9, 0x13, 0x00, 0xF9, 0x13, 0x00, 0xF9, 0x13, 0x00, 0xF9, 0x12, 0x00, 0xF8, 0xF2, 0x00,
    0xFB, 0x16, 0x00, 0xFB, 0x16, 0x00, 0xFB, 0x16, 0x00, 0xFB, 0x16, 0x00, 0xFA, 0xF6, 0x00, 0xFA, 0xF6, 0x00, 0xFA, 0xF5, 0x01, 0xFA, 0xF5, 0x00,
    0xFA, 0xF5, 0x11, 0xFA, 0xD5, 0xEE, 0xFA, 0xD5, 0xFF, 0xFA, 0xD5, 0xFE, 0xFA, 0xD5, 0xFF, 0xFA, 0xD5, 0xFF, 0xFA, 0xB5, 0xFF, 0xFA, 0xB5, 0xFF,
    0xFA, 0xB5, 0xFF, 0xFA, 0xB5, 0xFF, 0xFA, 0x95, 0xFF, 0xFA, 0x95, 0xFF, 0xFA, 0x95, 0xFF, 0xFA, 0x95, 0xFF, 0xFA, 0x95, 0xFF, 0xFA, 0x75, 0xFF,
    0xFA, 0x75, 0xFF, 0xFA, 0x75, 0xFF, 0xFA, 0x75, 0xFF, 0xFA, 0x55, 0xFF, 0xFA, 0x55, 0xFF, 0xFA, 0x55, 0xFF, 0xFA, 0x54, 0xFF, 0xFA, 0x54, 0xFF,
    0xFA, 0x34, 0xFF, 0xFA, 0x34, 0xFF, 0xFA, 0x34, 0xFF, 0xFA, 0x34, 0xFF, 0xFA, 0x34, 0xFF, 0xFA, 0x14, 0xFF, 0xFA, 0x14, 0xFF, 0xFA, 0x14, 0xFF,
    0xFA, 0x14, 0xFF, 0xF9, 0xF4, 0xFF, 0xF9, 0xF4, 0xFF, 0xF9, 0xF4, 0xFF, 0xF9, 0xF4, 0xFF, 0xF9, 0xF4, 0xFF, 0xF9, 0xD4, 0xFF, 0xF9, 0xD4, 0xFF,
    0xF9, 0xD4, 0xFF, 0xF9, 0xD4, 0xFF, 0xF9, 0xB4, 0xFF, 0xF9, 0xB4, 0xFF, 0xF9, 0xB4, 0xFF, 0xF9, 0xB3, 0xFF, 0xF9, 0xB3, 0xFF, 0xF9, 0x93, 0xFF,
    0xF9, 0x93, 0xFF, 0xF9, 0x93, 0xFF, 0xF9, 0x93, 0xFF, 0xF9, 0x93, 0xFF, 0xF9, 0x73, 0xFF, 0xF9, 0x73, 0xFF, 0xF9, 0x73, 0xFF, 0xF9, 0x73, 0xFF,
    0xF9, 0x53, 0xFF, 0xF9, 0x53, 0xFF, 0xF9, 0x53, 0xFF, 0xF9, 0x53, 0xFF, 0xF9, 0x53, 0xFE, 0xF9, 0x33, 0xFF, 0xF9, 0x33, 0xEE, 0xF9, 0x33, 0x11,
    0xF9, 0x33, 0x00, 0xF9, 0x13, 0x01, 0xF9, 0x13, 0x00, 0xF9, 0x13, 0x00, 0xF9, 0x13, 0x00, 0xF9, 0x12, 0x00, 0xF8, 0xF2, 0x00, 0xF8, 0xF2, 0x00,
    0xFB, 0x16, 0x00, 0xFB, 0x16, 0x00, 0xFB, 0x16, 0x00, 0xFA, 0xF6, 0x00, 0xFA, 0xF6, 0x00, 0xFA, 0xF5, 0x00, 0xFA, 0xF5, 0x01, 0xFA, 0xF5, 0x00,
    0xFA, 0xD5, 0x11, 0xFA, 0xD5, 0xEE, 0xFA, 0xD5, 0xFF, 0xFA, 0xD5, 0xFE, 0xFA, 0xB5, 0xFF, 0xFA, 0xB5, 0xFF, 0xFA, 0xB5, 0xFF, 0xFA, 0xB5, 0xFF,
    0xFA, 0xB5, 0xFF, 0xFA, 0x95, 0xFF, 0xFA, 0x95, 0xFF, 0xFA, 0x95, 0xFF, 0xFA, 0x95, 0xFF, 0xFA, 0x95, 0xFF, 0xFA, 0x75, 0xFF, 0xFA, 0x75, 0xFF,
    0xFA, 0x75, 0xFF, 0xFA, 0x75, 0xFF, 0xFA, 0x55, 0xFF, 0xFA, 0x55, 0xFF, 0xFA, 0x54, 0xFF, 0xFA, 0x54, 0xFF, 0xFA, 0x54, 0xFF, 0xFA, 0x34, 0xFF,
    0xFA, 0x34, 0xFF, 0xFA, 0x34, 0xFF, 0xFA, 0x34, 0xFF, 0xFA, 0x14, 0xFF, 0xFA, 0x14, 0xFF, 0xFA, 0x14, 0xFF, 0xFA, 0x14, 0xFF, 0xFA, 0x14, 0xFF,
    0xF9, 0xF4, 0xFF, 0xF9, 0xF4, 0xFF, 0xF9, 0xF4, 0xFF, 0xF9, 0xF4, 0xFF, 0xF9, 0xF4, 0xFF, 0xF9, 0xD4, 0xFF, 0xF9, 0xD4, 0xFF, 0xF9, 0xD4, 0xFF,
    0xF9, 0xD4, 0xFF, 0xF9, 0xB4, 0xFF, 0xF9, 0xB4, 0xFF, 0xF9, 0xB4, 0xFF, 0xF9, 0xB3, 0xFF, 0xF9, 0xB3, 0xFF, 0xF9, 0x93, 0xFF, 0xF9, 0x93, 0xFF,
    0xF9, 0x93, 0xFF, 0xF9, 0x93, 0xFF, 0xF9, 0x73, 0xFF, 0xF9, 0x73, 0xFF, 0xF9, 0x73, 0xFF, 0xF9, 0x73, 0xFF, 0xF9, 0x73, 0xFF, 0xF9, 0x53, 0xFF,
    0xF9, 0x53, 0xFF, 0xF9, 0x53, 0xFF, 0xF9, 0x53, 0xFF, 0xF9, 0x53, 0xFF, 0xF9, 0x33, 0xFE, 0xF9, 0x33, 0xFF, 0xF9, 0x33, 0xEE, 0xF9, 0x33, 0x11,
    0xF9, 0x13, 0x00, 0xF9, 0x13, 0x01, 0xF9, 0x13, 0x00, 0xF9, 0x13, 0x00, 0xF9, 0x12, 0x00, 0xF8, 0xF2, 0x00, 0xF8, 0xF2, 0x00, 0xF8, 0xF2, 0x00,
    0xFB, 0x16, 0x00, 0xFB, 0x16, 0x00, 0xFA, 0xF6, 0x00, 0xFA, 0xF6, 0x00, 0xFA, 0xF5, 0x00, 0xFA, 0xF5, 0x00, 0xFA, 0xF5, 0x01, 0xFA, 0xD5, 0x00,
    0xFA, 0xD5, 0x11, 0xFA, 0xD5, 0xEE, 0xFA, 0xD5, 0xFF, 0xFA, 0xB5, 0xFE, 0xFA, 0xB5, 0xFF, 0xFA, 0xB5, 0xFF, 0xFA, 0xB5, 0xFF, 0xFA, 0xB5, 0xFF,
    0xFA, 0x95, 0xFF, 0xFA, 0x95, 0xFF, 0xFA, 0x95, 0xFF, 0xFA, 0x95, 0xFF, 0xFA, 0x75, 0xFF, 0xFA, 0x75, 0xFF, 0xFA, 0x75, 0xFF, 0xFA, 0x75, 0xFF,
    0xFA, 0x75, 0xFF, 0xFA, 0x55, 0xFF, 0xFA, 0x55, 0xFF, 0xFA, 0x54, 0xFF, 0xFA, 0x54, 0xFF, 0xFA, 0x54, 0xFF, 0xFA, 0x34, 0xFF, 0xFA, 0x34, 0xFF,
    0xFA, 0x34, 0xFF, 0xFA, 0x34, 0xFF, 0xFA, 0x14, 0xFF, 0xFA, 0x14, 0xFF, 0xFA, 0x14, 0xFF, 0xFA, 0x14, 0xFF, 0xFA, 0x14, 0xFF, 0xF9, 0xF4, 0xFF,
    0xF9, 0xF4, 0xFF, 0xF9, 0xF4, 0xFF, 0xF9, 0xF4, 0xFF, 0xF9, 0xD4, 0xFF, 0xF9, 0xD4, 0xFF, 0xF9, 0xD4, 0xFF, 0xF9, 0xD4, 0xFF, 0xF9, 0xD4, 0xFF,
    0xF9, 0xB4, 0xFF, 0xF9, 0xB4, 0xFF, 0xF9, 0xB4, 0xFF, 0xF9, 0xB3, 0xFF, 0xF9, 0xB3, 0xFF, 0xF9, 0x93, 0xFF, 0xF9, 0x93, 0xFF, 0xF9, 0x93, 0xFF,
    0xF9, 0x93, 0xFF, 0xF9, 0x73, 0xFF, 0xF9, 0x73, 0xFF, 0xF9, 0x73, 0xFF, 0xF9, 0x73, 0xFF, 0xF9, 0x73, 0xFF, 0xF9, 0x53, 0xFF, 0xF9, 0x53, 0xFF,
    0xF9, 0x53, 0xFF, 0xF9, 0x53, 0xFF, 0xF9, 0x33, 0xFF, 0xF9, 0x33, 0xFF, 0xF9, 0x33, 0xFE, 0xF9, 0x33, 0xFF, 0xF9, 0x33, 0xEE, 0xF9, 0x13, 0x11,
    0xF9, 0x13, 0x00, 0xF9, 0x13, 0x01, 0xF9, 0x13, 0x00, 0xF9, 0x12, 0x00, 0xF8, 0xF2, 0x00, 0xF8, 0xF2, 0x00, 0xF8, 0xF2, 0x00, 0xF8, 0xF2, 0x00,
    0xFB, 0x16, 0x00, 0xFA, 0xF6, 0x00, 0xFA, 0xF5, 0x00, 0xFA, 0xF5, 0x00, 0xFA, 0xF5, 0x00, 0xFA, 0xD5, 0x00, 0xFA, 0xD5, 0x01, 0xFA, 0xD5, 0x00,
    0xFA, 0xD5, 0x11, 0xFA, 0xD5, 0xEE, 0xFA, 0xB5, 0xFF, 0xFA, 0xB5, 0xFE, 0xFA, 0xB5, 0xFF, 0xFA, 0xB5, 0xFF, 0xFA, 0xB5, 0xFF, 0xFA, 0x95, 0xFF,
    0xFA, 0x95, 0xFF, 0xFA, 0x95, 0xFF, 0xFA, 0x95, 0xFF, 0xFA, 0x75, 0xFF, 0xFA, 0x75, 0xFF, 0xFA, 0x75, 0xFF, 0xFA, 0x75, 0xFF, 0xFA, 0x75, 0xFF,
    0xFA, 0x55, 0xFF, 0xFA, 0x55, 0xFF, 0xFA, 0x54, 0xFF, 0xFA, 0x54, 0xFF, 0xFA, 0x34, 0xFF, 0xFA, 0x34, 0xFF, 0xFA, 0x34, 0xFF, 0xFA, 0x34, 0xFF,
    0xFA, 0x34, 0xFF, 0xFA, 0x14, 0xFF, 0xFA, 0x14, 0xFF, 0xFA, 0x14, 0xFF, 0xFA, 0x14, 0xFF, 0xFA, 0x14, 0xFF, 0xF9, 0xF4, 0xFF, 0xF9, 0xF4, 0xFF,
    0xF9, 0xF4, 0xFF, 0xF9, 0xF4, 0xFF, 0xF9, 0xD4, 0xFF, 0xF9, 0xD4, 0xFF, 0xF9, 0xD4, 0xFF, 0xF9, 0xD4, 0xFF, 0xF9, 0xD4, 0xFF, 0xF9, 0xB4, 0xFF,
    0xF9, 0xB4, 0xFF, 0xF9, 0xB4, 0xFF, 0xF9, 0xB3, 0xFF, 0xF9, 0x93, 0xFF, 0xF9, 0x93, 0xFF, 0xF9, 0x93, 0xFF, 0xF9, 0x93, 0xFF, 0xF9, 0x93, 0xFF,
    0xF9, 0x73, 0xFF, 0xF9, 0x73, 0xFF, 0xF9, 0x73, 0xFF, 0xF9, 0x73, 0xFF, 0xF9, 0x73, 0xFF, 0xF9, 0x53, 0xFF, 0xF9, 0x53, 0xFF, 0xF9, 0x53, 0xFF,
    0xF9, 0x53, 0xFF, 0xF9, 0x33, 0xFF, 0xF9, 0x33, 0xFF, 0xF9, 0x33, 0xFF, 0xF9, 0x33, 0xFE, 0xF9, 0x33, 0xFF, 0xF9, 0x13, 0xEE, 0xF9, 0x13, 0x11,
    0xF9, 0x13, 0x00, 0xF9, 0x12, 0x01, 0xF8, 0xF2, 0x00, 0xF8, 0xF2, 0x00, 0xF8, 0xF2, 0x00, 0xF8, 0xF2, 0x00, 0xF8, 0xF2, 0x00, 0xF8, 0xD2, 0x00,
    0xFA, 0xF6, 0x00, 0xFA, 0xF5, 0x00, 0xFA, 0xF5, 0x00, 0xFA, 0xF5, 0x00, 0xFA, 0xD5, 0x00, 0xFA, 0xD5, 0x00, 0xFA, 0xD5, 0x01, 0xFA, 0xD5, 0x00,
    0xFA, 0xD5, 0x11, 0xFA, 0xB5, 0xED, 0xFA, 0xB5, 0xFF, 0xFA, 0xB5, 0xFE, 0xFA, 0xB5, 0xFF, 0xFA, 0x95, 0xFF, 0xFA, 0x95, 0xFF, 0xFA, 0x95, 0xFF,
    0xFA, 0x95, 0xFF, 0xFA, 0x95, 0xFF, 0xFA, 0x75, 0xFF, 0xFA, 0x75, 0xFF, 0xFA, 0x75, 0xFF, 0xFA, 0x75, 0xFF, 0xFA, 0x75, 0xFF, 0xFA, 0x55, 0xFF,
    0xFA, 0x55, 0xFF, 0xFA, 0x54, 0xFF, 0xFA, 0x54, 0xFF, 0xFA, 0x34, 0xFF, 0xFA, 0x34, 0xFF, 0xFA, 0x34, 0xFF, 0xFA, 0x34, 0xFF, 0xFA, 0x34, 0xFF,
    0xFA, 0x14, 0xFF, 0xFA, 0x14, 0xFF, 0xFA, 0x14, 0xFF, 0xFA, 0x14, 0xFF, 0xF9, 0xF4, 0xFF, 0xF9, 0xF4, 0xFF, 0xF9, 0xF4, 0xFF, 0xF9, 0xF4, 0xFF,
    0xF9, 0xF4, 0xFF, 0xF9, 0xD4, 0xFF, 0xF9, 0xD4, 0xFF, 0xF9, 0xD4, 0xFF, 0xF9, 0xD4, 0xFF, 0xF9, 0xD4, 0xFF, 0xF9, 0xB4, 0xFF, 0xF9, 0xB4, 0xFF,
    0xF9, 0xB3, 0xFF, 0xF9, 0xB3, 0xFF, 0xF9, 0x93, 0xFF, 0xF9, 0x93, 0xFF, 0xF9, 0x93, 0xFF, 0xF9, 0x93, 0xFF, 0xF9, 0x93, 0xFF, 0xF9, 0x73, 0xFF,
    0xF9, 0x73, 0xFF, 0xF9, 0x73, 0xFF, 0xF9, 0x73, 0xFF, 0xF9, 0x53, 0xFF, 0xF9, 0x53, 0xFF, 0xF9, 0x53, 0xFF, 0xF9, 0x53, 0xFF, 0xF9, 0x53, 0xFF,
    0xF9, 0x33, 0xFF, 0xF9, 0x33, 0xFF, 0xF9, 0x33, 0xFF, 0xF9, 0x33, 0xFF, 0xF9, 0x33, 0xFE, 0xF9, 0x13, 0xFF, 0xF9, 0x13, 0xED, 0xF9, 0x13, 0x11,
    0xF9, 0x12, 0x00, 0xF8, 0xF2, 0x01, 0xF8, 0xF2, 0x00, 0xF8, 0xF2, 0x00, 0xF8, 0xF2, 0x00, 0xF8, 0xF2, 0x00, 0xF8, 0xD2, 0x00, 0xF8, 0xD2, 0x00,
    0xFA, 0xF5, 0x00, 0xFA, 0xF5, 0x00, 0xFA, 0xF5, 0x00, 0xFA, 0xD5, 0x00, 0xFA, 0xD5, 0x00, 0xFA, 0xD5, 0x00, 0xFA, 0xD5, 0x01, 0xFA, 0xD5, 0x00,
    0xFA, 0xB5, 0x12, 0xFA, 0xB5, 0xF1, 0xFA, 0xB5, 0xFF, 0xFA, 0xB5, 0xFE, 0xFA, 0x95, 0xFF, 0xFA, 0x95, 0xFF, 0xFA, 0x95, 0xFF, 0xFA, 0x95, 0xFF,
    0xFA, 0x95, 0xFF, 0xFA, 0x75, 0xFF, 0xFA, 0x75, 0xFF, 0xFA, 0x75, 0xFF, 0xFA, 0x75, 0xFF, 0xFA, 0x55, 0xFF, 0xFA, 0x55, 0xFF, 0xFA, 0x55, 0xFF,
    0xFA, 0x54, 0xFF, 0xFA, 0x54, 0xFF, 0xFA, 0x34, 0xFF, 0xFA, 0x34, 0xFF, 0xFA, 0x34, 0xFF, 0xFA, 0x34, 0xFF, 0xFA, 0x34, 0xFF, 0xFA, 0x14, 0xFF,
    0xFA, 0x14, 0xFF, 0xFA, 0x14, 0xFF, 0xFA, 0x14, 0xFF, 0xF9, 0xF4, 0xFF, 0xF9, 0xF4, 0xFF, 0xF9, 0xF4, 0xFF, 0xF9, 0xF4, 0xFF, 0xF9, 0xF4, 0xFF,
    0xF9, 0xD4, 0xFF, 0xF9, 0xD4, 0xFF, 0xF9, 0xD4, 0xFF, 0xF9, 0xD4, 0xFF, 0xF9, 0xB4, 0xFF, 0xF9, 0xB4, 0xFF, 0xF9, 0xB4, 0xFF, 0xF9, 0xB3, 0xFF,
    0xF9, 0xB3, 0xFF, 0xF9, 0x93, 0xFF, 0xF9, 0x93, 0xFF, 0xF9, 0x93, 0xFF, 0xF9, 0x93, 0xFF, 0xF9, 0x93, 0xFF, 0xF9, 0x73, 0xFF, 0xF9, 0x73, 0xFF,
    0xF9, 0x73, 0xFF, 0xF9, 0x73, 0xFF, 0xF9, 0x53, 0xFF, 0xF9, 0x53, 0xFF, 0xF9, 0x53, 0xFF, 0xF9, 0x53, 0xFF, 0xF9, 0x53, 0xFF, 0xF9, 0x33, 0xFF,
    0xF9, 0x33, 0xFF, 0xF9, 0x33, 0xFF, 0xF9, 0x33, 0xFF, 0xF9, 0x13, 0xFF, 0xF9, 0x13, 0xFE, 0xF9, 0x13, 0xFF, 0xF9, 0x13, 0xF1, 0xF9, 0x12, 0x12,
    0xF8, 0xF2, 0x00, 0xF8, 0xF2, 0x01, 0xF8, 0xF2, 0x00, 0xF8, 0xF2, 0x00, 0xF8, 0xF2, 0x00, 0xF8, 0xD2, 0x00, 0xF8, 0xD2, 0x00, 0xF8, 0xD2, 0x00,
    0xFA, 0xF5, 0x00, 0xFA, 0xF5, 0x00, 0xFA, 0xD5, 0x00, 0xFA, 0xD5, 0x00, 0xFA, 0xD5, 0x00, 0xFA, 0xD5, 0x00, 0xFA, 0xB5, 0x01, 0xFA, 0xB5, 0x01,
    0xFA, 0xB5, 0x09, 0xFA, 0xB5, 0xD7, 0xFA, 0xB5, 0xFF, 0xFA, 0x95, 0xFD, 0xFA, 0x95, 0xFF, 0xFA, 0x95, 0xFF, 0xFA, 0x95, 0xFF, 0xFA, 0x95, 0xFF,
    0xFA, 0x75, 0xFF, 0xFA, 0x75, 0xFF, 0xFA, 0x75, 0xFF, 0xFA, 0x75, 0xFF, 0xFA, 0x55, 0xFF, 0xFA, 0x55, 0xFF, 0xFA, 0x54, 0xFF, 0xFA, 0x54, 0xFF,
    0xFA, 0x54, 0xFF, 0xFA, 0x34, 0xFF, 0xFA, 0x34, 0xFF, 0xFA, 0x34, 0xFF, 0xFA, 0x34, 0xFF, 0xFA, 0x14, 0xFF, 0xFA, 0x14, 0xFF, 0xFA, 0x14, 0xFF,
    0xFA, 0x14, 0xFF, 0xFA, 0x14, 0xFF, 0xF9, 0xF4, 0xFF, 0xF9, 0xF4, 0xFF, 0xF9, 0xF4, 0xFF, 0xF9, 0xF4, 0xFF, 0xF9, 0xF4, 0xFF, 0xF9, 0xD4, 0xFF,
    0xF9, 0xD4, 0xFF, 0xF9, 0xD4, 0xFF, 0xF9, 0xD4, 0xFF, 0xF9, 0xB4, 0xFF, 0xF9, 0xB4, 0xFF, 0xF9, 0xB4, 0xFF, 0xF9, 0xB3, 0xFF, 0xF9, 0xB3, 0xFF,
    0xF9, 0x93, 0xFF, 0xF9, 0x93, 0xFF, 0xF9, 0x93, 0xFF, 0xF9, 0x93, 0xFF, 0xF9, 0x73, 0xFF, 0xF9, 0x73, 0xFF, 0xF9, 0x73, 0xFF, 0xF9, 0x73, 0xFF,
    0xF9, 0x73, 0xFF, 0xF9, 0x53, 0xFF, 0xF9, 0x53, 0xFF, 0xF9, 0x53, 0xFF, 0xF9, 0x53, 0xFF, 0xF9, 0x53, 0xFF, 0xF9, 0x33, 0xFF, 0xF9, 0x33, 0xFF,
    0xF9, 0x33, 0xFF, 0xF9, 0x33, 0xFF, 0xF9, 0x13, 0xFF, 0xF9, 0x13, 0xFF, 0xF9, 0x13, 0xFD, 0xF9, 0x13, 0xFF, 0xF9, 0x12, 0xD7, 0xF8, 0xF2, 0x09,
    0xF8, 0xF2, 0x01, 0xF8, 0xF2, 0x01, 0xF8, 0xF2, 0x00, 0xF8, 0xD2, 0x00, 0xF8, 0xD2, 0x00, 0xF8, 0xD2, 0x00, 0xF8, 0xD2, 0x00, 0xF8, 0xD2, 0x00,
    0xFA, 0xF5, 0x00, 0xFA, 0xD5, 0x00, 0xFA, 0xD5, 0x00, 0xFA, 0xD5, 0x00, 0xFA, 0xD5, 0x00, 0xFA, 0xB5, 0x00, 0xFA, 0xB5, 0x00, 0xFA, 0xB5, 0x02,
    0xFA, 0xB5, 0x00, 0xFA, 0xB5, 0xB7, 0xFA, 0x95, 0xFF, 0xFA, 0x95, 0xFC, 0xFA, 0x95, 0xFF, 0xFA, 0x95, 0xFF, 0xFA, 0x75, 0xFF, 0xFA, 0x75, 0xFF,
    0xFA, 0x75, 0xFF, 0xFA, 0x75, 0xFF, 0xFA, 0x75, 0xFF, 0xFA, 0x55, 0xFF, 0xFA, 0x55, 0xFF, 0xFA, 0x54, 0xFF, 0xFA, 0x54, 0xFF, 0xFA, 0x54, 0xFF,
    0xFA, 0x34, 0xFF, 0xFA, 0x34, 0xFF, 0xFA, 0x34, 0xFF, 0xFA, 0x34, 0xFF, 0xFA, 0x14, 0xFF, 0xFA, 0x14, 0xFF, 0xFA, 0x14, 0xFF, 0xFA, 0x14, 0xFF,
    0xFA, 0x14, 0xFF, 0xF9, 0xF4, 0xFF, 0xF9, 0xF4, 0xFF, 0xF9, 0xF4, 0xFF, 0xF9, 0xF4, 0xFF, 0xF9, 0xD4, 0xFF, 0xF9, 0xD4, 0xFF, 0xF9, 0xD4, 0xFF,
    0xF9, 0xD4, 0xFF, 0xF9, 0xD4, 0xFF, 0xF9, 0xB4, 0xFF, 0xF9, 0xB4, 0xFF, 0xF9, 0xB4, 0xFF, 0xF9, 0xB3, 0xFF, 0xF9, 0xB3, 0xFF, 0xF9, 0x93, 0xFF,
    0xF9, 0x93, 0xFF, 0xF9, 0x93, 0xFF, 0xF9, 0x93, 0xFF, 0xF9, 0x73, 0xFF, 0xF9, 0x73, 0xFF, 0xF9, 0x73, 0xFF, 0xF9, 0x73, 0xFF, 0xF9, 0x73, 0xFF,
    0xF9, 0x53, 0xFF, 0xF9, 0x53, 0xFF, 0xF9, 0x53, 0xFF, 0xF9, 0x53, 0xFF, 0xF9, 0x33, 0xFF, 0xF9, 0x33, 0xFF, 0xF9, 0x33, 0xFF, 0xF9, 0x33, 0xFF,
    0xF9, 0x33, 0xFF, 0xF9, 0x13, 0xFF, 0xF9, 0x13, 0xFF, 0xF9, 0x13, 0xFF, 0xF9, 0x13, 0xFC, 0xF9, 0x12, 0xFF, 0xF8, 0xF2, 0xB7, 0xF8, 0xF2, 0x00,
    0xF8, 0xF2, 0x02, 0xF8, 0xF2, 0x00, 0xF8, 0xD2, 0x00, 0xF8, 0xD2, 0x00, 0xF8, 0xD2, 0x00, 0xF8, 0xD2, 0x00, 0xF8, 0xD2, 0x00, 0xF8, 0xB2, 0x00,
    0xFA, 0xD5, 0x00, 0xFA, 0xD5, 0x00, 0xFA, 0xD5, 0x00, 0xFA, 0xD5, 0x00, 0xFA, 0xB5, 0x00, 0xFA, 0xB5, 0x00, 0xFA, 0xB5, 0x00, 0xFA, 0xB5, 0x04,
    0xFA, 0xB5, 0x00, 0xFA, 0x95, 0x84, 0xFA, 0x95, 0xFF, 0xFA, 0x95, 0xFB, 0xFA, 0x95, 0xFF, 0xFA, 0x75, 0xFF, 0xFA, 0x75, 0xFF, 0xFA, 0x75, 0xFF,
    0xFA, 0x75, 0xFF, 0xFA, 0x75, 0xFF, 0xFA, 0x55, 0xFF, 0xFA, 0x55, 0xFF, 0xFA, 0x54, 0xFF, 0xFA, 0x54, 0xFF, 0xFA, 0x34, 0xFF, 0xFA, 0x34, 0xFF,
    0xFA, 0x34, 0xFF, 0xFA, 0x34, 0xFF, 0xFA, 0x34, 0xFF, 0xFA, 0x14, 0xFF, 0xFA, 0x14, 0xFF, 0xFA, 0x14, 0xFF, 0xFA, 0x14, 0xFF, 0xFA, 0x14, 0xFF,
    0xF9, 0xF4, 0xFF, 0xF9, 0xF4, 0xFF, 0xF9, 0xF4, 0xFF, 0xF9, 0xF4, 0xFF, 0xF9, 0xD4, 0xFF, 0xF9, 0xD4, 0xFF, 0xF9, 0xD4, 0xFF, 0xF9, 0xD4, 0xFF,
    0xF9, 0xD4, 0xFF, 0xF9, 0xB4, 0xFF, 0xF9, 0xB4, 0xFF, 0xF9, 0xB4, 0xFF, 0xF9, 0xB3, 0xFF, 0xF9, 0x93, 0xFF, 0xF9, 0x93, 0xFF, 0xF9, 0x93, 0xFF,
    0xF9, 0x93, 0xFF, 0xF9, 0x93, 0xFF, 0xF9, 0x73, 0xFF, 0xF9, 0x73, 0xFF, 0xF9, 0x73, 0xFF, 0xF9, 0x73, 0xFF, 0xF9, 0x73, 0xFF, 0xF9, 0x53, 0xFF,
    0xF9, 0x53, 0xFF, 0xF9, 0x53, 0xFF, 0xF9, 0x53, 0xFF, 0xF9, 0x33, 0xFF, 0xF9, 0x33, 0xFF, 0xF9, 0x33, 0xFF, 0xF9, 0x33, 0xFF, 0xF9, 0x33, 0xFF,
    0xF9, 0x13, 0xFF, 0xF9, 0x13, 0xFF, 0xF9, 0x13, 0xFF, 0xF9, 0x12, 0xFF, 0xF8, 0xF2, 0xFB, 0xF8, 0xF2, 0xFF, 0xF8, 0xF2, 0x84, 0xF8, 0xF2, 0x00,
    0xF8, 0xF2, 0x04, 0xF8, 0xD2, 0x00, 0xF8, 0xD2, 0x00, 0xF8, 0xD2, 0x00, 0xF8, 0xD2, 0x00, 0xF8, 0xD2, 0x00, 0xF8, 0xB2, 0x00, 0xF8, 0xB2, 0x00,
    0xFA, 0xD5, 0x00, 0xFA, 0xD5, 0x00, 0xFA, 0xD5, 0x00, 0xFA, 0xB5, 0x00, 0xFA, 0xB5, 0x00, 0xFA, 0xB5, 0x00, 0xFA, 0xB5, 0x00, 0xFA, 0x95, 0x02,
    0xFA, 0x95, 0x00, 0xFA, 0x95, 0x2D, 0xFA, 0x95, 0xFB, 0xFA, 0x95, 0xFE, 0xFA, 0x75, 0xFF, 0xFA, 0x75, 0xFF, 0xFA, 0x75, 0xFF, 0xFA, 0x75, 0xFF,
    0xFA, 0x75, 0xFF, 0xFA, 0x55, 0xFF, 0xFA, 0x55, 0xFF, 0xFA, 0x54, 0xFF, 0xFA, 0x54, 0xFF, 0xFA, 0x34, 0xFF, 0xFA, 0x34, 0xFF, 0xFA, 0x34, 0xFF,
    0xFA, 0x34, 0xFF, 0xFA, 0x34, 0xFF, 0xFA, 0x14, 0xFF, 0xFA, 0x14, 0xFF, 0xFA, 0x14, 0xFF, 0xFA, 0x14, 0xFF, 0xF9, 0xF4, 0xFF, 0xF9, 0xF4, 0xFF,
    0xF9, 0xF4, 0xFF, 0xF9, 0xF4, 0xFF, 0xF9, 0xF4, 0xFF, 0xF9, 0xD4, 0xFF, 0xF9, 0xD4, 0xFF, 0xF9, 0xD4, 0xFF, 0xF9, 0xD4, 0xFF, 0xF9, 0xD4, 0xFF,
    0xF9, 0xB4, 0xFF, 0xF9, 0xB4, 0xFF, 0xF9, 0xB3, 0xFF, 0xF9, 0xB3, 0xFF, 0xF9, 0x93, 0xFF, 0xF9, 0x93, 0xFF, 0xF9, 0x93, 0xFF, 0xF9, 0x93, 0xFF,
    0xF9, 0x93, 0xFF, 0xF9, 0x73, 0xFF, 0xF9, 0x73, 0xFF, 0xF9, 0x73, 0xFF, 0xF9, 0x73, 0xFF, 0xF9, 0x53, 0xFF, 0xF9, 0x53, 0xFF, 0xF9, 0x53, 0xFF,
    0xF9, 0x53, 0xFF, 0xF9, 0x53, 0xFF, 0xF9, 0x33, 0xFF, 0xF9, 0x33, 0xFF, 0xF9, 0x33, 0xFF, 0xF9, 0x33, 0xFF, 0xF9, 0x33, 0xFF, 0xF9, 0x13, 0xFF,
    0xF9, 0x13, 0xFF, 0xF9, 0x13, 0xFF, 0xF9, 0x12, 0xFF, 0xF8, 0xF2, 0xFF, 0xF8, 0xF2, 0xFE, 0xF8, 0xF2, 0xFB, 0xF8, 0xF2, 0x2D, 0xF8, 0xF2, 0x00,
    0xF8, 0xD2, 0x02, 0xF8, 0xD2, 0x00, 0xF8, 0xD2, 0x00, 0xF8, 0xD2, 0x00, 0xF8, 0xB2, 0x00, 0xF8, 0xB2, 0x00, 0xF8, 0xB2, 0x00, 0xF8, 0xB2, 0x00,
    0xFA, 0xD5, 0x00, 0xFA, 0xD5, 0x00, 0xFA, 0xB5, 0x00, 0xFA, 0xB5, 0x00, 0xFA, 0xB5, 0x00, 0xFA, 0xB5, 0x00, 0xFA, 0x95, 0x00, 0xFA, 0x95, 0x00,
    0xFA, 0x95, 0x02, 0xFA, 0x95, 0x00, 0xFA, 0x95, 0xBB, 0xFA, 0x75, 0xFE, 0xFA, 0x75, 0xFC, 0xFA, 0x75, 0xFF, 0xFA, 0x75, 0xFF, 0xFA, 0x55, 0xFF,
    0xFA, 0x55, 0xFF, 0xFA, 0x55, 0xFF, 0xFA, 0x54, 0xFF, 0xFA, 0x54, 0xFF, 0xFA, 0x34, 0xFF, 0xFA, 0x34, 0xFF, 0xFA, 0x34, 0xFF, 0xFA, 0x34, 0xFF,
    0xFA, 0x34, 0xFF, 0xFA, 0x14, 0xFF, 0xFA, 0x14, 0xFF, 0xFA, 0x14, 0xFF, 0xFA, 0x14, 0xFF, 0xF9, 0xF4, 0xFF, 0xF9, 0xF4, 0xFF, 0xF9, 0xF4, 0xFF,
    0xF9, 0xF4, 0xFF, 0xF9, 0xF4, 0xFF, 0xF9, 0xD4, 0xFF, 0xF9, 0xD4, 0xFF, 0xF9, 0xD4, 0xFF, 0xF9, 0xD4, 0xFF, 0xF9, 0xB4, 0xFF, 0xF9, 0xB4, 0xFF,
    0xF9, 0xB4, 0xFF, 0xF9, 0xB3, 0xFF, 0xF9, 0xB3, 0xFF, 0xF9, 0x93, 0xFF, 0xF9, 0x93, 0xFF, 0xF9, 0x93, 0xFF, 0xF9, 0x93, 0xFF, 0xF9, 0x93, 0xFF,
    0xF9, 0x73, 0xFF, 0xF9, 0x73, 0xFF, 0xF9, 0x73, 0xFF, 0xF9, 0x73, 0xFF, 0xF9, 0x53, 0xFF, 0xF9, 0x53, 0xFF, 0xF9, 0x53, 0xFF, 0xF9, 0x53, 0xFF,
    0xF9, 0x53, 0xFF, 0xF9, 0x33, 0xFF, 0xF9, 0x33, 0xFF, 0xF9, 0x33, 0xFF, 0xF9, 0x33, 0xFF, 0xF9, 0x13, 0xFF, 0xF9, 0x13, 0xFF, 0xF9, 0x13, 0xFF,
    0xF9, 0x13, 0xFF, 0xF9, 0x12, 0xFF, 0xF8, 0xF2, 0xFF, 0xF8, 0xF2, 0xFC, 0xF8, 0xF2, 0xFE, 0xF8, 0xF2, 0xBB, 0xF8, 0xF2, 0x00, 0xF8, 0xD2, 0x02,
    0xF8, 0xD2, 0x00, 0xF8, 0xD2, 0x00, 0xF8, 0xD2, 0x00, 0xF8, 0xB2, 0x00, 0xF8, 0xB2, 0x00, 0xF8, 0xB2, 0x00, 0xF8, 0xB2, 0x00, 0xF8, 0xB2, 0x00,
    0xFA, 0xB5, 0x00, 0xFA, 0xB5, 0x00, 0xFA, 0xB5, 0x00, 0xFA, 0xB5, 0x00, 0xFA, 0xB5, 0x00, 0xFA, 0x95, 0x00, 0xFA, 0x95, 0x00, 0xFA, 0x95, 0x00,
    0xFA, 0x95, 0x04, 0xFA, 0x95, 0x00, 0xFA, 0x75, 0x4F, 0xFA, 0x75, 0xFF, 0xFA, 0x75, 0xFC, 0xFA, 0x75, 0xFF, 0xFA, 0x55, 0xFF, 0xFA, 0x55, 0xFF,
    0xFA, 0x54, 0xFF, 0xFA, 0x54, 0xFF, 0xFA, 0x54, 0xFF, 0xFA, 0x34, 0xFF, 0xFA, 0x34, 0xFF, 0xFA, 0x34, 0xFF, 0xFA, 0x34, 0xFF, 0xFA, 0x14, 0xFF,
    0xFA, 0x14, 0xFF, 0xFA, 0x14, 0xFF, 0xFA, 0x14, 0xFF, 0xFA, 0x14, 0xFF, 0xF9, 0xF4, 0xFF, 0xF9, 0xF4, 0xFF, 0xF9, 0xF4, 0xFF, 0xF9, 0xF4, 0xFF,
    0xF9, 0xF4, 0xFF, 0xF9, 0xD4, 0xFF, 0xF9, 0xD4, 0xFF, 0xF9, 0xD4, 0xFF, 0xF9, 0xD4, 0xFF, 0xF9, 0xB4, 0xFF, 0xF9, 0xB4, 0xFF, 0xF9, 0xB4, 0xFF,
    0xF9, 0xB3, 0xFF, 0xF9, 0xB3, 0xFF, 0xF9, 0x93, 0xFF, 0xF9, 0x93, 0xFF, 0xF9, 0x93, 0xFF, 0xF9, 0x93, 0xFF, 0xF9, 0x73, 0xFF, 0xF9, 0x73, 0xFF,
    0xF9, 0x73, 0xFF, 0xF9, 0x73, 0xFF, 0xF9, 0x73, 0xFF, 0xF9, 0x53, 0xFF, 0xF9, 0x53, 0xFF, 0xF9, 0x53, 0xFF, 0xF9, 0x53, 0xFF, 0xF9, 0x53, 0xFF,
    0xF9, 0x33, 0xFF, 0xF9, 0x33, 0xFF, 0xF9, 0x33, 0xFF, 0xF9, 0x33, 0xFF, 0xF9, 0x13, 0xFF, 0xF9, 0x13, 0xFF, 0xF9, 0x13, 0xFF, 0xF9, 0x13, 0xFF,
    0xF9, 0x12, 0xFF, 0xF8, 0xF2, 0xFF, 0xF8, 0xF2, 0xFF, 0xF8, 0xF2, 0xFC, 0xF8, 0xF2, 0xFF, 0xF8, 0xD2, 0x4F, 0xF8, 0xD2, 0x00, 0xF8, 0xD2, 0x04,
    0xF8, 0xD2, 0x00, 0xF8, 0xD2, 0x00, 0xF8, 0xB2, 0x00, 0xF8, 0xB2, 0x00, 0xF8, 0xB2, 0x00, 0xF8, 0xB2, 0x00, 0xF8, 0xB2, 0x00, 0xF8, 0xB2, 0x00,
    0xFA, 0xB5, 0x00, 0xFA, 0xB5, 0x00, 0xFA, 0xB5, 0x00, 0xFA, 0xB5, 0x00, 0xFA, 0x95, 0x00, 0xFA, 0x95, 0x00, 0xFA, 0x95, 0x00, 0xFA, 0x95, 0x00,
    0xFA, 0x75, 0x01, 0xFA, 0x75, 0x01, 0xFA, 0x75, 0x17, 0xFA, 0x75, 0xED, 0xFA, 0x75, 0xFE, 0xFA, 0x55, 0xFE, 0xFA, 0x55, 0xFF, 0xFA, 0x54, 0xFF,
    0xFA, 0x54, 0xFF, 0xFA, 0x54, 0xFF, 0xFA, 0x34, 0xFF, 0xFA, 0x34, 0xFF, 0xFA, 0x34, 0xFF, 0xFA, 0x34, 0xFF, 0xFA, 0x14, 0xFF, 0xFA, 0x14, 0xFF,
    0xFA, 0x14, 0xFF, 0xFA, 0x14, 0xFF, 0xFA, 0x14, 0xFF, 0xF9, 0xF4, 0xFF, 0xF9, 0xF4, 0xFF, 0xF9, 0xF4, 0xFF, 0xF9, 0xF4, 0xFF, 0xF9, 0xD4, 0xFF,
    0xF9, 0xD4, 0xFF, 0xF9, 0xD4, 0xFF, 0xF9, 0xD4, 0xFF, 0xF9, 0xD4, 0xFF, 0xF9, 0xB4, 0xFF, 0xF9, 0xB4, 0xFF, 0xF9, 0xB4, 0xFF, 0xF9, 0xB3, 0xFF,
    0xF9, 0xB3, 0xFF, 0xF9, 0x93, 0xFF, 0xF9, 0x93, 0xFF, 0xF9, 0x93, 0xFF, 0xF9, 0x93, 0xFF, 0xF9, 0x73, 0xFF, 0xF9, 0x73, 0xFF, 0xF9, 0x73, 0xFF,
    0xF9, 0x73, 0xFF, 0xF9, 0x73, 0xFF, 0xF9, 0x53, 0xFF, 0xF9, 0x53, 0xFF, 0xF9, 0x53, 0xFF, 0xF9, 0x53, 0xFF, 0xF9, 0x33, 0xFF, 0xF9, 0x33, 0xFF,
    0xF9, 0x33, 0xFF, 0xF9, 0x33, 0xFF, 0xF9, 0x33, 0xFF, 0xF9, 0x13, 0xFF, 0xF9, 0x13, 0xFF, 0xF9, 0x13, 0xFF, 0xF9, 0x13, 0xFF, 0xF9, 0x12, 0xFF,
    0xF8, 0xF2, 0xFF, 0xF8, 0xF2, 0xFF, 0xF8, 0xF2, 0xFE, 0xF8, 0xF2, 0xFE, 0xF8, 0xD2, 0xED, 0xF8, 0xD2, 0x17, 0xF8, 0xD2, 0x01, 0xF8, 0xD2, 0x01,
    0xF8, 0xD2, 0x00, 0xF8, 0xB2, 0x00, 0xF8, 0xB2, 0x00, 0xF8, 0xB2, 0x00, 0xF8, 0xB2, 0x00, 0xF8, 0xB2, 0x00, 0xF8, 0xB2, 0x00, 0xF8, 0xB2, 0x00,
    0xFA, 0xB5, 0x00, 0xFA, 0xB5, 0x00, 0xFA, 0xB5, 0x00, 0xFA, 0x95, 0x00, 0xFA, 0x95, 0x00, 0xFA, 0x95, 0x00, 0xFA, 0x95, 0x00, 0xFA, 0x75, 0x00,
    0xFA, 0x75, 0x00, 0xFA, 0x75, 0x03, 0xFA, 0x75, 0x00, 0xFA, 0x75, 0x7A, 0xFA, 0x55, 0xFF, 0xFA, 0x55, 0xFC, 0xFA, 0x54, 0xFF, 0xFA, 0x54, 0xFF,
    0xFA, 0x34, 0xFF, 0xFA, 0x34, 0xFF, 0xFA, 0x34, 0xFF, 0xFA, 0x34, 0xFF, 0xFA, 0x34, 0xFF, 0xFA, 0x14, 0xFF, 0xFA, 0x14, 0xFF, 0xFA, 0x14, 0xFF,
    0xFA, 0x14, 0xFF, 0xFA, 0x14, 0xFF, 0xF9, 0xF4, 0xFF, 0xF9, 0xF4, 0xFF, 0xF9, 0xF4, 0xFF, 0xF9, 0xF4, 0xFF, 0xF9, 0xD4, 0xFF, 0xF9, 0xD4, 0xFF,
    0xF9, 0xD4, 0xFF, 0xF9, 0xD4, 0xFF, 0xF9, 0xD4, 0xFF, 0xF9, 0xB4, 0xFF, 0xF9, 0xB4, 0xFF, 0xF9, 0xB4, 0xFF, 0xF9, 0xB3, 0xFF, 0xF9, 0x93, 0xFF,
    0xF9, 0x93, 0xFF, 0xF9, 0x93, 0xFF, 0xF9, 0x93, 0xFF, 0xF9, 0x93, 0xFF, 0xF9, 0x73, 0xFF, 0xF9, 0x73, 0xFF, 0xF9, 0x73, 0xFF, 0xF9, 0x73, 0xFF,
    0xF9, 0x73, 0xFF, 0xF9, 0x53, 0xFF, 0xF9, 0x53, 0xFF, 0xF9, 0x53, 0xFF, 0xF9, 0x53, 0xFF, 0xF9, 0x33, 0xFF, 0xF9, 0x33, 0xFF, 0xF9, 0x33, 0xFF,
    0xF9, 0x33, 0xFF, 0xF9, 0x33, 0xFF, 0xF9, 0x13, 0xFF, 0xF9, 0x13, 0xFF, 0xF9, 0x13, 0xFF, 0xF9, 0x12, 0xFF, 0xF8, 0xF2, 0xFF, 0xF8, 0xF2, 0xFF,
    0xF8, 0xF2, 0xFF, 0xF8, 0xF2, 0xFF, 0xF8, 0xF2, 0xFC, 0xF8, 0xD2, 0xFF, 0xF8, 0xD2, 0x7A, 0xF8, 0xD2, 0x00, 0xF8, 0xD2, 0x03, 0xF8, 0xD2, 0x00,
    0xF8, 0xB2, 0x00, 0xF8, 0xB2, 0x00, 0xF8, 0xB2, 0x00, 0xF8, 0xB2, 0x00, 0xF8, 0xB2, 0x00, 0xF8, 0xB2, 0x00, 0xF8, 0xB2, 0x00, 0xF8, 0xB2, 0x00,
    0xFA, 0xB5, 0x00, 0xFA, 0x95, 0x00, 0xFA, 0x95, 0x00, 0xFA, 0x95, 0x00, 0xFA, 0x95, 0x00, 0xFA, 0x95, 0x00, 0xFA, 0x75, 0x00, 0xFA, 0x75, 0x00,
    0xFA, 0x75, 0x00, 0xFA, 0x75, 0x00, 0xFA, 0x75, 0x03, 0xFA, 0x55, 0x02, 0xFA, 0x55, 0xC1, 0xFA, 0x54, 0xFE, 0xFA, 0x54, 0xFC, 0xFA, 0x34, 0xFF,
    0xFA, 0x34, 0xFF, 0xFA, 0x34, 0xFF, 0xFA, 0x34, 0xFF, 0xFA, 0x34, 0xFF, 0xFA, 0x14, 0xFF, 0xFA, 0x14, 0xFF, 0xFA, 0x14, 0xFF, 0xFA, 0x14, 0xFF,
    0xF9, 0xF4, 0xFF, 0xF9, 0xF4, 0xFF, 0xF9, 0xF4, 0xFF, 0xF9, 0xF4, 0xFF, 0xF9, 0xF4, 0xFF, 0xF9, 0xD4, 0xFF, 0xF9, 0xD4, 0xFF, 0xF9, 0xD4, 0xFF,
    0xF9, 0xD4, 0xFF, 0xF9, 0xD4, 0xFF, 0xF9, 0xB4, 0xFF, 0xF9, 0xB4, 0xFF, 0xF9, 0xB3, 0xFF, 0xF9, 0xB3, 0xFF, 0xF9, 0x93, 0xFF, 0xF9, 0x93, 0xFF,
    0xF9, 0x93, 0xFF, 0xF9, 0x93, 0xFF, 0xF9, 0x93, 0xFF, 0xF9, 0x73, 0xFF, 0xF9, 0x73, 0xFF, 0xF9, 0x73, 0xFF, 0xF9, 0x73, 0xFF, 0xF9, 0x53, 0xFF,
    0xF9, 0x53, 0xFF, 0xF9, 0x53, 0xFF, 0xF9, 0x53, 0xFF, 0xF9, 0x53, 0xFF, 0xF9, 0x33, 0xFF, 0xF9, 0x33, 0xFF, 0xF9, 0x33, 0xFF, 0xF9, 0x33, 0xFF,
    0xF9, 0x33, 0xFF, 0xF9, 0x13, 0xFF, 0xF9, 0x13, 0xFF, 0xF9, 0x13, 0xFF, 0xF9, 0x12, 0xFF, 0xF8, 0xF2, 0xFF, 0xF8, 0xF2, 0xFF, 0xF8, 0xF2, 0xFF,
    0xF8, 0xF2, 0xFF, 0xF8, 0xF2, 0xFC, 0xF8, 0xD2, 0xFE, 0xF8, 0xD2, 0xC1, 0xF8, 0xD2, 0x02, 0xF8, 0xD2, 0x03, 0xF8, 0xB2, 0x00, 0xF8, 0xB2, 0x00,
    0xF8, 0xB2, 0x00, 0xF8, 0xB2, 0x00, 0xF8, 0xB2, 0x00, 0xF8, 0xB2, 0x00, 0xF8, 0xB2, 0x00, 0xF8, 0xB2, 0x00, 0xF8, 0xB2, 0x00, 0xF8, 0xB2, 0x00,
    0xFA, 0x95, 0x00, 0xFA, 0x95, 0x00, 0xFA, 0x95, 0x00, 0xFA, 0x95, 0x00, 0xFA, 0x95, 0x00, 0xFA, 0x75, 0x00, 0xFA, 0x75, 0x00, 0xFA, 0x75, 0x00,
    0xFA, 0x75, 0x00, 0xFA, 0x55, 0x00, 0xFA, 0x55, 0x03, 0xFA, 0x55, 0x00, 0xFA, 0x54, 0x40, 0xFA, 0x54, 0xFF, 0xFA, 0x34, 0xFB, 0xFA, 0x34, 0xFF,
    0xFA, 0x34, 0xFF, 0xFA, 0x34, 0xFF, 0xFA, 0x34, 0xFF, 0xFA, 0x14, 0xFF, 0xFA, 0x14, 0xFF, 0xFA, 0x14, 0xFF, 0xFA, 0x14, 0xFF, 0xF9, 0xF4, 0xFF,
    0xF9, 0xF4, 0xFF, 0xF9, 0xF4, 0xFF, 0xF9, 0xF4, 0xFF, 0xF9, 0xF4, 0xFF, 0xF9, 0xD4, 0xFF, 0xF9, 0xD4, 0xFF, 0xF9, 0xD4, 0xFF, 0xF9, 0xD4, 0xFF,
    0xF9, 0xB4, 0xFF, 0xF9, 0xB4, 0xFF, 0xF9, 0xB4, 0xFF, 0xF9, 0xB3, 0xFF, 0xF9, 0xB3, 0xFF, 0xF9, 0x93, 0xFF, 0xF9, 0x93, 0xFF, 0xF9, 0x93, 0xFF,
    0xF9, 0x93, 0xFF, 0xF9, 0x93, 0xFF, 0xF9, 0x73, 0xFF, 0xF9, 0x73, 0xFF, 0xF9, 0x73, 0xFF, 0xF9, 0x73, 0xFF, 0xF9, 0x53, 0xFF, 0xF9, 0x53, 0xFF,
    0xF9, 0x53, 0xFF, 0xF9, 0x53, 0xFF, 0xF9, 0x53, 0xFF, 0xF9, 0x33, 0xFF, 0xF9, 0x33, 0xFF, 0xF9, 0x33, 0xFF, 0xF9, 0x33, 0xFF, 0xF9, 0x13, 0xFF,
    0xF9, 0x13, 0xFF, 0xF9, 0x13, 0xFF, 0xF9, 0x13, 0xFF, 0xF9, 0x12, 0xFF, 0xF8, 0xF2, 0xFF, 0xF8, 0xF2, 0xFF, 0xF8, 0xF2, 0xFF, 0xF8, 0xF2, 0xFF,
    0xF8, 0xF2, 0xFF, 0xF8, 0xD2, 0xFB, 0xF8, 0xD2, 0xFF, 0xF8, 0xD2, 0x40, 0xF8, 0xD2, 0x00, 0xF8, 0xB2, 0x03, 0xF8, 0xB2, 0x00, 0xF8, 0xB2, 0x00,
    0xF8, 0xB2, 0x00, 0xF8, 0xB2, 0x00, 0xF8, 0xB2, 0x00, 0xF8, 0xB2, 0x00, 0xF8, 0xB2, 0x00, 0xF8, 0xB2, 0x00, 0xF8, 0xB2, 0x00, 0xF8, 0xB2, 0x00,
    0xFA, 0x95, 0x00, 0xFA, 0x95, 0x00, 0xFA, 0x95, 0x00, 0xFA, 0x95, 0x00, 0xFA, 0x75, 0x00, 0xFA, 0x75, 0x00, 0xFA, 0x75, 0x00, 0xFA, 0x75, 0x00,
    0xFA, 0x55, 0x00, 0xFA, 0x55, 0x00, 0xFA, 0x54, 0x00, 0xFA, 0x54, 0x03, 0xFA, 0x54, 0x00, 0xFA, 0x34, 0x7A, 0xFA, 0x34, 0xFF, 0xFA, 0x34, 0xFC,
    0xFA, 0x34, 0xFF, 0xFA, 0x14, 0xFF, 0xFA, 0x14, 0xFF, 0xFA, 0x14, 0xFF, 0xFA, 0x14, 0xFF, 0xFA, 0x14, 0xFF, 0xF9, 0xF4, 0xFF, 0xF9, 0xF4, 0xFF,
    0xF9, 0xF4, 0xFF, 0xF9, 0xF4, 0xFF, 0xF9, 0xF4, 0xFF, 0xF9, 0xD4, 0xFF, 0xF9, 0xD4, 0xFF, 0xF9, 0xD4, 0xFF, 0xF9, 0xD4, 0xFF, 0xF9, 0xB4, 0xFF,
    0xF9, 0xB4, 0xFF, 0xF9, 0xB4, 0xFF, 0xF9, 0xB3, 0xFF, 0xF9, 0xB3, 0xFF, 0xF9, 0x93, 0xFF, 0xF9, 0x93, 0xFF, 0xF9, 0x93, 0xFF, 0xF9, 0x93, 0xFF,
    0xF9, 0x73, 0xFF, 0xF9, 0x73, 0xFF, 0xF9, 0x73, 0xFF, 0xF9, 0x73, 0xFF, 0xF9, 0x73, 0xFF, 0xF9, 0x53, 0xFF, 0xF9, 0x53, 0xFF, 0xF9, 0x53, 0xFF,
    0xF9, 0x53, 0xFF, 0xF9, 0x53, 0xFF, 0xF9, 0x33, 0xFF, 0xF9, 0x33, 0xFF, 0xF9, 0x33, 0xFF, 0xF9, 0x33, 0xFF, 0xF9, 0x13, 0xFF, 0xF9, 0x13, 0xFF,
    0xF9, 0x13, 0xFF, 0xF9, 0x13, 0xFF, 0xF9, 0x12, 0xFF, 0xF8, 0xF2, 0xFF, 0xF8, 0xF2, 0xFF, 0xF8, 0xF2, 0xFF, 0xF8, 0xF2, 0xFF, 0xF8, 0xD2, 0xFF,
    0xF8, 0xD2, 0xFC, 0xF8, 0xD2, 0xFF, 0xF8, 0xD2, 0x7A, 0xF8, 0xD2, 0x00, 0xF8, 0xB2, 0x03, 0xF8, 0xB2, 0x00, 0xF8, 0xB2, 0x00, 0xF8, 0xB2, 0x00,
    0xF8, 0xB2, 0x00, 0xF8, 0xB2, 0x00, 0xF8, 0xB2, 0x00, 0xF8, 0xB2, 0x00, 0xF8, 0xB2, 0x00, 0xF8, 0xB2, 0x00, 0xF8, 0xB2, 0x00, 0xF8, 0xB2, 0x00,
    0xFA, 0x95, 0x00, 0xFA, 0x95, 0x00, 0xFA, 0x75, 0x00, 0xFA, 0x75, 0x00, 0xFA, 0x75, 0x00, 0xFA, 0x75, 0x00, 0xFA, 0x75, 0x00, 0xFA, 0x55, 0x00,
    0xFA, 0x55, 0x00, 0xFA, 0x54, 0x00, 0xFA, 0x54, 0x00, 0xFA, 0x54, 0x01, 0xFA, 0x34, 0x03, 0xFA, 0x34, 0x00, 0xFA, 0x34, 0xAD, 0xFA, 0x34, 0xFF,
    0xFA, 0x14, 0xFB, 0xFA, 0x14, 0xFF, 0xFA, 0x14, 0xFF, 0xFA, 0x14, 0xFF, 0xFA, 0x14, 0xFF, 0xF9, 0xF4, 0xFF, 0xF9, 0xF4, 0xFF, 0xF9, 0xF4, 0xFF,
    0xF9, 0xF4, 0xFF, 0xF9, 0xD4, 0xFF, 0xF9, 0xD4, 0xFF, 0xF9, 0xD4, 0xFF, 0xF9, 0xD4, 0xFF, 0xF9, 0xD4, 0xFF, 0xF9, 0xB4, 0xFF, 0xF9, 0xB4, 0xFF,
    0xF9, 0xB4, 0xFF, 0xF9, 0xB3, 0xFF, 0xF9, 0xB3, 0xFF, 0xF9, 0x93, 0xFF, 0xF9, 0x93, 0xFF, 0xF9, 0x93, 0xFF, 0xF9, 0x93, 0xFF, 0xF9, 0x73, 0xFF,
    0xF9, 0x73, 0xFF, 0xF9, 0x73, 0xFF, 0xF9, 0x73, 0xFF, 0xF9, 0x73, 0xFF, 0xF9, 0x53, 0xFF, 0xF9, 0x53, 0xFF, 0xF9, 0x53, 0xFF, 0xF9, 0x53, 0xFF,
    0xF9, 0x33, 0xFF, 0xF9, 0x33, 0xFF, 0xF9, 0x33, 0xFF, 0xF9, 0x33, 0xFF, 0xF9, 0x33, 0xFF, 0xF9, 0x13, 0xFF, 0xF9, 0x13, 0xFF, 0xF9, 0x13, 0xFF,
    0xF9, 0x13, 0xFF, 0xF9, 0x12, 0xFF, 0xF8, 0xF2, 0xFF, 0xF8, 0xF2, 0xFF, 0xF8, 0xF2, 0xFF, 0xF8, 0xF2, 0xFF, 0xF8, 0xD2, 0xFF, 0xF8, 0xD2, 0xFB,
    0xF8, 0xD2, 0xFF, 0xF8, 0xD2, 0xAD, 0xF8, 0xD2, 0x00, 0xF8, 0xB2, 0x03, 0xF8, 0xB2, 0x01, 0xF8, 0xB2, 0x00, 0xF8, 0xB2, 0x00, 0xF8, 0xB2, 0x00,
    0xF8, 0xB2, 0x00, 0xF8, 0xB2, 0x00, 0xF8, 0xB2, 0x00, 0xF8, 0xB2, 0x00, 0xF8, 0xB2, 0x00, 0xF8, 0xB2, 0x00, 0xF8, 0xB2, 0x00, 0xF8, 0xB2, 0x00,
    0xFA, 0x95, 0x00, 0xFA, 0x75, 0x00, 0xFA, 0x75, 0x00, 0xFA, 0x75, 0x00, 0xFA, 0x75, 0x00, 0xFA, 0x75, 0x00, 0xFA, 0x55, 0x00, 0xFA, 0x55, 0x00,
    0xFA, 0x54, 0x00, 0xFA, 0x54, 0x00, 0xFA, 0x34, 0x00, 0xFA, 0x34, 0x00, 0xFA, 0x34, 0x02, 0xFA, 0x34, 0x02, 0xFA, 0x34, 0x21, 0xFA, 0x14, 0xEE,
    0xFA, 0x14, 0xFF, 0xFA, 0x14, 0xFD, 0xFA, 0x14, 0xFF, 0xFA, 0x14, 0xFF, 0xF9, 0xF4, 0xFF, 0xF9, 0xF4, 0xFF, 0xF9, 0xF4, 0xFF, 0xF9, 0xF4, 0xFF,
    0xF9, 0xD4, 0xFF, 0xF9, 0xD4, 0xFF, 0xF9, 0xD4, 0xFF, 0xF9, 0xD4, 0xFF, 0xF9, 0xD4, 0xFF, 0xF9, 0xB4, 0xFF, 0xF9, 0xB4, 0xFF, 0xF9, 0xB4, 0xFF,
    0xF9, 0xB3, 0xFF, 0xF9, 0x93, 0xFF, 0xF9, 0x93, 0xFF, 0xF9, 0x93, 0xFF, 0xF9, 0x93, 0xFF, 0xF9, 0x93, 0xFF, 0xF9, 0x73, 0xFF, 0xF9, 0x73, 0xFF,
    0xF9, 0x73, 0xFF, 0xF9, 0x73, 0xFF, 0xF9, 0x73, 0xFF, 0xF9, 0x53, 0xFF, 0xF9, 0x53, 0xFF, 0xF9, 0x53, 0xFF, 0xF9, 0x53, 0xFF, 0xF9, 0x33, 0xFF,
    0xF9, 0x33, 0xFF, 0xF9, 0x33, 0xFF, 0xF9, 0x33, 0xFF, 0xF9, 0x33, 0xFF, 0xF9, 0x13, 0xFF, 0xF9, 0x13, 0xFF, 0xF9, 0x13, 0xFF, 0xF9, 0x12, 0xFF,
    0xF8, 0xF2, 0xFF, 0xF8, 0xF2, 0xFF, 0xF8, 0xF2, 0xFF, 0xF8, 0xF2, 0xFF, 0xF8, 0xF2, 0xFF, 0xF8, 0xD2, 0xFF, 0xF8, 0xD2, 0xFD, 0xF8, 0xD2, 0xFF,
    0xF8, 0xD2, 0xEE, 0xF8, 0xD2, 0x21, 0xF8, 0xB2, 0x02, 0xF8, 0xB2, 0x02, 0xF8, 0xB2, 0x00, 0xF8, 0xB2, 0x00, 0xF8, 0xB2, 0x00, 0xF8, 0xB2, 0x00,
    0xF8, 0xB2, 0x00, 0xF8, 0xB2, 0x00, 0xF8, 0xB2, 0x00, 0xF8, 0xB2, 0x00, 0xF8, 0xB2, 0x00, 0xF8, 0xB2, 0x00, 0xF8, 0xB2, 0x00, 0xF8, 0xB2, 0x00,
    0xFA, 0x75, 0x00, 0xFA, 0x75, 0x00, 0xFA, 0x75, 0x00, 0xFA, 0x75, 0x00, 0xFA, 0x75, 0x00, 0xFA, 0x55, 0x00, 0xFA, 0x55, 0x00, 0xFA, 0x54, 0x00,
    0xFA, 0x54, 0x00, 0xFA, 0x34, 0x00, 0xFA, 0x34, 0x00, 0xFA, 0x34, 0x00, 0xFA, 0x34, 0x00, 0xFA, 0x34, 0x02, 0xFA, 0x14, 0x00, 0xFA, 0x14, 0x35,
    0xFA, 0x14, 0xF5, 0xFA, 0x14, 0xFF, 0xF9, 0xF4, 0xFD, 0xF9, 0xF4, 0xFF, 0xF9, 0xF4, 0xFF, 0xF9, 0xF4, 0xFF, 0xF9, 0xF4, 0xFF, 0xF9, 0xD4, 0xFF,
    0xF9, 0xD4, 0xFF, 0xF9, 0xD4, 0xFF, 0xF9, 0xD4, 0xFF, 0xF9, 0xD4, 0xFF, 0xF9, 0xB4, 0xFF, 0xF9, 0xB4, 0xFF, 0xF9, 0xB3, 0xFF, 0xF9, 0xB3, 0xFF,
    0xF9, 0x93, 0xFF, 0xF9, 0x93, 0xFF, 0xF9, 0x93, 0xFF, 0xF9, 0x93, 0xFF, 0xF9, 0x93, 0xFF, 0xF9, 0x73, 0xFF, 0xF9, 0x73, 0xFF, 0xF9, 0x73, 0xFF,
    0xF9, 0x73, 0xFF, 0xF9, 0x53, 0xFF, 0xF9, 0x53, 0xFF, 0xF9, 0x53, 0xFF, 0xF9, 0x53, 0xFF, 0xF9, 0x53, 0xFF, 0xF9, 0x33, 0xFF, 0xF9, 0x33, 0xFF,
    0xF9, 0x33, 0xFF, 0xF9, 0x33, 0xFF, 0xF9, 0x33, 0xFF, 0xF9, 0x13, 0xFF, 0xF9, 0x13, 0xFF, 0xF9, 0x13, 0xFF, 0xF9, 0x12, 0xFF, 0xF8, 0xF2, 0xFF,
    0xF8, 0xF2, 0xFF, 0xF8, 0xF2, 0xFF, 0xF8, 0xF2, 0xFF, 0xF8, 0xF2, 0xFF, 0xF8, 0xD2, 0xFF, 0xF8, 0xD2, 0xFD, 0xF8, 0xD2, 0xFF, 0xF8, 0xD2, 0xF5,
    0xF8, 0xB2, 0x35, 0xF8, 0xB2, 0x00, 0xF8, 0xB2, 0x02, 0xF8, 0xB2, 0x00, 0xF8, 0xB2, 0x00, 0xF8, 0xB2, 0x00, 0xF8, 0xB2, 0x00, 0xF8, 0xB2, 0x00,
    0xF8, 0xB2, 0x00, 0xF8, 0xB2, 0x00, 0xF8, 0xB2, 0x00, 0xF8, 0xB2, 0x00, 0xF8, 0xB2, 0x00, 0xF8, 0xB2, 0x00, 0xF8, 0xB2, 0x00, 0xF8, 0xB2, 0x00,
    0xFA, 0x75, 0x00, 0xFA, 0x75, 0x00, 0xFA, 0x75, 0x00, 0xFA, 0x55, 0x00, 0xFA, 0x55, 0x00, 0xFA, 0x55, 0x00, 0xFA, 0x54, 0x00, 0xFA, 0x54, 0x00,
    0xFA, 0x34, 0x00, 0xFA, 0x34, 0x00, 0xFA, 0x34, 0x00, 0xFA, 0x34, 0x00, 0xFA, 0x34, 0x00, 0xFA, 0x14, 0x00, 0xFA, 0x14, 0x03, 0xFA, 0x14, 0x00,
    0xFA, 0x14, 0x41, 0xF9, 0xF4, 0xF0, 0xF9, 0xF4, 0xFF, 0xF9, 0xF4, 0xFC, 0xF9, 0xF4, 0xFF, 0xF9, 0xF4, 0xFF, 0xF9, 0xD4, 0xFF, 0xF9, 0xD4, 0xFF,
    0xF9, 0xD4, 0xFF, 0xF9, 0xD4, 0xFF, 0xF9, 0xB4, 0xFF, 0xF9, 0xB4, 0xFF, 0xF9, 0xB4, 0xFF, 0xF9, 0xB3, 0xFF, 0xF9, 0xB3, 0xFF, 0xF9, 0x93, 0xFF,
    0xF9, 0x93, 0xFF, 0xF9, 0x93, 0xFF, 0xF9, 0x93, 0xFF, 0xF9, 0x93, 0xFF, 0xF9, 0x73, 0xFF, 0xF9, 0x73, 0xFF, 0xF9, 0x73, 0xFF, 0xF9, 0x73, 0xFF,
    0xF9, 0x53, 0xFF, 0xF9, 0x53, 0xFF, 0xF9, 0x53, 0xFF, 0xF9, 0x53, 0xFF, 0xF9, 0x53, 0xFF, 0xF9, 0x33, 0xFF, 0xF9, 0x33, 0xFF, 0xF9, 0x33, 0xFF,
    0xF9, 0x33, 0xFF, 0xF9, 0x13, 0xFF, 0xF9, 0x13, 0xFF, 0xF9, 0x13, 0xFF, 0xF9, 0x13, 0xFF, 0xF9, 0x12, 0xFF, 0xF8, 0xF2, 0xFF, 0xF8, 0xF2, 0xFF,
    0xF8, 0xF2, 0xFF, 0xF8, 0xF2, 0xFF, 0xF8, 0xF2, 0xFF, 0xF8, 0xD2, 0xFF, 0xF8, 0xD2, 0xFC, 0xF8, 0xD2, 0xFF, 0xF8, 0xD2, 0xF0, 0xF8, 0xB2, 0x41,
    0xF8, 0xB2, 0x00, 0xF8, 0xB2, 0x03, 0xF8, 0xB2, 0x00, 0xF8, 0xB2, 0x00, 0xF8, 0xB2, 0x00, 0xF8, 0xB2, 0x00, 0xF8, 0xB2, 0x00, 0xF8, 0xB2, 0x00,
    0xF8, 0xB2, 0x00, 0xF8, 0xB2, 0x00, 0xF8, 0xB2, 0x00, 0xF8, 0xB2, 0x00, 0xF8, 0xB2, 0x00, 0xF8, 0xB2, 0x00, 0xF8, 0xB2, 0x00, 0xF8, 0xB2, 0x00,
    0xFA, 0x75, 0x00, 0xFA, 0x75, 0x00, 0xFA, 0x55, 0x00, 0xFA, 0x55, 0x00, 0xFA, 0x54, 0x00, 0xFA, 0x54, 0x00, 0xFA, 0x54, 0x00, 0xFA, 0x34, 0x00,
    0xFA, 0x34, 0x00, 0xFA, 0x34, 0x00, 0xFA, 0x34, 0x00, 0xFA, 0x14, 0x00, 0xFA, 0x14, 0x00, 0xFA, 0x14, 0x00, 0xFA, 0x14, 0x00, 0xFA, 0x14, 0x04,
    0xF9, 0xF4, 0x00, 0xF9, 0xF4, 0x45, 0xF9, 0xF4, 0xEE, 0xF9, 0xF4, 0xFF, 0xF9, 0xF4, 0xFB, 0xF9, 0xD4, 0xFF, 0xF9, 0xD4, 0xFF, 0xF9, 0xD4, 0xFF,
    0xF9, 0xD4, 0xFF, 0xF9, 0xB4, 0xFF, 0xF9, 0xB4, 0xFF, 0xF9, 0xB4, 0xFF, 0xF9, 0xB3, 0xFF, 0xF9, 0xB3, 0xFF, 0xF9, 0x93, 0xFF, 0xF9, 0x93, 0xFF,
    0xF9, 0x93, 0xFF, 0xF9, 0x93, 0xFF, 0xF9, 0x73, 0xFF, 0xF9, 0x73, 0xFF, 0xF9, 0x73, 0xFF, 0xF9, 0x73, 0xFF, 0xF9, 0x73, 0xFF, 0xF9, 0x53, 0xFF,
    0xF9, 0x53, 0xFF, 0xF9, 0x53, 0xFF, 0xF9, 0x53, 0xFF, 0xF9, 0x53, 0xFF, 0xF9, 0x33, 0xFF, 0xF9, 0x33, 0xFF, 0xF9, 0x33, 0xFF, 0xF9, 0x33, 0xFF,
    0xF9, 0x13, 0xFF, 0xF9, 0x13, 0xFF, 0xF9, 0x13, 0xFF, 0xF9, 0x13, 0xFF, 0xF9, 0x12, 0xFF, 0xF8, 0xF2, 0xFF, 0xF8, 0xF2, 0xFF, 0xF8, 0xF2, 0xFF,
    0xF8, 0xF2, 0xFF, 0xF8, 0xD2, 0xFF, 0xF8, 0xD2, 0xFF, 0xF8, 0xD2, 0xFB, 0xF8, 0xD2, 0xFF, 0xF8, 0xD2, 0xEE, 0xF8, 0xB2, 0x45, 0xF8, 0xB2, 0x00,
    0xF8, 0xB2, 0x04, 0xF8, 0xB2, 0x00, 0xF8, 0xB2, 0x00, 0xF8, 0xB2, 0x00, 0xF8, 0xB2, 0x00, 0xF8, 0xB2, 0x00, 0xF8, 0xB2, 0x00, 0xF8, 0xB2, 0x00,
    0xF8, 0xB2, 0x00, 0xF8, 0xB2, 0x00, 0xF8, 0xB2, 0x00, 0xF8, 0xB2, 0x00, 0xF8, 0xB2, 0x00, 0xF8, 0xB2, 0x00, 0xF8, 0xB2, 0x00, 0xF8, 0xB2, 0x00,
    0xFA, 0x75, 0x00, 0xFA, 0x55, 0x00, 0xFA, 0x55, 0x00, 0xFA, 0x54, 0x00, 0xFA, 0x54, 0x00, 0xFA, 0x54, 0x00, 0xFA, 0x34, 0x00, 0xFA, 0x34, 0x00,
    0xFA, 0x34, 0x00, 0xFA, 0x34, 0x00, 0xFA, 0x14, 0x00, 0xFA, 0x14, 0x00, 0xFA, 0x14, 0x00, 0xFA, 0x14, 0x00, 0xFA, 0x14, 0x00, 0xF9, 0xF4, 0x00,
    0xF9, 0xF4, 0x04, 0xF9, 0xF4, 0x00, 0xF9, 0xF4, 0x35, 0xF9, 0xD4, 0xE6, 0xF9, 0xD4, 0xFF, 0xF9, 0xD4, 0xFB, 0xF9, 0xD4, 0xFE, 0xF9, 0xD4, 0xFF,
    0xF9, 0xB4, 0xFF, 0xF9, 0xB4, 0xFF, 0xF9, 0xB4, 0xFF, 0xF9, 0xB3, 0xFF, 0xF9, 0xB3, 0xFF, 0xF9, 0x93, 0xFF, 0xF9, 0x93, 0xFF, 0xF9, 0x93, 0xFF,
    0xF9, 0x93, 0xFF, 0xF9, 0x73, 0xFF, 0xF9, 0x73, 0xFF, 0xF9, 0x73, 0xFF, 0xF9, 0x73, 0xFF, 0xF9, 0x73, 0xFF, 0xF9, 0x53, 0xFF, 0xF9, 0x53, 0xFF,
    0xF9, 0x53, 0xFF, 0xF9, 0x53, 0xFF, 0xF9, 0x33, 0xFF, 0xF9, 0x33, 0xFF, 0xF9, 0x33, 0xFF, 0xF9, 0x33, 0xFF, 0xF9, 0x33, 0xFF, 0xF9, 0x13, 0xFF,
    0xF9, 0x13, 0xFF, 0xF9, 0x13, 0xFF, 0xF9, 0x13, 0xFF, 0xF9, 0x12, 0xFF, 0xF8, 0xF2, 0xFF, 0xF8, 0xF2, 0xFF, 0xF8, 0xF2, 0xFF, 0xF8, 0xF2, 0xFF,
    0xF8, 0xD2, 0xFF, 0xF8, 0xD2, 0xFE, 0xF8, 0xD2, 0xFB, 0xF8, 0xD2, 0xFF, 0xF8, 0xD2, 0xE6, 0xF8, 0xB2, 0x35, 0xF8, 0xB2, 0x00, 0xF8, 0xB2, 0x04,
    0xF8, 0xB2, 0x00, 0xF8, 0xB2, 0x00, 0xF8, 0xB2, 0x00, 0xF8, 0xB2, 0x00, 0xF8, 0xB2, 0x00, 0xF8, 0xB2, 0x00, 0xF8, 0xB2, 0x00, 0xF8, 0xB2, 0x00,
    0xF8, 0xB2, 0x00, 0xF8, 0xB2, 0x00, 0xF8, 0xB2, 0x00, 0xF8, 0xB2, 0x00, 0xF8, 0xB2, 0x00, 0xF8, 0xB2, 0x00, 0xF8, 0xB2, 0x00, 0xF8, 0xB2, 0x00,
    0xFA, 0x55, 0x00, 0xFA, 0x55, 0x00, 0xFA, 0x54, 0x00, 0xFA, 0x54, 0x00, 0xFA, 0x34, 0x00, 0xFA, 0x34, 0x00, 0xFA, 0x34, 0x00, 0xFA, 0x34, 0x00,
    0xFA, 0x34, 0x00, 0xFA, 0x14, 0x00, 0xFA, 0x14, 0x00, 0xFA, 0x14, 0x00, 0xFA, 0x14, 0x00, 0xFA, 0x14, 0x00, 0xF9, 0xF4, 0x00, 0xF9, 0xF4, 0x00,
    0xF9, 0xF4, 0x00, 0xF9, 0xF4, 0x03, 0xF9, 0xD4, 0x00, 0xF9, 0xD4, 0x19, 0xF9, 0xD4, 0xC4, 0xF9, 0xD4, 0xFF, 0xF9, 0xD4, 0xFE, 0xF9, 0xB4, 0xFD,
    0xF9, 0xB4, 0xFF, 0xF9, 0xB4, 0xFF, 0xF9, 0xB3, 0xFF, 0xF9, 0x93, 0xFF, 0xF9, 0x93, 0xFF, 0xF9, 0x93, 0xFF, 0xF9, 0x93, 0xFF, 0xF9, 0x93, 0xFF,
    0xF9, 0x73, 0xFF, 0xF9, 0x73, 0xFF, 0xF9, 0x73, 0xFF, 0xF9, 0x73, 0xFF, 0xF9, 0x73, 0xFF, 0xF9, 0x53, 0xFF, 0xF9, 0x53, 0xFF, 0xF9, 0x53, 0xFF,
    0xF9, 0x53, 0xFF, 0xF9, 0x33, 0xFF, 0xF9, 0x33, 0xFF, 0xF9, 0x33, 0xFF, 0xF9, 0x33, 0xFF, 0xF9, 0x33, 0xFF, 0xF9, 0x13, 0xFF, 0xF9, 0x13, 0xFF,
    0xF9, 0x13, 0xFF, 0xF9, 0x12, 0xFF, 0xF8, 0xF2, 0xFF, 0xF8, 0xF2, 0xFF, 0xF8, 0xF2, 0xFF, 0xF8, 0xF2, 0xFF, 0xF8, 0xF2, 0xFF, 0xF8, 0xD2, 0xFF,
    0xF8, 0xD2, 0xFD, 0xF8, 0xD2, 0xFE, 0xF8, 0xD2, 0xFF, 0xF8, 0xD2, 0xC4, 0xF8, 0xB2, 0x19, 0xF8, 0xB2, 0x00, 0xF8, 0xB2, 0x03, 0xF8, 0xB2, 0x00,
    0xF8, 0xB2, 0x00, 0xF8, 0xB2, 0x00, 0xF8, 0xB2, 0x00, 0xF8, 0xB2, 0x00, 0xF8, 0xB2, 0x00, 0xF8, 0xB2, 0x00, 0xF8, 0xB2, 0x00, 0xF8, 0xB2, 0x00,
    0xF8, 0xB2, 0x00, 0xF8, 0xB2, 0x00, 0xF8, 0xB2, 0x00, 0xF8, 0xB2, 0x00, 0xF8, 0xB2, 0x00, 0xF8, 0xB2, 0x00, 0xF8, 0xB2, 0x00, 0xF8, 0xB2, 0x00,
    0xFA, 0x55, 0x00, 0xFA, 0x54, 0x00, 0xFA, 0x54, 0x00, 0xFA, 0x34, 0x00, 0xFA, 0x34, 0x00, 0xFA, 0x34, 0x00, 0xFA, 0x34, 0x00, 0xFA, 0x34, 0x00,
    0xFA, 0x14, 0x00, 0xFA, 0x14, 0x00, 0xFA, 0x14, 0x00, 0xFA, 0x14, 0x00, 0xF9, 0xF4, 0x00, 0xF9, 0xF4, 0x00, 0xF9, 0xF4, 0x00, 0xF9, 0xF4, 0x00,
    0xF9, 0xF4, 0x00, 0xF9, 0xD4, 0x00, 0xF9, 0xD4, 0x03, 0xF9, 0xD4, 0x00, 0xF9, 0xD4, 0x05, 0xF9, 0xD4, 0x8F, 0xF9, 0xB4, 0xFA, 0xF9, 0xB4, 0xFF,
    0xF9, 0xB3, 0xFB, 0xF9, 0xB3, 0xFE, 0xF9, 0x93, 0xFF, 0xF9, 0x93, 0xFF, 0xF9, 0x93, 0xFF, 0xF9, 0x93, 0xFF, 0xF9, 0x93, 0xFF, 0xF9, 0x73, 0xFF,
    0xF9, 0x73, 0xFF, 0xF9, 0x73, 0xFF, 0xF9, 0x73, 0xFF, 0xF9, 0x53, 0xFF, 0xF9, 0x53, 0xFF, 0xF9, 0x53, 0xFF, 0xF9, 0x53, 0xFF, 0xF9, 0x53, 0xFF,
    0xF9, 0x33, 0xFF, 0xF9, 0x33, 0xFF, 0xF9, 0x33, 0xFF, 0xF9, 0x33, 0xFF, 0xF9, 0x33, 0xFF, 0xF9, 0x13, 0xFF, 0xF9, 0x13, 0xFF, 0xF9, 0x13, 0xFF,
    0xF9, 0x12, 0xFF, 0xF8, 0xF2, 0xFF, 0xF8, 0xF2, 0xFF, 0xF8, 0xF2, 0xFF, 0xF8, 0xF2, 0xFF, 0xF8, 0xF2, 0xFF, 0xF8, 0xD2, 0xFE, 0xF8, 0xD2, 0xFB,
    0xF8, 0xD2, 0xFF, 0xF8, 0xD2, 0xFA, 0xF8, 0xB2, 0x8F, 0xF8, 0xB2, 0x05, 0xF8, 0xB2, 0x00, 0xF8, 0xB2, 0x03, 0xF8, 0xB2, 0x00, 0xF8, 0xB2, 0x00,
    0xF8, 0xB2, 0x00, 0xF8, 0xB2, 0x00, 0xF8, 0xB2, 0x00, 0xF8, 0xB2, 0x00, 0xF8, 0xB2, 0x00, 0xF8, 0xB2, 0x00, 0xF8, 0xB2, 0x00, 0xF8, 0xB2, 0x00,
    0xF8, 0xB2, 0x00, 0xF8, 0xB2, 0x00, 0xF8, 0xB2, 0x00, 0xF8, 0xB2, 0x00, 0xF8, 0xB2, 0x00, 0xF8, 0xB2, 0x00, 0xF8, 0xB2, 0x00, 0xF8, 0xB2, 0x00,
    0xFA, 0x54, 0x00, 0xFA, 0x54, 0x00, 0xFA, 0x34, 0x00, 0xFA, 0x34, 0x00, 0xFA, 0x34, 0x00, 0xFA, 0x34, 0x00, 0xFA, 0x34, 0x00, 0xFA, 0x14, 0x00,
    0xFA, 0x14, 0x00, 0xFA, 0x14, 0x00, 0xFA, 0x14, 0x00, 0xF9, 0xF4, 0x00, 0xF9, 0xF4, 0x00, 0xF9, 0xF4, 0x00, 0xF9, 0xF4, 0x00, 0xF9, 0xF4, 0x00,
    0xF9, 0xD4, 0x00, 0xF9, 0xD4, 0x00, 0xF9, 0xD4, 0x00, 0xF9, 0xD4, 0x02, 0xF9, 0xB4, 0x01, 0xF9, 0xB4, 0x00, 0xF9, 0xB4, 0x3B, 0xF9, 0xB3, 0xD4,
    0xF9, 0xB3, 0xFF, 0xF9, 0x93, 0xFF, 0xF9, 0x93, 0xFC, 0xF9, 0x93, 0xFF, 0xF9, 0x93, 0xFF, 0xF9, 0x93, 0xFF, 0xF9, 0x73, 0xFF, 0xF9, 0x73, 0xFF,
    0xF9, 0x73, 0xFF, 0xF9, 0x73, 0xFF, 0xF9, 0x53, 0xFF, 0xF9, 0x53, 0xFF, 0xF9, 0x53, 0xFF, 0xF9, 0x53, 0xFF, 0xF9, 0x53, 0xFF, 0xF9, 0x33, 0xFF,
    0xF9, 0x33, 0xFF, 0xF9, 0x33, 0xFF, 0xF9, 0x33, 0xFF, 0xF9, 0x13, 0xFF, 0xF9, 0x13, 0xFF, 0xF9, 0x13, 0xFF, 0xF9, 0x13, 0xFF, 0xF9, 0x12, 0xFF,
    0xF8, 0xF2, 0xFF, 0xF8, 0xF2, 0xFF, 0xF8, 0xF2, 0xFF, 0xF8, 0xF2, 0xFF, 0xF8, 0xF2, 0xFF, 0xF8, 0xD2, 0xFC, 0xF8, 0xD2, 0xFF, 0xF8, 0xD2, 0xFF,
    0xF8, 0xD2, 0xD4, 0xF8, 0xB2, 0x3B, 0xF8, 0xB2, 0x00, 0xF8, 0xB2, 0x01, 0xF8, 0xB2, 0x02, 0xF8, 0xB2, 0x00, 0xF8, 0xB2, 0x00, 0xF8, 0xB2, 0x00,
    0xF8, 0xB2, 0x00, 0xF8, 0xB2, 0x00, 0xF8, 0xB2, 0x00, 0xF8, 0xB2, 0x00, 0xF8, 0xB2, 0x00, 0xF8, 0xB2, 0x00, 0xF8, 0xB2, 0x00, 0xF8, 0xB2, 0x00,
    0xF8, 0xB2, 0x00, 0xF8, 0xB2, 0x00, 0xF8, 0xB2, 0x00, 0xF8, 0xB2, 0x00, 0xF8, 0xB2, 0x00, 0xF8, 0xB2, 0x00, 0xF8, 0xB2, 0x00, 0xF8, 0xB2, 0x00,
    0xFA, 0x54, 0x00, 0xFA, 0x34, 0x00, 0xFA, 0x34, 0x00, 0xFA, 0x34, 0x00, 0xFA, 0x34, 0x00, 0xFA, 0x14, 0x00, 0xFA, 0x14, 0x00, 0xFA, 0x14, 0x00,
    0xFA, 0x14, 0x00, 0xFA, 0x14, 0x00, 0xF9, 0xF4, 0x00, 0xF9, 0xF4, 0x00, 0xF9, 0xF4, 0x00, 0xF9, 0xF4, 0x00, 0xF9, 0xF4, 0x00, 0xF9, 0xD4, 0x00,
    0xF9, 0xD4, 0x00, 0xF9, 0xD4, 0x00, 0xF9, 0xD4, 0x00, 0xF9, 0xB4, 0x00, 0xF9, 0xB4, 0x01, 0xF9, 0xB4, 0x03, 0xF9, 0xB3, 0x00, 0xF9, 0xB3, 0x06,
    0xF9, 0x93, 0x62, 0xF9, 0x93, 0xF4, 0xF9, 0x93, 0xFF, 0xF9, 0x93, 0xFD, 0xF9, 0x73, 0xFC, 0xF9, 0x73, 0xFF, 0xF9, 0x73, 0xFF, 0xF9, 0x73, 0xFF,
    0xF9, 0x73, 0xFF, 0xF9, 0x53, 0xFF, 0xF9, 0x53, 0xFF, 0xF9, 0x53, 0xFF, 0xF9, 0x53, 0xFF, 0xF9, 0x53, 0xFF, 0xF9, 0x33, 0xFF, 0xF9, 0x33, 0xFF,
    0xF9, 0x33, 0xFF, 0xF9, 0x33, 0xFF, 0xF9, 0x13, 0xFF, 0xF9, 0x13, 0xFF, 0xF9, 0x13, 0xFF, 0xF9, 0x13, 0xFF, 0xF9, 0x12, 0xFF, 0xF8, 0xF2, 0xFF,
    0xF8, 0xF2, 0xFF, 0xF8, 0xF2, 0xFF, 0xF8, 0xF2, 0xFF, 0xF8, 0xD2, 0xFC, 0xF8, 0xD2, 0xFD, 0xF8, 0xD2, 0xFF, 0xF8, 0xD2, 0xF4, 0xF8, 0xD2, 0x62,
    0xF8, 0xB2, 0x06, 0xF8, 0xB2, 0x00, 0xF8, 0xB2, 0x03, 0xF8, 0xB2, 0x01, 0xF8, 0xB2, 0x00, 0xF8, 0xB2, 0x00, 0xF8, 0xB2, 0x00, 0xF8, 0xB2, 0x00,
    0xF8, 0xB2, 0x00, 0xF8, 0xB2, 0x00, 0xF8, 0xB2, 0x00, 0xF8, 0xB2, 0x00, 0xF8, 0xB2, 0x00, 0xF8, 0xB2, 0x00, 0xF8, 0xB2, 0x00, 0xF8, 0xB2, 0x00,
    0xF8, 0xB2, 0x00, 0xF8, 0xB2, 0x00, 0xF8, 0xB2, 0x00, 0xF8, 0xB2, 0x00, 0xF8, 0xB2, 0x00, 0xF8, 0xB2, 0x00, 0xF8, 0xB2, 0x00, 0xF8, 0xB2, 0x00,
    0xFA, 0x34, 0x00, 0xFA, 0x34, 0x00, 0xFA, 0x34, 0x00, 0xFA, 0x34, 0x00, 0xFA, 0x14, 0x00, 0xFA, 0x14, 0x00, 0xFA, 0x14, 0x00, 0xFA, 0x14, 0x00,
    0xFA, 0x14, 0x00, 0xF9, 0xF4, 0x00, 0xF9, 0xF4, 0x00, 0xF9, 0xF4, 0x00, 0xF9, 0xF4, 0x00, 0xF9, 0xD4, 0x00, 0xF9, 0xD4, 0x00, 0xF9, 0xD4, 0x00,
    0xF9, 0xD4, 0x00, 0xF9, 0xD4, 0x00, 0xF9, 0xB4, 0x00, 0xF9, 0xB4, 0x00, 0xF9, 0xB4, 0x00, 0xF9, 0xB3, 0x00, 0xF9, 0xB3, 0x02, 0xF9, 0x93, 0x00,
    0xF9, 0x93, 0x00, 0xF9, 0x93, 0x3E, 0xF9, 0x93, 0xBA, 0xF9, 0x73, 0xFF, 0xF9, 0x73, 0xFF, 0xF9, 0x73, 0xFD, 0xF9, 0x73, 0xFC, 0xF9, 0x73, 0xFE,
    0xF9, 0x53, 0xFF, 0xF9, 0x53, 0xFF, 0xF9, 0x53, 0xFF, 0xF9, 0x53, 0xFF, 0xF9, 0x33, 0xFF, 0xF9, 0x33, 0xFF, 0xF9, 0x33, 0xFF, 0xF9, 0x33, 0xFF,
    0xF9, 0x33, 0xFF, 0xF9, 0x13, 0xFF, 0xF9, 0x13, 0xFF, 0xF9, 0x13, 0xFF, 0xF9, 0x13, 0xFF, 0xF9, 0x12, 0xFF, 0xF8, 0xF2, 0xFF, 0xF8, 0xF2, 0xFF,
    0xF8, 0xF2, 0xFE, 0xF8, 0xF2, 0xFC, 0xF8, 0xD2, 0xFD, 0xF8, 0xD2, 0xFF, 0xF8, 0xD2, 0xFF, 0xF8, 0xD2, 0xBA, 0xF8, 0xD2, 0x3E, 0xF8, 0xB2, 0x00,
    0xF8, 0xB2, 0x00, 0xF8, 0xB2, 0x02, 0xF8, 0xB2, 0x00, 0xF8, 0xB2, 0x00, 0xF8, 0xB2, 0x00, 0xF8, 0xB2, 0x00, 0xF8, 0xB2, 0x00, 0xF8, 0xB2, 0x00,
    0xF8, 0xB2, 0x00, 0xF8, 0xB2, 0x00, 0xF8, 0xB2, 0x00, 0xF8, 0xB2, 0x00, 0xF8, 0xB2, 0x00, 0xF8, 0xB2, 0x00, 0xF8, 0xB2, 0x00, 0xF8, 0xB2, 0x00,
    0xF8, 0xB2, 0x00, 0xF8, 0xB2, 0x00, 0xF8, 0xB2, 0x00, 0xF8, 0xB2, 0x00, 0xF8, 0xB2, 0x00, 0xF8, 0xB2, 0x00, 0xF8, 0xB2, 0x00, 0xF8, 0xB2, 0x00,
    0xFA, 0x34, 0x00, 0xFA, 0x34, 0x00, 0xFA, 0x34, 0x00, 0xFA, 0x14, 0x00, 0xFA, 0x14, 0x00, 0xFA, 0x14, 0x00, 0xFA, 0x14, 0x00, 0xFA, 0x14, 0x00,
    0xF9, 0xF4, 0x00, 0xF9, 0xF4, 0x00, 0xF9, 0xF4, 0x00, 0xF9, 0xF4, 0x00, 0xF9, 0xD4, 0x00, 0xF9, 0xD4, 0x00, 0xF9, 0xD4, 0x00, 0xF9, 0xD4, 0x00,
    0xF9, 0xD4, 0x00, 0xF9, 0xB4, 0x00, 0xF9, 0xB4, 0x00, 0xF9, 0xB4, 0x00, 0xF9, 0xB3, 0x00, 0xF9, 0x93, 0x00, 0xF9, 0x93, 0x00, 0xF9, 0x93, 0x01,
    0xF9, 0x93, 0x04, 0xF9, 0x93, 0x00, 0xF9, 0x73, 0x00, 0xF9, 0x73, 0x45, 0xF9, 0x73, 0xBA, 0xF9, 0x73, 0xFF, 0xF9, 0x73, 0xFF, 0xF9, 0x53, 0xFF,
    0xF9, 0x53, 0xFC, 0xF9, 0x53, 0xFD, 0xF9, 0x53, 0xFF, 0xF9, 0x33, 0xFF, 0xF9, 0x33, 0xFF, 0xF9, 0x33, 0xFF, 0xF9, 0x33, 0xFF, 0xF9, 0x33, 0xFF,
    0xF9, 0x13, 0xFF, 0xF9, 0x13, 0xFF, 0xF9, 0x13, 0xFF, 0xF9, 0x12, 0xFF, 0xF8, 0xF2, 0xFF, 0xF8, 0xF2, 0xFF, 0xF8, 0xF2, 0xFD, 0xF8, 0xF2, 0xFC,
    0xF8, 0xF2, 0xFF, 0xF8, 0xD2, 0xFF, 0xF8, 0xD2, 0xFF, 0xF8, 0xD2, 0xBA, 0xF8, 0xD2, 0x45, 0xF8, 0xD2, 0x00, 0xF8, 0xB2, 0x00, 0xF8, 0xB2, 0x04,
    0xF8, 0xB2, 0x01, 0xF8, 0xB2, 0x00, 0xF8, 0xB2, 0x00, 0xF8, 0xB2, 0x00, 0xF8, 0xB2, 0x00, 0xF8, 0xB2, 0x00, 0xF8, 0xB2, 0x00, 0xF8, 0xB2, 0x00,
    0xF8, 0xB2, 0x00, 0xF8, 0xB2, 0x00, 0xF8, 0xB2, 0x00, 0xF8, 0xB2, 0x00, 0xF8, 0xB2, 0x00, 0xF8, 0xB2, 0x00, 0xF8, 0xB2, 0x00, 0xF8, 0xB2, 0x00,
    0xF8, 0xB2, 0x00, 0xF8, 0xB2, 0x00, 0xF8, 0xB2, 0x00, 0xF8, 0xB2, 0x00, 0xF8, 0xB2, 0x00, 0xF8, 0xB2, 0x00, 0xF8, 0xB2, 0x00, 0xF8, 0xB2, 0x00,
    0xFA, 0x34, 0x00, 0xFA, 0x34, 0x00, 0xFA, 0x14, 0x00, 0xFA, 0x14, 0x00, 0xFA, 0x14, 0x00, 0xFA, 0x14, 0x00, 0xF9, 0xF4, 0x00, 0xF9, 0xF4, 0x00,
    0xF9, 0xF4, 0x00, 0xF9, 0xF4, 0x00, 0xF9, 0xF4, 0x00, 0xF9, 0xD4, 0x00, 0xF9, 0xD4, 0x00, 0xF9, 0xD4, 0x00, 0xF9, 0xD4, 0x00, 0xF9, 0xD4, 0x00,
    0xF9, 0xB4, 0x00, 0xF9, 0xB4, 0x00, 0xF9, 0xB3, 0x00, 0xF9, 0xB3, 0x00, 0xF9, 0x93, 0x00, 0xF9, 0x93, 0x00, 0xF9, 0x93, 0x00, 0xF9, 0x93, 0x00,
    0xF9, 0x93, 0x00, 0xF9, 0x73, 0x02, 0xF9, 0x73, 0x02, 0xF9, 0x73, 0x00, 0xF9, 0x73, 0x00, 0xF9, 0x53, 0x46, 0xF9, 0x53, 0xAD, 0xF9, 0x53, 0xE8,
    0xF9, 0x53, 0xFF, 0xF9, 0x53, 0xFF, 0xF9, 0x33, 0xFD, 0xF9, 0x33, 0xFB, 0xF9, 0x33, 0xFC, 0xF9, 0x33, 0xFE, 0xF9, 0x33, 0xFE, 0xF9, 0x13, 0xFE,
    0xF9, 0x13, 0xFE, 0xF9, 0x13, 0xFE, 0xF9, 0x12, 0xFE, 0xF8, 0xF2, 0xFC, 0xF8, 0xF2, 0xFB, 0xF8, 0xF2, 0xFD, 0xF8, 0xF2, 0xFF, 0xF8, 0xF2, 0xFF,
    0xF8, 0xD2, 0xE8, 0xF8, 0xD2, 0xAD, 0xF8, 0xD2, 0x46, 0xF8, 0xD2, 0x00, 0xF8, 0xB2, 0x00, 0xF8, 0xB2, 0x02, 0xF8, 0xB2, 0x02, 0xF8, 0xB2, 0x00,
    0xF8, 0xB2, 0x00, 0xF8, 0xB2, 0x00, 0xF8, 0xB2, 0x00, 0xF8, 0xB2, 0x00, 0xF8, 0xB2, 0x00, 0xF8, 0xB2, 0x00, 0xF8, 0xB2, 0x00, 0xF8, 0xB2, 0x00,
    0xF8, 0xB2, 0x00, 0xF8, 0xB2, 0x00, 0xF8, 0xB2, 0x00, 0xF8, 0xB2, 0x00, 0xF8, 0xB2, 0x00, 0xF8, 0xB2, 0x00, 0xF8, 0xB2, 0x00, 0xF8, 0xB2, 0x00,
    0xF8, 0xB2, 0x00, 0xF8, 0xB2, 0x00, 0xF8, 0xB2, 0x00, 0xF8, 0xB2, 0x00, 0xF8, 0xB2, 0x00, 0xF8, 0xB2, 0x00, 0xF8, 0xB2, 0x00, 0xF8, 0xB2, 0x00,
    0xFA, 0x34, 0x00, 0xFA, 0x14, 0x00, 0xFA, 0x14, 0x00, 0xFA, 0x14, 0x00, 0xFA, 0x14, 0x00, 0xF9, 0xF4, 0x00, 0xF9, 0xF4, 0x00, 0xF9, 0xF4, 0x00,
    0xF9, 0xF4, 0x00, 0xF9, 0xF4, 0x00, 0xF9, 0xD4, 0x00, 0xF9, 0xD4, 0x00, 0xF9, 0xD4, 0x00, 0xF9, 0xD4, 0x00, 0xF9, 0xB4, 0x00, 0xF9, 0xB4, 0x00,
    0xF9, 0xB4, 0x00, 0xF9, 0xB3, 0x00, 0xF9, 0xB3, 0x00, 0xF9, 0x93, 0x00, 0xF9, 0x93, 0x00, 0xF9, 0x93, 0x00, 0xF9, 0x93, 0x00, 0xF9, 0x93, 0x00,
    0xF9, 0x73, 0x00, 0xF9, 0x73, 0x00, 0xF9, 0x73, 0x00, 0xF9, 0x73, 0x03, 0xF9, 0x53, 0x01, 0xF9, 0x53, 0x00, 0xF9, 0x53, 0x00, 0xF9, 0x53, 0x17,
    0xF9, 0x53, 0x8F, 0xF9, 0x33, 0xD7, 0xF9, 0x33, 0xFF, 0xF9, 0x33, 0xFF, 0xF9, 0x33, 0xFF, 0xF9, 0x13, 0xFF, 0xF9, 0x13, 0xFF, 0xF9, 0x13, 0xFF,
    0xF9, 0x13, 0xFF, 0xF9, 0x12, 0xFF, 0xF8, 0xF2, 0xFF, 0xF8, 0xF2, 0xFF, 0xF8, 0xF2, 0xFF, 0xF8, 0xF2, 0xFF, 0xF8, 0xF2, 0xD7, 0xF8, 0xD2, 0x8F,
    0xF8, 0xD2, 0x17, 0xF8, 0xD2, 0x00, 0xF8, 0xD2, 0x00, 0xF8, 0xB2, 0x01, 0xF8, 0xB2, 0x03, 0xF8, 0xB2, 0x00, 0xF8, 0xB2, 0x00, 0xF8, 0xB2, 0x00,
    0xF8, 0xB2, 0x00, 0xF8, 0xB2, 0x00, 0xF8, 0xB2, 0x00, 0xF8, 0xB2, 0x00, 0xF8, 0xB2, 0x00, 0xF8, 0xB2, 0x00, 0xF8, 0xB2, 0x00, 0xF8, 0xB2, 0x00,
    0xF8, 0xB2, 0x00, 0xF8, 0xB2, 0x00, 0xF8, 0xB2, 0x00, 0xF8, 0xB2, 0x00, 0xF8, 0xB2, 0x00, 0xF8, 0xB2, 0x00, 0xF8, 0xB2, 0x00, 0xF8, 0xB2, 0x00,
    0xF8, 0xB2, 0x00, 0xF8, 0xB2, 0x00, 0xF8, 0xB2, 0x00, 0xF8, 0xB2, 0x00, 0xF8, 0xB2, 0x00, 0xF8, 0xB2, 0x00, 0xF8, 0xB2, 0x00, 0xF8, 0xB2, 0x00,
    0xFA, 0x14, 0x00, 0xFA, 0x14, 0x00, 0xFA, 0x14, 0x00, 0xFA, 0x14, 0x00, 0xF9, 0xF4, 0x00, 0xF9, 0xF4, 0x00, 0xF9, 0xF4, 0x00, 0xF9, 0xF4, 0x00,
    0xF9, 0xF4, 0x00, 0xF9, 0xD4, 0x00, 0xF9, 0xD4, 0x00, 0xF9, 0xD4, 0x00, 0xF9, 0xD4, 0x00, 0xF9, 0xB4, 0x00, 0xF9, 0xB4, 0x00, 0xF9, 0xB4, 0x00,
    0xF9, 0xB3, 0x00, 0xF9, 0xB3, 0x00, 0xF9, 0x93, 0x00, 0xF9, 0x93, 0x00, 0xF9, 0x93, 0x00, 0xF9, 0x93, 0x00, 0xF9, 0x73, 0x00, 0xF9, 0x73, 0x00,
    0xF9, 0x73, 0x00, 0xF9, 0x73, 0x00, 0xF9, 0x73, 0x00, 0xF9, 0x53, 0x00, 0xF9, 0x53, 0x00, 0xF9, 0x53, 0x03, 0xF9, 0x53, 0x03, 0xF9, 0x53, 0x00,
    0xF9, 0x33, 0x00, 0xF9, 0x33, 0x06, 0xF9, 0x33, 0x42, 0xF9, 0x33, 0x7F, 0xF9, 0x13, 0xBD, 0xF9, 0x13, 0xEB, 0xF9, 0x13, 0xEE, 0xF9, 0x13, 0xEE,
    0xF9, 0x12, 0xEE, 0xF8, 0xF2, 0xEE, 0xF8, 0xF2, 0xEB, 0xF8, 0xF2, 0xBD, 0xF8, 0xF2, 0x7F, 0xF8, 0xD2, 0x42, 0xF8, 0xD2, 0x06, 0xF8, 0xD2, 0x00,
    0xF8, 0xD2, 0x00, 0xF8, 0xD2, 0x03, 0xF8, 0xB2, 0x03, 0xF8, 0xB2, 0x00, 0xF8, 0xB2, 0x00, 0xF8, 0xB2, 0x00, 0xF8, 0xB2, 0x00, 0xF8, 0xB2, 0x00,
    0xF8, 0xB2, 0x00, 0xF8, 0xB2, 0x00, 0xF8, 0xB2, 0x00, 0xF8, 0xB2, 0x00, 0xF8, 0xB2, 0x00, 0xF8, 0xB2, 0x00, 0xF8, 0xB2, 0x00, 0xF8, 0xB2, 0x00,
    0xF8, 0xB2, 0x00, 0xF8, 0xB2, 0x00, 0xF8, 0xB2, 0x00, 0xF8, 0xB2, 0x00, 0xF8, 0xB2, 0x00, 0xF8, 0xB2, 0x00, 0xF8, 0xB2, 0x00, 0xF8, 0xB2, 0x00,
    0xF8, 0xB2, 0x00, 0xF8, 0xB2, 0x00, 0xF8, 0xB2, 0x00, 0xF8, 0xB2, 0x00, 0xF8, 0xB2, 0x00, 0xF8, 0xB2, 0x00, 0xF8, 0xB2, 0x00, 0xF8, 0xB2, 0x00,
    0xFA, 0x14, 0x00, 0xFA, 0x14, 0x00, 0xFA, 0x14, 0x00, 0xF9, 0xF4, 0x00, 0xF9, 0xF4, 0x00, 0xF9, 0xF4, 0x00, 0xF9, 0xF4, 0x00, 0xF9, 0xD4, 0x00,
    0xF9, 0xD4, 0x00, 0xF9, 0xD4, 0x00, 0xF9, 0xD4, 0x00, 0xF9, 0xD4, 0x00, 0xF9, 0xB4, 0x00, 0xF9, 0xB4, 0x00, 0xF9, 0xB4, 0x00, 0xF9, 0xB3, 0x00,
    0xF9, 0xB3, 0x00, 0xF9, 0x93, 0x00, 0xF9, 0x93, 0x00, 0xF9, 0x93, 0x00, 0xF9, 0x93, 0x00, 0xF9, 0x73, 0x00, 0xF9, 0x73, 0x00, 0xF9, 0x73, 0x00,
    0xF9, 0x73, 0x00, 0xF9, 0x73, 0x00, 0xF9, 0x53, 0x00, 0xF9, 0x53, 0x00, 0xF9, 0x53, 0x00, 0xF9, 0x53, 0x00, 0xF9, 0x33, 0x00, 0xF9, 0x33, 0x01,
    0xF9, 0x33, 0x03, 0xF9, 0x33, 0x00, 0xF9, 0x33, 0x00, 0xF9, 0x13, 0x00, 0xF9, 0x13, 0x00, 0xF9, 0x13, 0x0F, 0xF9, 0x13, 0x10, 0xF9, 0x12, 0x10,
    0xF8, 0xF2, 0x10, 0xF8, 0xF2, 0x10, 0xF8, 0xF2, 0x0F, 0xF8, 0xF2, 0x00, 0xF8, 0xD2, 0x00, 0xF8, 0xD2, 0x00, 0xF8, 0xD2, 0x00, 0xF8, 0xD2, 0x03,
    0xF8, 0xD2, 0x01, 0xF8, 0xB2, 0x00, 0xF8, 0xB2, 0x00, 0xF8, 0xB2, 0x00, 0xF8, 0xB2, 0x00, 0xF8, 0xB2, 0x00, 0xF8, 0xB2, 0x00, 0xF8, 0xB2, 0x00,
    0xF8, 0xB2, 0x00, 0xF8, 0xB2, 0x00, 0xF8, 0xB2, 0x00, 0xF8, 0xB2, 0x00, 0xF8, 0xB2, 0x00, 0xF8, 0xB2, 0x00, 0xF8, 0xB2, 0x00, 0xF8, 0xB2, 0x00,
    0xF8, 0xB2, 0x00, 0xF8, 0xB2, 0x00, 0xF8, 0xB2, 0x00, 0xF8, 0xB2, 0x00, 0xF8, 0xB2, 0x00, 0xF8, 0xB2, 0x00, 0xF8, 0xB2, 0x00, 0xF8, 0xB2, 0x00,
    0xF8, 0xB2, 0x00, 0xF8, 0xB2, 0x00, 0xF8, 0xB2, 0x00, 0xF8, 0xB2, 0x00, 0xF8, 0xB2, 0x00, 0xF8, 0xB2, 0x00, 0xF8, 0xB2, 0x00, 0xF8, 0xB2, 0x00,
    0xFA, 0x14, 0x00, 0xFA, 0x14, 0x00, 0xF9, 0xF4, 0x00, 0xF9, 0xF4, 0x00, 0xF9, 0xF4, 0x00, 0xF9, 0xF4, 0x00, 0xF9, 0xD4, 0x00, 0xF9, 0xD4, 0x00,
    0xF9, 0xD4, 0x00, 0xF9, 0xD4, 0x00, 0xF9, 0xD4, 0x00, 0xF9, 0xB4, 0x00, 0xF9, 0xB4, 0x00, 0xF9, 0xB4, 0x00, 0xF9, 0xB3, 0x00, 0xF9, 0x93, 0x00,
    0xF9, 0x93, 0x00, 0xF9, 0x93, 0x00, 0xF9, 0x93, 0x00, 0xF9, 0x93, 0x00, 0xF9, 0x73, 0x00, 0xF9, 0x73, 0x00, 0xF9, 0x73, 0x00, 0xF9, 0x73, 0x00,
    0xF9, 0x73, 0x00, 0xF9, 0x53, 0x00, 0xF9, 0x53, 0x00, 0xF9, 0x53, 0x00, 0xF9, 0x53, 0x00, 0xF9, 0x33, 0x00, 0xF9, 0x33, 0x00, 0xF9, 0x33, 0x00,
    0xF9, 0x33, 0x00, 0xF9, 0x33, 0x01, 0xF9, 0x13, 0x03, 0xF9, 0x13, 0x04, 0xF9, 0x13, 0x02, 0xF9, 0x12, 0x00, 0xF8, 0xF2, 0x00, 0xF8, 0xF2, 0x00,
    0xF8, 0xF2, 0x00, 0xF8, 0xF2, 0x00, 0xF8, 0xF2, 0x00, 0xF8, 0xD2, 0x02, 0xF8, 0xD2, 0x04, 0xF8, 0xD2, 0x03, 0xF8, 0xD2, 0x01, 0xF8, 0xD2, 0x00,
    0xF8, 0xB2, 0x00, 0xF8, 0xB2, 0x00, 0xF8, 0xB2, 0x00, 0xF8, 0xB2, 0x00, 0xF8, 0xB2, 0x00, 0xF8, 0xB2, 0x00, 0xF8, 0xB2, 0x00, 0xF8, 0xB2, 0x00,
    0xF8, 0xB2, 0x00, 0xF8, 0xB2, 0x00, 0xF8, 0xB2, 0x00, 0xF8, 0xB2, 0x00, 0xF8, 0xB2, 0x00, 0xF8, 0xB2, 0x00, 0xF8, 0xB2, 0x00, 0xF8, 0xB2, 0x00,
    0xF8, 0xB2, 0x00, 0xF8, 0xB2, 0x00, 0xF8, 0xB2, 0x00, 0xF8, 0xB2, 0x00, 0xF8, 0xB2, 0x00, 0xF8, 0xB2, 0x00, 0xF8, 0xB2, 0x00, 0xF8, 0xB2, 0x00,
    0xF8, 0xB2, 0x00, 0xF8, 0xB2, 0x00, 0xF8, 0xB2, 0x00, 0xF8, 0xB2, 0x00, 0xF8, 0xB2, 0x00, 0xF8, 0xB2, 0x00, 0xF8, 0xB2, 0x00, 0xF8, 0xB2, 0x00,
    0xF9, 0xF4, 0x00, 0xF9, 0xF4, 0x00, 0xF9, 0xF4, 0x00, 0xF9, 0xF4, 0x00, 0xF9, 0xF4, 0x00, 0xF9, 0xD4, 0x00, 0xF9, 0xD4, 0x00, 0xF9, 0xD4, 0x00,
    0xF9, 0xD4, 0x00, 0xF9, 0xD4, 0x00, 0xF9, 0xB4, 0x00, 0xF9, 0xB4, 0x00, 0xF9, 0xB3, 0x00, 0xF9, 0xB3, 0x00, 0xF9, 0x93, 0x00, 0xF9, 0x93, 0x00,
    0xF9, 0x93, 0x00, 0xF9, 0x93, 0x00, 0xF9, 0x93, 0x00, 0xF9, 0x73, 0x00, 0xF9, 0x73, 0x00, 0xF9, 0x73, 0x00, 0xF9, 0x73, 0x00, 0xF9, 0x53, 0x00,
    0xF9, 0x53, 0x00, 0xF9, 0x53, 0x00, 0xF9, 0x53, 0x00, 0xF9, 0x53, 0x00, 0xF9, 0x33, 0x00, 0xF9, 0x33, 0x00, 0xF9, 0x33, 0x00, 0xF9, 0x33, 0x00,
    0xF9, 0x33, 0x00, 0xF9, 0x13, 0x00, 0xF9, 0x13, 0x00, 0xF9, 0x13, 0x00, 0xF9, 0x12, 0x00, 0xF8, 0xF2, 0x01, 0xF8, 0xF2, 0x01, 0xF8, 0xF2, 0x01,
    0xF8, 0xF2, 0x01, 0xF8, 0xF2, 0x01, 0xF8, 0xD2, 0x01, 0xF8, 0xD2, 0x00, 0xF8, 0xD2, 0x00, 0xF8, 0xD2, 0x00, 0xF8, 0xB2, 0x00, 0xF8, 0xB2, 0x00,
    0xF8, 0xB2, 0x00, 0xF8, 0xB2, 0x00, 0xF8, 0xB2, 0x00, 0xF8, 0xB2, 0x00, 0xF8, 0xB2, 0x00, 0xF8, 0xB2, 0x00, 0xF8, 0xB2, 0x00, 0xF8, 0xB2, 0x00,
    0xF8, 0xB2, 0x00, 0xF8, 0xB2, 0x00, 0xF8, 0xB2, 0x00, 0xF8, 0xB2, 0x00, 0xF8, 0xB2, 0x00, 0xF8, 0xB2, 0x00, 0xF8, 0xB2, 0x00, 0xF8, 0xB2, 0x00,
    0xF8, 0xB2, 0x00, 0xF8, 0xB2, 0x00, 0xF8, 0xB2, 0x00, 0xF8, 0xB2, 0x00, 0xF8, 0xB2, 0x00, 0xF8, 0xB2, 0x00, 0xF8, 0xB2, 0x00, 0xF8, 0xB2, 0x00,
    0xF8, 0xB2, 0x00, 0xF8, 0xB2, 0x00, 0xF8, 0xB2, 0x00, 0xF8, 0xB2, 0x00, 0xF8, 0xB2, 0x00, 0xF8, 0xB2, 0x00, 0xF8, 0xB2, 0x00, 0xF8, 0xB2, 0x00,
    0xF9, 0xF4, 0x00, 0xF9, 0xF4, 0x00, 0xF9, 0xF4, 0x00, 0xF9, 0xF4, 0x00, 0xF9, 0xD4, 0x00, 0xF9, 0xD4, 0x00, 0xF9, 0xD4, 0x00, 0xF9, 0xD4, 0x00,
    0xF9, 0xB4, 0x00, 0xF9, 0xB4, 0x00, 0xF9, 0xB4, 0x00, 0xF9, 0xB3, 0x00, 0xF9, 0xB3, 0x00, 0xF9, 0x93, 0x00, 0xF9, 0x93, 0x00, 0xF9, 0x93, 0x00,
    0xF9, 0x93, 0x00, 0xF9, 0x93, 0x00, 0xF9, 0x73, 0x00, 0xF9, 0x73, 0x00, 0xF9, 0x73, 0x00, 0xF9, 0x73, 0x00, 0xF9, 0x53, 0x00, 0xF9, 0x53, 0x00,
    0xF9, 0x53, 0x00, 0xF9, 0x53, 0x00, 0xF9, 0x53, 0x00, 0xF9, 0x33, 0x00, 0xF9, 0x33, 0x00, 0xF9, 0x33, 0x00, 0xF9, 0x33, 0x00, 0xF9, 0x13, 0x00,
    0xF9, 0x13, 0x00, 0xF9, 0x13, 0x00, 0xF9, 0x13, 0x00, 0xF9, 0x12, 0x00, 0xF8, 0xF2, 0x00, 0xF8, 0xF2, 0x00, 0xF8, 0xF2, 0x00, 0xF8, 0xF2, 0x00,
    0xF8, 0xF2, 0x00, 0xF8, 0xD2, 0x00, 0xF8, 0xD2, 0x00, 0xF8, 0xD2, 0x00, 0xF8, 0xD2, 0x00, 0xF8, 0xB2, 0x00, 0xF8, 0xB2, 0x00, 0xF8, 0xB2, 0x00,
    0xF8, 0xB2, 0x00, 0xF8, 0xB2, 0x00, 0xF8, 0xB2, 0x00, 0xF8, 0xB2, 0x00, 0xF8, 0xB2, 0x00, 0xF8, 0xB2, 0x00, 0xF8, 0xB2, 0x00, 0xF8, 0xB2, 0x00,
    0xF8, 0xB2, 0x00, 0xF8, 0xB2, 0x00, 0xF8, 0xB2, 0x00, 0xF8, 0xB2, 0x00, 0xF8, 0xB2, 0x00, 0xF8, 0xB2, 0x00, 0xF8, 0xB2, 0x00, 0xF8, 0xB2, 0x00,
    0xF8, 0xB2, 0x00, 0xF8, 0xB2, 0x00, 0xF8, 0xB2, 0x00, 0xF8, 0xB2, 0x00, 0xF8, 0xB2, 0x00, 0xF8, 0xB2, 0x00, 0xF8, 0xB2, 0x00, 0xF8, 0xB2, 0x00,
    0xF8, 0xB2, 0x00, 0xF8, 0xB2, 0x00, 0xF8, 0xB2, 0x00, 0xF8, 0xB2, 0x00, 0xF8, 0xB2, 0x00, 0xF8, 0xB2, 0x00, 0xF8, 0xB2, 0x00, 0xF8, 0xB2, 0x00,
};

const lv_img_dsc_t heart_image = {
    .header.cf = LV_IMG_CF_TRUE_COLOR_ALPHA,
    .header.w = 80,
    .header.h = 72,
    .data_size = sizeof(heart_image_data),
    .data = heart_image_data,
};
