#include "lvgl.h"

static const uint8_t light_scene_image_data[] = {
    0x86, 0x7D, 0x86, 0x7D, 0x86, 0x7D, 0x86, 0x7D, 0x86, 0x7D, 0x86, 0x7D, 0x86, 0x7D, 0x86, 0x7D, 0x86, 0x7D, 0x86, 0x7D, 0x86, 0x7D, 0x86, 0x7D,
    0x86, 0x7D, 0x86, 0x7D, 0x86, 0x7D, 0x86, 0x7D, 0x86, 0x7D, 0x86, 0x7D, 0x86, 0x7D, 0x86, 0x7D, 0x86, 0x7D, 0x86, 0x7D, 0x86, 0x7D, 0x86, 0x7D,
    0x86, 0x7D, 0x86, 0x7D, 0x86, 0x7D, 0x86, 0x7D, 0x86, 0x7D, 0x86, 0x7D, 0x86, 0x7D, 0x86, 0x7D, 0x86, 0x7D, 0x86, 0x7D, 0x86, 0x7D, 0x86, 0x7D,
    0x86, 0x7D, 0x86, 0x7D, 0x86, 0x7D, 0x86, 0x7D, 0x86, 0x7D, 0x86, 0x7D, 0x86, 0x7D, 0x86, 0x7D, 0x86, 0x7D, 0x86, 0x7D, 0x86, 0x7D, 0x86, 0x7D,
    0x86, 0x7D, 0x86, 0x7D, 0x86, 0x7D, 0x86, 0x7D, 0x86, 0x7D, 0x86, 0x7D, 0x86, 0x7D, 0x86, 0x7D, 0x86, 0x7D, 0x86, 0x7D, 0x86, 0x7D, 0x86, 0x7D,
    0x86, 0x7D, 0x86, 0x7D, 0x86, 0x7D, 0x86, 0x7D, 0x86, 0x7D, 0x86, 0x7D, 0x86, 0x7D, 0x86, 0x7D, 0x86, 0x7D, 0x86, 0x7D, 0x86, 0x7D, 0x86, 0x7D,
    0x86, 0x7D, 0x86, 0x7D, 0x86, 0x7D, 0x86, 0x7D, 0x86, 0x7D, 0x86, 0x7D, 0x86, 0x7D, 0x86, 0x7D, 0x86, 0x7D, 0x86, 0x7D, 0x86, 0x7D, 0x86, 0x7D,
    0x86, 0x7D, 0x86, 0x7D, 0x86, 0x7D, 0x86, 0x7D, 0x86, 0x7D, 0x86, 0x7D, 0x86, 0x7D, 0x86, 0x7D, 0x86, 0x7D, 0x86, 0x7D, 0x86, 0x7D, 0x86, 0x7D,
    0x86, 0x7D, 0x86, 0x7D, 0x86, 0x7D, 0x86, 0x7D, 0x86, 0x7D, 0x86, 0x7D, 0x86, 0x7D, 0x86, 0x7D, 0x86, 0x7D, 0x86, 0x7D, 0x86, 0x7D, 0x86, 0x7D,
    0x86, 0x7D, 0x86, 0x7D, 0x86, 0x7D, 0x86, 0x7D, 0x86, 0x7D, 0x86, 0x7D, 0x86, 0x7D, 0x86, 0x7D, 0x86, 0x7D, 0x86, 0x7D, 0x86, 0x7D, 0x86, 0x7D,
    0x86, 0x7D, 0x86, 0x7D, 0x86, 0x7D, 0x86, 0x7D, 0x86, 0x7D, 0x86, 0x7D, 0x86, 0x7D, 0x86, 0x7D, 0x86, 0x7D, 0x86, 0x7D, 0x86, 0x7D, 0x86, 0x7D,
    0x86, 0x7D, 0x86, 0x7D, 0x86, 0x7D, 0x86, 0x7D, 0x86, 0x7D, 0x86, 0x7D, 0x86, 0x7D, 0x86, 0x7D, 0x86, 0x7D, 0x86, 0x7D, 0x86, 0x7D, 0x86, 0x7D,
    0x86, 0x7D, 0x86, 0x7D, 0x86, 0x7D, 0x86, 0x7D, 0x86, 0x7D, 0x86, 0x7D, 0x86, 0x7D, 0x86, 0x7D, 0x86, 0x7D, 0x86, 0x7D, 0x86, 0x7D, 0x86, 0x7D,
    0x86, 0x7D, 0x86, 0x7D, 0x86, 0x7D, 0x86, 0x7D, 0x86, 0x7D, 0x86, 0x7D, 0x86, 0x7D, 0x86, 0x7D, 0x86, 0x7D, 0x86, 0x7D, 0x86, 0x7D, 0x86, 0x7D,
    0x86, 0x7D, 0x86, 0x7D, 0x86, 0x7D, 0x86, 0x7D, 0x86, 0x7D, 0x86, 0x7D, 0x86, 0x7D, 0x86, 0x7D, 0x86, 0x7D, 0x86, 0x7D, 0x86, 0x7D, 0x86, 0x7D,
    0x86, 0x7D, 0x86, 0x7D, 0x86, 0x7D, 0x86, 0x7D, 0x86, 0x7D, 0x86, 0x7D, 0x86, 0x7D, 0x86, 0x7D, 0x86, 0x7D, 0x86, 0x7D, 0x86, 0x7D, 0x86, 0x7D,
    0x86, 0x7D, 0x86, 0x7D, 0x86, 0x7D, 0x86, 0x7D, 0x86, 0x7D, 0x86, 0x7D, 0x86, 0x7D, 0x86, 0x7D, 0x86, 0x7D, 0x86, 0x7D, 0x86, 0x7D, 0x86, 0x7D,
    0x86, 0x7D, 0x86, 0x7D, 0x86, 0x7D, 0x86, 0x7D, 0x86, 0x7D, 0x86, 0x7D, 0x86, 0x7D, 0x86, 0x7D, 0x86, 0x7D, 0x86, 0x7D, 0x86, 0x7D, 0x86, 0x7D,
    0x86, 0x7D, 0x86, 0x7D, 0x86, 0x7D, 0x86, 0x7D, 0x86, 0x7D, 0x86, 0x7D, 0x86, 0x7D, 0x86, 0x7D, 0x86, 0x7D, 0x86, 0x7D, 0x86, 0x7D, 0x86, 0x7D,
    0x86, 0x7D, 0x86, 0x7D, 0x86, 0x7D, 0x86, 0x7D, 0x86, 0x7D, 0x86, 0x7D, 0x86, 0x7D, 0x86, 0x7D, 0x86, 0x7D, 0x86, 0x7D, 0x86, 0x7D, 0x86, 0x7D,
    0x86, 0x7D, 0x86, 0x7D, 0x86, 0x7D, 0x86, 0x7D, 0x86, 0x7D, 0x86, 0x7D, 0x86, 0x7D, 0x86, 0x7D, 0x86, 0x7D, 0x86, 0x7D, 0x86, 0x7D, 0x86, 0x7D,
    0x86, 0x7D, 0x86, 0x7D, 0x86, 0x7D, 0x86, 0x7D, 0x86, 0x7D, 0x86, 0x7D, 0x86, 0x7D, 0x86, 0x7D, 0x86, 0x7D, 0x86, 0x7D, 0x86, 0x7D, 0x86, 0x7D,
    0x86, 0x7D, 0x86, 0x7D, 0x86, 0x7D, 0x86, 0x7D, 0x86, 0x7D, 0x86, 0x7D, 0x86, 0x7D, 0x86, 0x7D, 0x86, 0x7D, 0x86, 0x7D, 0x86, 0x7D, 0x86, 0x7D,
    0x86, 0x7D, 0x86, 0x7D, 0x86, 0x7D, 0x86, 0x7D, 0x86, 0x7D, 0x86, 0x7D, 0x86, 0x7D, 0x86, 0x7D, 0x86, 0x7D, 0x86, 0x7D, 0x86, 0x7D, 0x86, 0x7D,
    0x86, 0x7D, 0x86, 0x7D, 0x86, 0x7D, 0x86, 0x7D, 0x86, 0x7D, 0x86, 0x7D, 0x86, 0x7D, 0x86, 0x7D, 0x86, 0x7D, 0x86, 0x7D, 0x86, 0x7D, 0x86, 0x7D,
    0x86, 0x7D, 0x86, 0x7D, 0x86, 0x7D, 0x86, 0x7D, 0x86, 0x7D, 0x86, 0x7D, 0x86, 0x7D, 0x86, 0x7D, 0x86, 0x7D, 0x86, 0x7D, 0x86, 0x7D, 0x86, 0x7D,
    0x86, 0x7D, 0x86, 0x7D, 0x86, 0x7D, 0x86, 0x7D, 0x86, 0x7D, 0x86, 0x7D, 0x86, 0x7D, 0x86, 0x7D, 0x86, 0x7D, 0x86, 0x7D, 0x86, 0x7D, 0x86, 0x7D,
    0x86, 0x7D, 0x86, 0x7D, 0x86, 0x7D, 0x86, 0x7D, 0x86, 0x7D, 0x86, 0x7D, 0x86, 0x7D, 0x86, 0x7D, 0x86, 0x7D, 0x86, 0x7D, 0x86, 0x7D, 0x86, 0x7D,
    0x86, 0x7D, 0x86, 0x7D, 0x86, 0x7D, 0x86, 0x7D, 0x86, 0x7D, 0x86, 0x7D, 0x86, 0x7D, 0x86, 0x7D, 0x86, 0x7D, 0x86, 0x7D, 0x86, 0x7D, 0x86, 0x7D,
    0x86, 0x7D, 0x86, 0x7D, 0x86, 0x7D, 0x86, 0x7D, 0x86, 0x7D, 0x86, 0x7D, 0x86, 0x7D, 0x86, 0x7D, 0x86, 0x7D, 0x86, 0x7D, 0x86, 0x7D, 0x86, 0x7D,
    0x86, 0x7D, 0x86, 0x7D, 0x86, 0x7D, 0x86, 0x7D, 0x86, 0x7D, 0x86, 0x7D, 0x86, 0x7D, 0x86, 0x7D, 0x86, 0x7D, 0x86, 0x7D, 0x86, 0x7D, 0x86, 0x7D,
    0x86, 0x7D, 0x86, 0x7D, 0x86, 0x7D, 0x86, 0x7D, 0x86, 0x7D, 0x86, 0x7D, 0x86, 0x7D, 0x86, 0x7D, 0x86, 0x7D, 0x86, 0x7D, 0x86, 0x7D, 0x86, 0x7D,
    0x86, 0x7D, 0x86, 0x7D, 0x86, 0x7D, 0x86, 0x7D, 0x86, 0x7D, 0x86, 0x7D, 0x86, 0x7D, 0x86, 0x7D, 0x86, 0x7D, 0x86, 0x7D, 0x86, 0x7D, 0x86, 0x7D,
    0x86, 0x7D, 0x86, 0x7D, 0x86, 0x7D, 0x86, 0x7D, 0x86, 0x7D, 0x86, 0x7D, 0x86, 0x7D, 0x86, 0x7D, 0x86, 0x7D, 0x86, 0x7D, 0x86, 0x7D, 0x86, 0x7D,
    0x86, 0x7D, 0x86, 0x7D, 0x86, 0x7D, 0x86, 0x7D, 0x86, 0x7D, 0x86, 0x7D, 0x86, 0x7D, 0x86, 0x7D, 0x86, 0x7D, 0x86, 0x7D, 0x86, 0x7D, 0x86, 0x7D,
    0x86, 0x7D, 0x86, 0x7D, 0x86, 0x7D, 0x86, 0x7D, 0x86, 0x7D, 0x86, 0x7D, 0x86, 0x7D, 0x86, 0x7D, 0x86, 0x7D, 0x86, 0x7D, 0x86, 0x7D, 0x86, 0x7D,
    0x86, 0x7D, 0x86, 0x7D, 0x86, 0x7D, 0x86, 0x7D, 0x86, 0x7D, 0x86, 0x7D, 0x86, 0x7D, 0x86, 0x7D, 0x86, 0x7D, 0x86, 0x7D, 0x86, 0x7D, 0x86, 0x7D,
    0x86, 0x7D, 0x86, 0x7D, 0x86, 0x7D, 0x86, 0x7D, 0x86, 0x7D, 0x86, 0x7D, 0x86, 0x7D, 0x86, 0x7D, 0x86, 0x7D, 0x86, 0x7D, 0x86, 0x7D, 0x86, 0x7D,
    0x86, 0x7D, 0x86, 0x7D, 0x86, 0x7D, 0x86, 0x7D, 0x86, 0x7D, 0x86, 0x7D, 0x86, 0x7D, 0x86, 0x7D, 0x86, 0x7D, 0x86, 0x7D, 0x86, 0x7D, 0x86, 0x7D,
    0x86, 0x7D, 0x86, 0x7D, 0x86, 0x7D, 0x86, 0x7D, 0x86, 0x7D, 0x86, 0x7D, 0x86, 0x7D, 0x86, 0x7D, 0x86, 0x7D, 0x86, 0x7D, 0x86, 0x7D, 0x86, 0x7D,
    0x86, 0x7D, 0x86, 0x7D, 0x86, 0x7D, 0x86, 0x7D, 0x86, 0x7D, 0x86, 0x7D, 0x86, 0x7D, 0x86, 0x7D, 0x86, 0x7D, 0x86, 0x7D, 0x86, 0x7D, 0x86, 0x7D,
    0x86, 0x7D, 0x86, 0x7D, 0x86, 0x7D, 0x86, 0x7D, 0x86, 0x7D, 0x86, 0x7D, 0x86, 0x7D, 0x86, 0x7D, 0x86, 0x7D, 0x86, 0x7D, 0x86, 0x7D, 0x86, 0x7D,
    0x86, 0x7D, 0x86, 0x7D, 0x86, 0x7D, 0x86, 0x7D, 0x86, 0x7D, 0x86, 0x7D, 0x86, 0x7D, 0x86, 0x7D, 0x86, 0x7D, 0x86, 0x7D, 0x86, 0x7D, 0x86, 0x7D,
    0x86, 0x7D, 0x86, 0x7D, 0x86, 0x7D, 0x86, 0x7D, 0x86, 0x7D, 0x86, 0x7D, 0x86, 0x7D, 0x86, 0x7D, 0x86, 0x7D, 0x86, 0x7D, 0x86, 0x7D, 0x86, 0x7D,
    0x86, 0x7D, 0x86, 0x7D, 0x86, 0x7D, 0x86, 0x7D, 0x86, 0x7D, 0x86, 0x7D, 0x86, 0x7D, 0x86, 0x7D, 0x86, 0x7D, 0x86, 0x7D, 0x86, 0x7D, 0x86, 0x7D,
    0x86, 0x7D, 0x86, 0x7D, 0x86, 0x7D, 0x86, 0x7D, 0x86, 0x7D, 0x86, 0x7D, 0x86, 0x7D, 0x86, 0x7D, 0x86, 0x7D, 0x86, 0x7D, 0x86, 0x7D, 0x86, 0x7D,
    0x86, 0x7D, 0x86, 0x7D, 0x86, 0x7D, 0x86, 0x7D, 0x86, 0x7D, 0x86, 0x7D, 0x86, 0x7D, 0x86, 0x7D, 0x86, 0x7D, 0x86, 0x7D, 0x86, 0x7D, 0x86, 0x7D,
    0x86, 0x7D, 0x86, 0x7D, 0x86, 0x7D, 0x86, 0x7D, 0x86, 0x7D, 0x86, 0x7D, 0x86, 0x7D, 0x86, 0x7D, 0x86, 0x7D, 0x86, 0x7D, 0x86, 0x7D, 0x86, 0x7D,
    0x86, 0x7D, 0x86, 0x7D, 0x86, 0x7D, 0x86, 0x7D, 0x86, 0x7D, 0x86, 0x7D, 0x86, 0x7D, 0x86, 0x7D, 0x86, 0x7D, 0x86, 0x7D, 0x86, 0x7D, 0x86, 0x7D,
    0x86, 0x7D, 0x86, 0x7D, 0x86, 0x7D, 0x86, 0x7D, 0x86, 0x7D, 0x86, 0x7D, 0x86, 0x7D, 0x86, 0x7D, 0x86, 0x7D, 0x86, 0x7D, 0x86, 0x7D, 0x86, 0x7D,
    0x86, 0x7D, 0x86, 0x7D, 0x86, 0x7D, 0x86, 0x7D, 0x86, 0x7D, 0x86, 0x7D, 0x86, 0x7D, 0x86, 0x7D, 0x86, 0x7D, 0x86, 0x7D, 0x86, 0x7D, 0x86, 0x7D,
    0x86, 0x7D, 0x86, 0x7D, 0x86, 0x7D, 0x86, 0x7D, 0x86, 0x7D, 0x86, 0x7D, 0x86, 0x7D, 0x86, 0x7D, 0x86, 0x7D, 0x86, 0x7D, 0x86, 0x7D, 0x86, 0x7D,
    0x86, 0x7D, 0x86, 0x7D, 0x86, 0x7D, 0x86, 0x7D, 0x86, 0x7D, 0x86, 0x7D, 0x86, 0x7D, 0x86, 0x7D, 0x86, 0x7D, 0x86, 0x7D, 0x86, 0x7D, 0x86, 0x7D,
    0x86, 0x7D, 0x86, 0x7D, 0x86, 0x7D, 0x86, 0x7D, 0x86, 0x7D, 0x86, 0x7D, 0x86, 0x7D, 0x86, 0x7D, 0x86, 0x7D, 0x86, 0x7D, 0x86, 0x7D, 0x86, 0x7D,
    0x86, 0x7D, 0x86, 0x7D, 0x86, 0x7D, 0x86, 0x7D, 0x86, 0x7D, 0x86, 0x7D, 0x86, 0x7D, 0x86, 0x7D, 0x86, 0x7D, 0x86, 0x7D, 0x86, 0x7D, 0x86, 0x7D,
    0x86, 0x7D, 0x86, 0x7D, 0x86, 0x7D, 0x86, 0x7D, 0x86, 0x7D, 0x86, 0x7D, 0x86, 0x7D, 0x86, 0x7D, 0x86, 0x7D, 0x86, 0x7D, 0x86, 0x7D, 0x86, 0x7D,
    0x86, 0x7D, 0x86, 0x7D, 0x86, 0x7D, 0x86, 0x7D, 0x86, 0x7D, 0x86, 0x7D, 0x86, 0x7D, 0x86, 0x7D, 0x86, 0x7D, 0x86, 0x7D, 0x86, 0x7D, 0x86, 0x7D,
    0x86, 0x7D, 0x86, 0x7D, 0x86, 0x7D, 0x86, 0x7D, 0x86, 0x7D, 0x86, 0x7D, 0x86, 0x7D, 0x86, 0x7D, 0x86, 0x7D, 0x86, 0x7D, 0x86, 0x7D, 0x86, 0x7D,
    0x86, 0x7D, 0x86, 0x7D, 0x86, 0x7D, 0x86, 0x7D, 0x86, 0x7D, 0x86, 0x7D, 0x86, 0x7D, 0x86, 0x7D, 0x86, 0x7D, 0x86, 0x7D, 0x86, 0x7D, 0x86, 0x7D,
    0x86, 0x7D, 0x86, 0x7D, 0x86, 0x7D, 0x86, 0x7D, 0x86, 0x7D, 0x86, 0x7D, 0x86, 0x7D, 0x86, 0x7D, 0x86, 0x7D, 0x86, 0x7D, 0x86, 0x7D, 0x86, 0x7D,
    0x86, 0x7D, 0x86, 0x7D, 0x86, 0x7D, 0x86, 0x7D, 0x86, 0x7D, 0x86, 0x7D, 0x86, 0x7D, 0x86, 0x7D, 0x86, 0x7D, 0x86, 0x7D, 0x86, 0x7D, 0x86, 0x7D,
    0x86, 0x7D, 0x86, 0x7D, 0x86, 0x7D, 0x86, 0x7D, 0x86, 0x7D, 0x86, 0x7D, 0x86, 0x7D, 0x86, 0x7D, 0x86, 0x7D, 0x86, 0x7D, 0x86, 0x7D, 0x86, 0x7D,
    0x86, 0x7D, 0x86, 0x7D, 0x86, 0x7D, 0x86, 0x7D, 0x86, 0x7D, 0x86, 0x7D, 0x86, 0x7D, 0x86, 0x7D, 0x86, 0x7D, 0x86, 0x7D, 0x86, 0x7D, 0x86, 0x7D,
    0x86, 0x7D, 0x86, 0x7D, 0x86, 0x7D, 0x86, 0x7D, 0x86, 0x7D, 0x86, 0x7D, 0x86, 0x7D, 0x86, 0x7D, 0x86, 0x7D, 0x86, 0x7D, 0x86, 0x7D, 0x86, 0x7D,
    0x86, 0x7D, 0x86, 0x7D, 0x86, 0x7D, 0x86, 0x7D, 0x86, 0x7D, 0x86, 0x7D, 0x86, 0x7D, 0x86, 0x7D, 0x86, 0x7D, 0x86, 0x7D, 0x86, 0x7D, 0x86, 0x7D,
    0x86, 0x7D, 0x86, 0x7D, 0x86, 0x7D, 0x86, 0x7D, 0x86, 0x7D, 0x86, 0x7D, 0x86, 0x7D, 0x86, 0x7D, 0x86, 0x7D, 0x86, 0x7D, 0x86, 0x7D, 0x86, 0x7D,
    0x86, 0x7D, 0x86, 0x7D, 0x86, 0x7D, 0x86, 0x7D, 0x86, 0x7D, 0x86, 0x7D, 0x86, 0x7D, 0x86, 0x7D, 0x86, 0x7D, 0x86, 0x7D, 0x86, 0x7D, 0x86, 0x7D,
    0x86, 0x7D, 0x86, 0x7D, 0x86, 0x7D, 0x86, 0x7D, 0x86, 0x7D, 0x86, 0x7D, 0x86, 0x7D, 0x86, 0x7D, 0x86, 0x7D, 0x86, 0x7D, 0x86, 0x7D, 0x86, 0x7D,
    0x86, 0x7D, 0x86, 0x7D, 0x86, 0x7D, 0x86, 0x7D, 0x86, 0x7D, 0x86, 0x7D, 0x86, 0x7D, 0x86, 0x7D, 0x86, 0x7D, 0x86, 0x7D, 0x86, 0x7D, 0x86, 0x7D,
    0x86, 0x7D, 0x86, 0x7D, 0x86, 0x7D, 0x86, 0x7D, 0x86, 0x7D, 0x86, 0x7D, 0x86, 0x7D, 0x86, 0x7D, 0x86, 0x7D, 0x86, 0x7D, 0x86, 0x7D, 0x86, 0x7D,
    0x86, 0x7D, 0x86, 0x7D, 0x86, 0x7D, 0x86, 0x7D, 0x86, 0x7D, 0x86, 0x7D, 0x86, 0x7D, 0x86, 0x7D, 0x86, 0x7D, 0x86, 0x7D, 0x86, 0x7D, 0x86, 0x7D,
    0x86, 0x7D, 0x86, 0x7D, 0x86, 0x7D, 0x86, 0x7D, 0x86, 0x7D, 0x86, 0x7D, 0x86, 0x7D, 0x86, 0x7D, 0x86, 0x7D, 0x86, 0x7D, 0x86, 0x7D, 0x86, 0x7D,
    0x86, 0x7D, 0x86, 0x7D, 0x86, 0x7D, 0x86, 0x7D, 0x86, 0x7D, 0x86, 0x7D, 0x86, 0x7D, 0x86, 0x7D, 0x86, 0x7D, 0x86, 0x7D, 0x86, 0x7D, 0x86, 0x7D,
    0x86, 0x7D, 0x86, 0x7D, 0x86, 0x7D, 0x86, 0x7D, 0x86, 0x7D, 0x86, 0x7D, 0x86, 0x7D, 0x86, 0x7D, 0x86, 0x7D, 0x86, 0x7D, 0x86, 0x7D, 0x86, 0x7D,
    0x86, 0x7D, 0x86, 0x7D, 0x86, 0x7D, 0x86, 0x7D, 0x86, 0x7D, 0x86, 0x7D, 0x86, 0x7D, 0x86, 0x7D, 0x86, 0x7D, 0x86, 0x7D, 0x86, 0x7D, 0x86, 0x7D,
    0x86, 0x7D, 0x86, 0x7D, 0x86, 0x7D, 0x86, 0x7D, 0x86, 0x7D, 0x86, 0x7D, 0x86, 0x7D, 0x86, 0x7D, 0x86, 0x7D, 0x86, 0x7D, 0x86, 0x7D, 0x86, 0x7D,
    0x86, 0x7D, 0x86, 0x7D, 0x86, 0x7D, 0x86, 0x7D, 0x86, 0x7D, 0x86, 0x7D, 0x86, 0x7D, 0x86, 0x7D, 0x86, 0x7D, 0x86, 0x7D, 0x86, 0x7D, 0x86, 0x7D,
    0x86, 0x7D, 0x86, 0x7D, 0x86, 0x7D, 0x86, 0x7D, 0x86, 0x7D, 0x86, 0x7D, 0x86, 0x7D, 0x86, 0x7D, 0x86, 0x7D, 0x86, 0x7D, 0x86, 0x7D, 0x86, 0x7D,
    0x86, 0x7D, 0x86, 0x7D, 0x86, 0x7D, 0x86, 0x7D, 0x86, 0x7D, 0x86, 0x7D, 0x86, 0x7D, 0x86, 0x7D, 0x86, 0x7D, 0x86, 0x7D, 0x86, 0x7D, 0x86, 0x7D,
    0x86, 0x7D, 0x86, 0x7D, 0x86, 0x7D, 0x86, 0x7D, 0x86, 0x7D, 0x86, 0x7D, 0x86, 0x7D, 0x86, 0x7D, 0x86, 0x7D, 0x86, 0x7D, 0x86, 0x7D, 0x86, 0x7D,
    0x8E, 0x7D, 0x8E, 0x7D, 0x8E, 0x7D, 0x8E, 0x7D, 0x8E, 0x7D, 0x8E, 0x7D, 0x8E, 0x7D, 0x8E, 0x7D, 0x8E, 0x7D, 0x8E, 0x7D, 0x8E, 0x7D, 0x8E, 0x7D,
    0x8E, 0x7D, 0x8E, 0x7D, 0x8E, 0x7D, 0x8E, 0x7D, 0x8E, 0x7D, 0x8E, 0x7D, 0x8E, 0x7D, 0x8E, 0x7D, 0x8E, 0x7D, 0x8E, 0x7D, 0x8E, 0x7D, 0x8E, 0x7D,
    0x8E, 0x7D, 0x8E, 0x7D, 0x8E, 0x7D, 0x8E, 0x7D, 0x8E, 0x7D, 0x8E, 0x7D, 0x8E, 0x7D, 0x8E, 0x7D, 0x8E, 0x7D, 0x8E, 0x7D, 0x8E, 0x7D, 0x8E, 0x7D,
    0x8E, 0x7D, 0x8E, 0x7D, 0x8E, 0x7D, 0x8E, 0x7D, 0x8E, 0x7D, 0x8E, 0x7D, 0x8E, 0x7D, 0x8E, 0x7D, 0x8E, 0x7D, 0x8E, 0x7D, 0x8E, 0x7D, 0x8E, 0x7D,
    0x8E, 0x7D, 0x8E, 0x7D, 0x8E, 0x7D, 0x8E, 0x7D, 0x8E, 0x7D, 0x8E, 0x7D, 0x8E, 0x7D, 0x8E, 0x7D, 0x8E, 0x7D, 0x8E, 0x7D, 0x8E, 0x7D, 0x8E, 0x7D,
    0x8E, 0x7D, 0x8E, 0x7D, 0x8E, 0x7D, 0x8E, 0x7D, 0x8E, 0x7D, 0x8E, 0x7D, 0x8E, 0x7D, 0x8E, 0x7D, 0x8E, 0x7D, 0x8E, 0x7D, 0x8E, 0x7D, 0x8E, 0x7D,
    0x8E, 0x7D, 0x8E, 0x7D, 0x8E, 0x7D, 0x8E, 0x7D, 0x8E, 0x7D, 0x8E, 0x7D, 0x8E, 0x7D, 0x8E, 0x7D, 0x8E, 0x7D, 0x8E, 0x7D, 0x8E, 0x7D, 0x8E, 0x7D,
    0x8E, 0x7D, 0x8E, 0x7D, 0x8E, 0x7D, 0x8E, 0x7D, 0x8E, 0x7D, 0x8E, 0x7D, 0x8E, 0x7D, 0x8E, 0x7D, 0x8E, 0x7D, 0x8E, 0x7D, 0x8E, 0x7D, 0x8E, 0x7D,
    0x8E, 0x7D, 0x8E, 0x7D, 0x8E, 0x7D, 0x8E, 0x7D, 0x8E, 0x7D, 0x8E, 0x7D, 0x8E, 0x7D, 0x8E, 0x7D, 0x8E, 0x7D, 0x8E, 0x7D, 0x8E, 0x7D, 0x8E, 0x7D,
    0x8E, 0x7D, 0x8E, 0x7D, 0x8E, 0x7D, 0x8E, 0x7D, 0x8E, 0x7D, 0x8E, 0x7D, 0x8E, 0x7D, 0x8E, 0x7D, 0x8E, 0x7D, 0x8E, 0x7D, 0x8E, 0x7D, 0x8E, 0x7D,
    0x8E, 0x7D, 0x8E, 0x7D, 0x8E, 0x7D, 0x8E, 0x7D, 0x8E, 0x7D, 0x8E, 0x7D, 0x8E, 0x7D, 0x8E, 0x7D, 0x8E, 0x7D, 0x8E, 0x7D, 0x8E, 0x7D, 0x8E, 0x7D,
    0x8E, 0x7D, 0x8E, 0x7D, 0x8E, 0x7D, 0x8E, 0x7D, 0x8E, 0x7D, 0x8E, 0x7D, 0x8E, 0x7D, 0x8E, 0x7D, 0x8E, 0x7D, 0x8E, 0x7D, 0x8E, 0x7D, 0x8E, 0x7D,
    0x8E, 0x7D, 0x8E, 0x7D, 0x8E, 0x7D, 0x8E, 0x7D, 0x8E, 0x7D, 0x8E, 0x7D, 0x8E, 0x7D, 0x8E, 0x7D, 0x8E, 0x7D, 0x8E, 0x7D, 0x8E, 0x7D, 0x8E, 0x7D,
    0x8E, 0x7D, 0x8E, 0x7D, 0x8E, 0x7D, 0x8E, 0x7D, 0x8E, 0x7D, 0x8E, 0x7D, 0x8E, 0x7D, 0x8E, 0x7D, 0x8E, 0x7D, 0x8E, 0x7D, 0x8E, 0x7D, 0x8E, 0x7D,
    0x8E, 0x7D, 0x8E, 0x7D, 0x8E, 0x7D, 0x8E, 0x7D, 0x8E, 0x7D, 0x8E, 0x7D, 0x8E, 0x7D, 0x8E, 0x7D, 0x8E, 0x7D, 0x8E, 0x7D, 0x8E, 0x7D, 0x8E, 0x7D,
    0x8E, 0x7D, 0x8E, 0x7D, 0x8E, 0x7D, 0x8E, 0x7D, 0x8E, 0x7D, 0x8E, 0x7D, 0x8E, 0x7D, 0x8E, 0x7D, 0x8E, 0x7D, 0x8E, 0x7D, 0x8E, 0x7D, 0x8E, 0x7D,
    0x8E, 0x7D, 0x8E, 0x7D, 0x8E, 0x7D, 0x8E, 0x7D, 0x8E, 0x7D, 0x8E, 0x7D, 0x8E, 0x7D, 0x8E, 0x7D, 0x8E, 0x7D, 0x8E, 0x7D, 0x8E, 0x7D, 0x8E, 0x7D,
    0x8E, 0x7D, 0x8E, 0x7D, 0x8E, 0x7D, 0x8E, 0x7D, 0x8E, 0x7D, 0x8E, 0x7D, 0x8E, 0x7D, 0x8E, 0x7D, 0x8E, 0x7D, 0x8E, 0x7D, 0x8E, 0x7D, 0x8E, 0x7D,
    0x8E, 0x7D, 0x8E, 0x7D, 0x8E, 0x7D, 0x8E, 0x7D, 0x8E, 0x7D, 0x8E, 0x7D, 0x8E, 0x7D, 0x8E, 0x7D, 0x8E, 0x7D, 0x8E, 0x7D, 0x8E, 0x7D, 0x8E, 0x7D,
    0x8E, 0x7D, 0x8E, 0x7D, 0x8E, 0x7D, 0x8E, 0x7D, 0x8E, 0x7D, 0x8E, 0x7D, 0x8E, 0x7D, 0x8E, 0x7D, 0x8E, 0x7D, 0x8E, 0x7D, 0x8E, 0x7D, 0x8E, 0x7D,
    0x8E, 0x7D, 0x8E, 0x7D, 0x8E, 0x7D, 0x8E, 0x7D, 0x8E, 0x7D, 0x8E, 0x7D, 0x8E, 0x7D, 0x8E, 0x7D, 0x8E, 0x7D, 0x8E, 0x7D, 0x8E, 0x7D, 0x8E, 0x7D,
    0x8E, 0x7D, 0x8E, 0x7D, 0x8E, 0x7D, 0x8E, 0x7D, 0x8E, 0x7D, 0x8E, 0x7D, 0x8E, 0x7D, 0x8E, 0x7D, 0x8E, 0x7D, 0x8E, 0x7D, 0x8E, 0x7D, 0x8E, 0x7D,
    0x8E, 0x7D, 0x8E, 0x7D, 0x8E, 0x7D, 0x8E, 0x7D, 0x8E, 0x7D, 0x8E, 0x7D, 0x8E, 0x7D, 0x8E, 0x7D, 0x8E, 0x7D, 0x8E, 0x7D, 0x8E, 0x7D, 0x8E, 0x7D,
    0x8E, 0x7D, 0x8E, 0x7D, 0x8E, 0x7D, 0x8E, 0x7D, 0x8E, 0x7D, 0x8E, 0x7D, 0x8E, 0x7D, 0x8E, 0x7D, 0x8E, 0x7D, 0x8E, 0x7D, 0x8E, 0x7D, 0x8E, 0x7D,
    0x8E, 0x7D, 0x8E, 0x7D, 0x8E, 0x7D, 0x8E, 0x7D, 0x8E, 0x7D, 0x8E, 0x7D, 0x8E, 0x7D, 0x8E, 0x7D, 0x8E, 0x7D, 0x8E, 0x7D, 0x8E, 0x7D, 0x8E, 0x7D,
    0x8E, 0x7D, 0x8E, 0x7D, 0x8E, 0x7D, 0x8E, 0x7D, 0x8E, 0x7D, 0x8E, 0x7D, 0x8E, 0x7D, 0x8E, 0x7D, 0x8E, 0x7D, 0x8E, 0x7D, 0x8E, 0x7D, 0x8E, 0x7D,
    0x8E, 0x7D, 0x8E, 0x7D, 0x8E, 0x7D, 0x8E, 0x7D, 0x8E, 0x7D, 0x8E, 0x7D, 0x8E, 0x7D, 0x8E, 0x7D, 0x8E, 0x7D, 0x8E, 0x7D, 0x8E, 0x7D, 0x8E, 0x7D,
    0x8E, 0x7D, 0x8E, 0x7D, 0x8E, 0x7D, 0x8E, 0x7D, 0x8E, 0x7D, 0x8E, 0x7D, 0x8E, 0x7D, 0x8E, 0x7D, 0x8E, 0x7D, 0x8E, 0x7D, 0x8E, 0x7D, 0x8E, 0x7D,
    0x8E, 0x7D, 0x8E, 0x7D, 0x8E, 0x7D, 0x8E, 0x7D, 0x8E, 0x7D, 0x8E, 0x7D, 0x8E, 0x7D, 0x8E, 0x7D, 0x8E, 0x7D, 0x8E, 0x7D, 0x8E, 0x7D, 0x8E, 0x7D,
    0x8E, 0x7D, 0x8E, 0x7D, 0x8E, 0x7D, 0x8E, 0x7D, 0x8E, 0x7D, 0x8E, 0x7D, 0x8E, 0x7D, 0x8E, 0x7D, 0x8E, 0x7D, 0x8E, 0x7D, 0x8E, 0x7D, 0x8E, 0x7D,
    0x8E, 0x7D, 0x8E, 0x7D, 0x8E, 0x7D, 0x8E, 0x7D, 0x8E, 0x7D, 0x8E, 0x7D, 0x8E, 0x7D, 0x8E, 0x7D, 0x8E, 0x7D, 0x8E, 0x7D, 0x8E, 0x7D, 0x8E, 0x7D,
    0x8E, 0x7D, 0x8E, 0x7D, 0x8E, 0x7D, 0x8E, 0x7D, 0x8E, 0x7D, 0x8E, 0x7D, 0x8E, 0x7D, 0x8E, 0x7D, 0x8E, 0x7D, 0x8E, 0x7D, 0x8E, 0x7D, 0x8E, 0x7D,
    0x8E, 0x7D, 0x8E, 0x7D, 0x8E, 0x7D, 0x8E, 0x7D, 0x8E, 0x7D, 0x8E, 0x7D, 0x8E, 0x7D, 0x8E, 0x7D, 0x8E, 0x7D, 0x8E, 0x7D, 0x8E, 0x7D, 0x8E, 0x7D,
    0x8E, 0x7D, 0x8E, 0x7D, 0x8E, 0x7D, 0x8E, 0x7D, 0x8E, 0x7D, 0x8E, 0x7D, 0x8E, 0x7D, 0x8E, 0x7D, 0x8E, 0x7D, 0x8E, 0x7D, 0x8E, 0x7D, 0x8E, 0x7D,
    0x8E, 0x7D, 0x8E, 0x7D, 0x8E, 0x7D, 0x8E, 0x7D, 0x8E, 0x7D, 0x8E, 0x7D, 0x8E, 0x7D, 0x8E, 0x7D, 0x8E, 0x7D, 0x8E, 0x7D, 0x8E, 0x7D, 0x8E, 0x7D,
    0x8E, 0x7D, 0x8E, 0x7D, 0x8E, 0x7D, 0x8E, 0x7D, 0x8E, 0x7D, 0x8E, 0x7D, 0x8E, 0x7D, 0x8E, 0x7D, 0x8E, 0x7D, 0x8E, 0x7D, 0x8E, 0x7D, 0x8E, 0x7D,
    0x8E, 0x7D, 0x8E, 0x7D, 0x8E, 0x7D, 0x8E, 0x7D, 0x8E, 0x7D, 0x8E, 0x7D, 0x8E, 0x7D, 0x8E, 0x7D, 0x8E, 0x7D, 0x8E, 0x7D, 0x8E, 0x7D, 0x8E, 0x7D,
    0x8E, 0x7D, 0x8E, 0x7D, 0x8E, 0x7D, 0x8E, 0x7D, 0x8E, 0x7D, 0x8E, 0x7D, 0x8E, 0x7D, 0x8E, 0x7D, 0x8E, 0x7D, 0x8E, 0x7D, 0x8E, 0x7D, 0x8E, 0x7D,
    0x8E, 0x7D, 0x8E, 0x7D, 0x8E, 0x7D, 0x8E, 0x7D, 0x8E, 0x7D, 0x8E, 0x7D, 0x8E, 0x7D, 0x8E, 0x7D, 0x8E, 0x7D, 0x8E, 0x7D, 0x8E, 0x7D, 0x8E, 0x7D,
    0x8E, 0x7D, 0x8E, 0x7D, 0x8E, 0x7D, 0x8E, 0x7D, 0x8E, 0x7D, 0x8E, 0x7D, 0x8E, 0x7D, 0x8E, 0x7D, 0x8E, 0x7D, 0x8E, 0x7D, 0x8E, 0x7D, 0x8E, 0x7D,
    0x8E, 0x7D, 0x8E, 0x7D, 0x8E, 0x7D, 0x8E, 0x7D, 0x8E, 0x7D, 0x8E, 0x7D, 0x8E, 0x7D, 0x8E, 0x7D, 0x8E, 0x7D, 0x8E, 0x7D, 0x8E, 0x7D, 0x8E, 0x7D,
    0x8E, 0x7D, 0x8E, 0x7D, 0x8E, 0x7D, 0x8E, 0x7D, 0x8E, 0x7D, 0x8E, 0x7D, 0x8E, 0x7D, 0x8E, 0x7D, 0x8E, 0x7D, 0x8E, 0x7D, 0x8E, 0x7D, 0x8E, 0x7D,
    0x8E, 0x7D, 0x8E, 0x7D, 0x8E, 0x7D, 0x8E, 0x7D, 0x8E, 0x7D, 0x8E, 0x7D, 0x8E, 0x7D, 0x8E, 0x7D, 0x8E, 0x7D, 0x8E, 0x7D, 0x8E, 0x7D, 0x8E, 0x7D,
    0x8E, 0x7D, 0x8E, 0x7D, 0x8E, 0x7D, 0x8E, 0x7D, 0x8E, 0x7D, 0x8E, 0x7D, 0x8E, 0x7D, 0x8E, 0x7D, 0x8E, 0x7D, 0x8E, 0x7D, 0x8E, 0x7D, 0x8E, 0x7D,
    0x8E, 0x7D, 0x8E, 0x7D, 0x8E, 0x7D, 0x8E, 0x7D, 0x8E, 0x7D, 0x8E, 0x7D, 0x8E, 0x7D, 0x8E, 0x7D, 0x8E, 0x7D, 0x8E, 0x7D, 0x8E, 0x7D, 0x8E, 0x7D,
    0x8E, 0x7D, 0x8E, 0x7D, 0x8E, 0x7D, 0x8E, 0x7D, 0x8E, 0x7D, 0x8E, 0x7D, 0x8E, 0x7D, 0x8E, 0x7D, 0x8E, 0x7D, 0x8E, 0x7D, 0x8E, 0x7D, 0x8E, 0x7D,
    0x8E, 0x7D, 0x8E, 0x7D, 0x8E, 0x7D, 0x8E, 0x7D, 0x8E, 0x7D, 0x8E, 0x7D, 0x8E, 0x7D, 0x8E, 0x7D, 0x8E, 0x7D, 0x8E, 0x7D, 0x8E, 0x7D, 0x8E, 0x7D,
    0x8E, 0x7D, 0x8E, 0x7D, 0x8E, 0x7D, 0x8E, 0x7D, 0x8E, 0x7D, 0x8E, 0x7D, 0x8E, 0x7D, 0x8E, 0x7D, 0x8E, 0x7D, 0x8E, 0x7D, 0x8E, 0x7D, 0x8E, 0x7D,
    0x8E, 0x7D, 0x8E, 0x7D, 0x8E, 0x7D, 0x8E, 0x7D, 0x8E, 0x7D, 0x8E, 0x7D, 0x8E, 0x7D, 0x8E, 0x7D, 0x8E, 0x7D, 0x8E, 0x7D, 0x8E, 0x7D, 0x8E, 0x7D,
    0x8E, 0x7D, 0x8E, 0x7D, 0x8E, 0x7D, 0x8E, 0x7D, 0x8E, 0x7D, 0x8E, 0x7D, 0x8E, 0x7D, 0x8E, 0x7D, 0x8E, 0x7D, 0x8E, 0x7D, 0x8E, 0x7D, 0x8E, 0x7D,
    0x8E, 0x7D, 0x8E, 0x7D, 0x8E, 0x7D, 0x8E, 0x7D, 0x8E, 0x7D, 0x8E, 0x7D, 0x8E, 0x7D, 0x8E, 0x7D, 0x8E, 0x7D, 0x8E, 0x7D, 0x8E, 0x7D, 0x8E, 0x7D,
    0x8E, 0x7D, 0x8E, 0x7D, 0x8E, 0x7D, 0x8E, 0x7D, 0x8E, 0x7D, 0x8E, 0x7D, 0x8E, 0x7D, 0x8E, 0x7D, 0x8E, 0x7D, 0x8E, 0x7D, 0x8E, 0x7D, 0x8E, 0x7D,
    0x8E, 0x7D, 0x8E, 0x7D, 0x8E, 0x7D, 0x8E, 0x7D, 0x8E, 0x7D, 0x8E, 0x7D, 0x8E, 0x7D, 0x8E, 0x7D, 0x8E, 0x7D, 0x8E, 0x7D, 0x8E, 0x7D, 0x8E, 0x7D,
    0x8E, 0x7D, 0x8E, 0x7D, 0x8E, 0x7D, 0x8E, 0x7D, 0x8E, 0x7D, 0x8E, 0x7D, 0x8E, 0x7D, 0x8E, 0x7D, 0x8E, 0x7D, 0x8E, 0x7D, 0x8E, 0x7D, 0x8E, 0x7D,
    0x8E, 0x7D, 0x8E, 0x7D, 0x8E, 0x7D, 0x8E, 0x7D, 0x8E, 0x7D, 0x8E, 0x7D, 0x8E, 0x7D, 0x8E, 0x7D, 0x8E, 0x7D, 0x8E, 0x7D, 0x8E, 0x7D, 0x8E, 0x7D,
    0x8E, 0x7D, 0x8E, 0x7D, 0x8E, 0x7D, 0x8E, 0x7D, 0x8E, 0x7D, 0x8E, 0x7D, 0x8E, 0x7D, 0x8E, 0x7D, 0x8E, 0x7D, 0x8E, 0x7D, 0x8E, 0x7D, 0x8E, 0x7D,
    0x8E, 0x7D, 0x8E, 0x7D, 0x8E, 0x7D, 0x8E, 0x7D, 0x8E, 0x7D, 0x8E, 0x7D, 0x8E, 0x7D, 0x8E, 0x7D, 0x8E, 0x7D, 0x8E, 0x7D, 0x8E, 0x7D, 0x8E, 0x7D,
    0x8E, 0x7D, 0x8E, 0x7D, 0x8E, 0x7D, 0x8E, 0x7D, 0x8E, 0x7D, 0x8E, 0x7D, 0x8E, 0x7D, 0x8E, 0x7D, 0x8E, 0x7D, 0x8E, 0x7D, 0x8E, 0x7D, 0x8E, 0x7D,
    0x8E, 0x7D, 0x8E, 0x7D, 0x8E, 0x7D, 0x8E, 0x7D, 0x8E, 0x7D, 0x8E, 0x7D, 0x8E, 0x7D, 0x8E, 0x7D, 0x8E, 0x7D, 0x8E, 0x7D, 0x8E, 0x7D, 0x8E, 0x7D,
    0x8E, 0x7D, 0x8E, 0x7D, 0x8E, 0x7D, 0x8E, 0x7D, 0x8E, 0x7D, 0x8E, 0x7D, 0x8E, 0x7D, 0x8E, 0x7D, 0x8E, 0x7D, 0x8E, 0x7D, 0x8E, 0x7D, 0x8E, 0x7D,
    0x8E, 0x7D, 0x8E, 0x7D, 0x8E, 0x7D, 0x8E, 0x7D, 0x8E, 0x7D, 0x8E, 0x7D, 0x8E, 0x7D, 0x8E, 0x7D, 0x8E, 0x7D, 0x8E, 0x7D, 0x8E, 0x7D, 0x8E, 0x7D,
    0x8E, 0x7D, 0x8E, 0x7D, 0x8E, 0x7D, 0x8E, 0x7D, 0x8E, 0x7D, 0x8E, 0x7D, 0x8E, 0x7D, 0x8E, 0x7D, 0x8E, 0x7D, 0x8E, 0x7D, 0x8E, 0x7D, 0x8E, 0x7D,
    0x8E, 0x7D, 0x8E, 0x7D, 0x8E, 0x7D, 0x8E, 0x7D, 0x8E, 0x7D, 0x8E, 0x7D, 0x8E, 0x7D, 0x8E, 0x7D, 0x8E, 0x7D, 0x8E, 0x7D, 0x8E, 0x7D, 0x8E, 0x7D,
    0x8E, 0x7D, 0x8E, 0x7D, 0x8E, 0x7D, 0x8E, 0x7D, 0x8E, 0x7D, 0x8E, 0x7D, 0x8E, 0x7D, 0x8E, 0x7D, 0x8E, 0x7D, 0x8E, 0x7D, 0x8E, 0x7D, 0x8E, 0x7D,
    0x8E, 0x7D, 0x8E, 0x7D, 0x8E, 0x7D, 0x8E, 0x7D, 0x8E, 0x7D, 0x8E, 0x7D, 0x8E, 0x7D, 0x8E, 0x7D, 0x8E, 0x7D, 0x8E, 0x7D, 0x8E, 0x7D, 0x8E, 0x7D,
    0x8E, 0x7D, 0x8E, 0x7D, 0x8E, 0x7D, 0x8E, 0x7D, 0x8E, 0x7D, 0x8E, 0x7D, 0x8E, 0x7D, 0x8E, 0x7D, 0x8E, 0x7D, 0x8E, 0x7D, 0x8E, 0x7D, 0x8E, 0x7D,
    0x8E, 0x7D, 0x8E, 0x7D, 0x8E, 0x7D, 0x8E, 0x7D, 0x8E, 0x7D, 0x8E, 0x7D, 0x8E, 0x7D, 0x8E, 0x7D, 0x8E, 0x7D, 0x8E, 0x7D, 0x8E, 0x7D, 0x8E, 0x7D,
    0x8E, 0x7D, 0x8E, 0x7D, 0x8E, 0x7D, 0x8E, 0x7D, 0x8E, 0x7D, 0x8E, 0x7D, 0x8E, 0x7D, 0x8E, 0x7D, 0x8E, 0x7D, 0x8E, 0x7D, 0x8E, 0x7D, 0x8E, 0x7D,
    0x8E, 0x7D, 0x8E, 0x7D, 0x8E, 0x7D, 0x8E, 0x7D, 0x8E, 0x7D, 0x8E, 0x7D, 0x8E, 0x7D, 0x8E, 0x7D, 0x8E, 0x7D, 0x8E, 0x7D, 0x8E, 0x7D, 0x8E, 0x7D,
    0x8E, 0x7D, 0x8E, 0x7D, 0x8E, 0x7D, 0x8E, 0x7D, 0x8E, 0x7D, 0x8E, 0x7D, 0x8E, 0x7D, 0x8E, 0x7D, 0x8E, 0x7D, 0x8E, 0x7D, 0x8E, 0x7D, 0x8E, 0x7D,
    0x8E, 0x7D, 0x8E, 0x7D, 0x8E, 0x7D, 0x8E, 0x7D, 0x8E, 0x7D, 0x8E, 0x7D, 0x8E, 0x7D, 0x8E, 0x7D, 0x8E, 0x7D, 0x8E, 0x7D, 0x8E, 0x7D, 0x8E, 0x7D,
    0x8E, 0x7D, 0x8E, 0x7D, 0x8E, 0x7D, 0x8E, 0x7D, 0x8E, 0x7D, 0x8E, 0x7D, 0x8E, 0x7D, 0x8E, 0x7D, 0x8E, 0x7D, 0x8E, 0x7D, 0x8E, 0x7D, 0x8E, 0x7D,
    0x8E, 0x7D, 0x8E, 0x7D, 0x8E, 0x7D, 0x8E, 0x7D, 0x8E, 0x7D, 0x8E, 0x7D, 0x8E, 0x7D, 0x8E, 0x7D, 0x8E, 0x7D, 0x8E, 0x7D, 0x8E, 0x7D, 0x8E, 0x7D,
    0x8E, 0x7D, 0x8E, 0x7D, 0x8E, 0x7D, 0x8E, 0x7D, 0x8E, 0x7D, 0x8E, 0x7D, 0x8E, 0x7D, 0x8E, 0x7D, 0x8E, 0x7D, 0x8E, 0x7D, 0x8E, 0x7D, 0x8E, 0x7D,
    0x8E, 0x7D, 0x8E, 0x7D, 0x8E, 0x7D, 0x8E, 0x7D, 0x8E, 0x7D, 0x8E, 0x7D, 0x8E, 0x7D, 0x8E, 0x7D, 0x8E, 0x7D, 0x8E, 0x7D, 0x8E, 0x7D, 0x8E, 0x7D,
    0x8E, 0x7D, 0x8E, 0x7D, 0x8E, 0x7D, 0x8E, 0x7D, 0x8E, 0x7D, 0x8E, 0x7D, 0x8E, 0x7D, 0x8E, 0x7D, 0x8E, 0x7D, 0x8E, 0x7D, 0x8E, 0x7D, 0x8E, 0x7D,
    0x8E, 0x7D, 0x8E, 0x7D, 0x8E, 0x7D, 0x8E, 0x7D, 0x8E, 0x7D, 0x8E, 0x7D, 0x8E, 0x7D, 0x8E, 0x7D, 0x8E, 0x7D, 0x8E, 0x7D, 0x8E, 0x7D, 0x8E, 0x7D,
    0x8E, 0x7D, 0x8E, 0x7D, 0x8E, 0x7D, 0x8E, 0x7D, 0x8E, 0x7D, 0x8E, 0x7D, 0x8E, 0x7D, 0x8E, 0x7D, 0x8E, 0x7D, 0x8E, 0x7D, 0x8E, 0x7D, 0x8E, 0x7D,
    0x8E, 0x7D, 0x8E, 0x7D, 0x8E, 0x7D, 0x8E, 0x7D, 0x8E, 0x7D, 0x8E, 0x7D, 0x8E, 0x7D, 0x8E, 0x7D, 0x8E, 0x7D, 0x8E, 0x7D, 0x8E, 0x7D, 0x8E, 0x7D,
    0x8E, 0x7D, 0x8E, 0x7D, 0x8E, 0x7D, 0x8E, 0x7D, 0x8E, 0x7D, 0x8E, 0x7D, 0x8E, 0x7D, 0x8E, 0x7D, 0x8E, 0x7D, 0x8E, 0x7D, 0x8E, 0x7D, 0x8E, 0x7D,
    0x8E, 0x7D, 0x8E, 0x7D, 0x8E, 0x7D, 0x8E, 0x7D, 0x8E, 0x7D, 0x8E, 0x7D, 0x8E, 0x7D, 0x8E, 0x7D, 0x8E, 0x7D, 0x8E, 0x7D, 0x8E, 0x7D, 0x8E, 0x7D,
    0x8E, 0x7D, 0x8E, 0x7D, 0x8E, 0x7D, 0x8E, 0x7D, 0x8E, 0x7D, 0x8E, 0x7D, 0x8E, 0x7D, 0x8E, 0x7D, 0x8E, 0x7D, 0x8E, 0x7D, 0x8E, 0x7D, 0x8E, 0x7D,
    0x8E, 0x7D, 0x8E, 0x7D, 0x8E, 0x7D, 0x8E, 0x7D, 0x8E, 0x7D, 0x8E, 0x7D, 0x8E, 0x7D, 0x8E, 0x7D, 0x8E, 0x7D, 0x8E, 0x7D, 0x8E, 0x7D, 0x8E, 0x7D,
    0x8E, 0x7D, 0x8E, 0x7D, 0x8E, 0x7D, 0x8E, 0x7D, 0x8E, 0x7D, 0x8E, 0x7D, 0x8E, 0x7D, 0x8E, 0x7D, 0x8E, 0x7D, 0x8E, 0x7D, 0x8E, 0x7D, 0x8E, 0x7D,
    0x8E, 0x7D, 0x8E, 0x7D, 0x8E, 0x7D, 0x8E, 0x7D, 0x8E, 0x7D, 0x8E, 0x7D, 0x8E, 0x7D, 0x8E, 0x7D, 0x8E, 0x7D, 0x8E, 0x7D, 0x8E, 0x7D, 0x8E, 0x7D,
    0x8E, 0x7D, 0x8E, 0x7D, 0x8E, 0x7D, 0x8E, 0x7D, 0x8E, 0x7D, 0x8E, 0x7D, 0x8E, 0x7D, 0x8E, 0x7D, 0x8E, 0x7D, 0x8E, 0x7D, 0x8E, 0x7D, 0x8E, 0x7D,
    0x8E, 0x7D, 0x8E, 0x7D, 0x8E, 0x7D, 0x8E, 0x7D, 0x8E, 0x7D, 0x8E, 0x7D, 0x8E, 0x7D, 0x8E, 0x7D, 0x8E, 0x7D, 0x8E, 0x7D, 0x8E, 0x7D, 0x8E, 0x7D,
    0x8E, 0x7D, 0x8E, 0x7D, 0x8E, 0x7D, 0x8E, 0x7D, 0x8E, 0x7D, 0x8E, 0x7D, 0x8E, 0x7D, 0x8E, 0x7D, 0x8E, 0x7D, 0x8E, 0x7D, 0x8E, 0x7D, 0x8E, 0x7D,
    0x8E, 0x7D, 0x8E, 0x7D, 0x8E, 0x7D, 0x8E, 0x7D, 0x8E, 0x7D, 0x8E, 0x7D, 0x8E, 0x7D, 0x8E, 0x7D, 0x8E, 0x7D, 0x8E, 0x7D, 0x8E, 0x7D, 0x8E, 0x7D,
    0x8E, 0x7D, 0x8E, 0x7D, 0x8E, 0x7D, 0x8E, 0x7D, 0x8E, 0x7D, 0x8E, 0x7D, 0x8E, 0x7D, 0x8E, 0x7D, 0x8E, 0x7D, 0x8E, 0x7D, 0x8E, 0x7D, 0x8E, 0x7D,
    0x8E, 0x7D, 0x8E, 0x7D, 0x8E, 0x7D, 0x8E, 0x7D, 0x8E, 0x7D, 0x8E, 0x7D, 0x8E, 0x7D, 0x8E, 0x7D, 0x8E, 0x7D, 0x8E, 0x7D, 0x8E, 0x7D, 0x8E, 0x7D,
    0x8E, 0x7D, 0x8E, 0x7D, 0x8E, 0x7D, 0x8E, 0x7D, 0x8E, 0x7D, 0x8E, 0x7D, 0x8E, 0x7D, 0x8E, 0x7D, 0x8E, 0x7D, 0x8E, 0x7D, 0x8E, 0x7D, 0x8E, 0x7D,
    0x8E, 0x7D, 0x8E, 0x7D, 0x8E, 0x7D, 0x8E, 0x7D, 0x8E, 0x7D, 0x8E, 0x7D, 0x8E, 0x7D, 0x8E, 0x7D, 0x8E, 0x7D, 0x8E, 0x7D, 0x8E, 0x7D, 0x8E, 0x7D,
    0x8E, 0x7D, 0x8E, 0x7D, 0x8E, 0x7D, 0x8E, 0x7D, 0x8E, 0x7D, 0x8E, 0x7D, 0x8E, 0x7D, 0x8E, 0x7D, 0x8E, 0x7D, 0x8E, 0x7D, 0x8E, 0x7D, 0x8E, 0x7D,
    0x8E, 0x7D, 0x8E, 0x7D, 0x8E, 0x7D, 0x8E, 0x7D, 0x8E, 0x7D, 0x8E, 0x7D, 0x8E, 0x7D, 0x8E, 0x7D, 0x8E, 0x7D, 0x8E, 0x7D, 0x8E, 0x7D, 0x8E, 0x7D,
    0x8E, 0x7D, 0x8E, 0x7D, 0x8E, 0x7D, 0x8E, 0x7D, 0x8E, 0x7D, 0x8E, 0x7D, 0x8E, 0x7D, 0x8E, 0x7D, 0x8E, 0x7D, 0x8E, 0x7D, 0x8E, 0x7D, 0x8E, 0x7D,
    0x8E, 0x7D, 0x8E, 0x7D, 0x8E, 0x7D, 0x8E, 0x7D, 0x8E, 0x7D, 0x8E, 0x7D, 0x8E, 0x7D, 0x8E, 0x7D, 0x8E, 0x7D, 0x8E, 0x7D, 0x8E, 0x7D, 0x8E, 0x7D,
    0x8E, 0x7D, 0x8E, 0x7D, 0x8E, 0x7D, 0x8E, 0x7D, 0x8E, 0x7D, 0x8E, 0x7D, 0x8E, 0x7D, 0x8E, 0x7D, 0x8E, 0x7D, 0x8E, 0x7D, 0x8E, 0x7D, 0x8E, 0x7D,
    0x8E, 0x7D, 0x8E, 0x7D, 0x8E, 0x7D, 0x8E, 0x7D, 0x8E, 0x7D, 0x8E, 0x7D, 0x8E, 0x7D, 0x8E, 0x7D, 0x8E, 0x7D, 0x8E, 0x7D, 0x8E, 0x7D, 0x8E, 0x7D,
    0x8E, 0x7D, 0x8E, 0x7D, 0x8E, 0x7D, 0x8E, 0x7D, 0x8E, 0x7D, 0x8E, 0x7D, 0x8E, 0x7D, 0x8E, 0x7D, 0x8E, 0x7D, 0x8E, 0x7D, 0x8E, 0x7D, 0x8E, 0x7D,
    0x8E, 0x7D, 0x8E, 0x7D, 0x8E, 0x7D, 0x8E, 0x7D, 0x8E, 0x7D, 0x8E, 0x7D, 0x8E, 0x7D, 0x8E, 0x7D, 0x8E, 0x7D, 0x8E, 0x7D, 0x8E, 0x7D, 0x8E, 0x7D,
    0x8E, 0x7D, 0x8E, 0x7D, 0x8E, 0x7D, 0x8E, 0x7D, 0x8E, 0x7D, 0x8E, 0x7D, 0x8E, 0x7D, 0x8E, 0x7D, 0x8E, 0x7D, 0x8E, 0x7D, 0x8E, 0x7D, 0x8E, 0x7D,
    0x8E, 0x7D, 0x8E, 0x7D, 0x8E, 0x7D, 0x8E, 0x7D, 0x8E, 0x7D, 0x8E, 0x7D, 0x8E, 0x7D, 0x8E, 0x7D, 0x8E, 0x7D, 0x8E, 0x7D, 0x8E, 0x7D, 0x8E, 0x7D,
    0x8E, 0x7D, 0x8E, 0x7D, 0x8E, 0x7D, 0x8E, 0x7D, 0x8E, 0x7D, 0x8E, 0x7D, 0x8E, 0x7D, 0x8E, 0x7D, 0x8E, 0x7D, 0x8E, 0x7D, 0x8E, 0x7D, 0x8E, 0x7D,
    0x8E, 0x7D, 0x8E, 0x7D, 0x8E, 0x7D, 0x8E, 0x7D, 0x8E, 0x7D, 0x8E, 0x7D, 0x8E, 0x7D, 0x8E, 0x7D, 0x8E, 0x7D, 0x8E, 0x7D, 0x8E, 0x7D, 0x8E, 0x7D,
    0x8E, 0x7D, 0x8E, 0x7D, 0x8E, 0x7D, 0x8E, 0x7D, 0x8E, 0x7D, 0x8E, 0x7D, 0x8E, 0x7D, 0x8E, 0x7D, 0x8E, 0x7D, 0x8E, 0x7D, 0x8E, 0x7D, 0x8E, 0x7D,
    0x8E, 0x7D, 0x8E, 0x7D, 0x8E, 0x7D, 0x8E, 0x7D, 0x8E, 0x7D, 0x8E, 0x7D, 0x8E, 0x7D, 0x8E, 0x7D, 0x8E, 0x7D, 0x8E, 0x7D, 0x8E, 0x7D, 0x8E, 0x7D,
    0x8E, 0x7D, 0x8E, 0x7D, 0x8E, 0x7D, 0x8E, 0x7D, 0x8E, 0x7D, 0x8E, 0x7D, 0x8E, 0x7D, 0x8E, 0x7D, 0x8E, 0x7D, 0x8E, 0x7D, 0x8E, 0x7D, 0x8E, 0x7D,
    0x8E, 0x7D, 0x8E, 0x7D, 0x8E, 0x7D, 0x8E, 0x7D, 0x8E, 0x7D, 0x8E, 0x7D, 0x8E, 0x7D, 0x8E, 0x7D, 0x8E, 0x7D, 0x8E, 0x7D, 0x8E, 0x7D, 0x8E, 0x7D,
    0x8E, 0x7D, 0x8E, 0x7D, 0x8E, 0x7D, 0x8E, 0x7D, 0x8E, 0x7D, 0x8E, 0x7D, 0x8E, 0x7D, 0x8E, 0x7D, 0x8E, 0x7D, 0x8E, 0x7D, 0x8E, 0x7D, 0x8E, 0x7D,
    0x8E, 0x7D, 0x8E, 0x7D, 0x8E, 0x7D, 0x8E, 0x7D, 0x8E, 0x7D, 0x8E, 0x7D, 0x8E, 0x7D, 0x8E, 0x7D, 0x8E, 0x7D, 0x8E, 0x7D, 0x8E, 0x7D, 0x8E, 0x7D,
    0x8E, 0x7D, 0x8E, 0x7D, 0x8E, 0x7D, 0x8E, 0x7D, 0x8E, 0x7D, 0x8E, 0x7D, 0x8E, 0x7D, 0x8E, 0x7D, 0x8E, 0x7D, 0x8E, 0x7D, 0x8E, 0x7D, 0x8E, 0x7D,
    0x8E, 0x7D, 0x8E, 0x7D, 0x8E, 0x7D, 0x8E, 0x7D, 0x8E, 0x7D, 0x8E, 0x7D, 0x8E, 0x7D, 0x8E, 0x7D, 0x8E, 0x7D, 0x8E, 0x7D, 0x8E, 0x7D, 0x8E, 0x7D,
    0x8E, 0x7D, 0x8E, 0x7D, 0x8E, 0x7D, 0x8E, 0x7D, 0x8E, 0x7D, 0x8E, 0x7D, 0x8E, 0x7D, 0x8E, 0x7D, 0x8E, 0x7D, 0x8E, 0x7D, 0x8E, 0x7D, 0x8E, 0x7D,
    0x8E, 0x7D, 0x8E, 0x7D, 0x8E, 0x7D, 0x8E, 0x7D, 0x8E, 0x7D, 0x8E, 0x7D, 0x8E, 0x7D, 0x8E, 0x7D, 0x8E, 0x7D, 0x8E, 0x7D, 0x8E, 0x7D, 0x8E, 0x7D,
    0x8E, 0x7D, 0x8E, 0x7D, 0x8E, 0x7D, 0x8E, 0x7D, 0x8E, 0x7D, 0x8E, 0x7D, 0x8E, 0x7D, 0x8E, 0x7D, 0x8E, 0x7D, 0x8E, 0x7D, 0x8E, 0x7D, 0x8E, 0x7D,
    0x8E, 0x7D, 0x8E, 0x7D, 0x8E, 0x7D, 0x8E, 0x7D, 0x8E, 0x7D, 0x8E, 0x7D, 0x8E, 0x7D, 0x8E, 0x7D, 0x8E, 0x7D, 0x8E, 0x7D, 0x8E, 0x7D, 0x8E, 0x7D,
    0x8E, 0x7D, 0x8E, 0x7D, 0x8E, 0x7D, 0x8E, 0x7D, 0x8E, 0x7D, 0x8E, 0x7D, 0x8E, 0x7D, 0x8E, 0x7D, 0x8E, 0x7D, 0x8E, 0x7D, 0x8E, 0x7D, 0x8E, 0x7D,
    0x8E, 0x7D, 0x8E, 0x7D, 0x8E, 0x7D, 0x8E, 0x7D, 0x8E, 0x7D, 0x8E, 0x7D, 0x8E, 0x7D, 0x8E, 0x7D, 0x8E, 0x7D, 0x8E, 0x7D, 0x8E, 0x7D, 0x8E, 0x7D,
    0x8E, 0x7D, 0x8E, 0x7D, 0x8E, 0x7D, 0x8E, 0x7D, 0x8E, 0x7D, 0x8E, 0x7D, 0x8E, 0x7D, 0x8E, 0x7D, 0x8E, 0x7D, 0x8E, 0x7D, 0x8E, 0x7D, 0x8E, 0x7D,
    0x8E, 0x7D, 0x8E, 0x7D, 0x8E, 0x7D, 0x8E, 0x7D, 0x8E, 0x7D, 0x8E, 0x7D, 0x8E, 0x7D, 0x8E, 0x7D, 0x8E, 0x7D, 0x8E, 0x7D, 0x8E, 0x7D, 0x8E, 0x7D,
    0x8E, 0x7D, 0x8E, 0x7D, 0x8E, 0x7D, 0x8E, 0x7D, 0x8E, 0x7D, 0x8E, 0x7D, 0x8E, 0x7D, 0x8E, 0x7D, 0x8E, 0x7D, 0x8E, 0x7D, 0x8E, 0x7D, 0x8E, 0x7D,
    0x8E, 0x7D, 0x8E, 0x7D, 0x8E, 0x7D, 0x8E, 0x7D, 0x8E, 0x7D, 0x8E, 0x7D, 0x8E, 0x7D, 0x8E, 0x7D, 0x8E, 0x7D, 0x8E, 0x7D, 0x8E, 0x7D, 0x8E, 0x7D,
    0x8E, 0x7D, 0x8E, 0x7D, 0x8E, 0x7D, 0x8E, 0x7D, 0x8E, 0x7D, 0x8E, 0x7D, 0x8E, 0x7D, 0x8E, 0x7D, 0x8E, 0x7D, 0x8E, 0x7D, 0x8E, 0x7D, 0x8E, 0x7D,
    0x8E, 0x7D, 0x8E, 0x7D, 0x8E, 0x7D, 0x8E, 0x7D, 0x8E, 0x7D, 0x8E, 0x7D, 0x8E, 0x7D, 0x8E, 0x7D, 0x8E, 0x7D, 0x8E, 0x7D, 0x8E, 0x7D, 0x8E, 0x7D,
    0x8E, 0x7D, 0x8E, 0x7D, 0x8E, 0x7D, 0x8E, 0x7D, 0x8E, 0x7D, 0x8E, 0x7D, 0x8E, 0x7D, 0x8E, 0x7D, 0x8E, 0x7D, 0x8E, 0x7D, 0x8E, 0x7D, 0x8E, 0x7D,
    0x8E, 0x7D, 0x8E, 0x7D, 0x8E, 0x7D, 0x8E, 0x7D, 0x8E, 0x7D, 0x8E, 0x7D, 0x8E, 0x7D, 0x8E, 0x7D, 0x8E, 0x7D, 0x8E, 0x7D, 0x8E, 0x7D, 0x8E, 0x7D,
    0x8E, 0x7D, 0x8E, 0x7D, 0x8E, 0x7D, 0x8E, 0x7D, 0x8E, 0x7D, 0x8E, 0x7D, 0x8E, 0x7D, 0x8E, 0x7D, 0x8E, 0x7D, 0x8E, 0x7D, 0x8E, 0x7D, 0x8E, 0x7D,
    0x8E, 0x7D, 0x8E, 0x7D, 0x8E, 0x7D, 0x8E, 0x7D, 0x8E, 0x7D, 0x8E, 0x7D, 0x8E, 0x7D, 0x8E, 0x7D, 0x8E, 0x7D, 0x8E, 0x7D, 0x8E, 0x7D, 0x8E, 0x7D,
    0x8E, 0x7D, 0x8E, 0x7D, 0x8E, 0x7D, 0x8E, 0x7D, 0x8E, 0x7D, 0x8E, 0x7D, 0x8E, 0x7D, 0x8E, 0x7D, 0x8E, 0x7D, 0x8E, 0x7D, 0x8E, 0x7D, 0x8E, 0x7D,
    0x8E, 0x7D, 0x8E, 0x7D, 0x8E, 0x7D, 0x8E, 0x7D, 0x8E, 0x7D, 0x8E, 0x7D, 0x8E, 0x7D, 0x8E, 0x7D, 0x8E, 0x7D, 0x8E, 0x7D, 0x8E, 0x7D, 0x8E, 0x7D,
    0x8E, 0x7D, 0x8E, 0x7D, 0x8E, 0x7D, 0x8E, 0x7D, 0x8E, 0x7D, 0x8E, 0x7D, 0x8E, 0x7D, 0x8E, 0x7D, 0x8E, 0x7D, 0x8E, 0x7D, 0x8E, 0x7D, 0x8E, 0x7D,
    0x8E, 0x7D, 0x8E, 0x7D, 0x8E, 0x7D, 0x8E, 0x7D, 0x8E, 0x7D, 0x8E, 0x7D, 0x8E, 0x7D, 0x8E, 0x7D, 0x8E, 0x7D, 0x8E, 0x7D, 0x8E, 0x7D, 0x8E, 0x7D,
    0x8E, 0x7D, 0x8E, 0x7D, 0x8E, 0x7D, 0x8E, 0x7D, 0x8E, 0x7D, 0x8E, 0x7D, 0x8E, 0x7D, 0x8E, 0x7D, 0x8E, 0x7D, 0x8E, 0x7D, 0x8E, 0x7D, 0x8E, 0x7D,
    0x8E, 0x7D, 0x8E, 0x7D, 0x8E, 0x7D, 0x8E, 0x7D, 0x8E, 0x7D, 0x8E, 0x7D, 0x8E, 0x7D, 0x8E, 0x7D, 0x8E, 0x7D, 0x8E, 0x7D, 0x8E, 0x7D, 0x8E, 0x7D,
    0x8E, 0x7D, 0x8E, 0x7D, 0x8E, 0x7D, 0x8E, 0x7D, 0x8E, 0x7D, 0x8E, 0x7D, 0x8E, 0x7D, 0x8E, 0x7D, 0x8E, 0x7D, 0x8E, 0x7D, 0x8E, 0x7D, 0x8E, 0x7D,
    0x8E, 0x7D, 0x8E, 0x7D, 0x8E, 0x7D, 0x8E, 0x7D, 0x8E, 0x7D, 0x8E, 0x7D, 0x8E, 0x7D, 0x8E, 0x7D, 0x8E, 0x7D, 0x8E, 0x7D, 0x8E, 0x7D, 0x8E, 0x7D,
    0x8E, 0x7D, 0x8E, 0x7D, 0x8E, 0x7D, 0x8E, 0x7D, 0x8E, 0x7D, 0x8E, 0x7D, 0x8E, 0x7D, 0x8E, 0x7D, 0x8E, 0x7D, 0x8E, 0x7D, 0x8E, 0x7D, 0x8E, 0x7D,
    0x8E, 0x7D, 0x8E, 0x7D, 0x8E, 0x7D, 0x8E, 0x7D, 0x8E, 0x7D, 0x8E, 0x7D, 0x8E, 0x7D, 0x8E, 0x7D, 0x8E, 0x7D, 0x8E, 0x7D, 0x8E, 0x7D, 0x8E, 0x7D,
    0x8E, 0x7D, 0x8E, 0x7D, 0x8E, 0x7D, 0x8E, 0x7D, 0x8E, 0x7D, 0x8E, 0x7D, 0x8E, 0x7D, 0x8E, 0x7D, 0x8E, 0x7D, 0x8E, 0x7D, 0x8E, 0x7D, 0x8E, 0x7D,
    0x8E, 0x7D, 0x8E, 0x7D, 0x8E, 0x7D, 0x8E, 0x7D, 0x8E, 0x7D, 0x8E, 0x7D, 0x8E, 0x7D, 0x8E, 0x7D, 0x8E, 0x7D, 0x8E, 0x7D, 0x8E, 0x7D, 0x8E, 0x7D,
    0x8E, 0x7D, 0x8E, 0x7D, 0x8E, 0x7D, 0x8E, 0x7D, 0x8E, 0x7D, 0x8E, 0x7D, 0x8E, 0x7D, 0x8E, 0x7D, 0x8E, 0x7D, 0x8E, 0x7D, 0x8E, 0x7D, 0x8E, 0x7D,
    0x8E, 0x7D, 0x8E, 0x7D, 0x8E, 0x7D, 0x8E, 0x7D, 0x8E, 0x7D, 0x8E, 0x7D, 0x8E, 0x7D, 0x8E, 0x7D, 0x8E, 0x7D, 0x8E, 0x7D, 0x8E, 0x7D, 0x8E, 0x7D,
    0x8E, 0x7D, 0x8E, 0x7D, 0x8E, 0x7D, 0x8E, 0x7D, 0x8E, 0x7D, 0x8E, 0x7D, 0x8E, 0x7D, 0x8E, 0x7D, 0x8E, 0x7D, 0x8E, 0x7D, 0x8E, 0x7D, 0x8E, 0x7D,
    0x8E, 0x7D, 0x8E, 0x7D, 0x8E, 0x7D, 0x8E, 0x7D, 0x8E, 0x7D, 0x8E, 0x7D, 0x8E, 0x7D, 0x8E, 0x7D, 0x8E, 0x7D, 0x8E, 0x7D, 0x8E, 0x7D, 0x8E, 0x7D,
    0x8E, 0x7D, 0x8E, 0x7D, 0x8E, 0x7D, 0x8E, 0x7D, 0x8E, 0x7D, 0x8E, 0x7D, 0x8E, 0x7D, 0x8E, 0x7D, 0x8E, 0x7D, 0x8E, 0x7D, 0x8E, 0x7D, 0x8E, 0x7D,
    0x8E, 0x7D, 0x8E, 0x7D, 0x8E, 0x7D, 0x8E, 0x7D, 0x8E, 0x7D, 0x8E, 0x7D, 0x8E, 0x7D, 0x8E, 0x7D, 0x8E, 0x7D, 0x8E, 0x7D, 0x8E, 0x7D, 0x8E, 0x7D,
    0x8E, 0x7D, 0x8E, 0x7D, 0x8E, 0x7D, 0x8E, 0x7D, 0x8E, 0x7D, 0x8E, 0x7D, 0x8E, 0x7D, 0x8E, 0x7D, 0x8E, 0x7D, 0x8E, 0x7D, 0x8E, 0x7D, 0x8E, 0x7D,
    0x8E, 0x7D, 0x8E, 0x7D, 0x8E, 0x7D, 0x8E, 0x7D, 0x8E, 0x7D, 0x8E, 0x7D, 0x8E, 0x7D, 0x8E, 0x7D, 0x8E, 0x7D, 0x8E, 0x7D, 0x8E, 0x7D, 0x8E, 0x7D,
    0x8E, 0x7D, 0x8E, 0x7D, 0x8E, 0x7D, 0x8E, 0x7D, 0x8E, 0x7D, 0x8E, 0x7D, 0x8E, 0x7D, 0x8E, 0x7D, 0x8E, 0x7D, 0x8E, 0x7D, 0x8E, 0x7D, 0x8E, 0x7D,
    0x8E, 0x7D, 0x8E, 0x7D, 0x8E, 0x7D, 0x8E, 0x7D, 0x8E, 0x7D, 0x8E, 0x7D, 0x8E, 0x7D, 0x8E, 0x7D, 0x8E, 0x7D, 0x8E, 0x7D, 0x8E, 0x7D, 0x8E, 0x7D,
    0x8E, 0x7D, 0x8E, 0x7D, 0x8E, 0x7D, 0x8E, 0x7D, 0x8E, 0x7D, 0x8E, 0x7D, 0x8E, 0x7D, 0x8E, 0x7D, 0x8E, 0x7D, 0x8E, 0x7D, 0x8E, 0x7D, 0x8E, 0x7D,
    0x8E, 0x7D, 0x8E, 0x7D, 0x8E, 0x7D, 0x8E, 0x7D, 0x8E, 0x7D, 0x8E, 0x7D, 0x8E, 0x7D, 0x8E, 0x7D, 0x8E, 0x7D, 0x8E, 0x7D, 0x8E, 0x7D, 0x8E, 0x7D,
    0x8E, 0x7D, 0x8E, 0x7D, 0x8E, 0x7D, 0x8E, 0x7D, 0x8E, 0x7D, 0x8E, 0x7D, 0x8E, 0x7D, 0x8E, 0x7D, 0x8E, 0x7D, 0x8E, 0x7D, 0x8E, 0x7D, 0x8E, 0x7D,
    0x8E, 0x7D, 0x8E, 0x7D, 0x8E, 0x7D, 0x8E, 0x7D, 0x8E, 0x7D, 0x8E, 0x7D, 0x8E, 0x7D, 0x8E, 0x7D, 0x8E, 0x7D, 0x8E, 0x7D, 0x8E, 0x7D, 0x8E, 0x7D,
    0x8E, 0x7D, 0x8E, 0x7D, 0x8E, 0x7D, 0x8E, 0x7D, 0x8E, 0x7D, 0x8E, 0x7D, 0x8E, 0x7D, 0x8E, 0x7D, 0x8E, 0x7D, 0x8E, 0x7D, 0x8E, 0x7D, 0x8E, 0x7D,
    0x8E, 0x7D, 0x8E, 0x7D, 0x8E, 0x7D, 0x8E, 0x7D, 0x8E, 0x7D, 0x8E, 0x7D, 0x8E, 0x7D, 0x8E, 0x7D, 0x8E, 0x7D, 0x8E, 0x7D, 0x8E, 0x7D, 0x8E, 0x7D,
    0x8E, 0x7D, 0x8E, 0x7D, 0x8E, 0x7D, 0x8E, 0x7D, 0x8E, 0x7D, 0x8E, 0x7D, 0x8E, 0x7D, 0x8E, 0x7D, 0x8E, 0x7D, 0x8E, 0x7D, 0x8E, 0x7D, 0x8E, 0x7D,
    0x8E, 0x7D, 0x8E, 0x7D, 0x8E, 0x7D, 0x8E, 0x7D, 0x8E, 0x7D, 0x8E, 0x7D, 0x8E, 0x7D, 0x8E, 0x7D, 0x8E, 0x7D, 0x8E, 0x7D, 0x8E, 0x7D, 0x8E, 0x7D,
    0x8E, 0x7D, 0x8E, 0x7D, 0x8E, 0x7D, 0x8E, 0x7D, 0x8E, 0x7D, 0x8E, 0x7D, 0x8E, 0x7D, 0x8E, 0x7D, 0x8E, 0x7D, 0x8E, 0x7D, 0x8E, 0x7D, 0x8E, 0x7D,
    0x8E, 0x7D, 0x8E, 0x7D, 0x8E, 0x7D, 0x8E, 0x7D, 0x8E, 0x7D, 0x8E, 0x7D, 0x8E, 0x7D, 0x8E, 0x7D, 0x8E, 0x7D, 0x8E, 0x7D, 0x8E, 0x7D, 0x8E, 0x7D,
    0x8E, 0x7D, 0x8E, 0x7D, 0x8E, 0x7D, 0x8E, 0x7D, 0x8E, 0x7D, 0x8E, 0x7D, 0x8E, 0x7D, 0x8E, 0x7D, 0x8E, 0x7D, 0x8E, 0x7D, 0x8E, 0x7D, 0x8E, 0x7D,
    0x8E, 0x7D, 0x8E, 0x7D, 0x8E, 0x7D, 0x8E, 0x7D, 0x8E, 0x7D, 0x8E, 0x7D, 0x8E, 0x7D, 0x8E, 0x7D, 0x8E, 0x7D, 0x8E, 0x7D, 0x8E, 0x7D, 0x8E, 0x7D,
    0x8E, 0x7D, 0x8E, 0x7D, 0x8E, 0x7D, 0x8E, 0x7D, 0x8E, 0x7D, 0x8E, 0x7D, 0x8E, 0x7D, 0x8E, 0x7D, 0x8E, 0x7D, 0x8E, 0x7D, 0x8E, 0x7D, 0x8E, 0x7D,
    0x8E, 0x7D, 0x8E, 0x7D, 0x8E, 0x7D, 0x8E, 0x7D, 0x8E, 0x7D, 0x8E, 0x7D, 0x8E, 0x7D, 0x8E, 0x7D, 0x8E, 0x7D, 0x8E, 0x7D, 0x8E, 0x7D, 0x8E, 0x7D,
    0x8E, 0x7D, 0x8E, 0x7D, 0x8E, 0x7D, 0x8E, 0x7D, 0x8E, 0x7D, 0x8E, 0x7D, 0x8E, 0x7D, 0x8E, 0x7D, 0x8E, 0x7D, 0x8E, 0x7D, 0x8E, 0x7D, 0x8E, 0x7D,
    0x8E, 0x7D, 0x8E, 0x7D, 0x8E, 0x7D, 0x8E, 0x7D, 0x8E, 0x7D, 0x8E, 0x7D, 0x8E, 0x7D, 0x8E, 0x7D, 0x8E, 0x7D, 0x8E, 0x7D, 0x8E, 0x7D, 0x8E, 0x7D,
    0x8E, 0x7D, 0x8E, 0x7D, 0x8E, 0x7D, 0x8E, 0x7D, 0x8E, 0x7D, 0x8E, 0x7D, 0x8E, 0x7D, 0x8E, 0x7D, 0x8E, 0x7D, 0x8E, 0x7D, 0x8E, 0x7D, 0x8E, 0x7D,
    0x8E, 0x7D, 0x8E, 0x7D, 0x8E, 0x7D, 0x8E, 0x7D, 0x8E, 0x7D, 0x8E, 0x7D, 0x8E, 0x7D, 0x8E, 0x7D, 0x8E, 0x7D, 0x8E, 0x7D, 0x8E, 0x7D, 0x8E, 0x7D,
    0x8E, 0x7D, 0x8E, 0x7D, 0x8E, 0x7D, 0x8E, 0x7D, 0x8E, 0x7D, 0x8E, 0x7D, 0x8E, 0x7D, 0x8E, 0x7D, 0x8E, 0x7D, 0x8E, 0x7D, 0x8E, 0x7D, 0x8E, 0x7D,
    0x8E, 0x7D, 0x8E, 0x7D, 0x8E, 0x7D, 0x8E, 0x7D, 0x8E, 0x7D, 0x8E, 0x7D, 0x8E, 0x7D, 0x8E, 0x7D, 0x8E, 0x7D, 0x8E, 0x7D, 0x8E, 0x7D, 0x8E, 0x7D,
    0x8E, 0x7D, 0x8E, 0x7D, 0x8E, 0x7D, 0x8E, 0x7D, 0x8E, 0x7D, 0x8E, 0x7D, 0x8E, 0x7D, 0x8E, 0x7D, 0x8E, 0x7D, 0x8E, 0x7D, 0x8E, 0x7D, 0x8E, 0x7D,
    0x8E, 0x7D, 0x8E, 0x7D, 0x8E, 0x7D, 0x8E, 0x7D, 0x8E, 0x7D, 0x8E, 0x7D, 0x8E, 0x7D, 0x8E, 0x7D, 0x8E, 0x7D, 0x8E, 0x7D, 0x8E, 0x7D, 0x8E, 0x7D,
    0x8E, 0x7D, 0x8E, 0x7D, 0x8E, 0x7D, 0x8E, 0x7D, 0x8E, 0x7D, 0x8E, 0x7D, 0x8E, 0x7D, 0x8E, 0x7D, 0x8E, 0x7D, 0x8E, 0x7D, 0x8E, 0x7D, 0x8E, 0x7D,
    0x8E, 0x7D, 0x8E, 0x7D, 0x8E, 0x7D, 0x8E, 0x7D, 0x8E, 0x7D, 0x8E, 0x7D, 0x8E, 0x7D, 0x8E, 0x7D, 0x8E, 0x7D, 0x8E, 0x7D, 0x8E, 0x7D, 0x8E, 0x7D,
    0x8E, 0x7D, 0x8E, 0x7D, 0x8E, 0x7D, 0x8E, 0x7D, 0x8E, 0x7D, 0x8E, 0x7D, 0x8E, 0x7D, 0x8E, 0x7D, 0x8E, 0x7D, 0x8E, 0x7D, 0x8E, 0x7D, 0x8E, 0x7D,
    0x8E, 0x7D, 0x8E, 0x7D, 0x8E, 0x7D, 0x8E, 0x7D, 0x8E, 0x7D, 0x8E, 0x7D, 0x8E, 0x7D, 0x8E, 0x7D, 0x8E, 0x7D, 0x8E, 0x7D, 0x8E, 0x7D, 0x8E, 0x7D,
    0x8E, 0x7D, 0x8E, 0x7D, 0x8E, 0x7D, 0x8E, 0x7D, 0x8E, 0x7D, 0x8E, 0x7D, 0x8E, 0x7D, 0x8E, 0x7D, 0x8E, 0x7D, 0x8E, 0x7D, 0x8E, 0x7D, 0x8E, 0x7D,
    0x8E, 0x7D, 0x8E, 0x7D, 0x8E, 0x7D, 0x8E, 0x7D, 0x8E, 0x7D, 0x8E, 0x7D, 0x8E, 0x7D, 0x8E, 0x7D, 0x8E, 0x7D, 0x8E, 0x7D, 0x8E, 0x7D, 0x8E, 0x7D,
    0x8E, 0x7D, 0x8E, 0x7D, 0x8E, 0x7D, 0x8E, 0x7D, 0x8E, 0x7D, 0x8E, 0x7D, 0x8E, 0x7D, 0x8E, 0x7D, 0x8E, 0x7D, 0x8E, 0x7D, 0x8E, 0x7D, 0x8E, 0x7D,
    0x8E, 0x7D, 0x8E, 0x7D, 0x8E, 0x7D, 0x8E, 0x7D, 0x8E, 0x7D, 0x8E, 0x7D, 0x8E, 0x7D, 0x8E, 0x7D, 0x8E, 0x7D, 0x8E, 0x7D, 0x8E, 0x7D, 0x8E, 0x7D,
    0x8E, 0x7D, 0x8E, 0x7D, 0x8E, 0x7D, 0x8E, 0x7D, 0x8E, 0x7D, 0x8E, 0x7D, 0x8E, 0x7D, 0x8E, 0x7D, 0x8E, 0x7D, 0x8E, 0x7D, 0x8E, 0x7D, 0x8E, 0x7D,
    0x8E, 0x7D, 0x8E, 0x7D, 0x8E, 0x7D, 0x8E, 0x7D, 0x8E, 0x7D, 0x8E, 0x7D, 0x8E, 0x7D, 0x8E, 0x7D, 0x8E, 0x7D, 0x8E, 0x7D, 0x8E, 0x7D, 0x8E, 0x7D,
    0x8E, 0x7D, 0x8E, 0x7D, 0x8E, 0x7D, 0x8E, 0x7D, 0x8E, 0x7D, 0x8E, 0x7D, 0x8E, 0x7D, 0x8E, 0x7D, 0x8E, 0x7D, 0x8E, 0x7D, 0x8E, 0x7D, 0x8E, 0x7D,
    0x8E, 0x7D, 0x8E, 0x7D, 0x8E, 0x7D, 0x8E, 0x7D, 0x8E, 0x7D, 0x8E, 0x7D, 0x8E, 0x7D, 0x8E, 0x7D, 0x8E, 0x7D, 0x8E, 0x7D, 0x8E, 0x7D, 0x8E, 0x7D,
    0x8E, 0x7D, 0x8E, 0x7D, 0x8E, 0x7D, 0x8E, 0x7D, 0x8E, 0x7D, 0x8E, 0x7D, 0x8E, 0x7D, 0x8E, 0x7D, 0x8E, 0x7D, 0x8E, 0x7D, 0x8E, 0x7D, 0x8E, 0x7D,
    0x8E, 0x7D, 0x8E, 0x7D, 0x8E, 0x7D, 0x8E, 0x7D, 0x8E, 0x7D, 0x8E, 0x7D, 0x8E, 0x7D, 0x8E, 0x7D, 0x8E, 0x7D, 0x8E, 0x7D, 0x8E, 0x7D, 0x8E, 0x7D,
    0x8E, 0x7D, 0x8E, 0x7D, 0x8E, 0x7D, 0x8E, 0x7D, 0x8E, 0x7D, 0x8E, 0x7D, 0x8E, 0x7D, 0x8E, 0x7D, 0x8E, 0x7D, 0x8E, 0x7D, 0x8E, 0x7D, 0x8E, 0x7D,
    0x8E, 0x7D, 0x8E, 0x7D, 0x8E, 0x7D, 0x8E, 0x7D, 0x8E, 0x7D, 0x8E, 0x7D, 0x8E, 0x7D, 0x8E, 0x7D, 0x8E, 0x7D, 0x8E, 0x7D, 0x8E, 0x7D, 0x8E, 0x7D,
    0x8E, 0x7D, 0x8E, 0x7D, 0x8E, 0x7D, 0x8E, 0x7D, 0x8E, 0x7D, 0x8E, 0x7D, 0x8E, 0x7D, 0x8E, 0x7D, 0x8E, 0x7D, 0x8E, 0x7D, 0x8E, 0x7D, 0x8E, 0x7D,
    0x8E, 0x7D, 0x8E, 0x7D, 0x8E, 0x7D, 0x8E, 0x7D, 0x8E, 0x7D, 0x8E, 0x7D, 0x8E, 0x7D, 0x8E, 0x7D, 0x8E, 0x7D, 0x8E, 0x7D, 0x8E, 0x7D, 0x8E, 0x7D,
    0x8E, 0x7D, 0x8E, 0x7D, 0x8E, 0x7D, 0x8E, 0x7D, 0x8E, 0x7D, 0x8E, 0x7D, 0x8E, 0x7D, 0x8E, 0x7D, 0x8E, 0x7D, 0x8E, 0x7D, 0x8E, 0x7D, 0x8E, 0x7D,
    0x8E, 0x7D, 0x8E, 0x7D, 0x8E, 0x7D, 0x8E, 0x7D, 0x8E, 0x7D, 0x8E, 0x7D, 0x8E, 0x7D, 0x8E, 0x7D, 0x8E, 0x7D, 0x8E, 0x7D, 0x8E, 0x7D, 0x8E, 0x7D,
    0x8E, 0x7D, 0x8E, 0x7D, 0x8E, 0x7D, 0x8E, 0x7D, 0x8E, 0x7D, 0x8E, 0x7D, 0x8E, 0x7D, 0x8E, 0x7D, 0x8E, 0x7D, 0x8E, 0x7D, 0x8E, 0x7D, 0x8E, 0x7D,
    0x8E, 0x7D, 0x8E, 0x7D, 0x8E, 0x7D, 0x8E, 0x7D, 0x8E, 0x7D, 0x8E, 0x7D, 0x8E, 0x7D, 0x8E, 0x7D, 0x8E, 0x7D, 0x8E, 0x7D, 0x8E, 0x7D, 0x8E, 0x7D,
    0x8E, 0x7D, 0x8E, 0x7D, 0x8E, 0x7D, 0x8E, 0x7D, 0x8E, 0x7D, 0x8E, 0x7D, 0x8E, 0x7D, 0x8E, 0x7D, 0x8E, 0x7D, 0x8E, 0x7D, 0x8E, 0x7D, 0x8E, 0x7D,
    0x8E, 0x7D, 0x8E, 0x7D, 0x8E, 0x7D, 0x8E, 0x7D, 0x8E, 0x7D, 0x8E, 0x7D, 0x8E, 0x7D, 0x8E, 0x7D, 0x8E, 0x7D, 0x8E, 0x7D, 0x8E, 0x7D, 0x8E, 0x7D,
    0x8E, 0x7D, 0x8E, 0x7D, 0x8E, 0x7D, 0x8E, 0x7D, 0x8E, 0x7D, 0x8E, 0x7D, 0x8E, 0x7D, 0x8E, 0x7D, 0x8E, 0x7D, 0x8E, 0x7D, 0x8E, 0x7D, 0x8E, 0x7D,
    0x8E, 0x7D, 0x8E, 0x7D, 0x8E, 0x7D, 0x8E, 0x7D, 0x8E, 0x7D, 0x8E, 0x7D, 0x8E, 0x7D, 0x8E, 0x7D, 0x8E, 0x7D, 0x8E, 0x7D, 0x8E, 0x7D, 0x8E, 0x7D,
    0x8E, 0x7D, 0x8E, 0x7D, 0x8E, 0x7D, 0x8E, 0x7D, 0x8E, 0x7D, 0x8E, 0x7D, 0x8E, 0x7D, 0x8E, 0x7D, 0x8E, 0x7D, 0x8E, 0x7D, 0x8E, 0x7D, 0x8E, 0x7D,
    0x8E, 0x7D, 0x8E, 0x7D, 0x8E, 0x7D, 0x8E, 0x7D, 0x8E, 0x7D, 0x8E, 0x7D, 0x8E, 0x7D, 0x8E, 0x7D, 0x8E, 0x7D, 0x8E, 0x7D, 0x8E, 0x7D, 0x8E, 0x7D,
    0x8E, 0x7D, 0x8E, 0x7D, 0x8E, 0x7D, 0x8E, 0x7D, 0x8E, 0x7D, 0x8E, 0x7D, 0x8E, 0x7D, 0x8E, 0x7D, 0x8E, 0x7D, 0x8E, 0x7D, 0x8E, 0x7D, 0x8E, 0x7D,
    0x8E, 0x7D, 0x8E, 0x7D, 0x8E, 0x7D, 0x8E, 0x7D, 0x8E, 0x7D, 0x8E, 0x7D, 0x8E, 0x7D, 0x8E, 0x7D, 0x8E, 0x7D, 0x8E, 0x7D, 0x8E, 0x7D, 0x8E, 0x7D,
    0x8E, 0x7D, 0x8E, 0x7D, 0x8E, 0x7D, 0x8E, 0x7D, 0x8E, 0x7D, 0x8E, 0x7D, 0x8E, 0x7D, 0x8E, 0x7D, 0x8E, 0x7D, 0x8E, 0x7D, 0x8E, 0x7D, 0x8E, 0x7D,
    0x8E, 0x7D, 0x8E, 0x7D, 0x8E, 0x7D, 0x8E, 0x7D, 0x8E, 0x7D, 0x8E, 0x7D, 0x8E, 0x7D, 0x8E, 0x7D, 0x8E, 0x7D, 0x8E, 0x7D, 0x8E, 0x7D, 0x8E, 0x7D,
    0x8E, 0x7D, 0x8E, 0x7D, 0x8E, 0x7D, 0x8E, 0x7D, 0x8E, 0x7D, 0x8E, 0x7D, 0x8E, 0x7D, 0x8E, 0x7D, 0x8E, 0x7D, 0x8E, 0x7D, 0x8E, 0x7D, 0x8E, 0x7D,
    0x8E, 0x7D, 0x8E, 0x7D, 0x8E, 0x7D, 0x8E, 0x7D, 0x8E, 0x7D, 0x8E, 0x7D, 0x8E, 0x7D, 0x8E, 0x7D, 0x8E, 0x7D, 0x8E, 0x7D, 0x8E, 0x7D, 0x8E, 0x7D,
    0x8E, 0x7D, 0x8E, 0x7D, 0x8E, 0x7D, 0x8E, 0x7D, 0x8E, 0x7D, 0x8E, 0x7D, 0x8E, 0x7D, 0x8E, 0x7D, 0x8E, 0x7D, 0x8E, 0x7D, 0x8E, 0x7D, 0x8E, 0x7D,
    0x8E, 0x7D, 0x8E, 0x7D, 0x8E, 0x7D, 0x8E, 0x7D, 0x8E, 0x7D, 0x8E, 0x7D, 0x8E, 0x7D, 0x8E, 0x7D, 0x8E, 0x7D, 0x8E, 0x7D, 0x8E, 0x7D, 0x8E, 0x7D,
    0x8E, 0x7D, 0x8E, 0x7D, 0x8E, 0x7D, 0x8E, 0x7D, 0x8E, 0x7D, 0x8E, 0x7D, 0x8E, 0x7D, 0x8E, 0x7D, 0x8E, 0x7D, 0x8E, 0x7D, 0x8E, 0x7D, 0x8E, 0x7D,
    0x8E, 0x7D, 0x8E, 0x7D, 0x8E, 0x7D, 0x8E, 0x7D, 0x8E, 0x7D, 0x8E, 0x7D, 0x8E, 0x7D, 0x8E, 0x7D, 0x8E, 0x7D, 0x8E, 0x7D, 0x8E, 0x7D, 0x8E, 0x7D,
    0x8E, 0x7D, 0x8E, 0x7D, 0x8E, 0x7D, 0x8E, 0x7D, 0x8E, 0x7D, 0x8E, 0x7D, 0x8E, 0x7D, 0x8E, 0x7D, 0x8E, 0x7D, 0x8E, 0x7D, 0x8E, 0x7D, 0x8E, 0x7D,
    0x8E, 0x7D, 0x8E, 0x7D, 0x8E, 0x7D, 0x8E, 0x7D, 0x8E, 0x7D, 0x8E, 0x7D, 0x8E, 0x7D, 0x8E, 0x7D, 0x8E, 0x7D, 0x8E, 0x7D, 0x8E, 0x7D, 0x8E, 0x7D,
    0x8E, 0x7D, 0x8E, 0x7D, 0x8E, 0x7D, 0x8E, 0x7D, 0x8E, 0x7D, 0x8E, 0x7D, 0x8E, 0x7D, 0x8E, 0x7D, 0x8E, 0x7D, 0x8E, 0x7D, 0x8E, 0x7D, 0x8E, 0x7D,
    0x8E, 0x7D, 0x8E, 0x7D, 0x8E, 0x7D, 0x8E, 0x7D, 0x8E, 0x7D, 0x8E, 0x7D, 0x8E, 0x7D, 0x8E, 0x7D, 0x8E, 0x7D, 0x8E, 0x7D, 0x8E, 0x7D, 0x8E, 0x7D,
    0x8E, 0x7D, 0x8E, 0x7D, 0x8E, 0x7D, 0x8E, 0x7D, 0x8E, 0x7D, 0x8E, 0x7D, 0x8E, 0x7D, 0x8E, 0x7D, 0x8E, 0x7D, 0x8E, 0x7D, 0x8E, 0x7D, 0x8E, 0x7D,
    0x8E, 0x7D, 0x8E, 0x7D, 0x8E, 0x7D, 0x8E, 0x7D, 0x8E, 0x7D, 0x8E, 0x7D, 0x8E, 0x7D, 0x8E, 0x7D, 0x8E, 0x7D, 0x8E, 0x7D, 0x8E, 0x7D, 0x8E, 0x7D,
    0x8E, 0x7D, 0x8E, 0x7D, 0x8E, 0x7D, 0x8E, 0x7D, 0x8E, 0x7D, 0x8E, 0x7D, 0x8E, 0x7D, 0x8E, 0x7D, 0x8E, 0x7D, 0x8E, 0x7D, 0x8E, 0x7D, 0x8E, 0x7D,
    0x8E, 0x7D, 0x8E, 0x7D, 0x8E, 0x7D, 0x8E, 0x7D, 0x8E, 0x7D, 0x8E, 0x7D, 0x8E, 0x7D, 0x8E, 0x7D, 0x8E, 0x7D, 0x8E, 0x7D, 0x8E, 0x7D, 0x8E, 0x7D,
    0x8E, 0x7D, 0x8E, 0x7D, 0x8E, 0x7D, 0x8E, 0x7D, 0x8E, 0x7D, 0x8E, 0x7D, 0x8E, 0x7D, 0x8E, 0x7D, 0x8E, 0x7D, 0x8E, 0x7D, 0x8E, 0x7D, 0x8E, 0x7D,
    0x8E, 0x7D, 0x8E, 0x7D, 0x8E, 0x7D, 0x8E, 0x7D, 0x8E, 0x7D, 0x8E, 0x7D, 0x8E, 0x7D, 0x8E, 0x7D, 0x8E, 0x7D, 0x8E, 0x7D, 0x8E, 0x7D, 0x8E, 0x7D,
    0x8E, 0x7D, 0x8E, 0x7D, 0x8E, 0x7D, 0x8E, 0x7D, 0x8E, 0x7D, 0x8E, 0x7D, 0x8E, 0x7D, 0x8E, 0x7D, 0x8E, 0x7D, 0x8E, 0x7D, 0x8E, 0x7D, 0x8E, 0x7D,
    0x8E, 0x7D, 0x8E, 0x7D, 0x8E, 0x7D, 0x8E, 0x7D, 0x8E, 0x7D, 0x8E, 0x7D, 0x8E, 0x7D, 0x8E, 0x7D, 0x8E, 0x7D, 0x8E, 0x7D, 0x8E, 0x7D, 0x8E, 0x7D,
    0x8E, 0x7D, 0x8E, 0x7D, 0x8E, 0x7D, 0x8E, 0x7D, 0x8E, 0x7D, 0x8E, 0x7D, 0x8E, 0x7D, 0x8E, 0x7D, 0x8E, 0x7D, 0x8E, 0x7D, 0x8E, 0x7D, 0x8E, 0x7D,
    0x8E, 0x7D, 0x8E, 0x7D, 0x8E, 0x7D, 0x8E, 0x7D, 0x8E, 0x7D, 0x8E, 0x7D, 0x8E, 0x7D, 0x8E, 0x7D, 0x8E, 0x7D, 0x8E, 0x7D, 0x8E, 0x7D, 0x8E, 0x7D,
    0x8E, 0x7D, 0x8E, 0x7D, 0x8E, 0x7D, 0x8E, 0x7D, 0x8E, 0x7D, 0x8E, 0x7D, 0x8E, 0x7D, 0x8E, 0x7D, 0x8E, 0x7D, 0x8E, 0x7D, 0x8E, 0x7D, 0x8E, 0x7D,
    0x8E, 0x7D, 0x8E, 0x7D, 0x8E, 0x7D, 0x8E, 0x7D, 0x8E, 0x7D, 0x8E, 0x7D, 0x8E, 0x7D, 0x8E, 0x7D, 0x8E, 0x7D, 0x8E, 0x7D, 0x8E, 0x7D, 0x8E, 0x7D,
    0x8E, 0x7D, 0x8E, 0x7D, 0x8E, 0x7D, 0x8E, 0x7D, 0x8E, 0x7D, 0x8E, 0x7D, 0x8E, 0x7D, 0x8E, 0x7D, 0x8E, 0x7D, 0x8E, 0x7D, 0x8E, 0x7D, 0x8E, 0x7D,
    0x8E, 0x7D, 0x8E, 0x7D, 0x8E, 0x7D, 0x8E, 0x7D, 0x8E, 0x7D, 0x8E, 0x7D, 0x8E, 0x7D, 0x8E, 0x7D, 0x8E, 0x7D, 0x8E, 0x7D, 0x8E, 0x7D, 0x8E, 0x7D,
    0x8E, 0x7D, 0x8E, 0x7D, 0x8E, 0x7D, 0x8E, 0x7D, 0x8E, 0x7D, 0x8E, 0x7D, 0x8E, 0x7D, 0x8E, 0x7D, 0x8E, 0x7D, 0x8E, 0x7D, 0x8E, 0x7D, 0x8E, 0x7D,
    0x8E, 0x7D, 0x8E, 0x7D, 0x8E, 0x7D, 0x8E, 0x7D, 0x8E, 0x7D, 0x8E, 0x7D, 0x8E, 0x7D, 0x8E, 0x7D, 0x8E, 0x7D, 0x8E, 0x7D, 0x8E, 0x7D, 0x8E, 0x7D,
    0x8E, 0x7D, 0x8E, 0x7D, 0x8E, 0x7D, 0x8E, 0x7D, 0x8E, 0x7D, 0x8E, 0x7D, 0x8E, 0x7D, 0x8E, 0x7D, 0x8E, 0x7D, 0x8E, 0x7D, 0x8E, 0x7D, 0x8E, 0x7D,
    0x8E, 0x7D, 0x8E, 0x7D, 0x8E, 0x7D, 0x8E, 0x7D, 0x8E, 0x7D, 0x8E, 0x7D, 0x8E, 0x7D, 0x8E, 0x7D, 0x8E, 0x7D, 0x8E, 0x7D, 0x8E, 0x7D, 0x8E, 0x7D,
    0x8E, 0x7D, 0x8E, 0x7D, 0x8E, 0x7D, 0x8E, 0x7D, 0x8E, 0x7D, 0x8E, 0x7D, 0x8E, 0x7D, 0x8E, 0x7D, 0x8E, 0x7D, 0x8E, 0x7D, 0x8E, 0x7D, 0x8E, 0x7D,
    0x8E, 0x7D, 0x8E, 0x7D, 0x8E, 0x7D, 0x8E, 0x7D, 0x8E, 0x7D, 0x8E, 0x7D, 0x8E, 0x7D, 0x8E, 0x7D, 0x8E, 0x7D, 0x8E, 0x7D, 0x8E, 0x7D, 0x8E, 0x7D,
    0x8E, 0x7D, 0x8E, 0x7D, 0x8E, 0x7D, 0x8E, 0x7D, 0x8E, 0x7D, 0x8E, 0x7D, 0x8E, 0x7D, 0x8E, 0x7D, 0x8E, 0x7D, 0x8E, 0x7D, 0x8E, 0x7D, 0x8E, 0x7D,
    0x8E, 0x7D, 0x8E, 0x7D, 0x8E, 0x7D, 0x8E, 0x7D, 0x8E, 0x7D, 0x8E, 0x7D, 0x8E, 0x7D, 0x8E, 0x7D, 0x8E, 0x7D, 0x8E, 0x7D, 0x8E, 0x7D, 0x8E, 0x7D,
    0x8E, 0x7D, 0x8E, 0x7D, 0x8E, 0x7D, 0x8E, 0x7D, 0x8E, 0x7D, 0x8E, 0x7D, 0x8E, 0x7D, 0x8E, 0x7D, 0x8E, 0x7D, 0x8E, 0x7D, 0x8E, 0x7D, 0x8E, 0x7D,
    0x8E, 0x7D, 0x8E, 0x7D, 0x8E, 0x7D, 0x8E, 0x7D, 0x8E, 0x7D, 0x8E, 0x7D, 0x8E, 0x7D, 0x8E, 0x7D, 0x8E, 0x7D, 0x8E, 0x7D, 0x8E, 0x7D, 0x8E, 0x7D,
    0x8E, 0x7D, 0x8E, 0x7D, 0x8E, 0x7D, 0x8E, 0x7D, 0x8E, 0x7D, 0x8E, 0x7D, 0x8E, 0x7D, 0x8E, 0x7D, 0x8E, 0x7D, 0x8E, 0x7D, 0x8E, 0x7D, 0x8E, 0x7D,
    0x8E, 0x9D, 0x8E, 0x9D, 0x8E, 0x9D, 0x8E, 0x9D, 0x8E, 0x9D, 0x8E, 0x9D, 0x8E, 0x9D, 0x8E, 0x9D, 0x8E, 0x9D, 0x8E, 0x9D, 0x8E, 0x9D, 0x8E, 0x9D,
    0x8E, 0x9D, 0x8E, 0x9D, 0x8E, 0x9D, 0x8E, 0x9D, 0x8E, 0x9D, 0x8E, 0x9D, 0x8E, 0x9D, 0x8E, 0x9D, 0x8E, 0x9D, 0x8E, 0x9D, 0x8E, 0x9D, 0x8E, 0x9D,
    0x8E, 0x9D, 0x8E, 0x9D, 0x8E, 0x9D, 0x8E, 0x9D, 0x8E, 0x9D, 0x8E, 0x9D, 0x8E, 0x9D, 0x8E, 0x9D, 0x8E, 0x9D, 0x8E, 0x9D, 0x8E, 0x9D, 0x8E, 0x9D,
    0x8E, 0x9D, 0x8E, 0x9D, 0x8E, 0x9D, 0x8E, 0x9D, 0x8E, 0x9D, 0x8E, 0x9D, 0x8E, 0x9D, 0x8E, 0x9D, 0x8E, 0x9D, 0x8E, 0x9D, 0x8E, 0x9D, 0x8E, 0x9D,
    0x8E, 0x9D, 0x8E, 0x9D, 0x8E, 0x9D, 0x8E, 0x9D, 0x8E, 0x9D, 0x8E, 0x9D, 0x8E, 0x9D, 0x8E, 0x9D, 0x8E, 0x9D, 0x8E, 0x9D, 0x8E, 0x9D, 0x8E, 0x9D,
    0x8E, 0x9D, 0x8E, 0x9D, 0x8E, 0x9D, 0x8E, 0x9D, 0x8E, 0x9D, 0x8E, 0x9D, 0x8E, 0x9D, 0x8E, 0x9D, 0x8E, 0x9D, 0x8E, 0x9D, 0x8E, 0x9D, 0x8E, 0x9D,
    0x8E, 0x9D, 0x8E, 0x9D, 0x8E, 0x9D, 0x8E, 0x9D, 0x8E, 0x9D, 0x8E, 0x9D, 0x8E, 0x9D, 0x8E, 0x9D, 0x8E, 0x9D, 0x8E, 0x9D, 0x8E, 0x9D, 0x8E, 0x9D,
    0x8E, 0x9D, 0x8E, 0x9D, 0x8E, 0x9D, 0x8E, 0x9D, 0x8E, 0x9D, 0x8E, 0x9D, 0x8E, 0x9D, 0x8E, 0x9D, 0x8E, 0x9D, 0x8E, 0x9D, 0x8E, 0x9D, 0x8E, 0x9D,
    0x8E, 0x9D, 0x8E, 0x9D, 0x8E, 0x9D, 0x8E, 0x9D, 0x8E, 0x9D, 0x8E, 0x9D, 0x8E, 0x9D, 0x8E, 0x9D, 0x8E, 0x9D, 0x8E, 0x9D, 0x8E, 0x9D, 0x8E, 0x9D,
    0x8E, 0x9D, 0x8E, 0x9D, 0x8E, 0x9D, 0x8E, 0x9D, 0x8E, 0x9D, 0x8E, 0x9D, 0x8E, 0x9D, 0x8E, 0x9D, 0x8E, 0x9D, 0x8E, 0x9D, 0x8E, 0x9D, 0x8E, 0x9D,
    0x8E, 0x9D, 0x8E, 0x9D, 0x8E, 0x9D, 0x8E, 0x9D, 0x8E, 0x9D, 0x8E, 0x9D, 0x8E, 0x9D, 0x8E, 0x9D, 0x8E, 0x9D, 0x8E, 0x9D, 0x8E, 0x9D, 0x8E, 0x9D,
    0x8E, 0x9D, 0x8E, 0x9D, 0x8E, 0x9D, 0x8E, 0x9D, 0x8E, 0x9D, 0x8E, 0x9D, 0x8E, 0x9D, 0x8E, 0x9D, 0x8E, 0x9D, 0x8E, 0x9D, 0x8E, 0x9D, 0x8E, 0x9D,
    0x8E, 0x9D, 0x8E, 0x9D, 0x8E, 0x9D, 0x8E, 0x9D, 0x8E, 0x9D, 0x8E, 0x9D, 0x8E, 0x9D, 0x8E, 0x9D, 0x8E, 0x9D, 0x8E, 0x9D, 0x8E, 0x9D, 0x8E, 0x9D,
    0x8E, 0x9D, 0x8E, 0x9D, 0x8E, 0x9D, 0x8E, 0x9D, 0x8E, 0x9D, 0x8E, 0x9D, 0x8E, 0x9D, 0x8E, 0x9D, 0x8E, 0x9D, 0x8E, 0x9D, 0x8E, 0x9D, 0x8E, 0x9D,
    0x8E, 0x9D, 0x8E, 0x9D, 0x8E, 0x9D, 0x8E, 0x9D, 0x8E, 0x9D, 0x8E, 0x9D, 0x8E, 0x9D, 0x8E, 0x9D, 0x8E, 0x9D, 0x8E, 0x9D, 0x8E, 0x9D, 0x8E, 0x9D,
    0x8E, 0x9D, 0x8E, 0x9D, 0x8E, 0x9D, 0x8E, 0x9D, 0x8E, 0x9D, 0x8E, 0x9D, 0x8E, 0x9D, 0x8E, 0x9D, 0x8E, 0x9D, 0x8E, 0x9D, 0x8E, 0x9D, 0x8E, 0x9D,
    0x8E, 0x9D, 0x8E, 0x9D, 0x8E, 0x9D, 0x8E, 0x9D, 0x8E, 0x9D, 0x8E, 0x9D, 0x8E, 0x9D, 0x8E, 0x9D, 0x8E, 0x9D, 0x8E, 0x9D, 0x8E, 0x9D, 0x8E, 0x9D,
    0x8E, 0x9D, 0x8E, 0x9D, 0x8E, 0x9D, 0x8E, 0x9D, 0x8E, 0x9D, 0x8E, 0x9D, 0x8E, 0x9D, 0x8E, 0x9D, 0x8E, 0x9D, 0x8E, 0x9D, 0x8E, 0x9D, 0x8E, 0x9D,
    0x8E, 0x9D, 0x8E, 0x9D, 0x8E, 0x9D, 0x8E, 0x9D, 0x8E, 0x9D, 0x8E, 0x9D, 0x8E, 0x9D, 0x8E, 0x9D, 0x8E, 0x9D, 0x8E, 0x9D, 0x8E, 0x9D, 0x8E, 0x9D,
    0x8E, 0x9D, 0x8E, 0x9D, 0x8E, 0x9D, 0x8E, 0x9D, 0x8E, 0x9D, 0x8E, 0x9D, 0x8E, 0x9D, 0x8E, 0x9D, 0x8E, 0x9D, 0x8E, 0x9D, 0x8E, 0x9D, 0x8E, 0x9D,
    0x8E, 0x9D, 0x8E, 0x9D, 0x8E, 0x9D, 0x8E, 0x9D, 0x8E, 0x9D, 0x8E, 0x9D, 0x8E, 0x9D, 0x8E, 0x9D, 0x8E, 0x9D, 0x8E, 0x9D, 0x8E, 0x9D, 0x8E, 0x9D,
    0x8E, 0x9D, 0x8E, 0x9D, 0x8E, 0x9D, 0x8E, 0x9D, 0x8E, 0x9D, 0x8E, 0x9D, 0x8E, 0x9D, 0x8E, 0x9D, 0x8E, 0x9D, 0x8E, 0x9D, 0x8E, 0x9D, 0x8E, 0x9D,
    0x8E, 0x9D, 0x8E, 0x9D, 0x8E, 0x9D, 0x8E, 0x9D, 0x8E, 0x9D, 0x8E, 0x9D, 0x8E, 0x9D, 0x8E, 0x9D, 0x8E, 0x9D, 0x8E, 0x9D, 0x8E, 0x9D, 0x8E, 0x9D,
    0x8E, 0x9D, 0x8E, 0x9D, 0x8E, 0x9D, 0x8E, 0x9D, 0x8E, 0x9D, 0x8E, 0x9D, 0x8E, 0x9D, 0x8E, 0x9D, 0x8E, 0x9D, 0x8E, 0x9D, 0x8E, 0x9D, 0x8E, 0x9D,
    0x8E, 0x9D, 0x8E, 0x9D, 0x8E, 0x9D, 0x8E, 0x9D, 0x8E, 0x9D, 0x8E, 0x9D, 0x8E, 0x9D, 0x8E, 0x9D, 0x8E, 0x9D, 0x8E, 0x9D, 0x8E, 0x9D, 0x8E, 0x9D,
    0x8E, 0x9D, 0x8E, 0x9D, 0x8E, 0x9D, 0x8E, 0x9D, 0x8E, 0x9D, 0x8E, 0x9D, 0x8E, 0x9D, 0x8E, 0x9D, 0x8E, 0x9D, 0x8E, 0x9D, 0x8E, 0x9D, 0x8E, 0x9D,
    0x8E, 0x9D, 0x8E, 0x9D, 0x8E, 0x9D, 0x8E, 0x9D, 0x8E, 0x9D, 0x8E, 0x9D, 0x8E, 0x9D, 0x8E, 0x9D, 0x8E, 0x9D, 0x8E, 0x9D, 0x8E, 0x9D, 0x8E, 0x9D,
    0x8E, 0x9D, 0x8E, 0x9D, 0x8E, 0x9D, 0x8E, 0x9D, 0x8E, 0x9D, 0x8E, 0x9D, 0x8E, 0x9D, 0x8E, 0x9D, 0x8E, 0x9D, 0x8E, 0x9D, 0x8E, 0x9D, 0x8E, 0x9D,
    0x8E, 0x9D, 0x8E, 0x9D, 0x8E, 0x9D, 0x8E, 0x9D, 0x8E, 0x9D, 0x8E, 0x9D, 0x8E, 0x9D, 0x8E, 0x9D, 0x8E, 0x9D, 0x8E, 0x9D, 0x8E, 0x9D, 0x8E, 0x9D,
    0x8E, 0x9D, 0x8E, 0x9D, 0x8E, 0x9D, 0x8E, 0x9D, 0x8E, 0x9D, 0x8E, 0x9D, 0x8E, 0x9D, 0x8E, 0x9D, 0x8E, 0x9D, 0x8E, 0x9D, 0x8E, 0x9D, 0x8E, 0x9D,
    0x8E, 0x9D, 0x8E, 0x9D, 0x8E, 0x9D, 0x8E, 0x9D, 0x8E, 0x9D, 0x8E, 0x9D, 0x8E, 0x9D, 0x8E, 0x9D, 0x8E, 0x9D, 0x8E, 0x9D, 0x8E, 0x9D, 0x8E, 0x9D,
    0x8E, 0x9D, 0x8E, 0x9D, 0x8E, 0x9D, 0x8E, 0x9D, 0x8E, 0x9D, 0x8E, 0x9D, 0x8E, 0x9D, 0x8E, 0x9D, 0x8E, 0x9D, 0x8E, 0x9D, 0x8E, 0x9D, 0x8E, 0x9D,
    0x8E, 0x9D, 0x8E, 0x9D, 0x8E, 0x9D, 0x8E, 0x9D, 0x8E, 0x9D, 0x8E, 0x9D, 0x8E, 0x9D, 0x8E, 0x9D, 0x8E, 0x9D, 0x8E, 0x9D, 0x8E, 0x9D, 0x8E, 0x9D,
    0x8E, 0x9D, 0x8E, 0x9D, 0x8E, 0x9D, 0x8E, 0x9D, 0x8E, 0x9D, 0x8E, 0x9D, 0x8E, 0x9D, 0x8E, 0x9D, 0x8E, 0x9D, 0x8E, 0x9D, 0x8E, 0x9D, 0x8E, 0x9D,
    0x8E, 0x9D, 0x8E, 0x9D, 0x8E, 0x9D, 0x8E, 0x9D, 0x8E, 0x9D, 0x8E, 0x9D, 0x8E, 0x9D, 0x8E, 0x9D, 0x8E, 0x9D, 0x8E, 0x9D, 0x8E, 0x9D, 0x8E, 0x9D,
    0x8E, 0x9D, 0x8E, 0x9D, 0x8E, 0x9D, 0x8E, 0x9D, 0x8E, 0x9D, 0x8E, 0x9D, 0x8E, 0x9D, 0x8E, 0x9D, 0x8E, 0x9D, 0x8E, 0x9D, 0x8E, 0x9D, 0x8E, 0x9D,
    0x8E, 0x9D, 0x8E, 0x9D, 0x8E, 0x9D, 0x8E, 0x9D, 0x8E, 0x9D, 0x8E, 0x9D, 0x8E, 0x9D, 0x8E, 0x9D, 0x8E, 0x9D, 0x8E, 0x9D, 0x8E, 0x9D, 0x8E, 0x9D,
    0x8E, 0x9D, 0x8E, 0x9D, 0x8E, 0x9D, 0x8E, 0x9D, 0x8E, 0x9D, 0x8E, 0x9D, 0x8E, 0x9D, 0x8E, 0x9D, 0x8E, 0x9D, 0x8E, 0x9D, 0x8E, 0x9D, 0x8E, 0x9D,
    0x8E, 0x9D, 0x8E, 0x9D, 0x8E, 0x9D, 0x8E, 0x9D, 0x8E, 0x9D, 0x8E, 0x9D, 0x8E, 0x9D, 0x8E, 0x9D, 0x8E, 0x9D, 0x8E, 0x9D, 0x8E, 0x9D, 0x8E, 0x9D,
    0x8E, 0x9D, 0x8E, 0x9D, 0x8E, 0x9D, 0x8E, 0x9D, 0x8E, 0x9D, 0x8E, 0x9D, 0x8E, 0x9D, 0x8E, 0x9D, 0x8E, 0x9D, 0x8E, 0x9D, 0x8E, 0x9D, 0x8E, 0x9D,
    0x8E, 0x9D, 0x8E, 0x9D, 0x8E, 0x9D, 0x8E, 0x9D, 0x8E, 0x9D, 0x8E, 0x9D, 0x8E, 0x9D, 0x8E, 0x9D, 0x8E, 0x9D, 0x8E, 0x9D, 0x8E, 0x9D, 0x8E, 0x9D,
    0x8E, 0x9D, 0x8E, 0x9D, 0x8E, 0x9D, 0x8E, 0x9D, 0x8E, 0x9D, 0x8E, 0x9D, 0x8E, 0x9D, 0x8E, 0x9D, 0x8E, 0x9D, 0x8E, 0x9D, 0x8E, 0x9D, 0x8E, 0x9D,
    0x8E, 0x9D, 0x8E, 0x9D, 0x8E, 0x9D, 0x8E, 0x9D, 0x8E, 0x9D, 0x8E, 0x9D, 0x8E, 0x9D, 0x8E, 0x9D, 0x8E, 0x9D, 0x8E, 0x9D, 0x8E, 0x9D, 0x8E, 0x9D,
    0x8E, 0x9D, 0x8E, 0x9D, 0x8E, 0x9D, 0x8E, 0x9D, 0x8E, 0x9D, 0x8E, 0x9D, 0x8E, 0x9D, 0x8E, 0x9D, 0x8E, 0x9D, 0x8E, 0x9D, 0x8E, 0x9D, 0x8E, 0x9D,
    0x8E, 0x9D, 0x8E, 0x9D, 0x8E, 0x9D, 0x8E, 0x9D, 0x8E, 0x9D, 0x8E, 0x9D, 0x8E, 0x9D, 0x8E, 0x9D, 0x8E, 0x9D, 0x8E, 0x9D, 0x8E, 0x9D, 0x8E, 0x9D,
    0x8E, 0x9D, 0x8E, 0x9D, 0x8E, 0x9D, 0x8E, 0x9D, 0x8E, 0x9D, 0x8E, 0x9D, 0x8E, 0x9D, 0x8E, 0x9D, 0x8E, 0x9D, 0x8E, 0x9D, 0x8E, 0x9D, 0x8E, 0x9D,
    0x8E, 0x9D, 0x8E, 0x9D, 0x8E, 0x9D, 0x8E, 0x9D, 0x8E, 0x9D, 0x8E, 0x9D, 0x8E, 0x9D, 0x8E, 0x9D, 0x8E, 0x9D, 0x8E, 0x9D, 0x8E, 0x9D, 0x8E, 0x9D,
    0x8E, 0x9D, 0x8E, 0x9D, 0x8E, 0x9D, 0x8E, 0x9D, 0x8E, 0x9D, 0x8E, 0x9D, 0x8E, 0x9D, 0x8E, 0x9D, 0x8E, 0x9D, 0x8E, 0x9D, 0x8E, 0x9D, 0x8E, 0x9D,
    0x8E, 0x9D, 0x8E, 0x9D, 0x8E, 0x9D, 0x8E, 0x9D, 0x8E, 0x9D, 0x8E, 0x9D, 0x8E, 0x9D, 0x8E, 0x9D, 0x8E, 0x9D, 0x8E, 0x9D, 0x8E, 0x9D, 0x8E, 0x9D,
    0x8E, 0x9D, 0x8E, 0x9D, 0x8E, 0x9D, 0x8E, 0x9D, 0x8E, 0x9D, 0x8E, 0x9D, 0x8E, 0x9D, 0x8E, 0x9D, 0x8E, 0x9D, 0x8E, 0x9D, 0x8E, 0x9D, 0x8E, 0x9D,
    0x8E, 0x9D, 0x8E, 0x9D, 0x8E, 0x9D, 0x8E, 0x9D, 0x8E, 0x9D, 0x8E, 0x9D, 0x8E, 0x9D, 0x8E, 0x9D, 0x8E, 0x9D, 0x8E, 0x9D, 0x8E, 0x9D, 0x8E, 0x9D,
    0x8E, 0x9D, 0x8E, 0x9D, 0x8E, 0x9D, 0x8E, 0x9D, 0x8E, 0x9D, 0x8E, 0x9D, 0x8E, 0x9D, 0x8E, 0x9D, 0x8E, 0x9D, 0x8E, 0x9D, 0x8E, 0x9D, 0x8E, 0x9D,
    0x8E, 0x9D, 0x8E, 0x9D, 0x8E, 0x9D, 0x8E, 0x9D, 0x8E, 0x9D, 0x8E, 0x9D, 0x8E, 0x9D, 0x8E, 0x9D, 0x8E, 0x9D, 0x8E, 0x9D, 0x8E, 0x9D, 0x8E, 0x9D,
    0x8E, 0x9D, 0x8E, 0x9D, 0x8E, 0x9D, 0x8E, 0x9D, 0x8E, 0x9D, 0x8E, 0x9D, 0x8E, 0x9D, 0x8E, 0x9D, 0x8E, 0x9D, 0x8E, 0x9D, 0x8E, 0x9D, 0x8E, 0x9D,
    0x8E, 0x9D, 0x8E, 0x9D, 0x8E, 0x9D, 0x8E, 0x9D, 0x8E, 0x9D, 0x8E, 0x9D, 0x8E, 0x9D, 0x8E, 0x9D, 0x8E, 0x9D, 0x8E, 0x9D, 0x8E, 0x9D, 0x8E, 0x9D,
    0x8E, 0x9D, 0x8E, 0x9D, 0x8E, 0x9D, 0x8E, 0x9D, 0x8E, 0x9D, 0x8E, 0x9D, 0x8E, 0x9D, 0x8E, 0x9D, 0x8E, 0x9D, 0x8E, 0x9D, 0x8E, 0x9D, 0x8E, 0x9D,
    0x8E, 0x9D, 0x8E, 0x9D, 0x8E, 0x9D, 0x8E, 0x9D, 0x8E, 0x9D, 0x8E, 0x9D, 0x8E, 0x9D, 0x8E, 0x9D, 0x8E, 0x9D, 0x8E, 0x9D, 0x8E, 0x9D, 0x8E, 0x9D,
    0x8E, 0x9D, 0x8E, 0x9D, 0x8E, 0x9D, 0x8E, 0x9D, 0x8E, 0x9D, 0x8E, 0x9D, 0x8E, 0x9D, 0x8E, 0x9D, 0x8E, 0x9D, 0x8E, 0x9D, 0x8E, 0x9D, 0x8E, 0x9D,
    0x8E, 0x9D, 0x8E, 0x9D, 0x8E, 0x9D, 0x8E, 0x9D, 0x8E, 0x9D, 0x8E, 0x9D, 0x8E, 0x9D, 0x8E, 0x9D, 0x8E, 0x9D, 0x8E, 0x9D, 0x8E, 0x9D, 0x8E, 0x9D,
    0x8E, 0x9D, 0x8E, 0x9D, 0x8E, 0x9D, 0x8E, 0x9D, 0x8E, 0x9D, 0x8E, 0x9D, 0x8E, 0x9D, 0x8E, 0x9D, 0x8E, 0x9D, 0x8E, 0x9D, 0x8E, 0x9D, 0x8E, 0x9D,
    0x8E, 0x9D, 0x8E, 0x9D, 0x8E, 0x9D, 0x8E, 0x9D, 0x8E, 0x9D, 0x8E, 0x9D, 0x8E, 0x9D, 0x8E, 0x9D, 0x8E, 0x9D, 0x8E, 0x9D, 0x8E, 0x9D, 0x8E, 0x9D,
    0x8E, 0x9D, 0x8E, 0x9D, 0x8E, 0x9D, 0x8E, 0x9D, 0x8E, 0x9D, 0x8E, 0x9D, 0x8E, 0x9D, 0x8E, 0x9D, 0x8E, 0x9D, 0x8E, 0x9D, 0x8E, 0x9D, 0x8E, 0x9D,
    0x8E, 0x9D, 0x8E, 0x9D, 0x8E, 0x9D, 0x8E, 0x9D, 0x8E, 0x9D, 0x8E, 0x9D, 0x8E, 0x9D, 0x8E, 0x9D, 0x8E, 0x9D, 0x8E, 0x9D, 0x8E, 0x9D, 0x8E, 0x9D,
    0x8E, 0x9D, 0x8E, 0x9D, 0x8E, 0x9D, 0x8E, 0x9D, 0x8E, 0x9D, 0x8E, 0x9D, 0x8E, 0x9D, 0x8E, 0x9D, 0x8E, 0x9D, 0x8E, 0x9D, 0x8E, 0x9D, 0x8E, 0x9D,
    0x8E, 0x9D, 0x8E, 0x9D, 0x8E, 0x9D, 0x8E, 0x9D, 0x8E, 0x9D, 0x8E, 0x9D, 0x8E, 0x9D, 0x8E, 0x9D, 0x8E, 0x9D, 0x8E, 0x9D, 0x8E, 0x9D, 0x8E, 0x9D,
    0x8E, 0x9D, 0x8E, 0x9D, 0x8E, 0x9D, 0x8E, 0x9D, 0x8E, 0x9D, 0x8E, 0x9D, 0x8E, 0x9D, 0x8E, 0x9D, 0x8E, 0x9D, 0x8E, 0x9D, 0x8E, 0x9D, 0x8E, 0x9D,
    0x8E, 0x9D, 0x8E, 0x9D, 0x8E, 0x9D, 0x8E, 0x9D, 0x8E, 0x9D, 0x8E, 0x9D, 0x8E, 0x9D, 0x8E, 0x9D, 0x8E, 0x9D, 0x8E, 0x9D, 0x8E, 0x9D, 0x8E, 0x9D,
    0x8E, 0x9D, 0x8E, 0x9D, 0x8E, 0x9D, 0x8E, 0x9D, 0x8E, 0x9D, 0x8E, 0x9D, 0x8E, 0x9D, 0x8E, 0x9D, 0x8E, 0x9D, 0x8E, 0x9D, 0x8E, 0x9D, 0x8E, 0x9D,
    0x8E, 0x9D, 0x8E, 0x9D, 0x8E, 0x9D, 0x8E, 0x9D, 0x8E, 0x9D, 0x8E, 0x9D, 0x8E, 0x9D, 0x8E, 0x9D, 0x8E, 0x9D, 0x8E, 0x9D, 0x8E, 0x9D, 0x8E, 0x9D,
    0x8E, 0x9D, 0x8E, 0x9D, 0x8E, 0x9D, 0x8E, 0x9D, 0x8E, 0x9D, 0x8E, 0x9D, 0x8E, 0x9D, 0x8E, 0x9D, 0x8E, 0x9D, 0x8E, 0x9D, 0x8E, 0x9D, 0x8E, 0x9D,
    0x8E, 0x9D, 0x8E, 0x9D, 0x8E, 0x9D, 0x8E, 0x9D, 0x8E, 0x9D, 0x8E, 0x9D, 0x8E, 0x9D, 0x8E, 0x9D, 0x8E, 0x9D, 0x8E, 0x9D, 0x8E, 0x9D, 0x8E, 0x9D,
    0x8E, 0x9D, 0x8E, 0x9D, 0x8E, 0x9D, 0x8E, 0x9D, 0x8E, 0x9D, 0x8E, 0x9D, 0x8E, 0x9D, 0x8E, 0x9D, 0x8E, 0x9D, 0x8E, 0x9D, 0x8E, 0x9D, 0x8E, 0x9D,
    0x8E, 0x9D, 0x8E, 0x9D, 0x8E, 0x9D, 0x8E, 0x9D, 0x8E, 0x9D, 0x8E, 0x9D, 0x8E, 0x9D, 0x8E, 0x9D, 0x8E, 0x9D, 0x8E, 0x9D, 0x8E, 0x9D, 0x8E, 0x9D,
    0x8E, 0x9D, 0x8E, 0x9D, 0x8E, 0x9D, 0x8E, 0x9D, 0x8E, 0x9D, 0x8E, 0x9D, 0x8E, 0x9D, 0x8E, 0x9D, 0x8E, 0x9D, 0x8E, 0x9D, 0x8E, 0x9D, 0x8E, 0x9D,
    0x8E, 0x9D, 0x8E, 0x9D, 0x8E, 0x9D, 0x8E, 0x9D, 0x8E, 0x9D, 0x8E, 0x9D, 0x8E, 0x9D, 0x8E, 0x9D, 0x8E, 0x9D, 0x8E, 0x9D, 0x8E, 0x9D, 0x8E, 0x9D,
    0x8E, 0x9D, 0x8E, 0x9D, 0x8E, 0x9D, 0x8E, 0x9D, 0x8E, 0x9D, 0x8E, 0x9D, 0x8E, 0x9D, 0x8E, 0x9D, 0x8E, 0x9D, 0x8E, 0x9D, 0x8E, 0x9D, 0x8E, 0x9D,
    0x8E, 0x9D, 0x8E, 0x9D, 0x8E, 0x9D, 0x8E, 0x9D, 0x8E, 0x9D, 0x8E, 0x9D, 0x8E, 0x9D, 0x8E, 0x9D, 0x8E, 0x9D, 0x8E, 0x9D, 0x8E, 0x9D, 0x8E, 0x9D,
    0x8E, 0x9D, 0x8E, 0x9D, 0x8E, 0x9D, 0x8E, 0x9D, 0x8E, 0x9D, 0x8E, 0x9D, 0x8E, 0x9D, 0x8E, 0x9D, 0x8E, 0x9D, 0x8E, 0x9D, 0x8E, 0x9D, 0x8E, 0x9D,
    0x8E, 0x9D, 0x8E, 0x9D, 0x8E, 0x9D, 0x8E, 0x9D, 0x8E, 0x9D, 0x8E, 0x9D, 0x8E, 0x9D, 0x8E, 0x9D, 0x8E, 0x9D, 0x8E, 0x9D, 0x8E, 0x9D, 0x8E, 0x9D,
    0x8E, 0x9D, 0x8E, 0x9D, 0x8E, 0x9D, 0x8E, 0x9D, 0x8E, 0x9D, 0x8E, 0x9D, 0x8E, 0x9D, 0x8E, 0x9D, 0x8E, 0x9D, 0x8E, 0x9D, 0x8E, 0x9D, 0x8E, 0x9D,
    0x8E, 0x9D, 0x8E, 0x9D, 0x8E, 0x9D, 0x8E, 0x9D, 0x8E, 0x9D, 0x8E, 0x9D, 0x8E, 0x9D, 0x8E, 0x9D, 0x8E, 0x9D, 0x8E, 0x9D, 0x8E, 0x9D, 0x8E, 0x9D,
    0x8E, 0x9D, 0x8E, 0x9D, 0x8E, 0x9D, 0x8E, 0x9D, 0x8E, 0x9D, 0x8E, 0x9D, 0x8E, 0x9D, 0x8E, 0x9D, 0x8E, 0x9D, 0x8E, 0x9D, 0x8E, 0x9D, 0x8E, 0x9D,
    0x8E, 0x9D, 0x8E, 0x9D, 0x8E, 0x9D, 0x8E, 0x9D, 0x8E, 0x9D, 0x8E, 0x9D, 0x8E, 0x9D, 0x8E, 0x9D, 0x8E, 0x9D, 0x8E, 0x9D, 0x8E, 0x9D, 0x8E, 0x9D,
    0x8E, 0x9D, 0x8E, 0x9D, 0x8E, 0x9D, 0x8E, 0x9D, 0x8E, 0x9D, 0x8E, 0x9D, 0x8E, 0x9D, 0x8E, 0x9D, 0x8E, 0x9D, 0x8E, 0x9D, 0x8E, 0x9D, 0x8E, 0x9D,
    0x8E, 0x9D, 0x8E, 0x9D, 0x8E, 0x9D, 0x8E, 0x9D, 0x8E, 0x9D, 0x8E, 0x9D, 0x8E, 0x9D, 0x8E, 0x9D, 0x8E, 0x9D, 0x8E, 0x9D, 0x8E, 0x9D, 0x8E, 0x9D,
    0x8E, 0x9D, 0x8E, 0x9D, 0x8E, 0x9D, 0x8E, 0x9D, 0x8E, 0x9D, 0x8E, 0x9D, 0x8E, 0x9D, 0x8E, 0x9D, 0x8E, 0x9D, 0x8E, 0x9D, 0x8E, 0x9D, 0x8E, 0x9D,
    0x8E, 0x9D, 0x8E, 0x9D, 0x8E, 0x9D, 0x8E, 0x9D, 0x8E, 0x9D, 0x8E, 0x9D, 0x8E, 0x9D, 0x8E, 0x9D, 0x8E, 0x9D, 0x8E, 0x9D, 0x8E, 0x9D, 0x8E, 0x9D,
    0x8E, 0x9D, 0x8E, 0x9D, 0x8E, 0x9D, 0x8E, 0x9D, 0x8E, 0x9D, 0x8E, 0x9D, 0x8E, 0x9D, 0x8E, 0x9D, 0x8E, 0x9D, 0x8E, 0x9D, 0x8E, 0x9D, 0x8E, 0x9D,
    0x8E, 0x9D, 0x8E, 0x9D, 0x8E, 0x9D, 0x8E, 0x9D, 0x8E, 0x9D, 0x8E, 0x9D, 0x8E, 0x9D, 0x8E, 0x9D, 0x8E, 0x9D, 0x8E, 0x9D, 0x8E, 0x9D, 0x8E, 0x9D,
    0x8E, 0x9D, 0x8E, 0x9D, 0x8E, 0x9D, 0x8E, 0x9D, 0x8E, 0x9D, 0x8E, 0x9D, 0x8E, 0x9D, 0x8E, 0x9D, 0x8E, 0x9D, 0x8E, 0x9D, 0x8E, 0x9D, 0x8E, 0x9D,
    0x8E, 0x9D, 0x8E, 0x9D, 0x8E, 0x9D, 0x8E, 0x9D, 0x8E, 0x9D, 0x8E, 0x9D, 0x8E, 0x9D, 0x8E, 0x9D, 0x8E, 0x9D, 0x8E, 0x9D, 0x8E, 0x9D, 0x8E, 0x9D,
    0x8E, 0x9D, 0x8E, 0x9D, 0x8E, 0x9D, 0x8E, 0x9D, 0x8E, 0x9D, 0x8E, 0x9D, 0x8E, 0x9D, 0x8E, 0x9D, 0x8E, 0x9D, 0x8E, 0x9D, 0x8E, 0x9D, 0x8E, 0x9D,
    0x8E, 0x9D, 0x8E, 0x9D, 0x8E, 0x9D, 0x8E, 0x9D, 0x8E, 0x9D, 0x8E, 0x9D, 0x8E, 0x9D, 0x8E, 0x9D, 0x8E, 0x9D, 0x8E, 0x9D, 0x8E, 0x9D, 0x8E, 0x9D,
    0x8E, 0x9D, 0x8E, 0x9D, 0x8E, 0x9D, 0x8E, 0x9D, 0x8E, 0x9D, 0x8E, 0x9D, 0x8E, 0x9D, 0x8E, 0x9D, 0x8E, 0x9D, 0x8E, 0x9D, 0x8E, 0x9D, 0x8E, 0x9D,
    0x8E, 0x9D, 0x8E, 0x9D, 0x8E, 0x9D, 0x8E, 0x9D, 0x8E, 0x9D, 0x8E, 0x9D, 0x8E, 0x9D, 0x8E, 0x9D, 0x8E, 0x9D, 0x8E, 0x9D, 0x8E, 0x9D, 0x8E, 0x9D,
    0x8E, 0x9D, 0x8E, 0x9D, 0x8E, 0x9D, 0x8E, 0x9D, 0x8E, 0x9D, 0x8E, 0x9D, 0x8E, 0x9D, 0x8E, 0x9D, 0x8E, 0x9D, 0x8E, 0x9D, 0x8E, 0x9D, 0x8E, 0x9D,
    0x8E, 0x9D, 0x8E, 0x9D, 0x8E, 0x9D, 0x8E, 0x9D, 0x8E, 0x9D, 0x8E, 0x9D, 0x8E, 0x9D, 0x8E, 0x9D, 0x8E, 0x9D, 0x8E, 0x9D, 0x8E, 0x9D, 0x8E, 0x9D,
    0x8E, 0x9D, 0x8E, 0x9D, 0x8E, 0x9D, 0x8E, 0x9D, 0x8E, 0x9D, 0x8E, 0x9D, 0x8E, 0x9D, 0x8E, 0x9D, 0x8E, 0x9D, 0x8E, 0x9D, 0x8E, 0x9D, 0x8E, 0x9D,
    0x8E, 0x9D, 0x8E, 0x9D, 0x8E, 0x9D, 0x8E, 0x9D, 0x8E, 0x9D, 0x8E, 0x9D, 0x8E, 0x9D, 0x8E, 0x9D, 0x8E, 0x9D, 0x8E, 0x9D, 0x8E, 0x9D, 0x8E, 0x9D,
    0x8E, 0x9D, 0x8E, 0x9D, 0x8E, 0x9D, 0x8E, 0x9D, 0x8E, 0x9D, 0x8E, 0x9D, 0x8E, 0x9D, 0x8E, 0x9D, 0x8E, 0x9D, 0x8E, 0x9D, 0x8E, 0x9D, 0x8E, 0x9D,
    0x8E, 0x9D, 0x8E, 0x9D, 0x8E, 0x9D, 0x8E, 0x9D, 0x8E, 0x9D, 0x8E, 0x9D, 0x8E, 0x9D, 0x8E, 0x9D, 0x8E, 0x9D, 0x8E, 0x9D, 0x8E, 0x9D, 0x8E, 0x9D,
    0x8E, 0x9D, 0x8E, 0x9D, 0x8E, 0x9D, 0x8E, 0x9D, 0x8E, 0x9D, 0x8E, 0x9D, 0x8E, 0x9D, 0x8E, 0x9D, 0x8E, 0x9D, 0x8E, 0x9D, 0x8E, 0x9D, 0x8E, 0x9D,
    0x8E, 0x9D, 0x8E, 0x9D, 0x8E, 0x9D, 0x8E, 0x9D, 0x8E, 0x9D, 0x8E, 0x9D, 0x8E, 0x9D, 0x8E, 0x9D, 0x8E, 0x9D, 0x8E, 0x9D, 0x8E, 0x9D, 0x8E, 0x9D,
    0x8E, 0x9D, 0x8E, 0x9D, 0x8E, 0x9D, 0x8E, 0x9D, 0x8E, 0x9D, 0x8E, 0x9D, 0x8E, 0x9D, 0x8E, 0x9D, 0x8E, 0x9D, 0x8E, 0x9D, 0x8E, 0x9D, 0x8E, 0x9D,
    0x8E, 0x9D, 0x8E, 0x9D, 0x8E, 0x9D, 0x8E, 0x9D, 0x8E, 0x9D, 0x8E, 0x9D, 0x8E, 0x9D, 0x8E, 0x9D, 0x8E, 0x9D, 0x8E, 0x9D, 0x8E, 0x9D, 0x8E, 0x9D,
    0x8E, 0x9D, 0x8E, 0x9D, 0x8E, 0x9D, 0x8E, 0x9D, 0x8E, 0x9D, 0x8E, 0x9D, 0x8E, 0x9D, 0x8E, 0x9D, 0x8E, 0x9D, 0x8E, 0x9D, 0x8E, 0x9D, 0x8E, 0x9D,
    0x8E, 0x9D, 0x8E, 0x9D, 0x8E, 0x9D, 0x8E, 0x9D, 0x8E, 0x9D, 0x8E, 0x9D, 0x8E, 0x9D, 0x8E, 0x9D, 0x8E, 0x9D, 0x8E, 0x9D, 0x8E, 0x9D, 0x8E, 0x9D,
    0x8E, 0x9D, 0x8E, 0x9D, 0x8E, 0x9D, 0x8E, 0x9D, 0x8E, 0x9D, 0x8E, 0x9D, 0x8E, 0x9D, 0x8E, 0x9D, 0x8E, 0x9D, 0x8E, 0x9D, 0x8E, 0x9D, 0x8E, 0x9D,
    0x8E, 0x9D, 0x8E, 0x9D, 0x8E, 0x9D, 0x8E, 0x9D, 0x8E, 0x9D, 0x8E, 0x9D, 0x8E, 0x9D, 0x8E, 0x9D, 0x8E, 0x9D, 0x8E, 0x9D, 0x8E, 0x9D, 0x8E, 0x9D,
    0x8E, 0x9D, 0x8E, 0x9D, 0x8E, 0x9D, 0x8E, 0x9D, 0x8E, 0x9D, 0x8E, 0x9D, 0x8E, 0x9D, 0x8E, 0x9D, 0x8E, 0x9D, 0x8E, 0x9D, 0x8E, 0x9D, 0x8E, 0x9D,
    0x8E, 0x9D, 0x8E, 0x9D, 0x8E, 0x9D, 0x8E, 0x9D, 0x8E, 0x9D, 0x8E, 0x9D, 0x8E, 0x9D, 0x8E, 0x9D, 0x8E, 0x9D, 0x8E, 0x9D, 0x8E, 0x9D, 0x8E, 0x9D,
    0x8E, 0x9D, 0x8E, 0x9D, 0x8E, 0x9D, 0x8E, 0x9D, 0x8E, 0x9D, 0x8E, 0x9D, 0x8E, 0x9D, 0x8E, 0x9D, 0x8E, 0x9D, 0x8E, 0x9D, 0x8E, 0x9D, 0x8E, 0x9D,
    0x8E, 0x9D, 0x8E, 0x9D, 0x8E, 0x9D, 0x8E, 0x9D, 0x8E, 0x9D, 0x8E, 0x9D, 0x8E, 0x9D, 0x8E, 0x9D, 0x8E, 0x9D, 0x8E, 0x9D, 0x8E, 0x9D, 0x8E, 0x9D,
    0x8E, 0x9D, 0x8E, 0x9D, 0x8E, 0x9D, 0x8E, 0x9D, 0x8E, 0x9D, 0x8E, 0x9D, 0x8E, 0x9D, 0x8E, 0x9D, 0x8E, 0x9D, 0x8E, 0x9D, 0x8E, 0x9D, 0x8E, 0x9D,
    0x8E, 0x9D, 0x8E, 0x9D, 0x8E, 0x9D, 0x8E, 0x9D, 0x8E, 0x9D, 0x8E, 0x9D, 0x8E, 0x9D, 0x8E, 0x9D, 0x8E, 0x9D, 0x8E, 0x9D, 0x8E, 0x9D, 0x8E, 0x9D,
    0x8E, 0x9D, 0x8E, 0x9D, 0x8E, 0x9D, 0x8E, 0x9D, 0x8E, 0x9D, 0x8E, 0x9D, 0x8E, 0x9D, 0x8E, 0x9D, 0x8E, 0x9D, 0x8E, 0x9D, 0x8E, 0x9D, 0x8E, 0x9D,
    0x8E, 0x9D, 0x8E, 0x9D, 0x8E, 0x9D, 0x8E, 0x9D, 0x8E, 0x9D, 0x8E, 0x9D, 0x8E, 0x9D, 0x8E, 0x9D, 0x8E, 0x9D, 0x8E, 0x9D, 0x8E, 0x9D, 0x8E, 0x9D,
    0x8E, 0x9D, 0x8E, 0x9D, 0x8E, 0x9D, 0x8E, 0x9D, 0x8E, 0x9D, 0x8E, 0x9D, 0x8E, 0x9D, 0x8E, 0x9D, 0x8E, 0x9D, 0x8E, 0x9D, 0x8E, 0x9D, 0x8E, 0x9D,
    0x8E, 0x9D, 0x8E, 0x9D, 0x8E, 0x9D, 0x8E, 0x9D, 0x8E, 0x9D, 0x8E, 0x9D, 0x8E, 0x9D, 0x8E, 0x9D, 0x8E, 0x9D, 0x8E, 0x9D, 0x8E, 0x9D, 0x8E, 0x9D,
    0x8E, 0x9D, 0x8E, 0x9D, 0x8E, 0x9D, 0x8E, 0x9D, 0x8E, 0x9D, 0x8E, 0x9D, 0x8E, 0x9D, 0x8E, 0x9D, 0x8E, 0x9D, 0x8E, 0x9D, 0x8E, 0x9D, 0x8E, 0x9D,
    0x8E, 0x9D, 0x8E, 0x9D, 0x8E, 0x9D, 0x8E, 0x9D, 0x8E, 0x9D, 0x8E, 0x9D, 0x8E, 0x9D, 0x8E, 0x9D, 0x8E, 0x9D, 0x8E, 0x9D, 0x8E, 0x9D, 0x8E, 0x9D,
    0x8E, 0x9D, 0x8E, 0x9D, 0x8E, 0x9D, 0x8E, 0x9D, 0x8E, 0x9D, 0x8E, 0x9D, 0x8E, 0x9D, 0x8E, 0x9D, 0x8E, 0x9D, 0x8E, 0x9D, 0x8E, 0x9D, 0x8E, 0x9D,
    0x8E, 0x9D, 0x8E, 0x9D, 0x8E, 0x9D, 0x8E, 0x9D, 0x8E, 0x9D, 0x8E, 0x9D, 0x8E, 0x9D, 0x8E, 0x9D, 0x8E, 0x9D, 0x8E, 0x9D, 0x8E, 0x9D, 0x8E, 0x9D,
    0x8E, 0x9D, 0x8E, 0x9D, 0x8E, 0x9D, 0x8E, 0x9D, 0x8E, 0x9D, 0x8E, 0x9D, 0x8E, 0x9D, 0x8E, 0x9D, 0x8E, 0x9D, 0x8E, 0x9D, 0x8E, 0x9D, 0x8E, 0x9D,
    0x8E, 0x9D, 0x8E, 0x9D, 0x8E, 0x9D, 0x8E, 0x9D, 0x8E, 0x9D, 0x8E, 0x9D, 0x8E, 0x9D, 0x8E, 0x9D, 0x8E, 0x9D, 0x8E, 0x9D, 0x8E, 0x9D, 0x8E, 0x9D,
    0x8E, 0x9D, 0x8E, 0x9D, 0x8E, 0x9D, 0x8E, 0x9D, 0x8E, 0x9D, 0x8E, 0x9D, 0x8E, 0x9D, 0x8E, 0x9D, 0x8E, 0x9D, 0x8E, 0x9D, 0x8E, 0x9D, 0x8E, 0x9D,
    0x8E, 0x9D, 0x8E, 0x9D, 0x8E, 0x9D, 0x8E, 0x9D, 0x8E, 0x9D, 0x8E, 0x9D, 0x8E, 0x9D, 0x8E, 0x9D, 0x8E, 0x9D, 0x8E, 0x9D, 0x8E, 0x9D, 0x8E, 0x9D,
    0x8E, 0x9D, 0x8E, 0x9D, 0x8E, 0x9D, 0x8E, 0x9D, 0x8E, 0x9D, 0x8E, 0x9D, 0x8E, 0x9D, 0x8E, 0x9D, 0x8E, 0x9D, 0x8E, 0x9D, 0x8E, 0x9D, 0x8E, 0x9D,
    0x8E, 0x9D, 0x8E, 0x9D, 0x8E, 0x9D, 0x8E, 0x9D, 0x8E, 0x9D, 0x8E, 0x9D, 0x8E, 0x9D, 0x8E, 0x9D, 0x8E, 0x9D, 0x8E, 0x9D, 0x8E, 0x9D, 0x8E, 0x9D,
    0x8E, 0x9D, 0x8E, 0x9D, 0x8E, 0x9D, 0x8E, 0x9D, 0x8E, 0x9D, 0x8E, 0x9D, 0x8E, 0x9D, 0x8E, 0x9D, 0x8E, 0x9D, 0x8E, 0x9D, 0x8E, 0x9D, 0x8E, 0x9D,
    0x8E, 0x9D, 0x8E, 0x9D, 0x8E, 0x9D, 0x8E, 0x9D, 0x8E, 0x9D, 0x8E, 0x9D, 0x8E, 0x9D, 0x8E, 0x9D, 0x8E, 0x9D, 0x8E, 0x9D, 0x8E, 0x9D, 0x8E, 0x9D,
    0x8E, 0x9D, 0x8E, 0x9D, 0x8E, 0x9D, 0x8E, 0x9D, 0x8E, 0x9D, 0x8E, 0x9D, 0x8E, 0x9D, 0x8E, 0x9D, 0x8E, 0x9D, 0x8E, 0x9D, 0x8E, 0x9D, 0x8E, 0x9D,
    0x8E, 0x9D, 0x8E, 0x9D, 0x8E, 0x9D, 0x8E, 0x9D, 0x8E, 0x9D, 0x8E, 0x9D, 0x8E, 0x9D, 0x8E, 0x9D, 0x8E, 0x9D, 0x8E, 0x9D, 0x8E, 0x9D, 0x8E, 0x9D,
    0x8E, 0x9D, 0x8E, 0x9D, 0x8E, 0x9D, 0x8E, 0x9D, 0x8E, 0x9D, 0x8E, 0x9D, 0x8E, 0x9D, 0x8E, 0x9D, 0x8E, 0x9D, 0x8E, 0x9D, 0x8E, 0x9D, 0x8E, 0x9D,
    0x8E, 0x9D, 0x8E, 0x9D, 0x8E, 0x9D, 0x8E, 0x9D, 0x8E, 0x9D, 0x8E, 0x9D, 0x8E, 0x9D, 0x8E, 0x9D, 0x8E, 0x9D, 0x8E, 0x9D, 0x8E, 0x9D, 0x8E, 0x9D,
    0x8E, 0x9D, 0x8E, 0x9D, 0x8E, 0x9D, 0x8E, 0x9D, 0x8E, 0x9D, 0x8E, 0x9D, 0x8E, 0x9D, 0x8E, 0x9D, 0x8E, 0x9D, 0x8E, 0x9D, 0x8E, 0x9D, 0x8E, 0x9D,
    0x8E, 0x9D, 0x8E, 0x9D, 0x8E, 0x9D, 0x8E, 0x9D, 0x8E, 0x9D, 0x8E, 0x9D, 0x8E, 0x9D, 0x8E, 0x9D, 0x8E, 0x9D, 0x8E, 0x9D, 0x8E, 0x9D, 0x8E, 0x9D,
    0x8E, 0x9D, 0x8E, 0x9D, 0x8E, 0x9D, 0x8E, 0x9D, 0x8E, 0x9D, 0x8E, 0x9D, 0x8E, 0x9D, 0x8E, 0x9D, 0x8E, 0x9D, 0x8E, 0x9D, 0x8E, 0x9D, 0x8E, 0x9D,
    0x8E, 0x9D, 0x8E, 0x9D, 0x8E, 0x9D, 0x8E, 0x9D, 0x8E, 0x9D, 0x8E, 0x9D, 0x8E, 0x9D, 0x8E, 0x9D, 0x8E, 0x9D, 0x8E, 0x9D, 0x8E, 0x9D, 0x8E, 0x9D,
    0x8E, 0x9D, 0x8E, 0x9D, 0x8E, 0x9D, 0x8E, 0x9D, 0x8E, 0x9D, 0x8E, 0x9D, 0x8E, 0x9D, 0x8E, 0x9D, 0x8E, 0x9D, 0x8E, 0x9D, 0x8E, 0x9D, 0x8E, 0x9D,
    0x8E, 0x9D, 0x8E, 0x9D, 0x8E, 0x9D, 0x8E, 0x9D, 0x8E, 0x9D, 0x8E, 0x9D, 0x8E, 0x9D, 0x8E, 0x9D, 0x8E, 0x9D, 0x8E, 0x9D, 0x8E, 0x9D, 0x8E, 0x9D,
    0x8E, 0x9D, 0x8E, 0x9D, 0x8E, 0x9D, 0x8E, 0x9D, 0x8E, 0x9D, 0x8E, 0x9D, 0x8E, 0x9D, 0x8E, 0x9D, 0x8E, 0x9D, 0x8E, 0x9D, 0x8E, 0x9D, 0x8E, 0x9D,
    0x8E, 0x9D, 0x8E, 0x9D, 0x8E, 0x9D, 0x8E, 0x9D, 0x8E, 0x9D, 0x8E, 0x9D, 0x8E, 0x9D, 0x8E, 0x9D, 0x8E, 0x9D, 0x8E, 0x9D, 0x8E, 0x9D, 0x8E, 0x9D,
    0x8E, 0x9D, 0x8E, 0x9D, 0x8E, 0x9D, 0x8E, 0x9D, 0x8E, 0x9D, 0x8E, 0x9D, 0x8E, 0x9D, 0x8E, 0x9D, 0x8E, 0x9D, 0x8E, 0x9D, 0x8E, 0x9D, 0x8E, 0x9D,
    0x8E, 0x9D, 0x8E, 0x9D, 0x8E, 0x9D, 0x8E, 0x9D, 0x8E, 0x9D, 0x8E, 0x9D, 0x8E, 0x9D, 0x8E, 0x9D, 0x8E, 0x9D, 0x8E, 0x9D, 0x8E, 0x9D, 0x8E, 0x9D,
    0x8E, 0x9D, 0x8E, 0x9D, 0x8E, 0x9D, 0x8E, 0x9D, 0x8E, 0x9D, 0x8E, 0x9D, 0x8E, 0x9D, 0x8E, 0x9D, 0x8E, 0x9D, 0x8E, 0x9D, 0x8E, 0x9D, 0x8E, 0x9D,
    0x8E, 0x9D, 0x8E, 0x9D, 0x8E, 0x9D, 0x8E, 0x9D, 0x8E, 0x9D, 0x8E, 0x9D, 0x8E, 0x9D, 0x8E, 0x9D, 0x8E, 0x9D, 0x8E, 0x9D, 0x8E, 0x9D, 0x8E, 0x9D,
    0x8E, 0x9D, 0x8E, 0x9D, 0x8E, 0x9D, 0x8E, 0x9D, 0x8E, 0x9D, 0x8E, 0x9D, 0x8E, 0x9D, 0x8E, 0x9D, 0x8E, 0x9D, 0x8E, 0x9D, 0x8E, 0x9D, 0x8E, 0x9D,
    0x8E, 0x9D, 0x8E, 0x9D, 0x8E, 0x9D, 0x8E, 0x9D, 0x8E, 0x9D, 0x8E, 0x9D, 0x8E, 0x9D, 0x8E, 0x9D, 0x8E, 0x9D, 0x8E, 0x9D, 0x8E, 0x9D, 0x8E, 0x9D,
    0x8E, 0x9D, 0x8E, 0x9D, 0x8E, 0x9D, 0x8E, 0x9D, 0x8E, 0x9D, 0x8E, 0x9D, 0x8E, 0x9D, 0x8E, 0x9D, 0x8E, 0x9D, 0x8E, 0x9D, 0x8E, 0x9D, 0x8E, 0x9D,
    0x8E, 0x9D, 0x8E, 0x9D, 0x8E, 0x9D, 0x8E, 0x9D, 0x8E, 0x9D, 0x8E, 0x9D, 0x8E, 0x9D, 0x8E, 0x9D, 0x8E, 0x9D, 0x8E, 0x9D, 0x8E, 0x9D, 0x8E, 0x9D,
    0x8E, 0x9D, 0x8E, 0x9D, 0x8E, 0x9D, 0x8E, 0x9D, 0x8E, 0x9D, 0x8E, 0x9D, 0x8E, 0x9D, 0x8E, 0x9D, 0x8E, 0x9D, 0x8E, 0x9D, 0x8E, 0x9D, 0x8E, 0x9D,
    0x8E, 0x9D, 0x8E, 0x9D, 0x8E, 0x9D, 0x8E, 0x9D, 0x8E, 0x9D, 0x8E, 0x9D, 0x8E, 0x9D, 0x8E, 0x9D, 0x8E, 0x9D, 0x8E, 0x9D, 0x8E, 0x9D, 0x8E, 0x9D,
    0x8E, 0x9D, 0x8E, 0x9D, 0x8E, 0x9D, 0x8E, 0x9D, 0x8E, 0x9D, 0x8E, 0x9D, 0x8E, 0x9D, 0x8E, 0x9D, 0x8E, 0x9D, 0x8E, 0x9D, 0x8E, 0x9D, 0x8E, 0x9D,
    0x8E, 0x9D, 0x8E, 0x9D, 0x8E, 0x9D, 0x8E, 0x9D, 0x8E, 0x9D, 0x8E, 0x9D, 0x8E, 0x9D, 0x8E, 0x9D, 0x8E, 0x9D, 0x8E, 0x9D, 0x8E, 0x9D, 0x8E, 0x9D,
    0x8E, 0x9D, 0x8E, 0x9D, 0x8E, 0x9D, 0x8E, 0x9D, 0x8E, 0x9D, 0x8E, 0x9D, 0x8E, 0x9D, 0x8E, 0x9D, 0x8E, 0x9D, 0x8E, 0x9D, 0x8E, 0x9D, 0x8E, 0x9D,
    0x8E, 0x9D, 0x8E, 0x9D, 0x8E, 0x9D, 0x8E, 0x9D, 0x8E, 0x9D, 0x8E, 0x9D, 0x8E, 0x9D, 0x8E, 0x9D, 0x8E, 0x9D, 0x8E, 0x9D, 0x8E, 0x9D, 0x8E, 0x9D,
    0x8E, 0x9D, 0x8E, 0x9D, 0x8E, 0x9D, 0x8E, 0x9D, 0x8E, 0x9D, 0x8E, 0x9D, 0x8E, 0x9D, 0x8E, 0x9D, 0x8E, 0x9D, 0x8E, 0x9D, 0x8E, 0x9D, 0x8E, 0x9D,
    0x8E, 0x9D, 0x8E, 0x9D, 0x8E, 0x9D, 0x8E, 0x9D, 0x8E, 0x9D, 0x8E, 0x9D, 0x8E, 0x9D, 0x8E, 0x9D, 0x8E, 0x9D, 0x8E, 0x9D, 0x8E, 0x9D, 0x8E, 0x9D,
    0x8E, 0x9D, 0x8E, 0x9D, 0x8E, 0x9D, 0x8E, 0x9D, 0x8E, 0x9D, 0x8E, 0x9D, 0x8E, 0x9D, 0x8E, 0x9D, 0x8E, 0x9D, 0x8E, 0x9D, 0x8E, 0x9D, 0x8E, 0x9D,
    0x8E, 0x9D, 0x8E, 0x9D, 0x8E, 0x9D, 0x8E, 0x9D, 0x8E, 0x9D, 0x8E, 0x9D, 0x8E, 0x9D, 0x8E, 0x9D, 0x8E, 0x9D, 0x8E, 0x9D, 0x8E, 0x9D, 0x8E, 0x9D,
    0x8E, 0x9D, 0x8E, 0x9D, 0x8E, 0x9D, 0x8E, 0x9D, 0x8E, 0x9D, 0x8E, 0x9D, 0x8E, 0x9D, 0x8E, 0x9D, 0x8E, 0x9D, 0x8E, 0x9D, 0x8E, 0x9D, 0x8E, 0x9D,
    0x8E, 0x9D, 0x8E, 0x9D, 0x8E, 0x9D, 0x8E, 0x9D, 0x8E, 0x9D, 0x8E, 0x9D, 0x8E, 0x9D, 0x8E, 0x9D, 0x8E, 0x9D, 0x8E, 0x9D, 0x8E, 0x9D, 0x8E, 0x9D,
    0x8E, 0x9D, 0x8E, 0x9D, 0x8E, 0x9D, 0x8E, 0x9D, 0x8E, 0x9D, 0x8E, 0x9D, 0x8E, 0x9D, 0x8E, 0x9D, 0x8E, 0x9D, 0x8E, 0x9D, 0x8E, 0x9D, 0x8E, 0x9D,
    0x8E, 0x9D, 0x8E, 0x9D, 0x8E, 0x9D, 0x8E, 0x9D, 0x8E, 0x9D, 0x8E, 0x9D, 0x8E, 0x9D, 0x8E, 0x9D, 0x8E, 0x9D, 0x8E, 0x9D, 0x8E, 0x9D, 0x8E, 0x9D,
    0x8E, 0x9D, 0x8E, 0x9D, 0x8E, 0x9D, 0x8E, 0x9D, 0x8E, 0x9D, 0x8E, 0x9D, 0x8E, 0x9D, 0x8E, 0x9D, 0x8E, 0x9D, 0x8E, 0x9D, 0x8E, 0x9D, 0x8E, 0x9D,
    0x8E, 0x9D, 0x8E, 0x9D, 0x8E, 0x9D, 0x8E, 0x9D, 0x8E, 0x9D, 0x8E, 0x9D, 0x8E, 0x9D, 0x8E, 0x9D, 0x8E, 0x9D, 0x8E, 0x9D, 0x8E, 0x9D, 0x8E, 0x9D,
    0x8E, 0x9D, 0x8E, 0x9D, 0x8E, 0x9D, 0x8E, 0x9D, 0x8E, 0x9D, 0x8E, 0x9D, 0x8E, 0x9D, 0x8E, 0x9D, 0x8E, 0x9D, 0x8E, 0x9D, 0x8E, 0x9D, 0x8E, 0x9D,
    0x8E, 0x9D, 0x8E, 0x9D, 0x8E, 0x9D, 0x8E, 0x9D, 0x8E, 0x9D, 0x8E, 0x9D, 0x8E, 0x9D, 0x8E, 0x9D, 0x8E, 0x9D, 0x8E, 0x9D, 0x8E, 0x9D, 0x8E, 0x9D,
    0x8E, 0x9D, 0x8E, 0x9D, 0x8E, 0x9D, 0x8E, 0x9D, 0x8E, 0x9D, 0x8E, 0x9D, 0x8E, 0x9D, 0x8E, 0x9D, 0x8E, 0x9D, 0x8E, 0x9D, 0x8E, 0x9D, 0x8E, 0x9D,
    0x8E, 0x9D, 0x8E, 0x9D, 0x8E, 0x9D, 0x8E, 0x9D, 0x8E, 0x9D, 0x8E, 0x9D, 0x8E, 0x9D, 0x8E, 0x9D, 0x8E, 0x9D, 0x8E, 0x9D, 0x8E, 0x9D, 0x8E, 0x9D,
    0x8E, 0x9D, 0x8E, 0x9D, 0x8E, 0x9D, 0x8E, 0x9D, 0x8E, 0x9D, 0x8E, 0x9D, 0x8E, 0x9D, 0x8E, 0x9D, 0x8E, 0x9D, 0x8E, 0x9D, 0x8E, 0x9D, 0x8E, 0x9D,
    0x8E, 0x9D, 0x8E, 0x9D, 0x8E, 0x9D, 0x8E, 0x9D, 0x8E, 0x9D, 0x8E, 0x9D, 0x8E, 0x9D, 0x8E, 0x9D, 0x8E, 0x9D, 0x8E, 0x9D, 0x8E, 0x9D, 0x8E, 0x9D,
    0x8E, 0x9D, 0x8E, 0x9D, 0x8E, 0x9D, 0x8E, 0x9D, 0x8E, 0x9D, 0x8E, 0x9D, 0x8E, 0x9D, 0x8E, 0x9D, 0x8E, 0x9D, 0x8E, 0x9D, 0x8E, 0x9D, 0x8E, 0x9D,
    0x8E, 0x9D, 0x8E, 0x9D, 0x8E, 0x9D, 0x8E, 0x9D, 0x8E, 0x9D, 0x8E, 0x9D, 0x8E, 0x9D, 0x8E, 0x9D, 0x8E, 0x9D, 0x8E, 0x9D, 0x8E, 0x9D, 0x8E, 0x9D,
    0x8E, 0x9D, 0x8E, 0x9D, 0x8E, 0x9D, 0x8E, 0x9D, 0x8E, 0x9D, 0x8E, 0x9D, 0x8E, 0x9D, 0x8E, 0x9D, 0x8E, 0x9D, 0x8E, 0x9D, 0x8E, 0x9D, 0x8E, 0x9D,
    0x8E, 0x9D, 0x8E, 0x9D, 0x8E, 0x9D, 0x8E, 0x9D, 0x8E, 0x9D, 0x8E, 0x9D, 0x8E, 0x9D, 0x8E, 0x9D, 0x8E, 0x9D, 0x8E, 0x9D, 0x8E, 0x9D, 0x8E, 0x9D,
    0x8E, 0x9D, 0x8E, 0x9D, 0x8E, 0x9D, 0x8E, 0x9D, 0x8E, 0x9D, 0x8E, 0x9D, 0x8E, 0x9D, 0x8E, 0x9D, 0x8E, 0x9D, 0x8E, 0x9D, 0x8E, 0x9D, 0x8E, 0x9D,
    0x8E, 0x9D, 0x8E, 0x9D, 0x8E, 0x9D, 0x8E, 0x9D, 0x8E, 0x9D, 0x8E, 0x9D, 0x8E, 0x9D, 0x8E, 0x9D, 0x8E, 0x9D, 0x8E, 0x9D, 0x8E, 0x9D, 0x8E, 0x9D,
    0x8E, 0x9D, 0x8E, 0x9D, 0x8E, 0x9D, 0x8E, 0x9D, 0x8E, 0x9D, 0x8E, 0x9D, 0x8E, 0x9D, 0x8E, 0x9D, 0x8E, 0x9D, 0x8E, 0x9D, 0x8E, 0x9D, 0x8E, 0x9D,
    0x8E, 0x9D, 0x8E, 0x9D, 0x8E, 0x9D, 0x8E, 0x9D, 0x8E, 0x9D, 0x8E, 0x9D, 0x8E, 0x9D, 0x8E, 0x9D, 0x8E, 0x9D, 0x8E, 0x9D, 0x8E, 0x9D, 0x8E, 0x9D,
    0x8E, 0x9D, 0x8E, 0x9D, 0x8E, 0x9D, 0x8E, 0x9D, 0x8E, 0x9D, 0x8E, 0x9D, 0x8E, 0x9D, 0x8E, 0x9D, 0x8E, 0x9D, 0x8E, 0x9D, 0x8E, 0x9D, 0x8E, 0x9D,
    0x8E, 0x9D, 0x8E, 0x9D, 0x8E, 0x9D, 0x8E, 0x9D, 0x8E, 0x9D, 0x8E, 0x9D, 0x8E, 0x9D, 0x8E, 0x9D, 0x8E, 0x9D, 0x8E, 0x9D, 0x8E, 0x9D, 0x8E, 0x9D,
    0x8E, 0x9D, 0x8E, 0x9D, 0x8E, 0x9D, 0x8E, 0x9D, 0x8E, 0x9D, 0x8E, 0x9D, 0x8E, 0x9D, 0x8E, 0x9D, 0x8E, 0x9D, 0x8E, 0x9D, 0x8E, 0x9D, 0x8E, 0x9D,
    0x8E, 0x9D, 0x8E, 0x9D, 0x8E, 0x9D, 0x8E, 0x9D, 0x8E, 0x9D, 0x8E, 0x9D, 0x8E, 0x9D, 0x8E, 0x9D, 0x8E, 0x9D, 0x8E, 0x9D, 0x8E, 0x9D, 0x8E, 0x9D,
    0x8E, 0x9D, 0x8E, 0x9D, 0x8E, 0x9D, 0x8E, 0x9D, 0x8E, 0x9D, 0x8E, 0x9D, 0x8E, 0x9D, 0x8E, 0x9D, 0x8E, 0x9D, 0x8E, 0x9D, 0x8E, 0x9D, 0x8E, 0x9D,
    0x8E, 0x9D, 0x8E, 0x9D, 0x8E, 0x9D, 0x8E, 0x9D, 0x8E, 0x9D, 0x8E, 0x9D, 0x8E, 0x9D, 0x8E, 0x9D, 0x8E, 0x9D, 0x8E, 0x9D, 0x8E, 0x9D, 0x8E, 0x9D,
    0x8E, 0x9D, 0x8E, 0x9D, 0x8E, 0x9D, 0x8E, 0x9D, 0x8E, 0x9D, 0x8E, 0x9D, 0x8E, 0x9D, 0x8E, 0x9D, 0x8E, 0x9D, 0x8E, 0x9D, 0x8E, 0x9D, 0x8E, 0x9D,
    0x8E, 0x9D, 0x8E, 0x9D, 0x8E, 0x9D, 0x8E, 0x9D, 0x8E, 0x9D, 0x8E, 0x9D, 0x8E, 0x9D, 0x8E, 0x9D, 0x8E, 0x9D, 0x8E, 0x9D, 0x8E, 0x9D, 0x8E, 0x9D,
    0x8E, 0x9D, 0x8E, 0x9D, 0x8E, 0x9D, 0x8E, 0x9D, 0x8E, 0x9D, 0x8E, 0x9D, 0x8E, 0x9D, 0x8E, 0x9D, 0x8E, 0x9D, 0x8E, 0x9D, 0x8E, 0x9D, 0x8E, 0x9D,
    0x8E, 0x9D, 0x8E, 0x9D, 0x8E, 0x9D, 0x8E, 0x9D, 0x8E, 0x9D, 0x8E, 0x9D, 0x8E, 0x9D, 0x8E, 0x9D, 0x8E, 0x9D, 0x8E, 0x9D, 0x8E, 0x9D, 0x8E, 0x9D,
    0x8E, 0x9D, 0x8E, 0x9D, 0x8E, 0x9D, 0x8E, 0x9D, 0x8E, 0x9D, 0x8E, 0x9D, 0x8E, 0x9D, 0x8E, 0x9D, 0x8E, 0x9D, 0x8E, 0x9D, 0x8E, 0x9D, 0x8E, 0x9D,
    0x8E, 0x9D, 0x8E, 0x9D, 0x8E, 0x9D, 0x8E, 0x9D, 0x8E, 0x9D, 0x8E, 0x9D, 0x8E, 0x9D, 0x8E, 0x9D, 0x8E, 0x9D, 0x8E, 0x9D, 0x8E, 0x9D, 0x8E, 0x9D,
    0x8E, 0x9D, 0x8E, 0x9D, 0x8E, 0x9D, 0x8E, 0x9D, 0x8E, 0x9D, 0x8E, 0x9D, 0x8E, 0x9D, 0x8E, 0x9D, 0x8E, 0x9D, 0x8E, 0x9D, 0x8E, 0x9D, 0x8E, 0x9D,
    0x8E, 0x9D, 0x8E, 0x9D, 0x8E, 0x9D, 0x8E, 0x9D, 0x8E, 0x9D, 0x8E, 0x9D, 0x8E, 0x9D, 0x8E, 0x9D, 0x8E, 0x9D, 0x8E, 0x9D, 0x8E, 0x9D, 0x8E, 0x9D,
    0x8E, 0x9D, 0x8E, 0x9D, 0x8E, 0x9D, 0x8E, 0x9D, 0x8E, 0x9D, 0x8E, 0x9D, 0x8E, 0x9D, 0x8E, 0x9D, 0x8E, 0x9D, 0x8E, 0x9D, 0x8E, 0x9D, 0x8E, 0x9D,
    0x8E, 0x9D, 0x8E, 0x9D, 0x8E, 0x9D, 0x8E, 0x9D, 0x8E, 0x9D, 0x8E, 0x9D, 0x8E, 0x9D, 0x8E, 0x9D, 0x8E, 0x9D, 0x8E, 0x9D, 0x8E, 0x9D, 0x8E, 0x9D,
    0x8E, 0x9D, 0x8E, 0x9D, 0x8E, 0x9D, 0x8E, 0x9D, 0x8E, 0x9D, 0x8E, 0x9D, 0x8E, 0x9D, 0x8E, 0x9D, 0x8E, 0x9D, 0x8E, 0x9D, 0x8E, 0x9D, 0x8E, 0x9D,
    0x8E, 0x9D, 0x8E, 0x9D, 0x8E, 0x9D, 0x8E, 0x9D, 0x8E, 0x9D, 0x8E, 0x9D, 0x8E, 0x9D, 0x8E, 0x9D, 0x8E, 0x9D, 0x8E, 0x9D, 0x8E, 0x9D, 0x8E, 0x9D,
    0x8E, 0x9D, 0x8E, 0x9D, 0x8E, 0x9D, 0x8E, 0x9D, 0x8E, 0x9D, 0x8E, 0x9D, 0x8E, 0x9D, 0x8E, 0x9D, 0x8E, 0x9D, 0x8E, 0x9D, 0x8E, 0x9D, 0x8E, 0x9D,
    0x8E, 0x9D, 0x8E, 0x9D, 0x8E, 0x9D, 0x8E, 0x9D, 0x8E, 0x9D, 0x8E, 0x9D, 0x8E, 0x9D, 0x8E, 0x9D, 0x8E, 0x9D, 0x8E, 0x9D, 0x8E, 0x9D, 0x8E, 0x9D,
    0x8E, 0x9D, 0x8E, 0x9D, 0x8E, 0x9D, 0x8E, 0x9D, 0x8E, 0x9D, 0x8E, 0x9D, 0x8E, 0x9D, 0x8E, 0x9D, 0x8E, 0x9D, 0x8E, 0x9D, 0x8E, 0x9D, 0x8E, 0x9D,
    0x8E, 0x9D, 0x8E, 0x9D, 0x8E, 0x9D, 0x8E, 0x9D, 0x8E, 0x9D, 0x8E, 0x9D, 0x8E, 0x9D, 0x8E, 0x9D, 0x8E, 0x9D, 0x8E, 0x9D, 0x8E, 0x9D, 0x8E, 0x9D,
    0x8E, 0x9D, 0x8E, 0x9D, 0x8E, 0x9D, 0x8E, 0x9D, 0x8E, 0x9D, 0x8E, 0x9D, 0x8E, 0x9D, 0x8E, 0x9D, 0x8E, 0x9D, 0x8E, 0x9D, 0x8E, 0x9D, 0x8E, 0x9D,
    0x8E, 0x9D, 0x8E, 0x9D, 0x8E, 0x9D, 0x8E, 0x9D, 0x8E, 0x9D, 0x8E, 0x9D, 0x8E, 0x9D, 0x8E, 0x9D, 0x8E, 0x9D, 0x8E, 0x9D, 0x8E, 0x9D, 0x8E, 0x9D,
    0x8E, 0x9D, 0x8E, 0x9D, 0x8E, 0x9D, 0x8E, 0x9D, 0x8E, 0x9D, 0x8E, 0x9D, 0x8E, 0x9D, 0x8E, 0x9D, 0x8E, 0x9D, 0x8E, 0x9D, 0x8E, 0x9D, 0x8E, 0x9D,
    0x8E, 0x9D, 0x8E, 0x9D, 0x8E, 0x9D, 0x8E, 0x9D, 0x8E, 0x9D, 0x8E, 0x9D, 0x8E, 0x9D, 0x8E, 0x9D, 0x8E, 0x9D, 0x8E, 0x9D, 0x8E, 0x9D, 0x8E, 0x9D,
    0x8E, 0x9D, 0x8E, 0x9D, 0x8E, 0x9D, 0x8E, 0x9D, 0x8E, 0x9D, 0x8E, 0x9D, 0x8E, 0x9D, 0x8E, 0x9D, 0x8E, 0x9D, 0x8E, 0x9D, 0x8E, 0x9D, 0x8E, 0x9D,
    0x8E, 0x9D, 0x8E, 0x9D, 0x8E, 0x9D, 0x8E, 0x9D, 0x8E, 0x9D, 0x8E, 0x9D, 0x8E, 0x9D, 0x8E, 0x9D, 0x8E, 0x9D, 0x8E, 0x9D, 0x8E, 0x9D, 0x8E, 0x9D,
    0x8E, 0x9D, 0x8E, 0x9D, 0x8E, 0x9D, 0x8E, 0x9D, 0x8E, 0x9D, 0x8E, 0x9D, 0x8E, 0x9D, 0x8E, 0x9D, 0x8E, 0x9D, 0x8E, 0x9D, 0x8E, 0x9D, 0x8E, 0x9D,
    0x8E, 0x9D, 0x8E, 0x9D, 0x8E, 0x9D, 0x8E, 0x9D, 0x8E, 0x9D, 0x8E, 0x9D, 0x8E, 0x9D, 0x8E, 0x9D, 0x8E, 0x9D, 0x8E, 0x9D, 0x8E, 0x9D, 0x8E, 0x9D,
    0x8E, 0x9D, 0x8E, 0x9D, 0x8E, 0x9D, 0x8E, 0x9D, 0x8E, 0x9D, 0x8E, 0x9D, 0x8E, 0x9D, 0x8E, 0x9D, 0x8E, 0x9D, 0x8E, 0x9D, 0x8E, 0x9D, 0x8E, 0x9D,
    0x8E, 0x9D, 0x8E, 0x9D, 0x8E, 0x9D, 0x8E, 0x9D, 0x8E, 0x9D, 0x8E, 0x9D, 0x8E, 0x9D, 0x8E, 0x9D, 0x8E, 0x9D, 0x8E, 0x9D, 0x8E, 0x9D, 0x8E, 0x9D,
    0x8E, 0x9D, 0x8E, 0x9D, 0x8E, 0x9D, 0x8E, 0x9D, 0x8E, 0x9D, 0x8E, 0x9D, 0x8E, 0x9D, 0x8E, 0x9D, 0x8E, 0x9D, 0x8E, 0x9D, 0x8E, 0x9D, 0x8E, 0x9D,
    0x8E, 0x9D, 0x8E, 0x9D, 0x8E, 0x9D, 0x8E, 0x9D, 0x8E, 0x9D, 0x8E, 0x9D, 0x8E, 0x9D, 0x8E, 0x9D, 0x8E, 0x9D, 0x8E, 0x9D, 0x8E, 0x9D, 0x8E, 0x9D,
    0x8E, 0x9D, 0x8E, 0x9D, 0x8E, 0x9D, 0x8E, 0x9D, 0x8E, 0x9D, 0x8E, 0x9D, 0x8E, 0x9D, 0x8E, 0x9D, 0x8E, 0x9D, 0x8E, 0x9D, 0x8E, 0x9D, 0x8E, 0x9D,
    0x8E, 0x9D, 0x8E, 0x9D, 0x8E, 0x9D, 0x8E, 0x9D, 0x8E, 0x9D, 0x8E, 0x9D, 0x8E, 0x9D, 0x8E, 0x9D, 0x8E, 0x9D, 0x8E, 0x9D, 0x8E, 0x9D, 0x8E, 0x9D,
    0x8E, 0x9D, 0x8E, 0x9D, 0x8E, 0x9D, 0x8E, 0x9D, 0x8E, 0x9D, 0x8E, 0x9D, 0x8E, 0x9D, 0x8E, 0x9D, 0x8E, 0x9D, 0x8E, 0x9D, 0x8E, 0x9D, 0x8E, 0x9D,
    0x8E, 0x9D, 0x8E, 0x9D, 0x8E, 0x9D, 0x8E, 0x9D, 0x8E, 0x9D, 0x8E, 0x9D, 0x8E, 0x9D, 0x8E, 0x9D, 0x8E, 0x9D, 0x8E, 0x9D, 0x8E, 0x9D, 0x8E, 0x9D,
    0x8E, 0x9D, 0x8E, 0x9D, 0x8E, 0x9D, 0x8E, 0x9D, 0x8E, 0x9D, 0x8E, 0x9D, 0x8E, 0x9D, 0x8E, 0x9D, 0x8E, 0x9D, 0x8E, 0x9D, 0x8E, 0x9D, 0x8E, 0x9D,
    0x8E, 0x9D, 0x8E, 0x9D, 0x8E, 0x9D, 0x8E, 0x9D, 0x8E, 0x9D, 0x8E, 0x9D, 0x8E, 0x9D, 0x8E, 0x9D, 0x8E, 0x9D, 0x8E, 0x9D, 0x8E, 0x9D, 0x8E, 0x9D,
    0x8E, 0x9D, 0x8E, 0x9D, 0x8E, 0x9D, 0x8E, 0x9D, 0x8E, 0x9D, 0x8E, 0x9D, 0x8E, 0x9D, 0x8E, 0x9D, 0x8E, 0x9D, 0x8E, 0x9D, 0x8E, 0x9D, 0x8E, 0x9D,
    0x8E, 0x9D, 0x8E, 0x9D, 0x8E, 0x9D, 0x8E, 0x9D, 0x8E, 0x9D, 0x8E, 0x9D, 0x8E, 0x9D, 0x8E, 0x9D, 0x8E, 0x9D, 0x8E, 0x9D, 0x8E, 0x9D, 0x8E, 0x9D,
    0x8E, 0x9D, 0x8E, 0x9D, 0x8E, 0x9D, 0x8E, 0x9D, 0x8E, 0x9D, 0x8E, 0x9D, 0x8E, 0x9D, 0x8E, 0x9D, 0x8E, 0x9D, 0x8E, 0x9D, 0x8E, 0x9D, 0x8E, 0x9D,
    0x8E, 0x9D, 0x8E, 0x9D, 0x8E, 0x9D, 0x8E, 0x9D, 0x8E, 0x9D, 0x8E, 0x9D, 0x8E, 0x9D, 0x8E, 0x9D, 0x8E, 0x9D, 0x8E, 0x9D, 0x8E, 0x9D, 0x8E, 0x9D,
    0x8E, 0x9D, 0x8E, 0x9D, 0x8E, 0x9D, 0x8E, 0x9D, 0x8E, 0x9D, 0x8E, 0x9D, 0x8E, 0x9D, 0x8E, 0x9D, 0x8E, 0x9D, 0x8E, 0x9D, 0x8E, 0x9D, 0x8E, 0x9D,
    0x8E, 0x9D, 0x8E, 0x9D, 0x8E, 0x9D, 0x8E, 0x9D, 0x8E, 0x9D, 0x8E, 0x9D, 0x8E, 0x9D, 0x8E, 0x9D, 0x8E, 0x9D, 0x8E, 0x9D, 0x8E, 0x9D, 0x8E, 0x9D,
    0x8E, 0x9D, 0x8E, 0x9D, 0x8E, 0x9D, 0x8E, 0x9D, 0x8E, 0x9D, 0x8E, 0x9D, 0x8E, 0x9D, 0x8E, 0x9D, 0x8E, 0x9D, 0x8E, 0x9D, 0x8E, 0x9D, 0x8E, 0x9D,
    0x8E, 0x9D, 0x8E, 0x9D, 0x8E, 0x9D, 0x8E, 0x9D, 0x8E, 0x9D, 0x8E, 0x9D, 0x8E, 0x9D, 0x8E, 0x9D, 0x8E, 0x9D, 0x8E, 0x9D, 0x8E, 0x9D, 0x8E, 0x9D,
    0x8E, 0x9D, 0x8E, 0x9D, 0x8E, 0x9D, 0x8E, 0x9D, 0x8E, 0x9D, 0x8E, 0x9D, 0x8E, 0x9D, 0x8E, 0x9D, 0x8E, 0x9D, 0x8E, 0x9D, 0x8E, 0x9D, 0x8E, 0x9D,
    0x8E, 0x9D, 0x8E, 0x9D, 0x8E, 0x9D, 0x8E, 0x9D, 0x8E, 0x9D, 0x8E, 0x9D, 0x8E, 0x9D, 0x8E, 0x9D, 0x8E, 0x9D, 0x8E, 0x9D, 0x8E, 0x9D, 0x8E, 0x9D,
    0x8E, 0x9D, 0x8E, 0x9D, 0x8E, 0x9D, 0x8E, 0x9D, 0x8E, 0x9D, 0x8E, 0x9D, 0x8E, 0x9D, 0x8E, 0x9D, 0x8E, 0x9D, 0x8E, 0x9D, 0x8E, 0x9D, 0x8E, 0x9D,
    0x8E, 0x9D, 0x8E, 0x9D, 0x8E, 0x9D, 0x8E, 0x9D, 0x8E, 0x9D, 0x8E, 0x9D, 0x8E, 0x9D, 0x8E, 0x9D, 0x8E, 0x9D, 0x8E, 0x9D, 0x8E, 0x9D, 0x8E, 0x9D,
    0x8E, 0x9D, 0x8E, 0x9D, 0x8E, 0x9D, 0x8E, 0x9D, 0x8E, 0x9D, 0x8E, 0x9D, 0x8E, 0x9D, 0x8E, 0x9D, 0x8E, 0x9D, 0x8E, 0x9D, 0x8E, 0x9D, 0x8E, 0x9D,
    0x8E, 0x9D, 0x8E, 0x9D, 0x8E, 0x9D, 0x8E, 0x9D, 0x8E, 0x9D, 0x8E, 0x9D, 0x8E, 0x9D, 0x8E, 0x9D, 0x8E, 0x9D, 0x8E, 0x9D, 0x8E, 0x9D, 0x8E, 0x9D,
    0x8E, 0x9D, 0x8E, 0x9D, 0x8E, 0x9D, 0x8E, 0x9D, 0x8E, 0x9D, 0x8E, 0x9D, 0x8E, 0x9D, 0x8E, 0x9D, 0x8E, 0x9D, 0x8E, 0x9D, 0x8E, 0x9D, 0x8E, 0x9D,
    0x8E, 0x9D, 0x8E, 0x9D, 0x8E, 0x9D, 0x8E, 0x9D, 0x8E, 0x9D, 0x8E, 0x9D, 0x8E, 0x9D, 0x8E, 0x9D, 0x8E, 0x9D, 0x8E, 0x9D, 0x8E, 0x9D, 0x8E, 0x9D,
    0x8E, 0x9D, 0x8E, 0x9D, 0x8E, 0x9D, 0x8E, 0x9D, 0x8E, 0x9D, 0x8E, 0x9D, 0x8E, 0x9D, 0x8E, 0x9D, 0x8E, 0x9D, 0x8E, 0x9D, 0x8E, 0x9D, 0x8E, 0x9D,
    0x8E, 0x9D, 0x8E, 0x9D, 0x8E, 0x9D, 0x8E, 0x9D, 0x8E, 0x9D, 0x8E, 0x9D, 0x8E, 0x9D, 0x8E, 0x9D, 0x8E, 0x9D, 0x8E, 0x9D, 0x8E, 0x9D, 0x8E, 0x9D,
    0x8E, 0x9D, 0x8E, 0x9D, 0x8E, 0x9D, 0x8E, 0x9D, 0x8E, 0x9D, 0x8E, 0x9D, 0x8E, 0x9D, 0x8E, 0x9D, 0x8E, 0x9D, 0x8E, 0x9D, 0x8E, 0x9D, 0x8E, 0x9D,
    0x8E, 0x9D, 0x8E, 0x9D, 0x8E, 0x9D, 0x8E, 0x9D, 0x8E, 0x9D, 0x8E, 0x9D, 0x8E, 0x9D, 0x8E, 0x9D, 0x8E, 0x9D, 0x8E, 0x9D, 0x8E, 0x9D, 0x8E, 0x9D,
    0x8E, 0x9D, 0x8E, 0x9D, 0x8E, 0x9D, 0x8E, 0x9D, 0x8E, 0x9D, 0x8E, 0x9D, 0x8E, 0x9D, 0x8E, 0x9D, 0x8E, 0x9D, 0x8E, 0x9D, 0x8E, 0x9D, 0x8E, 0x9D,
    0x8E, 0x9D, 0x8E, 0x9D, 0x8E, 0x9D, 0x8E, 0x9D, 0x8E, 0x9D, 0x8E, 0x9D, 0x8E, 0x9D, 0x8E, 0x9D, 0x8E, 0x9D, 0x8E, 0x9D, 0x8E, 0x9D, 0x8E, 0x9D,
    0x8E, 0x9D, 0x8E, 0x9D, 0x8E, 0x9D, 0x8E, 0x9D, 0x8E, 0x9D, 0x8E, 0x9D, 0x8E, 0x9D, 0x8E, 0x9D, 0x8E, 0x9D, 0x8E, 0x9D, 0x8E, 0x9D, 0x8E, 0x9D,
    0x8E, 0x9D, 0x8E, 0x9D, 0x8E, 0x9D, 0x8E, 0x9D, 0x8E, 0x9D, 0x8E, 0x9D, 0x8E, 0x9D, 0x8E, 0x9D, 0x8E, 0x9D, 0x8E, 0x9D, 0x8E, 0x9D, 0x8E, 0x9D,
    0x8E, 0x9D, 0x8E, 0x9D, 0x8E, 0x9D, 0x8E, 0x9D, 0x8E, 0x9D, 0x8E, 0x9D, 0x8E, 0x9D, 0x8E, 0x9D, 0x8E, 0x9D, 0x8E, 0x9D, 0x8E, 0x9D, 0x8E, 0x9D,
    0x8E, 0x9D, 0x8E, 0x9D, 0x8E, 0x9D, 0x8E, 0x9D, 0x8E, 0x9D, 0x8E, 0x9D, 0x8E, 0x9D, 0x8E, 0x9D, 0x8E, 0x9D, 0x8E, 0x9D, 0x8E, 0x9D, 0x8E, 0x9D,
    0x8E, 0x9D, 0x8E, 0x9D, 0x8E, 0x9D, 0x8E, 0x9D, 0x8E, 0x9D, 0x8E, 0x9D, 0x8E, 0x9D, 0x8E, 0x9D, 0x8E, 0x9D, 0x8E, 0x9D, 0x8E, 0x9D, 0x8E, 0x9D,
    0x8E, 0x9D, 0x8E, 0x9D, 0x8E, 0x9D, 0x8E, 0x9D, 0x8E, 0x9D, 0x8E, 0x9D, 0x8E, 0x9D, 0x8E, 0x9D, 0x8E, 0x9D, 0x8E, 0x9D, 0x8E, 0x9D, 0x8E, 0x9D,
    0x8E, 0x9D, 0x8E, 0x9D, 0x8E, 0x9D, 0x8E, 0x9D, 0x8E, 0x9D, 0x8E, 0x9D, 0x8E, 0x9D, 0x8E, 0x9D, 0x8E, 0x9D, 0x8E, 0x9D, 0x8E, 0x9D, 0x8E, 0x9D,
    0x8E, 0x9D, 0x8E, 0x9D, 0x8E, 0x9D, 0x8E, 0x9D, 0x8E, 0x9D, 0x8E, 0x9D, 0x8E, 0x9D, 0x8E, 0x9D, 0x8E, 0x9D, 0x8E, 0x9D, 0x8E, 0x9D, 0x8E, 0x9D,
    0x8E, 0x9D, 0x8E, 0x9D, 0x8E, 0x9D, 0x8E, 0x9D, 0x8E, 0x9D, 0x8E, 0x9D, 0x8E, 0x9D, 0x8E, 0x9D, 0x8E, 0x9D, 0x8E, 0x9D, 0x8E, 0x9D, 0x8E, 0x9D,
    0x8E, 0x9D, 0x8E, 0x9D, 0x8E, 0x9D, 0x8E, 0x9D, 0x8E, 0x9D, 0x8E, 0x9D, 0x8E, 0x9D, 0x8E, 0x9D, 0x8E, 0x9D, 0x8E, 0x9D, 0x8E, 0x9D, 0x8E, 0x9D,
    0x8E, 0x9D, 0x8E, 0x9D, 0x8E, 0x9D, 0x8E, 0x9D, 0x8E, 0x9D, 0x8E, 0x9D, 0x8E, 0x9D, 0x8E, 0x9D, 0x8E, 0x9D, 0x8E, 0x9D, 0x8E, 0x9D, 0x8E, 0x9D,
    0x8E, 0x9D, 0x8E, 0x9D, 0x8E, 0x9D, 0x8E, 0x9D, 0x8E, 0x9D, 0x8E, 0x9D, 0x8E, 0x9D, 0x8E, 0x9D, 0x8E, 0x9D, 0x8E, 0x9D, 0x8E, 0x9D, 0x8E, 0x9D,
    0x8E, 0x9D, 0x8E, 0x9D, 0x8E, 0x9D, 0x8E, 0x9D, 0x8E, 0x9D, 0x8E, 0x9D, 0x8E, 0x9D, 0x8E, 0x9D, 0x8E, 0x9D, 0x8E, 0x9D, 0x8E, 0x9D, 0x8E, 0x9D,
    0x8E, 0x9D, 0x8E, 0x9D, 0x8E, 0x9D, 0x8E, 0x9D, 0x8E, 0x9D, 0x8E, 0x9D, 0x8E, 0x9D, 0x8E, 0x9D, 0x8E, 0x9D, 0x8E, 0x9D, 0x8E, 0x9D, 0x8E, 0x9D,
    0x8E, 0x9D, 0x8E, 0x9D, 0x8E, 0x9D, 0x8E, 0x9D, 0x8E, 0x9D, 0x8E, 0x9D, 0x8E, 0x9D, 0x8E, 0x9D, 0x8E, 0x9D, 0x8E, 0x9D, 0x8E, 0x9D, 0x8E, 0x9D,
    0x8E, 0x9D, 0x8E, 0x9D, 0x8E, 0x9D, 0x8E, 0x9D, 0x8E, 0x9D, 0x8E, 0x9D, 0x8E, 0x9D, 0x8E, 0x9D, 0x8E, 0x9D, 0x8E, 0x9D, 0x8E, 0x9D, 0x8E, 0x9D,
    0x8E, 0x9D, 0x8E, 0x9D, 0x8E, 0x9D, 0x8E, 0x9D, 0x8E, 0x9D, 0x8E, 0x9D, 0x8E, 0x9D, 0x8E, 0x9D, 0x8E, 0x9D, 0x8E, 0x9D, 0x8E, 0x9D, 0x8E, 0x9D,
    0x8E, 0x9D, 0x8E, 0x9D, 0x8E, 0x9D, 0x8E, 0x9D, 0x8E, 0x9D, 0x8E, 0x9D, 0x8E, 0x9D, 0x8E, 0x9D, 0x8E, 0x9D, 0x8E, 0x9D, 0x8E, 0x9D, 0x8E, 0x9D,
    0x8E, 0x9D, 0x8E, 0x9D, 0x8E, 0x9D, 0x8E, 0x9D, 0x8E, 0x9D, 0x8E, 0x9D, 0x8E, 0x9D, 0x8E, 0x9D, 0x8E, 0x9D, 0x8E, 0x9D, 0x8E, 0x9D, 0x8E, 0x9D,
    0x8E, 0x9D, 0x8E, 0x9D, 0x8E, 0x9D, 0x8E, 0x9D, 0x8E, 0x9D, 0x8E, 0x9D, 0x8E, 0x9D, 0x8E, 0x9D, 0x8E, 0x9D, 0x8E, 0x9D, 0x8E, 0x9D, 0x8E, 0x9D,
    0x8E, 0x9D, 0x8E, 0x9D, 0x8E, 0x9D, 0x8E, 0x9D, 0x8E, 0x9D, 0x8E, 0x9D, 0x8E, 0x9D, 0x8E, 0x9D, 0x8E, 0x9D, 0x8E, 0x9D, 0x8E, 0x9D, 0x8E, 0x9D,
    0x8E, 0x9D, 0x8E, 0x9D, 0x8E, 0x9D, 0x8E, 0x9D, 0x8E, 0x9D, 0x8E, 0x9D, 0x8E, 0x9D, 0x8E, 0x9D, 0x8E, 0x9D, 0x8E, 0x9D, 0x8E, 0x9D, 0x8E, 0x9D,
    0x8E, 0x9D, 0x8E, 0x9D, 0x8E, 0x9D, 0x8E, 0x9D, 0x8E, 0x9D, 0x8E, 0x9D, 0x8E, 0x9D, 0x8E, 0x9D, 0x8E, 0x9D, 0x8E, 0x9D, 0x8E, 0x9D, 0x8E, 0x9D,
    0x8E, 0x9D, 0x8E, 0x9D, 0x8E, 0x9D, 0x8E, 0x9D, 0x8E, 0x9D, 0x8E, 0x9D, 0x8E, 0x9D, 0x8E, 0x9D, 0x8E, 0x9D, 0x8E, 0x9D, 0x8E, 0x9D, 0x8E, 0x9D,
    0x8E, 0x9D, 0x8E, 0x9D, 0x8E, 0x9D, 0x8E, 0x9D, 0x8E, 0x9D, 0x8E, 0x9D, 0x8E, 0x9D, 0x8E, 0x9D, 0x8E, 0x9D, 0x8E, 0x9D, 0x8E, 0x9D, 0x8E, 0x9D,
    0x8E, 0x9D, 0x8E, 0x9D, 0x8E, 0x9D, 0x8E, 0x9D, 0x8E, 0x9D, 0x8E, 0x9D, 0x8E, 0x9D, 0x8E, 0x9D, 0x8E, 0x9D, 0x8E, 0x9D, 0x8E, 0x9D, 0x8E, 0x9D,
    0x8E, 0x9D, 0x8E, 0x9D, 0x8E, 0x9D, 0x8E, 0x9D, 0x8E, 0x9D, 0x8E, 0x9D, 0x8E, 0x9D, 0x8E, 0x9D, 0x8E, 0x9D, 0x8E, 0x9D, 0x8E, 0x9D, 0x8E, 0x9D,
    0x8E, 0x9D, 0x8E, 0x9D, 0x8E, 0x9D, 0x8E, 0x9D, 0x8E, 0x9D, 0x8E, 0x9D, 0x8E, 0x9D, 0x8E, 0x9D, 0x8E, 0x9D, 0x8E, 0x9D, 0x8E, 0x9D, 0x8E, 0x9D,
    0x8E, 0x9D, 0x8E, 0x9D, 0x8E, 0x9D, 0x8E, 0x9D, 0x8E, 0x9D, 0x8E, 0x9D, 0x8E, 0x9D, 0x8E, 0x9D, 0x8E, 0x9D, 0x8E, 0x9D, 0x8E, 0x9D, 0x8E, 0x9D,
    0x8E, 0x9D, 0x8E, 0x9D, 0x8E, 0x9D, 0x8E, 0x9D, 0x8E, 0x9D, 0x8E, 0x9D, 0x8E, 0x9D, 0x8E, 0x9D, 0x8E, 0x9D, 0x8E, 0x9D, 0x8E, 0x9D, 0x8E, 0x9D,
    0x8E, 0x9D, 0x8E, 0x9D, 0x8E, 0x9D, 0x8E, 0x9D, 0x8E, 0x9D, 0x8E, 0x9D, 0x8E, 0x9D, 0x8E, 0x9D, 0x8E, 0x9D, 0x8E, 0x9D, 0x8E, 0x9D, 0x8E, 0x9D,
    0x8E, 0x9D, 0x8E, 0x9D, 0x8E, 0x9D, 0x8E, 0x9D, 0x8E, 0x9D, 0x8E, 0x9D, 0x8E, 0x9D, 0x8E, 0x9D, 0x8E, 0x9D, 0x8E, 0x9D, 0x8E, 0x9D, 0x8E, 0x9D,
    0x8E, 0x9D, 0x8E, 0x9D, 0x8E, 0x9D, 0x8E, 0x9D, 0x8E, 0x9D, 0x8E, 0x9D, 0x8E, 0x9D, 0x8E, 0x9D, 0x8E, 0x9D, 0x8E, 0x9D, 0x8E, 0x9D, 0x8E, 0x9D,
    0x8E, 0x9D, 0x8E, 0x9D, 0x8E, 0x9D, 0x8E, 0x9D, 0x8E, 0x9D, 0x8E, 0x9D, 0x8E, 0x9D, 0x8E, 0x9D, 0x8E, 0x9D, 0x8E, 0x9D, 0x8E, 0x9D, 0x8E, 0x9D,
    0x8E, 0x9D, 0x8E, 0x9D, 0x8E, 0x9D, 0x8E, 0x9D, 0x8E, 0x9D, 0x8E, 0x9D, 0x8E, 0x9D, 0x8E, 0x9D, 0x8E, 0x9D, 0x8E, 0x9D, 0x8E, 0x9D, 0x8E, 0x9D,
    0x8E, 0x9D, 0x8E, 0x9D, 0x8E, 0x9D, 0x8E, 0x9D, 0x8E, 0x9D, 0x8E, 0x9D, 0x8E, 0x9D, 0x8E, 0x9D, 0x8E, 0x9D, 0x8E, 0x9D, 0x8E, 0x9D, 0x8E, 0x9D,
    0x8E, 0x9D, 0x8E, 0x9D, 0x8E, 0x9D, 0x8E, 0x9D, 0x8E, 0x9D, 0x8E, 0x9D, 0x8E, 0x9D, 0x8E, 0x9D, 0x8E, 0x9D, 0x8E, 0x9D, 0x8E, 0x9D, 0x8E, 0x9D,
    0x8E, 0x9D, 0x8E, 0x9D, 0x8E, 0x9D, 0x8E, 0x9D, 0x8E, 0x9D, 0x8E, 0x9D, 0x8E, 0x9D, 0x8E, 0x9D, 0x8E, 0x9D, 0x8E, 0x9D, 0x8E, 0x9D, 0x8E, 0x9D,
    0x8E, 0x9D, 0x8E, 0x9D, 0x8E, 0x9D, 0x8E, 0x9D, 0x8E, 0x9D, 0x8E, 0x9D, 0x8E, 0x9D, 0x8E, 0x9D, 0x8E, 0x9D, 0x8E, 0x9D, 0x8E, 0x9D, 0x8E, 0x9D,
    0x8E, 0x9D, 0x8E, 0x9D, 0x8E, 0x9D, 0x8E, 0x9D, 0x8E, 0x9D, 0x8E, 0x9D, 0x8E, 0x9D, 0x8E, 0x9D, 0x8E, 0x9D, 0x8E, 0x9D, 0x8E, 0x9D, 0x8E, 0x9D,
    0x8E, 0x9D, 0x8E, 0x9D, 0x8E, 0x9D, 0x8E, 0x9D, 0x8E, 0x9D, 0x8E, 0x9D, 0x8E, 0x9D, 0x8E, 0x9D, 0x8E, 0x9D, 0x8E, 0x9D, 0x8E, 0x9D, 0x8E, 0x9D,
    0x8E, 0x9D, 0x8E, 0x9D, 0x8E, 0x9D, 0x8E, 0x9D, 0x8E, 0x9D, 0x8E, 0x9D, 0x8E, 0x9D, 0x8E, 0x9D, 0x8E, 0x9D, 0x8E, 0x9D, 0x8E, 0x9D, 0x8E, 0x9D,
    0x8E, 0x9D, 0x8E, 0x9D, 0x8E, 0x9D, 0x8E, 0x9D, 0x8E, 0x9D, 0x8E, 0x9D, 0x8E, 0x9D, 0x8E, 0x9D, 0x8E, 0x9D, 0x8E, 0x9D, 0x8E, 0x9D, 0x8E, 0x9D,
    0x8E, 0x9D, 0x8E, 0x9D, 0x8E, 0x9D, 0x8E, 0x9D, 0x8E, 0x9D, 0x8E, 0x9D, 0x8E, 0x9D, 0x8E, 0x9D, 0x8E, 0x9D, 0x8E, 0x9D, 0x8E, 0x9D, 0x8E, 0x9D,
    0x8E, 0x9D, 0x8E, 0x9D, 0x8E, 0x9D, 0x8E, 0x9D, 0x8E, 0x9D, 0x8E, 0x9D, 0x8E, 0x9D, 0x8E, 0x9D, 0x8E, 0x9D, 0x8E, 0x9D, 0x8E, 0x9D, 0x8E, 0x9D,
    0x8E, 0x9D, 0x8E, 0x9D, 0x8E, 0x9D, 0x8E, 0x9D, 0x8E, 0x9D, 0x8E, 0x9D, 0x8E, 0x9D, 0x8E, 0x9D, 0x8E, 0x9D, 0x8E, 0x9D, 0x8E, 0x9D, 0x8E, 0x9D,
    0x8E, 0x9D, 0x8E, 0x9D, 0x8E, 0x9D, 0x8E, 0x9D, 0x8E, 0x9D, 0x8E, 0x9D, 0x8E, 0x9D, 0x8E, 0x9D, 0x8E, 0x9D, 0x8E, 0x9D, 0x8E, 0x9D, 0x8E, 0x9D,
    0x8E, 0x9D, 0x8E, 0x9D, 0x8E, 0x9D, 0x8E, 0x9D, 0x8E, 0x9D, 0x8E, 0x9D, 0x8E, 0x9D, 0x8E, 0x9D, 0x8E, 0x9D, 0x8E, 0x9D, 0x8E, 0x9D, 0x8E, 0x9D,
    0x8E, 0x9D, 0x8E, 0x9D, 0x8E, 0x9D, 0x8E, 0x9D, 0x8E, 0x9D, 0x8E, 0x9D, 0x8E, 0x9D, 0x8E, 0x9D, 0x8E, 0x9D, 0x8E, 0x9D, 0x8E, 0x9D, 0x8E, 0x9D,
    0x8E, 0x9D, 0x8E, 0x9D, 0x8E, 0x9D, 0x8E, 0x9D, 0x8E, 0x9D, 0x8E, 0x9D, 0x8E, 0x9D, 0x8E, 0x9D, 0x8E, 0x9D, 0x8E, 0x9D, 0x8E, 0x9D, 0x8E, 0x9D,
    0x8E, 0x9D, 0x8E, 0x9D, 0x8E, 0x9D, 0x8E, 0x9D, 0x8E, 0x9D, 0x8E, 0x9D, 0x8E, 0x9D, 0x8E, 0x9D, 0x8E, 0x9D, 0x8E, 0x9D, 0x8E, 0x9D, 0x8E, 0x9D,
    0x8E, 0x9D, 0x8E, 0x9D, 0x8E, 0x9D, 0x8E, 0x9D, 0x8E, 0x9D, 0x8E, 0x9D, 0x8E, 0x9D, 0x8E, 0x9D, 0x8E, 0x9D, 0x8E, 0x9D, 0x8E, 0x9D, 0x8E, 0x9D,
    0x8E, 0x9D, 0x8E, 0x9D, 0x8E, 0x9D, 0x8E, 0x9D, 0x8E, 0x9D, 0x8E, 0x9D, 0x8E, 0x9D, 0x8E, 0x9D, 0x8E, 0x9D, 0x8E, 0x9D, 0x8E, 0x9D, 0x8E, 0x9D,
    0x8E, 0x9D, 0x8E, 0x9D, 0x8E, 0x9D, 0x8E, 0x9D, 0x8E, 0x9D, 0x8E, 0x9D, 0x8E, 0x9D, 0x8E, 0x9D, 0x8E, 0x9D, 0x8E, 0x9D, 0x8E, 0x9D, 0x8E, 0x9D,
    0x8E, 0x9D, 0x8E, 0x9D, 0x8E, 0x9D, 0x8E, 0x9D, 0x8E, 0x9D, 0x8E, 0x9D, 0x8E, 0x9D, 0x8E, 0x9D, 0x8E, 0x9D, 0x8E, 0x9D, 0x8E, 0x9D, 0x8E, 0x9D,
    0x8E, 0x9D, 0x8E, 0x9D, 0x8E, 0x9D, 0x8E, 0x9D, 0x8E, 0x9D, 0x8E, 0x9D, 0x8E, 0x9D, 0x8E, 0x9D, 0x8E, 0x9D, 0x8E, 0x9D, 0x8E, 0x9D, 0x8E, 0x9D,
    0x8E, 0x9D, 0x8E, 0x9D, 0x8E, 0x9D, 0x8E, 0x9D, 0x8E, 0x9D, 0x8E, 0x9D, 0x8E, 0x9D, 0x8E, 0x9D, 0x8E, 0x9D, 0x8E, 0x9D, 0x8E, 0x9D, 0x8E, 0x9D,
    0x8E, 0x9D, 0x8E, 0x9D, 0x8E, 0x9D, 0x8E, 0x9D, 0x8E, 0x9D, 0x8E, 0x9D, 0x8E, 0x9D, 0x8E, 0x9D, 0x8E, 0x9D, 0x8E, 0x9D, 0x8E, 0x9D, 0x8E, 0x9D,
    0x8E, 0x9D, 0x8E, 0x9D, 0x8E, 0x9D, 0x8E, 0x9D, 0x8E, 0x9D, 0x8E, 0x9D, 0x8E, 0x9D, 0x8E, 0x9D, 0x8E, 0x9D, 0x8E, 0x9D, 0x8E, 0x9D, 0x8E, 0x9D,
    0x8E, 0x9D, 0x8E, 0x9D, 0x8E, 0x9D, 0x8E, 0x9D, 0x8E, 0x9D, 0x8E, 0x9D, 0x8E, 0x9D, 0x8E, 0x9D, 0x8E, 0x9D, 0x8E, 0x9D, 0x8E, 0x9D, 0x8E, 0x9D,
    0x8E, 0x9D, 0x8E, 0x9D, 0x8E, 0x9D, 0x8E, 0x9D, 0x8E, 0x9D, 0x8E, 0x9D, 0x8E, 0x9D, 0x8E, 0x9D, 0x8E, 0x9D, 0x8E, 0x9D, 0x8E, 0x9D, 0x8E, 0x9D,
    0x8E, 0x9D, 0x8E, 0x9D, 0x8E, 0x9D, 0x8E, 0x9D, 0x8E, 0x9D, 0x8E, 0x9D, 0x8E, 0x9D, 0x8E, 0x9D, 0x8E, 0x9D, 0x8E, 0x9D, 0x8E, 0x9D, 0x8E, 0x9D,
    0x8E, 0x9D, 0x8E, 0x9D, 0x8E, 0x9D, 0x8E, 0x9D, 0x8E, 0x9D, 0x8E, 0x9D, 0x8E, 0x9D, 0x8E, 0x9D, 0x8E, 0x9D, 0x8E, 0x9D, 0x8E, 0x9D, 0x8E, 0x9D,
    0x8E, 0x9D, 0x8E, 0x9D, 0x8E, 0x9D, 0x8E, 0x9D, 0x8E, 0x9D, 0x8E, 0x9D, 0x8E, 0x9D, 0x8E, 0x9D, 0x8E, 0x9D, 0x8E, 0x9D, 0x8E, 0x9D, 0x8E, 0x9D,
    0x8E, 0x9D, 0x8E, 0x9D, 0x8E, 0x9D, 0x8E, 0x9D, 0x8E, 0x9D, 0x8E, 0x9D, 0x8E, 0x9D, 0x8E, 0x9D, 0x8E, 0x9D, 0x8E, 0x9D, 0x8E, 0x9D, 0x8E, 0x9D,
    0x8E, 0x9D, 0x8E, 0x9D, 0x8E, 0x9D, 0x8E, 0x9D, 0x8E, 0x9D, 0x8E, 0x9D, 0x8E, 0x9D, 0x8E, 0x9D, 0x8E, 0x9D, 0x8E, 0x9D, 0x8E, 0x9D, 0x8E, 0x9D,
    0x8E, 0x9D, 0x8E, 0x9D, 0x8E, 0x9D, 0x8E, 0x9D, 0x8E, 0x9D, 0x8E, 0x9D, 0x8E, 0x9D, 0x8E, 0x9D, 0x8E, 0x9D, 0x8E, 0x9D, 0x8E, 0x9D, 0x8E, 0x9D,
    0x8E, 0x9D, 0x8E, 0x9D, 0x8E, 0x9D, 0x8E, 0x9D, 0x8E, 0x9D, 0x8E, 0x9D, 0x8E, 0x9D, 0x8E, 0x9D, 0x8E, 0x9D, 0x8E, 0x9D, 0x8E, 0x9D, 0x8E, 0x9D,
    0x8E, 0x9D, 0x8E, 0x9D, 0x8E, 0x9D, 0x8E, 0x9D, 0x8E, 0x9D, 0x8E, 0x9D, 0x8E, 0x9D, 0x8E, 0x9D, 0x8E, 0x9D, 0x8E, 0x9D, 0x8E, 0x9D, 0x8E, 0x9D,
    0x8E, 0x9D, 0x8E, 0x9D, 0x8E, 0x9D, 0x8E, 0x9D, 0x8E, 0x9D, 0x8E, 0x9D, 0x8E, 0x9D, 0x8E, 0x9D, 0x8E, 0x9D, 0x8E, 0x9D, 0x8E, 0x9D, 0x8E, 0x9D,
    0x8E, 0x9D, 0x8E, 0x9D, 0x8E, 0x9D, 0x8E, 0x9D, 0x8E, 0x9D, 0x8E, 0x9D, 0x8E, 0x9D, 0x8E, 0x9D, 0x8E, 0x9D, 0x8E, 0x9D, 0x8E, 0x9D, 0x8E, 0x9D,
    0x8E, 0x9D, 0x8E, 0x9D, 0x8E, 0x9D, 0x8E, 0x9D, 0x8E, 0x9D, 0x8E, 0x9D, 0x8E, 0x9D, 0x8E, 0x9D, 0x8E, 0x9D, 0x8E, 0x9D, 0x8E, 0x9D, 0x8E, 0x9D,
    0x8E, 0x9D, 0x8E, 0x9D, 0x8E, 0x9D, 0x8E, 0x9D, 0x8E, 0x9D, 0x8E, 0x9D, 0x8E, 0x9D, 0x8E, 0x9D, 0x8E, 0x9D, 0x8E, 0x9D, 0x8E, 0x9D, 0x8E, 0x9D,
    0x8E, 0x9D, 0x8E, 0x9D, 0x8E, 0x9D, 0x8E, 0x9D, 0x8E, 0x9D, 0x8E, 0x9D, 0x8E, 0x9D, 0x8E, 0x9D, 0x8E, 0x9D, 0x8E, 0x9D, 0x8E, 0x9D, 0x8E, 0x9D,
    0x8E, 0x9D, 0x8E, 0x9D, 0x8E, 0x9D, 0x8E, 0x9D, 0x8E, 0x9D, 0x8E, 0x9D, 0x8E, 0x9D, 0x8E, 0x9D, 0x8E, 0x9D, 0x8E, 0x9D, 0x8E, 0x9D, 0x8E, 0x9D,
    0x8E, 0x9D, 0x8E, 0x9D, 0x8E, 0x9D, 0x8E, 0x9D, 0x8E, 0x9D, 0x8E, 0x9D, 0x8E, 0x9D, 0x8E, 0x9D, 0x8E, 0x9D, 0x8E, 0x9D, 0x8E, 0x9D, 0x8E, 0x9D,
    0x8E, 0x9D, 0x8E, 0x9D, 0x8E, 0x9D, 0x8E, 0x9D, 0x8E, 0x9D, 0x8E, 0x9D, 0x8E, 0x9D, 0x8E, 0x9D, 0x8E, 0x9D, 0x8E, 0x9D, 0x8E, 0x9D, 0x8E, 0x9D,
    0x96, 0x9D, 0x96, 0x9D, 0x96, 0x9D, 0x96, 0x9D, 0x96, 0x9D, 0x96, 0x9D, 0x96, 0x9D, 0x96, 0x9D, 0x96, 0x9D, 0x96, 0x9D, 0x96, 0x9D, 0x96, 0x9D,
    0x96, 0x9D, 0x96, 0x9D, 0x96, 0x9D, 0x96, 0x9D, 0x96, 0x9D, 0x96, 0x9D, 0x96, 0x9D, 0x96, 0x9D, 0x96, 0x9D, 0x96, 0x9D, 0x96, 0x9D, 0x96, 0x9D,
    0x96, 0x9D, 0x96, 0x9D, 0x96, 0x9D, 0x96, 0x9D, 0x96, 0x9D, 0x96, 0x9D, 0x96, 0x9D, 0x96, 0x9D, 0x96, 0x9D, 0x96, 0x9D, 0x96, 0x9D, 0x96, 0x9D,
    0x96, 0x9D, 0x96, 0x9D, 0x96, 0x9D, 0x96, 0x9D, 0x96, 0x9D, 0x96, 0x9D, 0x96, 0x9D, 0x96, 0x9D, 0x96, 0x9D, 0x96, 0x9D, 0x96, 0x9D, 0x96, 0x9D,
    0x96, 0x9D, 0x96, 0x9D, 0x96, 0x9D, 0x96, 0x9D, 0x96, 0x9D, 0x96, 0x9D, 0x96, 0x9D, 0x96, 0x9D, 0x96, 0x9D, 0x96, 0x9D, 0x96, 0x9D, 0x96, 0x9D,
    0x96, 0x9D, 0x96, 0x9D, 0x96, 0x9D, 0x96, 0x9D, 0x96, 0x9D, 0x96, 0x9D, 0x96, 0x9D, 0x96, 0x9D, 0x96, 0x9D, 0x96, 0x9D, 0x96, 0x9D, 0x96, 0x9D,
    0x96, 0x9D, 0x96, 0x9D, 0x96, 0x9D, 0x96, 0x9D, 0x96, 0x9D, 0x96, 0x9D, 0x96, 0x9D, 0x96, 0x9D, 0x96, 0x9D, 0x96, 0x9D, 0x96, 0x9D, 0x96, 0x9D,
    0x96, 0x9D, 0x96, 0x9D, 0x96, 0x9D, 0x96, 0x9D, 0x96, 0x9D, 0x96, 0x9D, 0x96, 0x9D, 0x96, 0x9D, 0x96, 0x9D, 0x96, 0x9D, 0x96, 0x9D, 0x96, 0x9D,
    0x96, 0x9D, 0x96, 0x9D, 0x96, 0x9D, 0x96, 0x9D, 0x96, 0x9D, 0x96, 0x9D, 0x96, 0x9D, 0x96, 0x9D, 0x96, 0x9D, 0x96, 0x9D, 0x96, 0x9D, 0x96, 0x9D,
    0x96, 0x9D, 0x96, 0x9D, 0x96, 0x9D, 0x96, 0x9D, 0x96, 0x9D, 0x96, 0x9D, 0x96, 0x9D, 0x96, 0x9D, 0x96, 0x9D, 0x96, 0x9D, 0x96, 0x9D, 0x96, 0x9D,
    0x96, 0x9D, 0x96, 0x9D, 0x96, 0x9D, 0x96, 0x9D, 0x96, 0x9D, 0x96, 0x9D, 0x96, 0x9D, 0x96, 0x9D, 0x96, 0x9D, 0x96, 0x9D, 0x96, 0x9D, 0x96, 0x9D,
    0x96, 0x9D, 0x96, 0x9D, 0x96, 0x9D, 0x96, 0x9D, 0x96, 0x9D, 0x96, 0x9D, 0x96, 0x9D, 0x96, 0x9D, 0x96, 0x9D, 0x96, 0x9D, 0x96, 0x9D, 0x96, 0x9D,
    0x96, 0x9D, 0x96, 0x9D, 0x96, 0x9D, 0x96, 0x9D, 0x96, 0x9D, 0x96, 0x9D, 0x96, 0x9D, 0x96, 0x9D, 0x96, 0x9D, 0x96, 0x9D, 0x96, 0x9D, 0x96, 0x9D,
    0x96, 0x9D, 0x96, 0x9D, 0x96, 0x9D, 0x96, 0x9D, 0x96, 0x9D, 0x96, 0x9D, 0x96, 0x9D, 0x96, 0x9D, 0x96, 0x9D, 0x96, 0x9D, 0x96, 0x9D, 0x96, 0x9D,
    0x96, 0x9D, 0x96, 0x9D, 0x96, 0x9D, 0x96, 0x9D, 0x96, 0x9D, 0x96, 0x9D, 0x96, 0x9D, 0x96, 0x9D, 0x96, 0x9D, 0x96, 0x9D, 0x96, 0x9D, 0x96, 0x9D,
    0x96, 0x9D, 0x96, 0x9D, 0x96, 0x9D, 0x96, 0x9D, 0x96, 0x9D, 0x96, 0x9D, 0x96, 0x9D, 0x96, 0x9D, 0x96, 0x9D, 0x96, 0x9D, 0x96, 0x9D, 0x96, 0x9D,
    0x96, 0x9D, 0x96, 0x9D, 0x96, 0x9D, 0x96, 0x9D, 0x96, 0x9D, 0x96, 0x9D, 0x96, 0x9D, 0x96, 0x9D, 0x96, 0x9D, 0x96, 0x9D, 0x96, 0x9D, 0x96, 0x9D,
    0x96, 0x9D, 0x96, 0x9D, 0x96, 0x9D, 0x96, 0x9D, 0x96, 0x9D, 0x96, 0x9D, 0x96, 0x9D, 0x96, 0x9D, 0x96, 0x9D, 0x96, 0x9D, 0x96, 0x9D, 0x96, 0x9D,
    0x96, 0x9D, 0x96, 0x9D, 0x96, 0x9D, 0x96, 0x9D, 0x96, 0x9D, 0x96, 0x9D, 0x96, 0x9D, 0x96, 0x9D, 0x96, 0x9D, 0x96, 0x9D, 0x96, 0x9D, 0x96, 0x9D,
    0x96, 0x9D, 0x96, 0x9D, 0x96, 0x9D, 0x96, 0x9D, 0x96, 0x9D, 0x96, 0x9D, 0x96, 0x9D, 0x96, 0x9D, 0x96, 0x9D, 0x96, 0x9D, 0x96, 0x9D, 0x96, 0x9D,
    0x96, 0x9D, 0x96, 0x9D, 0x96, 0x9D, 0x96, 0x9D, 0x96, 0x9D, 0x96, 0x9D, 0x96, 0x9D, 0x96, 0x9D, 0x96, 0x9D, 0x96, 0x9D, 0x96, 0x9D, 0x96, 0x9D,
    0x96, 0x9D, 0x96, 0x9D, 0x96, 0x9D, 0x96, 0x9D, 0x96, 0x9D, 0x96, 0x9D, 0x96, 0x9D, 0x96, 0x9D, 0x96, 0x9D, 0x96, 0x9D, 0x96, 0x9D, 0x96, 0x9D,
    0x96, 0x9D, 0x96, 0x9D, 0x96, 0x9D, 0x96, 0x9D, 0x96, 0x9D, 0x96, 0x9D, 0x96, 0x9D, 0x96, 0x9D, 0x96, 0x9D, 0x96, 0x9D, 0x96, 0x9D, 0x96, 0x9D,
    0x96, 0x9D, 0x96, 0x9D, 0x96, 0x9D, 0x96, 0x9D, 0x96, 0x9D, 0x96, 0x9D, 0x96, 0x9D, 0x96, 0x9D, 0x96, 0x9D, 0x96, 0x9D, 0x96, 0x9D, 0x96, 0x9D,
    0x96, 0x9D, 0x96, 0x9D, 0x96, 0x9D, 0x96, 0x9D, 0x96, 0x9D, 0x96, 0x9D, 0x96, 0x9D, 0x96, 0x9D, 0x96, 0x9D, 0x96, 0x9D, 0x96, 0x9D, 0x96, 0x9D,
    0x96, 0x9D, 0x96, 0x9D, 0x96, 0x9D, 0x96, 0x9D, 0x96, 0x9D, 0x96, 0x9D, 0x96, 0x9D, 0x96, 0x9D, 0x96, 0x9D, 0x96, 0x9D, 0x96, 0x9D, 0x96, 0x9D,
    0x96, 0x9D, 0x96, 0x9D, 0x96, 0x9D, 0x96, 0x9D, 0x96, 0x9D, 0x96, 0x9D, 0x96, 0x9D, 0x96, 0x9D, 0x96, 0x9D, 0x96, 0x9D, 0x96, 0x9D, 0x96, 0x9D,
    0x96, 0x9D, 0x96, 0x9D, 0x96, 0x9D, 0x96, 0x9D, 0x96, 0x9D, 0x96, 0x9D, 0x96, 0x9D, 0x96, 0x9D, 0x96, 0x9D, 0x96, 0x9D, 0x96, 0x9D, 0x96, 0x9D,
    0x96, 0x9D, 0x96, 0x9D, 0x96, 0x9D, 0x96, 0x9D, 0x96, 0x9D, 0x96, 0x9D, 0x96, 0x9D, 0x96, 0x9D, 0x96, 0x9D, 0x96, 0x9D, 0x96, 0x9D, 0x96, 0x9D,
    0x96, 0x9D, 0x96, 0x9D, 0x96, 0x9D, 0x96, 0x9D, 0x96, 0x9D, 0x96, 0x9D, 0x96, 0x9D, 0x96, 0x9D, 0x96, 0x9D, 0x96, 0x9D, 0x96, 0x9D, 0x96, 0x9D,
    0x96, 0x9D, 0x96, 0x9D, 0x96, 0x9D, 0x96, 0x9D, 0x96, 0x9D, 0x96, 0x9D, 0x96, 0x9D, 0x96, 0x9D, 0x96, 0x9D, 0x96, 0x9D, 0x96, 0x9D, 0x96, 0x9D,
    0x96, 0x9D, 0x96, 0x9D, 0x96, 0x9D, 0x96, 0x9D, 0x96, 0x9D, 0x96, 0x9D, 0x96, 0x9D, 0x96, 0x9D, 0x96, 0x9D, 0x96, 0x9D, 0x96, 0x9D, 0x96, 0x9D,
    0x96, 0x9D, 0x96, 0x9D, 0x96, 0x9D, 0x96, 0x9D, 0x96, 0x9D, 0x96, 0x9D, 0x96, 0x9D, 0x96, 0x9D, 0x96, 0x9D, 0x96, 0x9D, 0x96, 0x9D, 0x96, 0x9D,
    0x96, 0x9D, 0x96, 0x9D, 0x96, 0x9D, 0x96, 0x9D, 0x96, 0x9D, 0x96, 0x9D, 0x96, 0x9D, 0x96, 0x9D, 0x96, 0x9D, 0x96, 0x9D, 0x96, 0x9D, 0x96, 0x9D,
    0x96, 0x9D, 0x96, 0x9D, 0x96, 0x9D, 0x96, 0x9D, 0x96, 0x9D, 0x96, 0x9D, 0x96, 0x9D, 0x96, 0x9D, 0x96, 0x9D, 0x96, 0x9D, 0x96, 0x9D, 0x96, 0x9D,
    0x96, 0x9D, 0x96, 0x9D, 0x96, 0x9D, 0x96, 0x9D, 0x96, 0x9D, 0x96, 0x9D, 0x96, 0x9D, 0x96, 0x9D, 0x96, 0x9D, 0x96, 0x9D, 0x96, 0x9D, 0x96, 0x9D,
    0x96, 0x9D, 0x96, 0x9D, 0x96, 0x9D, 0x96, 0x9D, 0x96, 0x9D, 0x96, 0x9D, 0x96, 0x9D, 0x96, 0x9D, 0x96, 0x9D, 0x96, 0x9D, 0x96, 0x9D, 0x96, 0x9D,
    0x96, 0x9D, 0x96, 0x9D, 0x96, 0x9D, 0x96, 0x9D, 0x96, 0x9D, 0x96, 0x9D, 0x96, 0x9D, 0x96, 0x9D, 0x96, 0x9D, 0x96, 0x9D, 0x96, 0x9D, 0x96, 0x9D,
    0x96, 0x9D, 0x96, 0x9D, 0x96, 0x9D, 0x96, 0x9D, 0x96, 0x9D, 0x96, 0x9D, 0x96, 0x9D, 0x96, 0x9D, 0x96, 0x9D, 0x96, 0x9D, 0x96, 0x9D, 0x96, 0x9D,
    0x96, 0x9D, 0x96, 0x9D, 0x96, 0x9D, 0x96, 0x9D, 0x96, 0x9D, 0x96, 0x9D, 0x96, 0x9D, 0x96, 0x9D, 0x96, 0x9D, 0x96, 0x9D, 0x96, 0x9D, 0x96, 0x9D,
    0x96, 0x9D, 0x96, 0x9D, 0x96, 0x9D, 0x96, 0x9D, 0x96, 0x9D, 0x96, 0x9D, 0x96, 0x9D, 0x96, 0x9D, 0x96, 0x9D, 0x96, 0x9D, 0x96, 0x9D, 0x96, 0x9D,
    0x96, 0x9D, 0x96, 0x9D, 0x96, 0x9D, 0x96, 0x9D, 0x96, 0x9D, 0x96, 0x9D, 0x96, 0x9D, 0x96, 0x9D, 0x96, 0x9D, 0x96, 0x9D, 0x96, 0x9D, 0x96, 0x9D,
    0x96, 0x9D, 0x96, 0x9D, 0x96, 0x9D, 0x96, 0x9D, 0x96, 0x9D, 0x96, 0x9D, 0x96, 0x9D, 0x96, 0x9D, 0x96, 0x9D, 0x96, 0x9D, 0x96, 0x9D, 0x96, 0x9D,
    0x96, 0x9D, 0x96, 0x9D, 0x96, 0x9D, 0x96, 0x9D, 0x96, 0x9D, 0x96, 0x9D, 0x96, 0x9D, 0x96, 0x9D, 0x96, 0x9D, 0x96, 0x9D, 0x96, 0x9D, 0x96, 0x9D,
    0x96, 0x9D, 0x96, 0x9D, 0x96, 0x9D, 0x96, 0x9D, 0x96, 0x9D, 0x96, 0x9D, 0x96, 0x9D, 0x96, 0x9D, 0x96, 0x9D, 0x96, 0x9D, 0x96, 0x9D, 0x96, 0x9D,
    0x96, 0x9D, 0x96, 0x9D, 0x96, 0x9D, 0x96, 0x9D, 0x96, 0x9D, 0x96, 0x9D, 0x96, 0x9D, 0x96, 0x9D, 0x96, 0x9D, 0x96, 0x9D, 0x96, 0x9D, 0x96, 0x9D,
    0x96, 0x9D, 0x96, 0x9D, 0x96, 0x9D, 0x96, 0x9D, 0x96, 0x9D, 0x96, 0x9D, 0x96, 0x9D, 0x96, 0x9D, 0x96, 0x9D, 0x96, 0x9D, 0x96, 0x9D, 0x96, 0x9D,
    0x96, 0x9D, 0x96, 0x9D, 0x96, 0x9D, 0x96, 0x9D, 0x96, 0x9D, 0x96, 0x9D, 0x96, 0x9D, 0x96, 0x9D, 0x96, 0x9D, 0x96, 0x9D, 0x96, 0x9D, 0x96, 0x9D,
    0x96, 0x9D, 0x96, 0x9D, 0x96, 0x9D, 0x96, 0x9D, 0x96, 0x9D, 0x96, 0x9D, 0x96, 0x9D, 0x96, 0x9D, 0x96, 0x9D, 0x96, 0x9D, 0x96, 0x9D, 0x96, 0x9D,
    0x96, 0x9D, 0x96, 0x9D, 0x96, 0x9D, 0x96, 0x9D, 0x96, 0x9D, 0x96, 0x9D, 0x96, 0x9D, 0x96, 0x9D, 0x96, 0x9D, 0x96, 0x9D, 0x96, 0x9D, 0x96, 0x9D,
    0x96, 0x9D, 0x96, 0x9D, 0x96, 0x9D, 0x96, 0x9D, 0x96, 0x9D, 0x96, 0x9D, 0x96, 0x9D, 0x96, 0x9D, 0x96, 0x9D, 0x96, 0x9D, 0x96, 0x9D, 0x96, 0x9D,
    0x96, 0x9D, 0x96, 0x9D, 0x96, 0x9D, 0x96, 0x9D, 0x96, 0x9D, 0x96, 0x9D, 0x96, 0x9D, 0x96, 0x9D, 0x96, 0x9D, 0x96, 0x9D, 0x96, 0x9D, 0x96, 0x9D,
    0x96, 0x9D, 0x96, 0x9D, 0x96, 0x9D, 0x96, 0x9D, 0x96, 0x9D, 0x96, 0x9D, 0x96, 0x9D, 0x96, 0x9D, 0x96, 0x9D, 0x96, 0x9D, 0x96, 0x9D, 0x96, 0x9D,
    0x96, 0x9D, 0x96, 0x9D, 0x96, 0x9D, 0x96, 0x9D, 0x96, 0x9D, 0x96, 0x9D, 0x96, 0x9D, 0x96, 0x9D, 0x96, 0x9D, 0x96, 0x9D, 0x96, 0x9D, 0x96, 0x9D,
    0x96, 0x9D, 0x96, 0x9D, 0x96, 0x9D, 0x96, 0x9D, 0x96, 0x9D, 0x96, 0x9D, 0x96, 0x9D, 0x96, 0x9D, 0x96, 0x9D, 0x96, 0x9D, 0x96, 0x9D, 0x96, 0x9D,
    0x96, 0x9D, 0x96, 0x9D, 0x96, 0x9D, 0x96, 0x9D, 0x96, 0x9D, 0x96, 0x9D, 0x96, 0x9D, 0x96, 0x9D, 0x96, 0x9D, 0x96, 0x9D, 0x96, 0x9D, 0x96, 0x9D,
    0x96, 0x9D, 0x96, 0x9D, 0x96, 0x9D, 0x96, 0x9D, 0x96, 0x9D, 0x96, 0x9D, 0x96, 0x9D, 0x96, 0x9D, 0x96, 0x9D, 0x96, 0x9D, 0x96, 0x9D, 0x96, 0x9D,
    0x96, 0x9D, 0x96, 0x9D, 0x96, 0x9D, 0x96, 0x9D, 0x96, 0x9D, 0x96, 0x9D, 0x96, 0x9D, 0x96, 0x9D, 0x96, 0x9D, 0x96, 0x9D, 0x96, 0x9D, 0x96, 0x9D,
    0x96, 0x9D, 0x96, 0x9D, 0x96, 0x9D, 0x96, 0x9D, 0x96, 0x9D, 0x96, 0x9D, 0x96, 0x9D, 0x96, 0x9D, 0x96, 0x9D, 0x96, 0x9D, 0x96, 0x9D, 0x96, 0x9D,
    0x96, 0x9D, 0x96, 0x9D, 0x96, 0x9D, 0x96, 0x9D, 0x96, 0x9D, 0x96, 0x9D, 0x96, 0x9D, 0x96, 0x9D, 0x96, 0x9D, 0x96, 0x9D, 0x96, 0x9D, 0x96, 0x9D,
    0x96, 0x9D, 0x96, 0x9D, 0x96, 0x9D, 0x96, 0x9D, 0x96, 0x9D, 0x96, 0x9D, 0x96, 0x9D, 0x96, 0x9D, 0x96, 0x9D, 0x96, 0x9D, 0x96, 0x9D, 0x96, 0x9D,
    0x96, 0x9D, 0x96, 0x9D, 0x96, 0x9D, 0x96, 0x9D, 0x96, 0x9D, 0x96, 0x9D, 0x96, 0x9D, 0x96, 0x9D, 0x96, 0x9D, 0x96, 0x9D, 0x96, 0x9D, 0x96, 0x9D,
    0x96, 0x9D, 0x96, 0x9D, 0x96, 0x9D, 0x96, 0x9D, 0x96, 0x9D, 0x96, 0x9D, 0x96, 0x9D, 0x96, 0x9D, 0x96, 0x9D, 0x96, 0x9D, 0x96, 0x9D, 0x96, 0x9D,
    0x96, 0x9D, 0x96, 0x9D, 0x96, 0x9D, 0x96, 0x9D, 0x96, 0x9D, 0x96, 0x9D, 0x96, 0x9D, 0x96, 0x9D, 0x96, 0x9D, 0x96, 0x9D, 0x96, 0x9D, 0x96, 0x9D,
    0x96, 0x9D, 0x96, 0x9D, 0x96, 0x9D, 0x96, 0x9D, 0x96, 0x9D, 0x96, 0x9D, 0x96, 0x9D, 0x96, 0x9D, 0x96, 0x9D, 0x96, 0x9D, 0x96, 0x9D, 0x96, 0x9D,
    0x96, 0x9D, 0x96, 0x9D, 0x96, 0x9D, 0x96, 0x9D, 0x96, 0x9D, 0x96, 0x9D, 0x96, 0x9D, 0x96, 0x9D, 0x96, 0x9D, 0x96, 0x9D, 0x96, 0x9D, 0x96, 0x9D,
    0x96, 0x9D, 0x96, 0x9D, 0x96, 0x9D, 0x96, 0x9D, 0x96, 0x9D, 0x96, 0x9D, 0x96, 0x9D, 0x96, 0x9D, 0x96, 0x9D, 0x96, 0x9D, 0x96, 0x9D, 0x96, 0x9D,
    0x96, 0x9D, 0x96, 0x9D, 0x96, 0x9D, 0x96, 0x9D, 0x96, 0x9D, 0x96, 0x9D, 0x96, 0x9D, 0x96, 0x9D, 0x96, 0x9D, 0x96, 0x9D, 0x96, 0x9D, 0x96, 0x9D,
    0x96, 0x9D, 0x96, 0x9D, 0x96, 0x9D, 0x96, 0x9D, 0x96, 0x9D, 0x96, 0x9D, 0x96, 0x9D, 0x96, 0x9D, 0x96, 0x9D, 0x96, 0x9D, 0x96, 0x9D, 0x96, 0x9D,
    0x96, 0x9D, 0x96, 0x9D, 0x96, 0x9D, 0x96, 0x9D, 0x96, 0x9D, 0x96, 0x9D, 0x96, 0x9D, 0x96, 0x9D, 0x96, 0x9D, 0x96, 0x9D, 0x96, 0x9D, 0x96, 0x9D,
    0x96, 0x9D, 0x96, 0x9D, 0x96, 0x9D, 0x96, 0x9D, 0x96, 0x9D, 0x96, 0x9D, 0x96, 0x9D, 0x96, 0x9D, 0x96, 0x9D, 0x96, 0x9D, 0x96, 0x9D, 0x96, 0x9D,
    0x96, 0x9D, 0x96, 0x9D, 0x96, 0x9D, 0x96, 0x9D, 0x96, 0x9D, 0x96, 0x9D, 0x96, 0x9D, 0x96, 0x9D, 0x96, 0x9D, 0x96, 0x9D, 0x96, 0x9D, 0x96, 0x9D,
    0x96, 0x9D, 0x96, 0x9D, 0x96, 0x9D, 0x96, 0x9D, 0x96, 0x9D, 0x96, 0x9D, 0x96, 0x9D, 0x96, 0x9D, 0x96, 0x9D, 0x96, 0x9D, 0x96, 0x9D, 0x96, 0x9D,
    0x96, 0x9D, 0x96, 0x9D, 0x96, 0x9D, 0x96, 0x9D, 0x96, 0x9D, 0x96, 0x9D, 0x96, 0x9D, 0x96, 0x9D, 0x96, 0x9D, 0x96, 0x9D, 0x96, 0x9D, 0x96, 0x9D,
    0x96, 0x9D, 0x96, 0x9D, 0x96, 0x9D, 0x96, 0x9D, 0x96, 0x9D, 0x96, 0x9D, 0x96, 0x9D, 0x96, 0x9D, 0x96, 0x9D, 0x96, 0x9D, 0x96, 0x9D, 0x96, 0x9D,
    0x96, 0x9D, 0x96, 0x9D, 0x96, 0x9D, 0x96, 0x9D, 0x96, 0x9D, 0x96, 0x9D, 0x96, 0x9D, 0x96, 0x9D, 0x96, 0x9D, 0x96, 0x9D, 0x96, 0x9D, 0x96, 0x9D,
    0x96, 0x9D, 0x96, 0x9D, 0x96, 0x9D, 0x96, 0x9D, 0x96, 0x9D, 0x96, 0x9D, 0x96, 0x9D, 0x96, 0x9D, 0x96, 0x9D, 0x96, 0x9D, 0x96, 0x9D, 0x96, 0x9D,
    0x96, 0x9D, 0x96, 0x9D, 0x96, 0x9D, 0x96, 0x9D, 0x96, 0x9D, 0x96, 0x9D, 0x96, 0x9D, 0x96, 0x9D, 0x96, 0x9D, 0x96, 0x9D, 0x96, 0x9D, 0x96, 0x9D,
    0x96, 0x9D, 0x96, 0x9D, 0x96, 0x9D, 0x96, 0x9D, 0x96, 0x9D, 0x96, 0x9D, 0x96, 0x9D, 0x96, 0x9D, 0x96, 0x9D, 0x96, 0x9D, 0x96, 0x9D, 0x96, 0x9D,
    0x96, 0x9D, 0x96, 0x9D, 0x96, 0x9D, 0x96, 0x9D, 0x96, 0x9D, 0x96, 0x9D, 0x96, 0x9D, 0x96, 0x9D, 0x96, 0x9D, 0x96, 0x9D, 0x96, 0x9D, 0x96, 0x9D,
    0x96, 0x9D, 0x96, 0x9D, 0x96, 0x9D, 0x96, 0x9D, 0x96, 0x9D, 0x96, 0x9D, 0x96, 0x9D, 0x96, 0x9D, 0x96, 0x9D, 0x96, 0x9D, 0x96, 0x9D, 0x96, 0x9D,
    0x96, 0x9D, 0x96, 0x9D, 0x96, 0x9D, 0x96, 0x9D, 0x96, 0x9D, 0x96, 0x9D, 0x96, 0x9D, 0x96, 0x9D, 0x96, 0x9D, 0x96, 0x9D, 0x96, 0x9D, 0x96, 0x9D,
    0x96, 0x9D, 0x96, 0x9D, 0x96, 0x9D, 0x96, 0x9D, 0x96, 0x9D, 0x96, 0x9D, 0x96, 0x9D, 0x96, 0x9D, 0x96, 0x9D, 0x96, 0x9D, 0x96, 0x9D, 0x96, 0x9D,
    0x96, 0x9D, 0x96, 0x9D, 0x96, 0x9D, 0x96, 0x9D, 0x96, 0x9D, 0x96, 0x9D, 0x96, 0x9D, 0x96, 0x9D, 0x96, 0x9D, 0x96, 0x9D, 0x96, 0x9D, 0x96, 0x9D,
    0x96, 0x9D, 0x96, 0x9D, 0x96, 0x9D, 0x96, 0x9D, 0x96, 0x9D, 0x96, 0x9D, 0x96, 0x9D, 0x96, 0x9D, 0x96, 0x9D, 0x96, 0x9D, 0x96, 0x9D, 0x96, 0x9D,
    0x96, 0x9D, 0x96, 0x9D, 0x96, 0x9D, 0x96, 0x9D, 0x96, 0x9D, 0x96, 0x9D, 0x96, 0x9D, 0x96, 0x9D, 0x96, 0x9D, 0x96, 0x9D, 0x96, 0x9D, 0x96, 0x9D,
    0x96, 0x9D, 0x96, 0x9D, 0x96, 0x9D, 0x96, 0x9D, 0x96, 0x9D, 0x96, 0x9D, 0x96, 0x9D, 0x96, 0x9D, 0x96, 0x9D, 0x96, 0x9D, 0x96, 0x9D, 0x96, 0x9D,
    0x96, 0x9D, 0x96, 0x9D, 0x96, 0x9D, 0x96, 0x9D, 0x96, 0x9D, 0x96, 0x9D, 0x96, 0x9D, 0x96, 0x9D, 0x96, 0x9D, 0x96, 0x9D, 0x96, 0x9D, 0x96, 0x9D,
    0x96, 0x9D, 0x96, 0x9D, 0x96, 0x9D, 0x96, 0x9D, 0x96, 0x9D, 0x96, 0x9D, 0x96, 0x9D, 0x96, 0x9D, 0x96, 0x9D, 0x96, 0x9D, 0x96, 0x9D, 0x96, 0x9D,
    0x96, 0x9D, 0x96, 0x9D, 0x96, 0x9D, 0x96, 0x9D, 0x96, 0x9D, 0x96, 0x9D, 0x96, 0x9D, 0x96, 0x9D, 0x96, 0x9D, 0x96, 0x9D, 0x96, 0x9D, 0x96, 0x9D,
    0x96, 0x9D, 0x96, 0x9D, 0x96, 0x9D, 0x96, 0x9D, 0x96, 0x9D, 0x96, 0x9D, 0x96, 0x9D, 0x96, 0x9D, 0x96, 0x9D, 0x96, 0x9D, 0x96, 0x9D, 0x96, 0x9D,
    0x96, 0x9D, 0x96, 0x9D, 0x96, 0x9D, 0x96, 0x9D, 0x96, 0x9D, 0x96, 0x9D, 0x96, 0x9D, 0x96, 0x9D, 0x96, 0x9D, 0x96, 0x9D, 0x96, 0x9D, 0x96, 0x9D,
    0x96, 0x9D, 0x96, 0x9D, 0x96, 0x9D, 0x96, 0x9D, 0x96, 0x9D, 0x96, 0x9D, 0x96, 0x9D, 0x96, 0x9D, 0x96, 0x9D, 0x96, 0x9D, 0x96, 0x9D, 0x96, 0x9D,
    0x96, 0x9D, 0x96, 0x9D, 0x96, 0x9D, 0x96, 0x9D, 0x96, 0x9D, 0x96, 0x9D, 0x96, 0x9D, 0x96, 0x9D, 0x96, 0x9D, 0x96, 0x9D, 0x96, 0x9D, 0x96, 0x9D,
    0x96, 0x9D, 0x96, 0x9D, 0x96, 0x9D, 0x96, 0x9D, 0x96, 0x9D, 0x96, 0x9D, 0x96, 0x9D, 0x96, 0x9D, 0x96, 0x9D, 0x96, 0x9D, 0x96, 0x9D, 0x96, 0x9D,
    0x96, 0x9D, 0x96, 0x9D, 0x96, 0x9D, 0x96, 0x9D, 0x96, 0x9D, 0x96, 0x9D, 0x96, 0x9D, 0x96, 0x9D, 0x96, 0x9D, 0x96, 0x9D, 0x96, 0x9D, 0x96, 0x9D,
    0x96, 0x9D, 0x96, 0x9D, 0x96, 0x9D, 0x96, 0x9D, 0x96, 0x9D, 0x96, 0x9D, 0x96, 0x9D, 0x96, 0x9D, 0x96, 0x9D, 0x96, 0x9D, 0x96, 0x9D, 0x96, 0x9D,
    0x96, 0x9D, 0x96, 0x9D, 0x96, 0x9D, 0x96, 0x9D, 0x96, 0x9D, 0x96, 0x9D, 0x96, 0x9D, 0x96, 0x9D, 0x96, 0x9D, 0x96, 0x9D, 0x96, 0x9D, 0x96, 0x9D,
    0x96, 0x9D, 0x96, 0x9D, 0x96, 0x9D, 0x96, 0x9D, 0x96, 0x9D, 0x96, 0x9D, 0x96, 0x9D, 0x96, 0x9D, 0x96, 0x9D, 0x96, 0x9D, 0x96, 0x9D, 0x96, 0x9D,
    0x96, 0x9D, 0x96, 0x9D, 0x96, 0x9D, 0x96, 0x9D, 0x96, 0x9D, 0x96, 0x9D, 0x96, 0x9D, 0x96, 0x9D, 0x96, 0x9D, 0x96, 0x9D, 0x96, 0x9D, 0x96, 0x9D,
    0x96, 0x9D, 0x96, 0x9D, 0x96, 0x9D, 0x96, 0x9D, 0x96, 0x9D, 0x96, 0x9D, 0x96, 0x9D, 0x96, 0x9D, 0x96, 0x9D, 0x96, 0x9D, 0x96, 0x9D, 0x96, 0x9D,
    0x96, 0x9D, 0x96, 0x9D, 0x96, 0x9D, 0x96, 0x9D, 0x96, 0x9D, 0x96, 0x9D, 0x96, 0x9D, 0x96, 0x9D, 0x96, 0x9D, 0x96, 0x9D, 0x96, 0x9D, 0x96, 0x9D,
    0x96, 0x9D, 0x96, 0x9D, 0x96, 0x9D, 0x96, 0x9D, 0x96, 0x9D, 0x96, 0x9D, 0x96, 0x9D, 0x96, 0x9D, 0x96, 0x9D, 0x96, 0x9D, 0x96, 0x9D, 0x96, 0x9D,
    0x96, 0x9D, 0x96, 0x9D, 0x96, 0x9D, 0x96, 0x9D, 0x96, 0x9D, 0x96, 0x9D, 0x96, 0x9D, 0x96, 0x9D, 0x96, 0x9D, 0x96, 0x9D, 0x96, 0x9D, 0x96, 0x9D,
    0x96, 0x9D, 0x96, 0x9D, 0x96, 0x9D, 0x96, 0x9D, 0x96, 0x9D, 0x96, 0x9D, 0x96, 0x9D, 0x96, 0x9D, 0x96, 0x9D, 0x96, 0x9D, 0x96, 0x9D, 0x96, 0x9D,
    0x96, 0x9D, 0x96, 0x9D, 0x96, 0x9D, 0x96, 0x9D, 0x96, 0x9D, 0x96, 0x9D, 0x96, 0x9D, 0x96, 0x9D, 0x96, 0x9D, 0x96, 0x9D, 0x96, 0x9D, 0x96, 0x9D,
    0x96, 0x9D, 0x96, 0x9D, 0x96, 0x9D, 0x96, 0x9D, 0x96, 0x9D, 0x96, 0x9D, 0x96, 0x9D, 0x96, 0x9D, 0x96, 0x9D, 0x96, 0x9D, 0x96, 0x9D, 0x96, 0x9D,
    0x96, 0x9D, 0x96, 0x9D, 0x96, 0x9D, 0x96, 0x9D, 0x96, 0x9D, 0x96, 0x9D, 0x96, 0x9D, 0x96, 0x9D, 0x96, 0x9D, 0x96, 0x9D, 0x96, 0x9D, 0x96, 0x9D,
    0x96, 0x9D, 0x96, 0x9D, 0x96, 0x9D, 0x96, 0x9D, 0x96, 0x9D, 0x96, 0x9D, 0x96, 0x9D, 0x96, 0x9D, 0x96, 0x9D, 0x96, 0x9D, 0x96, 0x9D, 0x96, 0x9D,
    0x96, 0x9D, 0x96, 0x9D, 0x96, 0x9D, 0x96, 0x9D, 0x96, 0x9D, 0x96, 0x9D, 0x96, 0x9D, 0x96, 0x9D, 0x96, 0x9D, 0x96, 0x9D, 0x96, 0x9D, 0x96, 0x9D,
    0x96, 0x9D, 0x96, 0x9D, 0x96, 0x9D, 0x96, 0x9D, 0x96, 0x9D, 0x96, 0x9D, 0x96, 0x9D, 0x96, 0x9D, 0x96, 0x9D, 0x96, 0x9D, 0x96, 0x9D, 0x96, 0x9D,
    0x96, 0x9D, 0x96, 0x9D, 0x96, 0x9D, 0x96, 0x9D, 0x96, 0x9D, 0x96, 0x9D, 0x96, 0x9D, 0x96, 0x9D, 0x96, 0x9D, 0x96, 0x9D, 0x96, 0x9D, 0x96, 0x9D,
    0x96, 0x9D, 0x96, 0x9D, 0x96, 0x9D, 0x96, 0x9D, 0x96, 0x9D, 0x96, 0x9D, 0x96, 0x9D, 0x96, 0x9D, 0x96, 0x9D, 0x96, 0x9D, 0x96, 0x9D, 0x96, 0x9D,
    0x96, 0x9D, 0x96, 0x9D, 0x96, 0x9D, 0x96, 0x9D, 0x96, 0x9D, 0x96, 0x9D, 0x96, 0x9D, 0x96, 0x9D, 0x96, 0x9D, 0x96, 0x9D, 0x96, 0x9D, 0x96, 0x9D,
    0x96, 0x9D, 0x96, 0x9D, 0x96, 0x9D, 0x96, 0x9D, 0x96, 0x9D, 0x96, 0x9D, 0x96, 0x9D, 0x96, 0x9D, 0x96, 0x9D, 0x96, 0x9D, 0x96, 0x9D, 0x96, 0x9D,
    0x96, 0x9D, 0x96, 0x9D, 0x96, 0x9D, 0x96, 0x9D, 0x96, 0x9D, 0x96, 0x9D, 0x96, 0x9D, 0x96, 0x9D, 0x96, 0x9D, 0x96, 0x9D, 0x96, 0x9D, 0x96, 0x9D,
    0x96, 0x9D, 0x96, 0x9D, 0x96, 0x9D, 0x96, 0x9D, 0x96, 0x9D, 0x96, 0x9D, 0x96, 0x9D, 0x96, 0x9D, 0x96, 0x9D, 0x96, 0x9D, 0x96, 0x9D, 0x96, 0x9D,
    0x96, 0x9D, 0x96, 0x9D, 0x96, 0x9D, 0x96, 0x9D, 0x96, 0x9D, 0x96, 0x9D, 0x96, 0x9D, 0x96, 0x9D, 0x96, 0x9D, 0x96, 0x9D, 0x96, 0x9D, 0x96, 0x9D,
    0x96, 0x9D, 0x96, 0x9D, 0x96, 0x9D, 0x96, 0x9D, 0x96, 0x9D, 0x96, 0x9D, 0x96, 0x9D, 0x96, 0x9D, 0x96, 0x9D, 0x96, 0x9D, 0x96, 0x9D, 0x96, 0x9D,
    0x96, 0x9D, 0x96, 0x9D, 0x96, 0x9D, 0x96, 0x9D, 0x96, 0x9D, 0x96, 0x9D, 0x96, 0x9D, 0x96, 0x9D, 0x96, 0x9D, 0x96, 0x9D, 0x96, 0x9D, 0x96, 0x9D,
    0x96, 0x9D, 0x96, 0x9D, 0x96, 0x9D, 0x96, 0x9D, 0x96, 0x9D, 0x96, 0x9D, 0x96, 0x9D, 0x96, 0x9D, 0x96, 0x9D, 0x96, 0x9D, 0x96, 0x9D, 0x96, 0x9D,
    0x96, 0x9D, 0x96, 0x9D, 0x96, 0x9D, 0x96, 0x9D, 0x96, 0x9D, 0x96, 0x9D, 0x96, 0x9D, 0x96, 0x9D, 0x96, 0x9D, 0x96, 0x9D, 0x96, 0x9D, 0x96, 0x9D,
    0x96, 0x9D, 0x96, 0x9D, 0x96, 0x9D, 0x96, 0x9D, 0x96, 0x9D, 0x96, 0x9D, 0x96, 0x9D, 0x96, 0x9D, 0x96, 0x9D, 0x96, 0x9D, 0x96, 0x9D, 0x96, 0x9D,
    0x96, 0x9D, 0x96, 0x9D, 0x96, 0x9D, 0x96, 0x9D, 0x96, 0x9D, 0x96, 0x9D, 0x96, 0x9D, 0x96, 0x9D, 0x96, 0x9D, 0x96, 0x9D, 0x96, 0x9D, 0x96, 0x9D,
    0x96, 0x9D, 0x96, 0x9D, 0x96, 0x9D, 0x96, 0x9D, 0x96, 0x9D, 0x96, 0x9D, 0x96, 0x9D, 0x96, 0x9D, 0x96, 0x9D, 0x96, 0x9D, 0x96, 0x9D, 0x96, 0x9D,
    0x96, 0x9D, 0x96, 0x9D, 0x96, 0x9D, 0x96, 0x9D, 0x96, 0x9D, 0x96, 0x9D, 0x96, 0x9D, 0x96, 0x9D, 0x96, 0x9D, 0x96, 0x9D, 0x96, 0x9D, 0x96, 0x9D,
    0x96, 0x9D, 0x96, 0x9D, 0x96, 0x9D, 0x96, 0x9D, 0x96, 0x9D, 0x96, 0x9D, 0x96, 0x9D, 0x96, 0x9D, 0x96, 0x9D, 0x96, 0x9D, 0x96, 0x9D, 0x96, 0x9D,
    0x96, 0x9D, 0x96, 0x9D, 0x96, 0x9D, 0x96, 0x9D, 0x96, 0x9D, 0x96, 0x9D, 0x96, 0x9D, 0x96, 0x9D, 0x96, 0x9D, 0x96, 0x9D, 0x96, 0x9D, 0x96, 0x9D,
    0x96, 0x9D, 0x96, 0x9D, 0x96, 0x9D, 0x96, 0x9D, 0x96, 0x9D, 0x96, 0x9D, 0x96, 0x9D, 0x96, 0x9D, 0x96, 0x9D, 0x96, 0x9D, 0x96, 0x9D, 0x96, 0x9D,
    0x96, 0x9D, 0x96, 0x9D, 0x96, 0x9D, 0x96, 0x9D, 0x96, 0x9D, 0x96, 0x9D, 0x96, 0x9D, 0x96, 0x9D, 0x96, 0x9D, 0x96, 0x9D, 0x96, 0x9D, 0x96, 0x9D,
    0x96, 0x9D, 0x96, 0x9D, 0x96, 0x9D, 0x96, 0x9D, 0x96, 0x9D, 0x96, 0x9D, 0x96, 0x9D, 0x96, 0x9D, 0x96, 0x9D, 0x96, 0x9D, 0x96, 0x9D, 0x96, 0x9D,
    0x96, 0x9D, 0x96, 0x9D, 0x96, 0x9D, 0x96, 0x9D, 0x96, 0x9D, 0x96, 0x9D, 0x96, 0x9D, 0x96, 0x9D, 0x96, 0x9D, 0x96, 0x9D, 0x96, 0x9D, 0x96, 0x9D,
    0x96, 0x9D, 0x96, 0x9D, 0x96, 0x9D, 0x96, 0x9D, 0x96, 0x9D, 0x96, 0x9D, 0x96, 0x9D, 0x96, 0x9D, 0x96, 0x9D, 0x96, 0x9D, 0x96, 0x9D, 0x96, 0x9D,
    0x96, 0x9D, 0x96, 0x9D, 0x96, 0x9D, 0x96, 0x9D, 0x96, 0x9D, 0x96, 0x9D, 0x96, 0x9D, 0x96, 0x9D, 0x96, 0x9D, 0x96, 0x9D, 0x96, 0x9D, 0x96, 0x9D,
    0x96, 0x9D, 0x96, 0x9D, 0x96, 0x9D, 0x96, 0x9D, 0x96, 0x9D, 0x96, 0x9D, 0x96, 0x9D, 0x96, 0x9D, 0x96, 0x9D, 0x96, 0x9D, 0x96, 0x9D, 0x96, 0x9D,
    0x96, 0x9D, 0x96, 0x9D, 0x96, 0x9D, 0x96, 0x9D, 0x96, 0x9D, 0x96, 0x9D, 0x96, 0x9D, 0x96, 0x9D, 0x96, 0x9D, 0x96, 0x9D, 0x96, 0x9D, 0x96, 0x9D,
    0x96, 0x9D, 0x96, 0x9D, 0x96, 0x9D, 0x96, 0x9D, 0x96, 0x9D, 0x96, 0x9D, 0x96, 0x9D, 0x96, 0x9D, 0x96, 0x9D, 0x96, 0x9D, 0x96, 0x9D, 0x96, 0x9D,
    0x96, 0x9D, 0x96, 0x9D, 0x96, 0x9D, 0x96, 0x9D, 0x96, 0x9D, 0x96, 0x9D, 0x96, 0x9D, 0x96, 0x9D, 0x96, 0x9D, 0x96, 0x9D, 0x96, 0x9D, 0x96, 0x9D,
    0x96, 0x9D, 0x96, 0x9D, 0x96, 0x9D, 0x96, 0x9D, 0x96, 0x9D, 0x96, 0x9D, 0x96, 0x9D, 0x96, 0x9D, 0x96, 0x9D, 0x96, 0x9D, 0x96, 0x9D, 0x96, 0x9D,
    0x96, 0x9D, 0x96, 0x9D, 0x96, 0x9D, 0x96, 0x9D, 0x96, 0x9D, 0x96, 0x9D, 0x96, 0x9D, 0x96, 0x9D, 0x96, 0x9D, 0x96, 0x9D, 0x96, 0x9D, 0x96, 0x9D,
    0x96, 0x9D, 0x96, 0x9D, 0x96, 0x9D, 0x96, 0x9D, 0x96, 0x9D, 0x96, 0x9D, 0x96, 0x9D, 0x96, 0x9D, 0x96, 0x9D, 0x96, 0x9D, 0x96, 0x9D, 0x96, 0x9D,
    0x96, 0x9D, 0x96, 0x9D, 0x96, 0x9D, 0x96, 0x9D, 0x96, 0x9D, 0x96, 0x9D, 0x96, 0x9D, 0x96, 0x9D, 0x96, 0x9D, 0x96, 0x9D, 0x96, 0x9D, 0x96, 0x9D,
    0x96, 0x9D, 0x96, 0x9D, 0x96, 0x9D, 0x96, 0x9D, 0x96, 0x9D, 0x96, 0x9D, 0x96, 0x9D, 0x96, 0x9D, 0x96, 0x9D, 0x96, 0x9D, 0x96, 0x9D, 0x96, 0x9D,
    0x96, 0x9D, 0x96, 0x9D, 0x96, 0x9D, 0x96, 0x9D, 0x96, 0x9D, 0x96, 0x9D, 0x96, 0x9D, 0x96, 0x9D, 0x96, 0x9D, 0x96, 0x9D, 0x96, 0x9D, 0x96, 0x9D,
    0x96, 0x9D, 0x96, 0x9D, 0x96, 0x9D, 0x96, 0x9D, 0x96, 0x9D, 0x96, 0x9D, 0x96, 0x9D, 0x96, 0x9D, 0x96, 0x9D, 0x96, 0x9D, 0x96, 0x9D, 0x96, 0x9D,
    0x96, 0x9D, 0x96, 0x9D, 0x96, 0x9D, 0x96, 0x9D, 0x96, 0x9D, 0x96, 0x9D, 0x96, 0x9D, 0x96, 0x9D, 0x96, 0x9D, 0x96, 0x9D, 0x96, 0x9D, 0x96, 0x9D,
    0x96, 0x9D, 0x96, 0x9D, 0x96, 0x9D, 0x96, 0x9D, 0x96, 0x9D, 0x96, 0x9D, 0x96, 0x9D, 0x96, 0x9D, 0x96, 0x9D, 0x96, 0x9D, 0x96, 0x9D, 0x96, 0x9D,
    0x96, 0x9D, 0x96, 0x9D, 0x96, 0x9D, 0x96, 0x9D, 0x96, 0x9D, 0x96, 0x9D, 0x96, 0x9D, 0x96, 0x9D, 0x96, 0x9D, 0x96, 0x9D, 0x96, 0x9D, 0x96, 0x9D,
    0x96, 0x9D, 0x96, 0x9D, 0x96, 0x9D, 0x96, 0x9D, 0x96, 0x9D, 0x96, 0x9D, 0x96, 0x9D, 0x96, 0x9D, 0x96, 0x9D, 0x96, 0x9D, 0x96, 0x9D, 0x96, 0x9D,
    0x96, 0x9D, 0x96, 0x9D, 0x96, 0x9D, 0x96, 0x9D, 0x96, 0x9D, 0x96, 0x9D, 0x96, 0x9D, 0x96, 0x9D, 0x96, 0x9D, 0x96, 0x9D, 0x96, 0x9D, 0x96, 0x9D,
    0x96, 0x9D, 0x96, 0x9D, 0x96, 0x9D, 0x96, 0x9D, 0x96, 0x9D, 0x96, 0x9D, 0x96, 0x9D, 0x96, 0x9D, 0x96, 0x9D, 0x96, 0x9D, 0x96, 0x9D, 0x96, 0x9D,
    0x96, 0x9D, 0x96, 0x9D, 0x96, 0x9D, 0x96, 0x9D, 0x96, 0x9D, 0x96, 0x9D, 0x96, 0x9D, 0x96, 0x9D, 0x96, 0x9D, 0x96, 0x9D, 0x96, 0x9D, 0x96, 0x9D,
    0x96, 0x9D, 0x96, 0x9D, 0x96, 0x9D, 0x96, 0x9D, 0x96, 0x9D, 0x96, 0x9D, 0x96, 0x9D, 0x96, 0x9D, 0x96, 0x9D, 0x96, 0x9D, 0x96, 0x9D, 0x96, 0x9D,
    0x96, 0x9D, 0x96, 0x9D, 0x96, 0x9D, 0x96, 0x9D, 0x96, 0x9D, 0x96, 0x9D, 0x96, 0x9D, 0x96, 0x9D, 0x96, 0x9D, 0x96, 0x9D, 0x96, 0x9D, 0x96, 0x9D,
    0x96, 0x9D, 0x96, 0x9D, 0x96, 0x9D, 0x96, 0x9D, 0x96, 0x9D, 0x96, 0x9D, 0x96, 0x9D, 0x96, 0x9D, 0x96, 0x9D, 0x96, 0x9D, 0x96, 0x9D, 0x96, 0x9D,
    0x96, 0x9D, 0x96, 0x9D, 0x96, 0x9D, 0x96, 0x9D, 0x96, 0x9D, 0x96, 0x9D, 0x96, 0x9D, 0x96, 0x9D, 0x96, 0x9D, 0x96, 0x9D, 0x96, 0x9D, 0x96, 0x9D,
    0x96, 0x9D, 0x96, 0x9D, 0x96, 0x9D, 0x96, 0x9D, 0x96, 0x9D, 0x96, 0x9D, 0x96, 0x9D, 0x96, 0x9D, 0x96, 0x9D, 0x96, 0x9D, 0x96, 0x9D, 0x96, 0x9D,
    0x96, 0x9D, 0x96, 0x9D, 0x96, 0x9D, 0x96, 0x9D, 0x96, 0x9D, 0x96, 0x9D, 0x96, 0x9D, 0x96, 0x9D, 0x96, 0x9D, 0x96, 0x9D, 0x96, 0x9D, 0x96, 0x9D,
    0x96, 0x9D, 0x96, 0x9D, 0x96, 0x9D, 0x96, 0x9D, 0x96, 0x9D, 0x96, 0x9D, 0x96, 0x9D, 0x96, 0x9D, 0x96, 0x9D, 0x96, 0x9D, 0x96, 0x9D, 0x96, 0x9D,
    0x96, 0x9D, 0x96, 0x9D, 0x96, 0x9D, 0x96, 0x9D, 0x96, 0x9D, 0x96, 0x9D, 0x96, 0x9D, 0x96, 0x9D, 0x96, 0x9D, 0x96, 0x9D, 0x96, 0x9D, 0x96, 0x9D,
    0x96, 0x9D, 0x96, 0x9D, 0x96, 0x9D, 0x96, 0x9D, 0x96, 0x9D, 0x96, 0x9D, 0x96, 0x9D, 0x96, 0x9D, 0x96, 0x9D, 0x96, 0x9D, 0x96, 0x9D, 0x96, 0x9D,
    0x96, 0x9D, 0x96, 0x9D, 0x96, 0x9D, 0x96, 0x9D, 0x96, 0x9D, 0x96, 0x9D, 0x96, 0x9D, 0x96, 0x9D, 0x96, 0x9D, 0x96, 0x9D, 0x96, 0x9D, 0x96, 0x9D,
    0x96, 0x9D, 0x96, 0x9D, 0x96, 0x9D, 0x96, 0x9D, 0x96, 0x9D, 0x96, 0x9D, 0x96, 0x9D, 0x96, 0x9D, 0x96, 0x9D, 0x96, 0x9D, 0x96, 0x9D, 0x96, 0x9D,
    0x96, 0x9D, 0x96, 0x9D, 0x96, 0x9D, 0x96, 0x9D, 0x96, 0x9D, 0x96, 0x9D, 0x96, 0x9D, 0x96, 0x9D, 0x96, 0x9D, 0x96, 0x9D, 0x96, 0x9D, 0x96, 0x9D,
    0x96, 0x9D, 0x96, 0x9D, 0x96, 0x9D, 0x96, 0x9D, 0x96, 0x9D, 0x96, 0x9D, 0x96, 0x9D, 0x96, 0x9D, 0x96, 0x9D, 0x96, 0x9D, 0x96, 0x9D, 0x96, 0x9D,
    0x96, 0x9D, 0x96, 0x9D, 0x96, 0x9D, 0x96, 0x9D, 0x96, 0x9D, 0x96, 0x9D, 0x96, 0x9D, 0x96, 0x9D, 0x96, 0x9D, 0x96, 0x9D, 0x96, 0x9D, 0x96, 0x9D,
    0x96, 0x9D, 0x96, 0x9D, 0x96, 0x9D, 0x96, 0x9D, 0x96, 0x9D, 0x96, 0x9D, 0x96, 0x9D, 0x96, 0x9D, 0x96, 0x9D, 0x96, 0x9D, 0x96, 0x9D, 0x96, 0x9D,
    0x96, 0x9D, 0x96, 0x9D, 0x96, 0x9D, 0x96, 0x9D, 0x96, 0x9D, 0x96, 0x9D, 0x96, 0x9D, 0x96, 0x9D, 0x96, 0x9D, 0x96, 0x9D, 0x96, 0x9D, 0x96, 0x9D,
    0x96, 0x9D, 0x96, 0x9D, 0x96, 0x9D, 0x96, 0x9D, 0x96, 0x9D, 0x96, 0x9D, 0x96, 0x9D, 0x96, 0x9D, 0x96, 0x9D, 0x96, 0x9D, 0x96, 0x9D, 0x96, 0x9D,
    0x96, 0x9D, 0x96, 0x9D, 0x96, 0x9D, 0x96, 0x9D, 0x96, 0x9D, 0x96, 0x9D, 0x96, 0x9D, 0x96, 0x9D, 0x96, 0x9D, 0x96, 0x9D, 0x96, 0x9D, 0x96, 0x9D,
    0x96, 0x9D, 0x96, 0x9D, 0x96, 0x9D, 0x96, 0x9D, 0x96, 0x9D, 0x96, 0x9D, 0x96, 0x9D, 0x96, 0x9D, 0x96, 0x9D, 0x96, 0x9D, 0x96, 0x9D, 0x96, 0x9D,
    0x96, 0x9D, 0x96, 0x9D, 0x96, 0x9D, 0x96, 0x9D, 0x96, 0x9D, 0x96, 0x9D, 0x96, 0x9D, 0x96, 0x9D, 0x96, 0x9D, 0x96, 0x9D, 0x96, 0x9D, 0x96, 0x9D,
    0x96, 0x9D, 0x96, 0x9D, 0x96, 0x9D, 0x96, 0x9D, 0x96, 0x9D, 0x96, 0x9D, 0x96, 0x9D, 0x96, 0x9D, 0x96, 0x9D, 0x96, 0x9D, 0x96, 0x9D, 0x96, 0x9D,
    0x96, 0x9D, 0x96, 0x9D, 0x96, 0x9D, 0x96, 0x9D, 0x96, 0x9D, 0x96, 0x9D, 0x96, 0x9D, 0x96, 0x9D, 0x96, 0x9D, 0x96, 0x9D, 0x96, 0x9D, 0x96, 0x9D,
    0x96, 0x9D, 0x96, 0x9D, 0x96, 0x9D, 0x96, 0x9D, 0x96, 0x9D, 0x96, 0x9D, 0x96, 0x9D, 0x96, 0x9D, 0x96, 0x9D, 0x96, 0x9D, 0x96, 0x9D, 0x96, 0x9D,
    0x96, 0x9D, 0x96, 0x9D, 0x96, 0x9D, 0x96, 0x9D, 0x96, 0x9D, 0x96, 0x9D, 0x96, 0x9D, 0x96, 0x9D, 0x96, 0x9D, 0x96, 0x9D, 0x96, 0x9D, 0x96, 0x9D,
    0x96, 0x9D, 0x96, 0x9D, 0x96, 0x9D, 0x96, 0x9D, 0x96, 0x9D, 0x96, 0x9D, 0x96, 0x9D, 0x96, 0x9D, 0x96, 0x9D, 0x96, 0x9D, 0x96, 0x9D, 0x96, 0x9D,
    0x96, 0x9D, 0x96, 0x9D, 0x96, 0x9D, 0x96, 0x9D, 0x96, 0x9D, 0x96, 0x9D, 0x96, 0x9D, 0x96, 0x9D, 0x96, 0x9D, 0x96, 0x9D, 0x96, 0x9D, 0x96, 0x9D,
    0x96, 0x9D, 0x96, 0x9D, 0x96, 0x9D, 0x96, 0x9D, 0x96, 0x9D, 0x96, 0x9D, 0x96, 0x9D, 0x96, 0x9D, 0x96, 0x9D, 0x96, 0x9D, 0x96, 0x9D, 0x96, 0x9D,
    0x96, 0x9D, 0x96, 0x9D, 0x96, 0x9D, 0x96, 0x9D, 0x96, 0x9D, 0x96, 0x9D, 0x96, 0x9D, 0x96, 0x9D, 0x96, 0x9D, 0x96, 0x9D, 0x96, 0x9D, 0x96, 0x9D,
    0x96, 0x9D, 0x96, 0x9D, 0x96, 0x9D, 0x96, 0x9D, 0x96, 0x9D, 0x96, 0x9D, 0x96, 0x9D, 0x96, 0x9D, 0x96, 0x9D, 0x96, 0x9D, 0x96, 0x9D, 0x96, 0x9D,
    0x96, 0x9D, 0x96, 0x9D, 0x96, 0x9D, 0x96, 0x9D, 0x96, 0x9D, 0x96, 0x9D, 0x96, 0x9D, 0x96, 0x9D, 0x96, 0x9D, 0x96, 0x9D, 0x96, 0x9D, 0x96, 0x9D,
    0x96, 0x9D, 0x96, 0x9D, 0x96, 0x9D, 0x96, 0x9D, 0x96, 0x9D, 0x96, 0x9D, 0x96, 0x9D, 0x96, 0x9D, 0x96, 0x9D, 0x96, 0x9D, 0x96, 0x9D, 0x96, 0x9D,
    0x96, 0x9D, 0x96, 0x9D, 0x96, 0x9D, 0x96, 0x9D, 0x96, 0x9D, 0x96, 0x9D, 0x96, 0x9D, 0x96, 0x9D, 0x96, 0x9D, 0x96, 0x9D, 0x96, 0x9D, 0x96, 0x9D,
    0x96, 0x9D, 0x96, 0x9D, 0x96, 0x9D, 0x96, 0x9D, 0x96, 0x9D, 0x96, 0x9D, 0x96, 0x9D, 0x96, 0x9D, 0x96, 0x9D, 0x96, 0x9D, 0x96, 0x9D, 0x96, 0x9D,
    0x96, 0x9D, 0x96, 0x9D, 0x96, 0x9D, 0x96, 0x9D, 0x96, 0x9D, 0x96, 0x9D, 0x96, 0x9D, 0x96, 0x9D, 0x96, 0x9D, 0x96, 0x9D, 0x96, 0x9D, 0x96, 0x9D,
    0x96, 0x9D, 0x96, 0x9D, 0x96, 0x9D, 0x96, 0x9D, 0x96, 0x9D, 0x96, 0x9D, 0x96, 0x9D, 0x96, 0x9D, 0x96, 0x9D, 0x96, 0x9D, 0x96, 0x9D, 0x96, 0x9D,
    0x96, 0x9D, 0x96, 0x9D, 0x96, 0x9D, 0x96, 0x9D, 0x96, 0x9D, 0x96, 0x9D, 0x96, 0x9D, 0x96, 0x9D, 0x96, 0x9D, 0x96, 0x9D, 0x96, 0x9D, 0x96, 0x9D,
    0x96, 0x9D, 0x96, 0x9D, 0x96, 0x9D, 0x96, 0x9D, 0x96, 0x9D, 0x96, 0x9D, 0x96, 0x9D, 0x96, 0x9D, 0x96, 0x9D, 0x96, 0x9D, 0x96, 0x9D, 0x96, 0x9D,
    0x96, 0x9D, 0x96, 0x9D, 0x96, 0x9D, 0x96, 0x9D, 0x96, 0x9D, 0x96, 0x9D, 0x96, 0x9D, 0x96, 0x9D, 0x96, 0x9D, 0x96, 0x9D, 0x96, 0x9D, 0x96, 0x9D,
    0x96, 0x9D, 0x96, 0x9D, 0x96, 0x9D, 0x96, 0x9D, 0x96, 0x9D, 0x96, 0x9D, 0x96, 0x9D, 0x96, 0x9D, 0x96, 0x9D, 0x96, 0x9D, 0x96, 0x9D, 0x96, 0x9D,
    0x96, 0x9D, 0x96, 0x9D, 0x96, 0x9D, 0x96, 0x9D, 0x96, 0x9D, 0x96, 0x9D, 0x96, 0x9D, 0x96, 0x9D, 0x96, 0x9D, 0x96, 0x9D, 0x96, 0x9D, 0x96, 0x9D,
    0x96, 0x9D, 0x96, 0x9D, 0x96, 0x9D, 0x96, 0x9D, 0x96, 0x9D, 0x96, 0x9D, 0x96, 0x9D, 0x96, 0x9D, 0x96, 0x9D, 0x96, 0x9D, 0x96, 0x9D, 0x96, 0x9D,
    0x96, 0x9D, 0x96, 0x9D, 0x96, 0x9D, 0x96, 0x9D, 0x96, 0x9D, 0x96, 0x9D, 0x96, 0x9D, 0x96, 0x9D, 0x96, 0x9D, 0x96, 0x9D, 0x96, 0x9D, 0x96, 0x9D,
    0x96, 0x9D, 0x96, 0x9D, 0x96, 0x9D, 0x96, 0x9D, 0x96, 0x9D, 0x96, 0x9D, 0x96, 0x9D, 0x96, 0x9D, 0x96, 0x9D, 0x96, 0x9D, 0x96, 0x9D, 0x96, 0x9D,
    0x96, 0x9D, 0x96, 0x9D, 0x96, 0x9D, 0x96, 0x9D, 0x96, 0x9D, 0x96, 0x9D, 0x96, 0x9D, 0x96, 0x9D, 0x96, 0x9D, 0x96, 0x9D, 0x96, 0x9D, 0x96, 0x9D,
    0x96, 0x9D, 0x96, 0x9D, 0x96, 0x9D, 0x96, 0x9D, 0x96, 0x9D, 0x96, 0x9D, 0x96, 0x9D, 0x96, 0x9D, 0x96, 0x9D, 0x96, 0x9D, 0x96, 0x9D, 0x96, 0x9D,
    0x96, 0x9D, 0x96, 0x9D, 0x96, 0x9D, 0x96, 0x9D, 0x96, 0x9D, 0x96, 0x9D, 0x96, 0x9D, 0x96, 0x9D, 0x96, 0x9D, 0x96, 0x9D, 0x96, 0x9D, 0x96, 0x9D,
    0x96, 0x9D, 0x96, 0x9D, 0x96, 0x9D, 0x96, 0x9D, 0x96, 0x9D, 0x96, 0x9D, 0x96, 0x9D, 0x96, 0x9D, 0x96, 0x9D, 0x96, 0x9D, 0x96, 0x9D, 0x96, 0x9D,
    0x96, 0x9D, 0x96, 0x9D, 0x96, 0x9D, 0x96, 0x9D, 0x96, 0x9D, 0x96, 0x9D, 0x96, 0x9D, 0x96, 0x9D, 0x96, 0x9D, 0x96, 0x9D, 0x96, 0x9D, 0x96, 0x9D,
    0x96, 0x9D, 0x96, 0x9D, 0x96, 0x9D, 0x96, 0x9D, 0x96, 0x9D, 0x96, 0x9D, 0x96, 0x9D, 0x96, 0x9D, 0x96, 0x9D, 0x96, 0x9D, 0x96, 0x9D, 0x96, 0x9D,
    0x96, 0x9D, 0x96, 0x9D, 0x96, 0x9D, 0x96, 0x9D, 0x96, 0x9D, 0x96, 0x9D, 0x96, 0x9D, 0x96, 0x9D, 0x96, 0x9D, 0x96, 0x9D, 0x96, 0x9D, 0x96, 0x9D,
    0x96, 0x9D, 0x96, 0x9D, 0x96, 0x9D, 0x96, 0x9D, 0x96, 0x9D, 0x96, 0x9D, 0x96, 0x9D, 0x96, 0x9D, 0x96, 0x9D, 0x96, 0x9D, 0x96, 0x9D, 0x96, 0x9D,
    0x96, 0x9D, 0x96, 0x9D, 0x96, 0x9D, 0x96, 0x9D, 0x96, 0x9D, 0x96, 0x9D, 0x96, 0x9D, 0x96, 0x9D, 0x96, 0x9D, 0x96, 0x9D, 0x96, 0x9D, 0x96, 0x9D,
    0x96, 0x9D, 0x96, 0x9D, 0x96, 0x9D, 0x96, 0x9D, 0x96, 0x9D, 0x96, 0x9D, 0x96, 0x9D, 0x96, 0x9D, 0x96, 0x9D, 0x96, 0x9D, 0x96, 0x9D, 0x96, 0x9D,
    0x96, 0x9D, 0x96, 0x9D, 0x96, 0x9D, 0x96, 0x9D, 0x96, 0x9D, 0x96, 0x9D, 0x96, 0x9D, 0x96, 0x9D, 0x96, 0x9D, 0x96, 0x9D, 0x96, 0x9D, 0x96, 0x9D,
    0x96, 0x9D, 0x96, 0x9D, 0x96, 0x9D, 0x96, 0x9D, 0x96, 0x9D, 0x96, 0x9D, 0x96, 0x9D, 0x96, 0x9D, 0x96, 0x9D, 0x96, 0x9D, 0x96, 0x9D, 0x96, 0x9D,
    0x96, 0x9D, 0x96, 0x9D, 0x96, 0x9D, 0x96, 0x9D, 0x96, 0x9D, 0x96, 0x9D, 0x96, 0x9D, 0x96, 0x9D, 0x96, 0x9D, 0x96, 0x9D, 0x96, 0x9D, 0x96, 0x9D,
    0x96, 0x9D, 0x96, 0x9D, 0x96, 0x9D, 0x96, 0x9D, 0x96, 0x9D, 0x96, 0x9D, 0x96, 0x9D, 0x96, 0x9D, 0x96, 0x9D, 0x96, 0x9D, 0x96, 0x9D, 0x96, 0x9D,
    0x96, 0x9D, 0x96, 0x9D, 0x96, 0x9D, 0x96, 0x9D, 0x96, 0x9D, 0x96, 0x9D, 0x96, 0x9D, 0x96, 0x9D, 0x96, 0x9D, 0x96, 0x9D, 0x96, 0x9D, 0x96, 0x9D,
    0x96, 0x9D, 0x96, 0x9D, 0x96, 0x9D, 0x96, 0x9D, 0x96, 0x9D, 0x96, 0x9D, 0x96, 0x9D, 0x96, 0x9D, 0x96, 0x9D, 0x96, 0x9D, 0x96, 0x9D, 0x96, 0x9D,
    0x96, 0x9D, 0x96, 0x9D, 0x96, 0x9D, 0x96, 0x9D, 0x96, 0x9D, 0x96, 0x9D, 0x96, 0x9D, 0x96, 0x9D, 0x96, 0x9D, 0x96, 0x9D, 0x96, 0x9D, 0x96, 0x9D,
    0x96, 0x9D, 0x96, 0x9D, 0x96, 0x9D, 0x96, 0x9D, 0x96, 0x9D, 0x96, 0x9D, 0x96, 0x9D, 0x96, 0x9D, 0x96, 0x9D, 0x96, 0x9D, 0x96, 0x9D, 0x96, 0x9D,
    0x96, 0x9D, 0x96, 0x9D, 0x96, 0x9D, 0x96, 0x9D, 0x96, 0x9D, 0x96, 0x9D, 0x96, 0x9D, 0x96, 0x9D, 0x96, 0x9D, 0x96, 0x9D, 0x96, 0x9D, 0x96, 0x9D,
    0x96, 0x9D, 0x96, 0x9D, 0x96, 0x9D, 0x96, 0x9D, 0x96, 0x9D, 0x96, 0x9D, 0x96, 0x9D, 0x96, 0x9D, 0x96, 0x9D, 0x96, 0x9D, 0x96, 0x9D, 0x96, 0x9D,
    0x96, 0x9D, 0x96, 0x9D, 0x96, 0x9D, 0x96, 0x9D, 0x96, 0x9D, 0x96, 0x9D, 0x96, 0x9D, 0x96, 0x9D, 0x96, 0x9D, 0x96, 0x9D, 0x96, 0x9D, 0x96, 0x9D,
    0x96, 0x9D, 0x96, 0x9D, 0x96, 0x9D, 0x96, 0x9D, 0x96, 0x9D, 0x96, 0x9D, 0x96, 0x9D, 0x96, 0x9D, 0x96, 0x9D, 0x96, 0x9D, 0x96, 0x9D, 0x96, 0x9D,
    0x96, 0x9D, 0x96, 0x9D, 0x96, 0x9D, 0x96, 0x9D, 0x96, 0x9D, 0x96, 0x9D, 0x96, 0x9D, 0x96, 0x9D, 0x96, 0x9D, 0x96, 0x9D, 0x96, 0x9D, 0x96, 0x9D,
    0x96, 0x9D, 0x96, 0x9D, 0x96, 0x9D, 0x96, 0x9D, 0x96, 0x9D, 0x96, 0x9D, 0x96, 0x9D, 0x96, 0x9D, 0x96, 0x9D, 0x96, 0x9D, 0x96, 0x9D, 0x96, 0x9D,
    0x96, 0x9D, 0x96, 0x9D, 0x96, 0x9D, 0x96, 0x9D, 0x96, 0x9D, 0x96, 0x9D, 0x96, 0x9D, 0x96, 0x9D, 0x96, 0x9D, 0x96, 0x9D, 0x96, 0x9D, 0x96, 0x9D,
    0x96, 0x9D, 0x96, 0x9D, 0x96, 0x9D, 0x96, 0x9D, 0x96, 0x9D, 0x96, 0x9D, 0x96, 0x9D, 0x96, 0x9D, 0x96, 0x9D, 0x96, 0x9D, 0x96, 0x9D, 0x96, 0x9D,
    0x96, 0x9D, 0x96, 0x9D, 0x96, 0x9D, 0x96, 0x9D, 0x96, 0x9D, 0x96, 0x9D, 0x96, 0x9D, 0x96, 0x9D, 0x96, 0x9D, 0x96, 0x9D, 0x96, 0x9D, 0x96, 0x9D,
    0x96, 0x9D, 0x96, 0x9D, 0x96, 0x9D, 0x96, 0x9D, 0x96, 0x9D, 0x96, 0x9D, 0x96, 0x9D, 0x96, 0x9D, 0x96, 0x9D, 0x96, 0x9D, 0x96, 0x9D, 0x96, 0x9D,
    0x96, 0x9D, 0x96, 0x9D, 0x96, 0x9D, 0x96, 0x9D, 0x96, 0x9D, 0x96, 0x9D, 0x96, 0x9D, 0x96, 0x9D, 0x96, 0x9D, 0x96, 0x9D, 0x96, 0x9D, 0x96, 0x9D,
    0x96, 0x9D, 0x96, 0x9D, 0x96, 0x9D, 0x96, 0x9D, 0x96, 0x9D, 0x96, 0x9D, 0x96, 0x9D, 0x96, 0x9D, 0x96, 0x9D, 0x96, 0x9D, 0x96, 0x9D, 0x96, 0x9D,
    0x96, 0x9D, 0x96, 0x9D, 0x96, 0x9D, 0x96, 0x9D, 0x96, 0x9D, 0x96, 0x9D, 0x96, 0x9D, 0x96, 0x9D, 0x96, 0x9D, 0x96, 0x9D, 0x96, 0x9D, 0x96, 0x9D,
    0x96, 0x9D, 0x96, 0x9D, 0x96, 0x9D, 0x96, 0x9D, 0x96, 0x9D, 0x96, 0x9D, 0x96, 0x9D, 0x96, 0x9D, 0x96, 0x9D, 0x96, 0x9D, 0x96, 0x9D, 0x96, 0x9D,
    0x96, 0x9D, 0x96, 0x9D, 0x96, 0x9D, 0x96, 0x9D, 0x96, 0x9D, 0x96, 0x9D, 0x96, 0x9D, 0x96, 0x9D, 0x96, 0x9D, 0x96, 0x9D, 0x96, 0x9D, 0x96, 0x9D,
    0x96, 0x9D, 0x96, 0x9D, 0x96, 0x9D, 0x96, 0x9D, 0x96, 0x9D, 0x96, 0x9D, 0x96, 0x9D, 0x96, 0x9D, 0x96, 0x9D, 0x96, 0x9D, 0x96, 0x9D, 0x96, 0x9D,
    0x96, 0x9D, 0x96, 0x9D, 0x96, 0x9D, 0x96, 0x9D, 0x96, 0x9D, 0x96, 0x9D, 0x96, 0x9D, 0x96, 0x9D, 0x96, 0x9D, 0x96, 0x9D, 0x96, 0x9D, 0x96, 0x9D,
    0x96, 0x9D, 0x96, 0x9D, 0x96, 0x9D, 0x96, 0x9D, 0x96, 0x9D, 0x96, 0x9D, 0x96, 0x9D, 0x96, 0x9D, 0x96, 0x9D, 0x96, 0x9D, 0x96, 0x9D, 0x96, 0x9D,
    0x96, 0x9D, 0x96, 0x9D, 0x96, 0x9D, 0x96, 0x9D, 0x96, 0x9D, 0x96, 0x9D, 0x96, 0x9D, 0x96, 0x9D, 0x96, 0x9D, 0x96, 0x9D, 0x96, 0x9D, 0x96, 0x9D,
    0x96, 0x9D, 0x96, 0x9D, 0x96, 0x9D, 0x96, 0x9D, 0x96, 0x9D, 0x96, 0x9D, 0x96, 0x9D, 0x96, 0x9D, 0x96, 0x9D, 0x96, 0x9D, 0x96, 0x9D, 0x96, 0x9D,
    0x96, 0x9D, 0x96, 0x9D, 0x96, 0x9D, 0x96, 0x9D, 0x96, 0x9D, 0x96, 0x9D, 0x96, 0x9D, 0x96, 0x9D, 0x96, 0x9D, 0x96, 0x9D, 0x96, 0x9D, 0x96, 0x9D,
    0x96, 0x9D, 0x96, 0x9D, 0x96, 0x9D, 0x96, 0x9D, 0x96, 0x9D, 0x96, 0x9D, 0x96, 0x9D, 0x96, 0x9D, 0x96, 0x9D, 0x96, 0x9D, 0x96, 0x9D, 0x96, 0x9D,
    0x96, 0x9D, 0x96, 0x9D, 0x96, 0x9D, 0x96, 0x9D, 0x96, 0x9D, 0x96, 0x9D, 0x96, 0x9D, 0x96, 0x9D, 0x96, 0x9D, 0x96, 0x9D, 0x96, 0x9D, 0x96, 0x9D,
    0x96, 0x9D, 0x96, 0x9D, 0x96, 0x9D, 0x96, 0x9D, 0x96, 0x9D, 0x96, 0x9D, 0x96, 0x9D, 0x96, 0x9D, 0x96, 0x9D, 0x96, 0x9D, 0x96, 0x9D, 0x96, 0x9D,
    0x96, 0x9D, 0x96, 0x9D, 0x96, 0x9D, 0x96, 0x9D, 0x96, 0x9D, 0x96, 0x9D, 0x96, 0x9D, 0x96, 0x9D, 0x96, 0x9D, 0x96, 0x9D, 0x96, 0x9D, 0x96, 0x9D,
    0x96, 0x9D, 0x96, 0x9D, 0x96, 0x9D, 0x96, 0x9D, 0x96, 0x9D, 0x96, 0x9D, 0x96, 0x9D, 0x96, 0x9D, 0x96, 0x9D, 0x96, 0x9D, 0x96, 0x9D, 0x96, 0x9D,
    0x96, 0x9D, 0x96, 0x9D, 0x96, 0x9D, 0x96, 0x9D, 0x96, 0x9D, 0x96, 0x9D, 0x96, 0x9D, 0x96, 0x9D, 0x96, 0x9D, 0x96, 0x9D, 0x96, 0x9D, 0x96, 0x9D,
    0x96, 0x9D, 0x96, 0x9D, 0x96, 0x9D, 0x96, 0x9D, 0x96, 0x9D, 0x96, 0x9D, 0x96, 0x9D, 0x96, 0x9D, 0x96, 0x9D, 0x96, 0x9D, 0x96, 0x9D, 0x96, 0x9D,
    0x96, 0x9D, 0x96, 0x9D, 0x96, 0x9D, 0x96, 0x9D, 0x96, 0x9D, 0x96, 0x9D, 0x96, 0x9D, 0x96, 0x9D, 0x96, 0x9D, 0x96, 0x9D, 0x96, 0x9D, 0x96, 0x9D,
    0x96, 0x9D, 0x96, 0x9D, 0x96, 0x9D, 0x96, 0x9D, 0x96, 0x9D, 0x96, 0x9D, 0x96, 0x9D, 0x96, 0x9D, 0x96, 0x9D, 0x96, 0x9D, 0x96, 0x9D, 0x96, 0x9D,
    0x96, 0x9D, 0x96, 0x9D, 0x96, 0x9D, 0x96, 0x9D, 0x96, 0x9D, 0x96, 0x9D, 0x96, 0x9D, 0x96, 0x9D, 0x96, 0x9D, 0x96, 0x9D, 0x96, 0x9D, 0x96, 0x9D,
    0x96, 0x9D, 0x96, 0x9D, 0x96, 0x9D, 0x96, 0x9D, 0x96, 0x9D, 0x96, 0x9D, 0x96, 0x9D, 0x96, 0x9D, 0x96, 0x9D, 0x96, 0x9D, 0x96, 0x9D, 0x96, 0x9D,
    0x96, 0x9D, 0x96, 0x9D, 0x96, 0x9D, 0x96, 0x9D, 0x96, 0x9D, 0x96, 0x9D, 0x96, 0x9D, 0x96, 0x9D, 0x96, 0x9D, 0x96, 0x9D, 0x96, 0x9D, 0x96, 0x9D,
    0x96, 0x9D, 0x96, 0x9D, 0x96, 0x9D, 0x96, 0x9D, 0x96, 0x9D, 0x96, 0x9D, 0x96, 0x9D, 0x96, 0x9D, 0x96, 0x9D, 0x96, 0x9D, 0x96, 0x9D, 0x96, 0x9D,
    0x96, 0x9D, 0x96, 0x9D, 0x96, 0x9D, 0x96, 0x9D, 0x96, 0x9D, 0x96, 0x9D, 0x96, 0x9D, 0x96, 0x9D, 0x96, 0x9D, 0x96, 0x9D, 0x96, 0x9D, 0x96, 0x9D,
    0x96, 0x9D, 0x96, 0x9D, 0x96, 0x9D, 0x96, 0x9D, 0x96, 0x9D, 0x96, 0x9D, 0x96, 0x9D, 0x96, 0x9D, 0x96, 0x9D, 0x96, 0x9D, 0x96, 0x9D, 0x96, 0x9D,
    0x96, 0x9D, 0x96, 0x9D, 0x96, 0x9D, 0x96, 0x9D, 0x96, 0x9D, 0x96, 0x9D, 0x96, 0x9D, 0x96, 0x9D, 0x96, 0x9D, 0x96, 0x9D, 0x96, 0x9D, 0x96, 0x9D,
    0x96, 0x9D, 0x96, 0x9D, 0x96, 0x9D, 0x96, 0x9D, 0x96, 0x9D, 0x96, 0x9D, 0x96, 0x9D, 0x96, 0x9D, 0x96, 0x9D, 0x96, 0x9D, 0x96, 0x9D, 0x96, 0x9D,
    0x96, 0x9D, 0x96, 0x9D, 0x96, 0x9D, 0x96, 0x9D, 0x96, 0x9D, 0x96, 0x9D, 0x96, 0x9D, 0x96, 0x9D, 0x96, 0x9D, 0x96, 0x9D, 0x96, 0x9D, 0x96, 0x9D,
    0x96, 0x9D, 0x96, 0x9D, 0x96, 0x9D, 0x96, 0x9D, 0x96, 0x9D, 0x96, 0x9D, 0x96, 0x9D, 0x96, 0x9D, 0x96, 0x9D, 0x96, 0x9D, 0x96, 0x9D, 0x96, 0x9D,
    0x96, 0x9D, 0x96, 0x9D, 0x96, 0x9D, 0x96, 0x9D, 0x96, 0x9D, 0x96, 0x9D, 0x96, 0x9D, 0x96, 0x9D, 0x96, 0x9D, 0x96, 0x9D, 0x96, 0x9D, 0x96, 0x9D,
    0x96, 0x9D, 0x96, 0x9D, 0x96, 0x9D, 0x96, 0x9D, 0x96, 0x9D, 0x96, 0x9D, 0x96, 0x9D, 0x96, 0x9D, 0x96, 0x9D, 0x96, 0x9D, 0x96, 0x9D, 0x96, 0x9D,
    0x96, 0x9D, 0x96, 0x9D, 0x96, 0x9D, 0x96, 0x9D, 0x96, 0x9D, 0x96, 0x9D, 0x96, 0x9D, 0x96, 0x9D, 0x96, 0x9D, 0x96, 0x9D, 0x96, 0x9D, 0x96, 0x9D,
    0x96, 0x9D, 0x96, 0x9D, 0x96, 0x9D, 0x96, 0x9D, 0x96, 0x9D, 0x96, 0x9D, 0x96, 0x9D, 0x96, 0x9D, 0x96, 0x9D, 0x96, 0x9D, 0x96, 0x9D, 0x96, 0x9D,
    0x96, 0x9D, 0x96, 0x9D, 0x96, 0x9D, 0x96, 0x9D, 0x96, 0x9D, 0x96, 0x9D, 0x96, 0x9D, 0x96, 0x9D, 0x96, 0x9D, 0x96, 0x9D, 0x96, 0x9D, 0x96, 0x9D,
    0x96, 0x9D, 0x96, 0x9D, 0x96, 0x9D, 0x96, 0x9D, 0x96, 0x9D, 0x96, 0x9D, 0x96, 0x9D, 0x96, 0x9D, 0x96, 0x9D, 0x96, 0x9D, 0x96, 0x9D, 0x96, 0x9D,
    0x96, 0x9D, 0x96, 0x9D, 0x96, 0x9D, 0x96, 0x9D, 0x96, 0x9D, 0x96, 0x9D, 0x96, 0x9D, 0x96, 0x9D, 0x96, 0x9D, 0x96, 0x9D, 0x96, 0x9D, 0x96, 0x9D,
    0x96, 0x9D, 0x96, 0x9D, 0x96, 0x9D, 0x96, 0x9D, 0x96, 0x9D, 0x96, 0x9D, 0x96, 0x9D, 0x96, 0x9D, 0x96, 0x9D, 0x96, 0x9D, 0x96, 0x9D, 0x96, 0x9D,
    0x96, 0x9D, 0x96, 0x9D, 0x96, 0x9D, 0x96, 0x9D, 0x96, 0x9D, 0x96, 0x9D, 0x96, 0x9D, 0x96, 0x9D, 0x96, 0x9D, 0x96, 0x9D, 0x96, 0x9D, 0x96, 0x9D,
    0x96, 0x9D, 0x96, 0x9D, 0x96, 0x9D, 0x96, 0x9D, 0x96, 0x9D, 0x96, 0x9D, 0x96, 0x9D, 0x96, 0x9D, 0x96, 0x9D, 0x96, 0x9D, 0x96, 0x9D, 0x96, 0x9D,
    0x96, 0x9D, 0x96, 0x9D, 0x96, 0x9D, 0x96, 0x9D, 0x96, 0x9D, 0x96, 0x9D, 0x96, 0x9D, 0x96, 0x9D, 0x96, 0x9D, 0x96, 0x9D, 0x96, 0x9D, 0x96, 0x9D,
    0x96, 0x9D, 0x96, 0x9D, 0x96, 0x9D, 0x96, 0x9D, 0x96, 0x9D, 0x96, 0x9D, 0x96, 0x9D, 0x96, 0x9D, 0x96, 0x9D, 0x96, 0x9D, 0x96, 0x9D, 0x96, 0x9D,
    0x96, 0x9D, 0x96, 0x9D, 0x96, 0x9D, 0x96, 0x9D, 0x96, 0x9D, 0x96, 0x9D, 0x96, 0x9D, 0x96, 0x9D, 0x96, 0x9D, 0x96, 0x9D, 0x96, 0x9D, 0x96, 0x9D,
    0x96, 0x9D, 0x96, 0x9D, 0x96, 0x9D, 0x96, 0x9D, 0x96, 0x9D, 0x96, 0x9D, 0x96, 0x9D, 0x96, 0x9D, 0x96, 0x9D, 0x96, 0x9D, 0x96, 0x9D, 0x96, 0x9D,
    0x96, 0x9D, 0x96, 0x9D, 0x96, 0x9D, 0x96, 0x9D, 0x96, 0x9D, 0x96, 0x9D, 0x96, 0x9D, 0x96, 0x9D, 0x96, 0x9D, 0x96, 0x9D, 0x96, 0x9D, 0x96, 0x9D,
    0x96, 0x9D, 0x96, 0x9D, 0x96, 0x9D, 0x96, 0x9D, 0x96, 0x9D, 0x96, 0x9D, 0x96, 0x9D, 0x96, 0x9D, 0x96, 0x9D, 0x96, 0x9D, 0x96, 0x9D, 0x96, 0x9D,
    0x96, 0x9D, 0x96, 0x9D, 0x96, 0x9D, 0x96, 0x9D, 0x96, 0x9D, 0x96, 0x9D, 0x96, 0x9D, 0x96, 0x9D, 0x96, 0x9D, 0x96, 0x9D, 0x96, 0x9D, 0x96, 0x9D,
    0x96, 0x9D, 0x96, 0x9D, 0x96, 0x9D, 0x96, 0x9D, 0x96, 0x9D, 0x96, 0x9D, 0x96, 0x9D, 0x96, 0x9D, 0x96, 0x9D, 0x96, 0x9D, 0x96, 0x9D, 0x96, 0x9D,
    0x96, 0x9D, 0x96, 0x9D, 0x96, 0x9D, 0x96, 0x9D, 0x96, 0x9D, 0x96, 0x9D, 0x96, 0x9D, 0x96, 0x9D, 0x96, 0x9D, 0x96, 0x9D, 0x96, 0x9D, 0x96, 0x9D,
    0x96, 0x9D, 0x96, 0x9D, 0x96, 0x9D, 0x96, 0x9D, 0x96, 0x9D, 0x96, 0x9D, 0x96, 0x9D, 0x96, 0x9D, 0x96, 0x9D, 0x96, 0x9D, 0x96, 0x9D, 0x96, 0x9D,
    0x96, 0x9D, 0x96, 0x9D, 0x96, 0x9D, 0x96, 0x9D, 0x96, 0x9D, 0x96, 0x9D, 0x96, 0x9D, 0x96, 0x9D, 0x96, 0x9D, 0x96, 0x9D, 0x96, 0x9D, 0x96, 0x9D,
    0x96, 0x9D, 0x96, 0x9D, 0x96, 0x9D, 0x96, 0x9D, 0x96, 0x9D, 0x96, 0x9D, 0x96, 0x9D, 0x96, 0x9D, 0x96, 0x9D, 0x96, 0x9D, 0x96, 0x9D, 0x96, 0x9D,
    0x96, 0x9D, 0x96, 0x9D, 0x96, 0x9D, 0x96, 0x9D, 0x96, 0x9D, 0x96, 0x9D, 0x96, 0x9D, 0x96, 0x9D, 0x96, 0x9D, 0x96, 0x9D, 0x96, 0x9D, 0x96, 0x9D,
    0x96, 0x9D, 0x96, 0x9D, 0x96, 0x9D, 0x96, 0x9D, 0x96, 0x9D, 0x96, 0x9D, 0x96, 0x9D, 0x96, 0x9D, 0x96, 0x9D, 0x96, 0x9D, 0x96, 0x9D, 0x96, 0x9D,
    0x96, 0x9D, 0x96, 0x9D, 0x96, 0x9D, 0x96, 0x9D, 0x96, 0x9D, 0x96, 0x9D, 0x96, 0x9D, 0x96, 0x9D, 0x96, 0x9D, 0x96, 0x9D, 0x96, 0x9D, 0x96, 0x9D,
    0x96, 0x9D, 0x96, 0x9D, 0x96, 0x9D, 0x96, 0x9D, 0x96, 0x9D, 0x96, 0x9D, 0x96, 0x9D, 0x96, 0x9D, 0x96, 0x9D, 0x96, 0x9D, 0x96, 0x9D, 0x96, 0x9D,
    0x96, 0x9D, 0x96, 0x9D, 0x96, 0x9D, 0x96, 0x9D, 0x96, 0x9D, 0x96, 0x9D, 0x96, 0x9D, 0x96, 0x9D, 0x96, 0x9D, 0x96, 0x9D, 0x96, 0x9D, 0x96, 0x9D,
    0x96, 0x9D, 0x96, 0x9D, 0x96, 0x9D, 0x96, 0x9D, 0x96, 0x9D, 0x96, 0x9D, 0x96, 0x9D, 0x96, 0x9D, 0x96, 0x9D, 0x96, 0x9D, 0x96, 0x9D, 0x96, 0x9D,
    0x96, 0x9D, 0x96, 0x9D, 0x96, 0x9D, 0x96, 0x9D, 0x96, 0x9D, 0x96, 0x9D, 0x96, 0x9D, 0x96, 0x9D, 0x96, 0x9D, 0x96, 0x9D, 0x96, 0x9D, 0x96, 0x9D,
    0x96, 0x9D, 0x96, 0x9D, 0x96, 0x9D, 0x96, 0x9D, 0x96, 0x9D, 0x96, 0x9D, 0x96, 0x9D, 0x96, 0x9D, 0x96, 0x9D, 0x96, 0x9D, 0x96, 0x9D, 0x96, 0x9D,
    0x96, 0x9D, 0x96, 0x9D, 0x96, 0x9D, 0x96, 0x9D, 0x96, 0x9D, 0x96, 0x9D, 0x96, 0x9D, 0x96, 0x9D, 0x96, 0x9D, 0x96, 0x9D, 0x96, 0x9D, 0x96, 0x9D,
    0x96, 0x9D, 0x96, 0x9D, 0x96, 0x9D, 0x96, 0x9D, 0x96, 0x9D, 0x96, 0x9D, 0x96, 0x9D, 0x96, 0x9D, 0x96, 0x9D, 0x96, 0x9D, 0x96, 0x9D, 0x96, 0x9D,
    0x96, 0x9D, 0x96, 0x9D, 0x96, 0x9D, 0x96, 0x9D, 0x96, 0x9D, 0x96, 0x9D, 0x96, 0x9D, 0x96, 0x9D, 0x96, 0x9D, 0x96, 0x9D, 0x96, 0x9D, 0x96, 0x9D,
    0x96, 0x9D, 0x96, 0x9D, 0x96, 0x9D, 0x96, 0x9D, 0x96, 0x9D, 0x96, 0x9D, 0x96, 0x9D, 0x96, 0x9D, 0x96, 0x9D, 0x96, 0x9D, 0x96, 0x9D, 0x96, 0x9D,
    0x96, 0x9D, 0x96, 0x9D, 0x96, 0x9D, 0x96, 0x9D, 0x96, 0x9D, 0x96, 0x9D, 0x96, 0x9D, 0x96, 0x9D, 0x96, 0x9D, 0x96, 0x9D, 0x96, 0x9D, 0x96, 0x9D,
    0x96, 0x9D, 0x96, 0x9D, 0x96, 0x9D, 0x96, 0x9D, 0x96, 0x9D, 0x96, 0x9D, 0x96, 0x9D, 0x96, 0x9D, 0x96, 0x9D, 0x96, 0x9D, 0x96, 0x9D, 0x96, 0x9D,
    0x96, 0x9D, 0x96, 0x9D, 0x96, 0x9D, 0x96, 0x9D, 0x96, 0x9D, 0x96, 0x9D, 0x96, 0x9D, 0x96, 0x9D, 0x96, 0x9D, 0x96, 0x9D, 0x96, 0x9D, 0x96, 0x9D,
    0x96, 0x9D, 0x96, 0x9D, 0x96, 0x9D, 0x96, 0x9D, 0x96, 0x9D, 0x96, 0x9D, 0x96, 0x9D, 0x96, 0x9D, 0x96, 0x9D, 0x96, 0x9D, 0x96, 0x9D, 0x96, 0x9D,
    0x96, 0x9D, 0x96, 0x9D, 0x96, 0x9D, 0x96, 0x9D, 0x96, 0x9D, 0x96, 0x9D, 0x96, 0x9D, 0x96, 0x9D, 0x96, 0x9D, 0x96, 0x9D, 0x96, 0x9D, 0x96, 0x9D,
    0x96, 0x9D, 0x96, 0x9D, 0x96, 0x9D, 0x96, 0x9D, 0x96, 0x9D, 0x96, 0x9D, 0x96, 0x9D, 0x96, 0x9D, 0x96, 0x9D, 0x96, 0x9D, 0x96, 0x9D, 0x96, 0x9D,
    0x96, 0x9D, 0x96, 0x9D, 0x96, 0x9D, 0x96, 0x9D, 0x96, 0x9D, 0x96, 0x9D, 0x96, 0x9D, 0x96, 0x9D, 0x96, 0x9D, 0x96, 0x9D, 0x96, 0x9D, 0x96, 0x9D,
    0x96, 0x9D, 0x96, 0x9D, 0x96, 0x9D, 0x96, 0x9D, 0x96, 0x9D, 0x96, 0x9D, 0x96, 0x9D, 0x96, 0x9D, 0x96, 0x9D, 0x96, 0x9D, 0x96, 0x9D, 0x96, 0x9D,
    0x96, 0x9D, 0x96, 0x9D, 0x96, 0x9D, 0x96, 0x9D, 0x96, 0x9D, 0x96, 0x9D, 0x96, 0x9D, 0x96, 0x9D, 0x96, 0x9D, 0x96, 0x9D, 0x96, 0x9D, 0x96, 0x9D,
    0x96, 0x9D, 0x96, 0x9D, 0x96, 0x9D, 0x96, 0x9D, 0x96, 0x9D, 0x96, 0x9D, 0x96, 0x9D, 0x96, 0x9D, 0x96, 0x9D, 0x96, 0x9D, 0x96, 0x9D, 0x96, 0x9D,
    0x96, 0x9D, 0x96, 0x9D, 0x96, 0x9D, 0x96, 0x9D, 0x96, 0x9D, 0x96, 0x9D, 0x96, 0x9D, 0x96, 0x9D, 0x96, 0x9D, 0x96, 0x9D, 0x96, 0x9D, 0x96, 0x9D,
    0x96, 0x9D, 0x96, 0x9D, 0x96, 0x9D, 0x96, 0x9D, 0x96, 0x9D, 0x96, 0x9D, 0x96, 0x9D, 0x96, 0x9D, 0x96, 0x9D, 0x96, 0x9D, 0x96, 0x9D, 0x96, 0x9D,
    0x96, 0x9D, 0x96, 0x9D, 0x96, 0x9D, 0x96, 0x9D, 0x96, 0x9D, 0x96, 0x9D, 0x96, 0x9D, 0x96, 0x9D, 0x96, 0x9D, 0x96, 0x9D, 0x96, 0x9D, 0x96, 0x9D,
    0x96, 0x9D, 0x96, 0x9D, 0x96, 0x9D, 0x96, 0x9D, 0x96, 0x9D, 0x96, 0x9D, 0x96, 0x9D, 0x96, 0x9D, 0x96, 0x9D, 0x96, 0x9D, 0x96, 0x9D, 0x96, 0x9D,
    0x96, 0x9D, 0x96, 0x9D, 0x96, 0x9D, 0x96, 0x9D, 0x96, 0x9D, 0x96, 0x9D, 0x96, 0x9D, 0x96, 0x9D, 0x96, 0x9D, 0x96, 0x9D, 0x96, 0x9D, 0x96, 0x9D,
    0x96, 0x9D, 0x96, 0x9D, 0x96, 0x9D, 0x96, 0x9D, 0x96, 0x9D, 0x96, 0x9D, 0x96, 0x9D, 0x96, 0x9D, 0x96, 0x9D, 0x96, 0x9D, 0x96, 0x9D, 0x96, 0x9D,
    0x96, 0x9D, 0x96, 0x9D, 0x96, 0x9D, 0x96, 0x9D, 0x96, 0x9D, 0x96, 0x9D, 0x96, 0x9D, 0x96, 0x9D, 0x96, 0x9D, 0x96, 0x9D, 0x96, 0x9D, 0x96, 0x9D,
    0x96, 0x9D, 0x96, 0x9D, 0x96, 0x9D, 0x96, 0x9D, 0x96, 0x9D, 0x96, 0x9D, 0x96, 0x9D, 0x96, 0x9D, 0x96, 0x9D, 0x96, 0x9D, 0x96, 0x9D, 0x96, 0x9D,
    0x96, 0x9D, 0x96, 0x9D, 0x96, 0x9D, 0x96, 0x9D, 0x96, 0x9D, 0x96, 0x9D, 0x96, 0x9D, 0x96, 0x9D, 0x96, 0x9D, 0x96, 0x9D, 0x96, 0x9D, 0x96, 0x9D,
    0x96, 0x9D, 0x96, 0x9D, 0x96, 0x9D, 0x96, 0x9D, 0x96, 0x9D, 0x96, 0x9D, 0x96, 0x9D, 0x96, 0x9D, 0x96, 0x9D, 0x96, 0x9D, 0x96, 0x9D, 0x96, 0x9D,
    0x96, 0x9D, 0x96, 0x9D, 0x96, 0x9D, 0x96, 0x9D, 0x96, 0x9D, 0x96, 0x9D, 0x96, 0x9D, 0x96, 0x9D, 0x96, 0x9D, 0x96, 0x9D, 0x96, 0x9D, 0x96, 0x9D,
    0x96, 0x9D, 0x96, 0x9D, 0x96, 0x9D, 0x96, 0x9D, 0x96, 0x9D, 0x96, 0x9D, 0x96, 0x9D, 0x96, 0x9D, 0x96, 0x9D, 0x96, 0x9D, 0x96, 0x9D, 0x96, 0x9D,
    0x96, 0x9D, 0x96, 0x9D, 0x96, 0x9D, 0x96, 0x9D, 0x96, 0x9D, 0x96, 0x9D, 0x96, 0x9D, 0x96, 0x9D, 0x96, 0x9D, 0x96, 0x9D, 0x96, 0x9D, 0x96, 0x9D,
    0x96, 0x9D, 0x96, 0x9D, 0x96, 0x9D, 0x96, 0x9D, 0x96, 0x9D, 0x96, 0x9D, 0x96, 0x9D, 0x96, 0x9D, 0x96, 0x9D, 0x96, 0x9D, 0x96, 0x9D, 0x96, 0x9D,
    0x96, 0x9D, 0x96, 0x9D, 0x96, 0x9D, 0x96, 0x9D, 0x96, 0x9D, 0x96, 0x9D, 0x96, 0x9D, 0x96, 0x9D, 0x96, 0x9D, 0x96, 0x9D, 0x96, 0x9D, 0x96, 0x9D,
    0x96, 0x9D, 0x96, 0x9D, 0x96, 0x9D, 0x96, 0x9D, 0x96, 0x9D, 0x96, 0x9D, 0x96, 0x9D, 0x96, 0x9D, 0x96, 0x9D, 0x96, 0x9D, 0x96, 0x9D, 0x96, 0x9D,
    0x96, 0x9D, 0x96, 0x9D, 0x96, 0x9D, 0x96, 0x9D, 0x96, 0x9D, 0x96, 0x9D, 0x96, 0x9D, 0x96, 0x9D, 0x96, 0x9D, 0x96, 0x9D, 0x96, 0x9D, 0x96, 0x9D,
    0x96, 0x9D, 0x96, 0x9D, 0x96, 0x9D, 0x96, 0x9D, 0x96, 0x9D, 0x96, 0x9D, 0x96, 0x9D, 0x96, 0x9D, 0x96, 0x9D, 0x96, 0x9D, 0x96, 0x9D, 0x96, 0x9D,
    0x96, 0x9D, 0x96, 0x9D, 0x96, 0x9D, 0x96, 0x9D, 0x96, 0x9D, 0x96, 0x9D, 0x96, 0x9D, 0x96, 0x9D, 0x96, 0x9D, 0x96, 0x9D, 0x96, 0x9D, 0x96, 0x9D,
    0x96, 0x9D, 0x96, 0x9D, 0x96, 0x9D, 0x96, 0x9D, 0x96, 0x9D, 0x96, 0x9D, 0x96, 0x9D, 0x96, 0x9D, 0x96, 0x9D, 0x96, 0x9D, 0x96, 0x9D, 0x96, 0x9D,
    0x96, 0x9D, 0x96, 0x9D, 0x96, 0x9D, 0x96, 0x9D, 0x96, 0x9D, 0x96, 0x9D, 0x96, 0x9D, 0x96, 0x9D, 0x96, 0x9D, 0x96, 0x9D, 0x96, 0x9D, 0x96, 0x9D,
    0x96, 0x9D, 0x96, 0x9D, 0x96, 0x9D, 0x96, 0x9D, 0x96, 0x9D, 0x96, 0x9D, 0x96, 0x9D, 0x96, 0x9D, 0x96, 0x9D, 0x96, 0x9D, 0x96, 0x9D, 0x96, 0x9D,
    0x96, 0x9D, 0x96, 0x9D, 0x96, 0x9D, 0x96, 0x9D, 0x96, 0x9D, 0x96, 0x9D, 0x96, 0x9D, 0x96, 0x9D, 0x96, 0x9D, 0x96, 0x9D, 0x96, 0x9D, 0x96, 0x9D,
    0x96, 0xBD, 0x96, 0xBD, 0x96, 0xBD, 0x96, 0xBD, 0x96, 0xBD, 0x96, 0xBD, 0x96, 0xBD, 0x96, 0xBD, 0x96, 0xBD, 0x96, 0xBD, 0x96, 0xBD, 0x96, 0xBD,
    0x96, 0xBD, 0x96, 0xBD, 0x96, 0xBD, 0x96, 0xBD, 0x96, 0xBD, 0x96, 0xBD, 0x96, 0xBD, 0x96, 0xBD, 0x96, 0xBD, 0x96, 0xBD, 0x96, 0xBD, 0x96, 0xBD,
    0x96, 0xBD, 0x96, 0xBD, 0x96, 0xBD, 0x96, 0xBD, 0x96, 0xBD, 0x96, 0xBD, 0x96, 0xBD, 0x96, 0xBD, 0x96, 0xBD, 0x96, 0xBD, 0x96, 0xBD, 0x96, 0xBD,
    0x96, 0xBD, 0x96, 0xBD, 0x96, 0xBD, 0x96, 0xBD, 0x96, 0xBD, 0x96, 0xBD, 0x96, 0xBD, 0x96, 0xBD, 0x96, 0xBD, 0x96, 0xBD, 0x96, 0xBD, 0x96, 0xBD,
    0x96, 0xBD, 0x96, 0xBD, 0x96, 0xBD, 0x96, 0xBD, 0x96, 0xBD, 0x96, 0xBD, 0x96, 0xBD, 0x96, 0xBD, 0x96, 0xBD, 0x96, 0xBD, 0x96, 0xBD, 0x96, 0xBD,
    0x96, 0xBD, 0x96, 0xBD, 0x96, 0xBD, 0x96, 0xBD, 0x96, 0xBD, 0x96, 0xBD, 0x96, 0xBD, 0x96, 0xBD, 0x96, 0xBD, 0x96, 0xBD, 0x96, 0xBD, 0x96, 0xBD,
    0x96, 0xBD, 0x96, 0xBD, 0x96, 0xBD, 0x96, 0xBD, 0x96, 0xBD, 0x96, 0xBD, 0x96, 0xBD, 0x96, 0xBD, 0x96, 0xBD, 0x96, 0xBD, 0x96, 0xBD, 0x96, 0xBD,
    0x96, 0xBD, 0x96, 0xBD, 0x96, 0xBD, 0x96, 0xBD, 0x96, 0xBD, 0x96, 0xBD, 0x96, 0xBD, 0x96, 0xBD, 0x96, 0xBD, 0x96, 0xBD, 0x96, 0xBD, 0x96, 0xBD,
    0x96, 0xBD, 0x96, 0xBD, 0x96, 0xBD, 0x96, 0xBD, 0x96, 0xBD, 0x96, 0xBD, 0x96, 0xBD, 0x96, 0xBD, 0x96, 0xBD, 0x96, 0xBD, 0x96, 0xBD, 0x96, 0xBD,
    0x96, 0xBD, 0x96, 0xBD, 0x96, 0xBD, 0x96, 0xBD, 0x96, 0xBD, 0x96, 0xBD, 0x96, 0xBD, 0x96, 0xBD, 0x96, 0xBD, 0x96, 0xBD, 0x96, 0xBD, 0x96, 0xBD,
    0x96, 0xBD, 0x96, 0xBD, 0x96, 0xBD, 0x96, 0xBD, 0x96, 0xBD, 0x96, 0xBD, 0x96, 0xBD, 0x96, 0xBD, 0x96, 0xBD, 0x96, 0xBD, 0x96, 0xBD, 0x96, 0xBD,
    0x96, 0xBD, 0x96, 0xBD, 0x96, 0xBD, 0x96, 0xBD, 0x96, 0xBD, 0x96, 0xBD, 0x96, 0xBD, 0x96, 0xBD, 0x96, 0xBD, 0x96, 0xBD, 0x96, 0xBD, 0x96, 0xBD,
    0x96, 0xBD, 0x96, 0xBD, 0x96, 0xBD, 0x96, 0xBD, 0x96, 0xBD, 0x96, 0xBD, 0x96, 0xBD, 0x96, 0xBD, 0x96, 0xBD, 0x96, 0xBD, 0x96, 0xBD, 0x96, 0xBD,
    0x96, 0xBD, 0x96, 0xBD, 0x96, 0xBD, 0x96, 0xBD, 0x96, 0xBD, 0x96, 0xBD, 0x96, 0xBD, 0x96, 0xBD, 0x96, 0xBD, 0x96, 0xBD, 0x96, 0xBD, 0x96, 0xBD,
    0x96, 0xBD, 0x96, 0xBD, 0x96, 0xBD, 0x96, 0xBD, 0x96, 0xBD, 0x96, 0xBD, 0x96, 0xBD, 0x96, 0xBD, 0x96, 0xBD, 0x96, 0xBD, 0x96, 0xBD, 0x96, 0xBD,
    0x96, 0xBD, 0x96, 0xBD, 0x96, 0xBD, 0x96, 0xBD, 0x96, 0xBD, 0x96, 0xBD, 0x96, 0xBD, 0x96, 0xBD, 0x96, 0xBD, 0x96, 0xBD, 0x96, 0xBD, 0x96, 0xBD,
    0x96, 0xBD, 0x96, 0xBD, 0x96, 0xBD, 0x96, 0xBD, 0x96, 0xBD, 0x96, 0xBD, 0x96, 0xBD, 0x96, 0xBD, 0x96, 0xBD, 0x96, 0xBD, 0x96, 0xBD, 0x96, 0xBD,
    0x96, 0xBD, 0x96, 0xBD, 0x96, 0xBD, 0x96, 0xBD, 0x96, 0xBD, 0x96, 0xBD, 0x96, 0xBD, 0x96, 0xBD, 0x96, 0xBD, 0x96, 0xBD, 0x96, 0xBD, 0x96, 0xBD,
    0x96, 0xBD, 0x96, 0xBD, 0x96, 0xBD, 0x96, 0xBD, 0x96, 0xBD, 0x96, 0xBD, 0x96, 0xBD, 0x96, 0xBD, 0x96, 0xBD, 0x96, 0xBD, 0x96, 0xBD, 0x96, 0xBD,
    0x96, 0xBD, 0x96, 0xBD, 0x96, 0xBD, 0x96, 0xBD, 0x96, 0xBD, 0x96, 0xBD, 0x96, 0xBD, 0x96, 0xBD, 0x96, 0xBD, 0x96, 0xBD, 0x96, 0xBD, 0x96, 0xBD,
    0x96, 0xBD, 0x96, 0xBD, 0x96, 0xBD, 0x96, 0xBD, 0x96, 0xBD, 0x96, 0xBD, 0x96, 0xBD, 0x96, 0xBD, 0x96, 0xBD, 0x96, 0xBD, 0x96, 0xBD, 0x96, 0xBD,
    0x96, 0xBD, 0x96, 0xBD, 0x96, 0xBD, 0x96, 0xBD, 0x96, 0xBD, 0x96, 0xBD, 0x96, 0xBD, 0x96, 0xBD, 0x96, 0xBD, 0x96, 0xBD, 0x96, 0xBD, 0x96, 0xBD,
    0x96, 0xBD, 0x96, 0xBD, 0x96, 0xBD, 0x96, 0xBD, 0x96, 0xBD, 0x96, 0xBD, 0x96, 0xBD, 0x96, 0xBD, 0x96, 0xBD, 0x96, 0xBD, 0x96, 0xBD, 0x96, 0xBD,
    0x96, 0xBD, 0x96, 0xBD, 0x96, 0xBD, 0x96, 0xBD, 0x96, 0xBD, 0x96, 0xBD, 0x96, 0xBD, 0x96, 0xBD, 0x96, 0xBD, 0x96, 0xBD, 0x96, 0xBD, 0x96, 0xBD,
    0x96, 0xBD, 0x96, 0xBD, 0x96, 0xBD, 0x96, 0xBD, 0x96, 0xBD, 0x96, 0xBD, 0x96, 0xBD, 0x96, 0xBD, 0x96, 0xBD, 0x96, 0xBD, 0x96, 0xBD, 0x96, 0xBD,
    0x96, 0xBD, 0x96, 0xBD, 0x96, 0xBD, 0x96, 0xBD, 0x96, 0xBD, 0x96, 0xBD, 0x96, 0xBD, 0x96, 0xBD, 0x96, 0xBD, 0x96, 0xBD, 0x96, 0xBD, 0x96, 0xBD,
    0x96, 0xBD, 0x96, 0xBD, 0x96, 0xBD, 0x96, 0xBD, 0x96, 0xBD, 0x96, 0xBD, 0x96, 0xBD, 0x96, 0xBD, 0x96, 0xBD, 0x96, 0xBD, 0x96, 0xBD, 0x96, 0xBD,
    0x96, 0xBD, 0x96, 0xBD, 0x96, 0xBD, 0x96, 0xBD, 0x96, 0xBD, 0x96, 0xBD, 0x96, 0xBD, 0x96, 0xBD, 0x96, 0xBD, 0x96, 0xBD, 0x96, 0xBD, 0x96, 0xBD,
    0x96, 0xBD, 0x96, 0xBD, 0x96, 0xBD, 0x96, 0xBD, 0x96, 0xBD, 0x96, 0xBD, 0x96, 0xBD, 0x96, 0xBD, 0x96, 0xBD, 0x96, 0xBD, 0x96, 0xBD, 0x96, 0xBD,
    0x96, 0xBD, 0x96, 0xBD, 0x96, 0xBD, 0x96, 0xBD, 0x96, 0xBD, 0x96, 0xBD, 0x96, 0xBD, 0x96, 0xBD, 0x96, 0xBD, 0x96, 0xBD, 0x96, 0xBD, 0x96, 0xBD,
    0x96, 0xBD, 0x96, 0xBD, 0x96, 0xBD, 0x96, 0xBD, 0x96, 0xBD, 0x96, 0xBD, 0x96, 0xBD, 0x96, 0xBD, 0x96, 0xBD, 0x96, 0xBD, 0x96, 0xBD, 0x96, 0xBD,
    0x96, 0xBD, 0x96, 0xBD, 0x96, 0xBD, 0x96, 0xBD, 0x96, 0xBD, 0x96, 0xBD, 0x96, 0xBD, 0x96, 0xBD, 0x96, 0xBD, 0x96, 0xBD, 0x96, 0xBD, 0x96, 0xBD,
    0x96, 0xBD, 0x96, 0xBD, 0x96, 0xBD, 0x96, 0xBD, 0x96, 0xBD, 0x96, 0xBD, 0x96, 0xBD, 0x96, 0xBD, 0x96, 0xBD, 0x96, 0xBD, 0x96, 0xBD, 0x96, 0xBD,
    0x96, 0xBD, 0x96, 0xBD, 0x96, 0xBD, 0x96, 0xBD, 0x96, 0xBD, 0x96, 0xBD, 0x96, 0xBD, 0x96, 0xBD, 0x96, 0xBD, 0x96, 0xBD, 0x96, 0xBD, 0x96, 0xBD,
    0x96, 0xBD, 0x96, 0xBD, 0x96, 0xBD, 0x96, 0xBD, 0x96, 0xBD, 0x96, 0xBD, 0x96, 0xBD, 0x96, 0xBD, 0x96, 0xBD, 0x96, 0xBD, 0x96, 0xBD, 0x96, 0xBD,
    0x96, 0xBD, 0x96, 0xBD, 0x96, 0xBD, 0x96, 0xBD, 0x96, 0xBD, 0x96, 0xBD, 0x96, 0xBD, 0x96, 0xBD, 0x96, 0xBD, 0x96, 0xBD, 0x96, 0xBD, 0x96, 0xBD,
    0x96, 0xBD, 0x96, 0xBD, 0x96, 0xBD, 0x96, 0xBD, 0x96, 0xBD, 0x96, 0xBD, 0x96, 0xBD, 0x96, 0xBD, 0x96, 0xBD, 0x96, 0xBD, 0x96, 0xBD, 0x96, 0xBD,
    0x96, 0xBD, 0x96, 0xBD, 0x96, 0xBD, 0x96, 0xBD, 0x96, 0xBD, 0x96, 0xBD, 0x96, 0xBD, 0x96, 0xBD, 0x96, 0xBD, 0x96, 0xBD, 0x96, 0xBD, 0x96, 0xBD,
    0x96, 0xBD, 0x96, 0xBD, 0x96, 0xBD, 0x96, 0xBD, 0x96, 0xBD, 0x96, 0xBD, 0x96, 0xBD, 0x96, 0xBD, 0x96, 0xBD, 0x96, 0xBD, 0x96, 0xBD, 0x96, 0xBD,
    0x96, 0xBD, 0x96, 0xBD, 0x96, 0xBD, 0x96, 0xBD, 0x96, 0xBD, 0x96, 0xBD, 0x96, 0xBD, 0x96, 0xBD, 0x96, 0xBD, 0x96, 0xBD, 0x96, 0xBD, 0x96, 0xBD,
    0x96, 0xBD, 0x96, 0xBD, 0x96, 0xBD, 0x96, 0xBD, 0x96, 0xBD, 0x96, 0xBD, 0x96, 0xBD, 0x96, 0xBD, 0x96, 0xBD, 0x96, 0xBD, 0x96, 0xBD, 0x96, 0xBD,
    0x96, 0xBD, 0x96, 0xBD, 0x96, 0xBD, 0x96, 0xBD, 0x96, 0xBD, 0x96, 0xBD, 0x96, 0xBD, 0x96, 0xBD, 0x96, 0xBD, 0x96, 0xBD, 0x96, 0xBD, 0x96, 0xBD,
    0x96, 0xBD, 0x96, 0xBD, 0x96, 0xBD, 0x96, 0xBD, 0x96, 0xBD, 0x96, 0xBD, 0x96, 0xBD, 0x96, 0xBD, 0x96, 0xBD, 0x96, 0xBD, 0x96, 0xBD, 0x96, 0xBD,
    0x96, 0xBD, 0x96, 0xBD, 0x96, 0xBD, 0x96, 0xBD, 0x96, 0xBD, 0x96, 0xBD, 0x96, 0xBD, 0x96, 0xBD, 0x96, 0xBD, 0x96, 0xBD, 0x96, 0xBD, 0x96, 0xBD,
    0x96, 0xBD, 0x96, 0xBD, 0x96, 0xBD, 0x96, 0xBD, 0x96, 0xBD, 0x96, 0xBD, 0x96, 0xBD, 0x96, 0xBD, 0x96, 0xBD, 0x96, 0xBD, 0x96, 0xBD, 0x96, 0xBD,
    0x96, 0xBD, 0x96, 0xBD, 0x96, 0xBD, 0x96, 0xBD, 0x96, 0xBD, 0x96, 0xBD, 0x96, 0xBD, 0x96, 0xBD, 0x96, 0xBD, 0x96, 0xBD, 0x96, 0xBD, 0x96, 0xBD,
    0x96, 0xBD, 0x96, 0xBD, 0x96, 0xBD, 0x96, 0xBD, 0x96, 0xBD, 0x96, 0xBD, 0x96, 0xBD, 0x96, 0xBD, 0x96, 0xBD, 0x96, 0xBD, 0x96, 0xBD, 0x96, 0xBD,
    0x96, 0xBD, 0x96, 0xBD, 0x96, 0xBD, 0x96, 0xBD, 0x96, 0xBD, 0x96, 0xBD, 0x96, 0xBD, 0x96, 0xBD, 0x96, 0xBD, 0x96, 0xBD, 0x96, 0xBD, 0x96, 0xBD,
    0x96, 0xBD, 0x96, 0xBD, 0x96, 0xBD, 0x96, 0xBD, 0x96, 0xBD, 0x96, 0xBD, 0x96, 0xBD, 0x96, 0xBD, 0x96, 0xBD, 0x96, 0xBD, 0x96, 0xBD, 0x96, 0xBD,
    0x96, 0xBD, 0x96, 0xBD, 0x96, 0xBD, 0x96, 0xBD, 0x96, 0xBD, 0x96, 0xBD, 0x96, 0xBD, 0x96, 0xBD, 0x96, 0xBD, 0x96, 0xBD, 0x96, 0xBD, 0x96, 0xBD,
    0x96, 0xBD, 0x96, 0xBD, 0x96, 0xBD, 0x96, 0xBD, 0x96, 0xBD, 0x96, 0xBD, 0x96, 0xBD, 0x96, 0xBD, 0x96, 0xBD, 0x96, 0xBD, 0x96, 0xBD, 0x96, 0xBD,
    0x96, 0xBD, 0x96, 0xBD, 0x96, 0xBD, 0x96, 0xBD, 0x96, 0xBD, 0x96, 0xBD, 0x96, 0xBD, 0x96, 0xBD, 0x96, 0xBD, 0x96, 0xBD, 0x96, 0xBD, 0x96, 0xBD,
    0x96, 0xBD, 0x96, 0xBD, 0x96, 0xBD, 0x96, 0xBD, 0x96, 0xBD, 0x96, 0xBD, 0x96, 0xBD, 0x96, 0xBD, 0x96, 0xBD, 0x96, 0xBD, 0x96, 0xBD, 0x96, 0xBD,
    0x96, 0xBD, 0x96, 0xBD, 0x96, 0xBD, 0x96, 0xBD, 0x96, 0xBD, 0x96, 0xBD, 0x96, 0xBD, 0x96, 0xBD, 0x96, 0xBD, 0x96, 0xBD, 0x96, 0xBD, 0x96, 0xBD,
    0x96, 0xBD, 0x96, 0xBD, 0x96, 0xBD, 0x96, 0xBD, 0x96, 0xBD, 0x96, 0xBD, 0x96, 0xBD, 0x96, 0xBD, 0x96, 0xBD, 0x96, 0xBD, 0x96, 0xBD, 0x96, 0xBD,
    0x96, 0xBD, 0x96, 0xBD, 0x96, 0xBD, 0x96, 0xBD, 0x96, 0xBD, 0x96, 0xBD, 0x96, 0xBD, 0x96, 0xBD, 0x96, 0xBD, 0x96, 0xBD, 0x96, 0xBD, 0x96, 0xBD,
    0x96, 0xBD, 0x96, 0xBD, 0x96, 0xBD, 0x96, 0xBD, 0x96, 0xBD, 0x96, 0xBD, 0x96, 0xBD, 0x96, 0xBD, 0x96, 0xBD, 0x96, 0xBD, 0x96, 0xBD, 0x96, 0xBD,
    0x96, 0xBD, 0x96, 0xBD, 0x96, 0xBD, 0x96, 0xBD, 0x96, 0xBD, 0x96, 0xBD, 0x96, 0xBD, 0x96, 0xBD, 0x96, 0xBD, 0x96, 0xBD, 0x96, 0xBD, 0x96, 0xBD,
    0x96, 0xBD, 0x96, 0xBD, 0x96, 0xBD, 0x96, 0xBD, 0x96, 0xBD, 0x96, 0xBD, 0x96, 0xBD, 0x96, 0xBD, 0x96, 0xBD, 0x96, 0xBD, 0x96, 0xBD, 0x96, 0xBD,
    0x96, 0xBD, 0x96, 0xBD, 0x96, 0xBD, 0x96, 0xBD, 0x96, 0xBD, 0x96, 0xBD, 0x96, 0xBD, 0x96, 0xBD, 0x96, 0xBD, 0x96, 0xBD, 0x96, 0xBD, 0x96, 0xBD,
    0x96, 0xBD, 0x96, 0xBD, 0x96, 0xBD, 0x96, 0xBD, 0x96, 0xBD, 0x96, 0xBD, 0x96, 0xBD, 0x96, 0xBD, 0x96, 0xBD, 0x96, 0xBD, 0x96, 0xBD, 0x96, 0xBD,
    0x96, 0xBD, 0x96, 0xBD, 0x96, 0xBD, 0x96, 0xBD, 0x96, 0xBD, 0x96, 0xBD, 0x96, 0xBD, 0x96, 0xBD, 0x96, 0xBD, 0x96, 0xBD, 0x96, 0xBD, 0x96, 0xBD,
    0x96, 0xBD, 0x96, 0xBD, 0x96, 0xBD, 0x96, 0xBD, 0x96, 0xBD, 0x96, 0xBD, 0x96, 0xBD, 0x96, 0xBD, 0x96, 0xBD, 0x96, 0xBD, 0x96, 0xBD, 0x96, 0xBD,
    0x96, 0xBD, 0x96, 0xBD, 0x96, 0xBD, 0x96, 0xBD, 0x96, 0xBD, 0x96, 0xBD, 0x96, 0xBD, 0x96, 0xBD, 0x96, 0xBD, 0x96, 0xBD, 0x96, 0xBD, 0x96, 0xBD,
    0x96, 0xBD, 0x96, 0xBD, 0x96, 0xBD, 0x96, 0xBD, 0x96, 0xBD, 0x96, 0xBD, 0x96, 0xBD, 0x96, 0xBD, 0x96, 0xBD, 0x96, 0xBD, 0x96, 0xBD, 0x96, 0xBD,
    0x96, 0xBD, 0x96, 0xBD, 0x96, 0xBD, 0x96, 0xBD, 0x96, 0xBD, 0x96, 0xBD, 0x96, 0xBD, 0x96, 0xBD, 0x96, 0xBD, 0x96, 0xBD, 0x96, 0xBD, 0x96, 0xBD,
    0x96, 0xBD, 0x96, 0xBD, 0x96, 0xBD, 0x96, 0xBD, 0x96, 0xBD, 0x96, 0xBD, 0x96, 0xBD, 0x96, 0xBD, 0x96, 0xBD, 0x96, 0xBD, 0x96, 0xBD, 0x96, 0xBD,
    0x96, 0xBD, 0x96, 0xBD, 0x96, 0xBD, 0x96, 0xBD, 0x96, 0xBD, 0x96, 0xBD, 0x96, 0xBD, 0x96, 0xBD, 0x96, 0xBD, 0x96, 0xBD, 0x96, 0xBD, 0x96, 0xBD,
    0x96, 0xBD, 0x96, 0xBD, 0x96, 0xBD, 0x96, 0xBD, 0x96, 0xBD, 0x96, 0xBD, 0x96, 0xBD, 0x96, 0xBD, 0x96, 0xBD, 0x96, 0xBD, 0x96, 0xBD, 0x96, 0xBD,
    0x96, 0xBD, 0x96, 0xBD, 0x96, 0xBD, 0x96, 0xBD, 0x96, 0xBD, 0x96, 0xBD, 0x96, 0xBD, 0x96, 0xBD, 0x96, 0xBD, 0x96, 0xBD, 0x96, 0xBD, 0x96, 0xBD,
    0x96, 0xBD, 0x96, 0xBD, 0x96, 0xBD, 0x96, 0xBD, 0x96, 0xBD, 0x96, 0xBD, 0x96, 0xBD, 0x96, 0xBD, 0x96, 0xBD, 0x96, 0xBD, 0x96, 0xBD, 0x96, 0xBD,
    0x96, 0xBD, 0x96, 0xBD, 0x96, 0xBD, 0x96, 0xBD, 0x96, 0xBD, 0x96, 0xBD, 0x96, 0xBD, 0x96, 0xBD, 0x96, 0xBD, 0x96, 0xBD, 0x96, 0xBD, 0x96, 0xBD,
    0x96, 0xBD, 0x96, 0xBD, 0x96, 0xBD, 0x96, 0xBD, 0x96, 0xBD, 0x96, 0xBD, 0x96, 0xBD, 0x96, 0xBD, 0x96, 0xBD, 0x96, 0xBD, 0x96, 0xBD, 0x96, 0xBD,
    0x96, 0xBD, 0x96, 0xBD, 0x96, 0xBD, 0x96, 0xBD, 0x96, 0xBD, 0x96, 0xBD, 0x96, 0xBD, 0x96, 0xBD, 0x96, 0xBD, 0x96, 0xBD, 0x96, 0xBD, 0x96, 0xBD,
    0x96, 0xBD, 0x96, 0xBD, 0x96, 0xBD, 0x96, 0xBD, 0x96, 0xBD, 0x96, 0xBD, 0x96, 0xBD, 0x96, 0xBD, 0x96, 0xBD, 0x96, 0xBD, 0x96, 0xBD, 0x96, 0xBD,
    0x96, 0xBD, 0x96, 0xBD, 0x96, 0xBD, 0x96, 0xBD, 0x96, 0xBD, 0x96, 0xBD, 0x96, 0xBD, 0x96, 0xBD, 0x96, 0xBD, 0x96, 0xBD, 0x96, 0xBD, 0x96, 0xBD,
    0x96, 0xBD, 0x96, 0xBD, 0x96, 0xBD, 0x96, 0xBD, 0x96, 0xBD, 0x96, 0xBD, 0x96, 0xBD, 0x96, 0xBD, 0x96, 0xBD, 0x96, 0xBD, 0x96, 0xBD, 0x96, 0xBD,
    0x96, 0xBD, 0x96, 0xBD, 0x96, 0xBD, 0x96, 0xBD, 0x96, 0xBD, 0x96, 0xBD, 0x96, 0xBD, 0x96, 0xBD, 0x96, 0xBD, 0x96, 0xBD, 0x96, 0xBD, 0x96, 0xBD,
    0x96, 0xBD, 0x96, 0xBD, 0x96, 0xBD, 0x96, 0xBD, 0x96, 0xBD, 0x96, 0xBD, 0x96, 0xBD, 0x96, 0xBD, 0x96, 0xBD, 0x96, 0xBD, 0x96, 0xBD, 0x96, 0xBD,
    0x96, 0xBD, 0x96, 0xBD, 0x96, 0xBD, 0x96, 0xBD, 0x96, 0xBD, 0x96, 0xBD, 0x96, 0xBD, 0x96, 0xBD, 0x96, 0xBD, 0x96, 0xBD, 0x96, 0xBD, 0x96, 0xBD,
    0x96, 0xBD, 0x96, 0xBD, 0x96, 0xBD, 0x96, 0xBD, 0x96, 0xBD, 0x96, 0xBD, 0x96, 0xBD, 0x96, 0xBD, 0x96, 0xBD, 0x96, 0xBD, 0x96, 0xBD, 0x96, 0xBD,
    0x96, 0xBD, 0x96, 0xBD, 0x96, 0xBD, 0x96, 0xBD, 0x96, 0xBD, 0x96, 0xBD, 0x96, 0xBD, 0x96, 0xBD, 0x96, 0xBD, 0x96, 0xBD, 0x96, 0xBD, 0x96, 0xBD,
    0x96, 0xBD, 0x96, 0xBD, 0x96, 0xBD, 0x96, 0xBD, 0x96, 0xBD, 0x96, 0xBD, 0x96, 0xBD, 0x96, 0xBD, 0x96, 0xBD, 0x96, 0xBD, 0x96, 0xBD, 0x96, 0xBD,
    0x96, 0xBD, 0x96, 0xBD, 0x96, 0xBD, 0x96, 0xBD, 0x96, 0xBD, 0x96, 0xBD, 0x96, 0xBD, 0x96, 0xBD, 0x96, 0xBD, 0x96, 0xBD, 0x96, 0xBD, 0x96, 0xBD,
    0x96, 0xBD, 0x96, 0xBD, 0x96, 0xBD, 0x96, 0xBD, 0x96, 0xBD, 0x96, 0xBD, 0x96, 0xBD, 0x96, 0xBD, 0x96, 0xBD, 0x96, 0xBD, 0x96, 0xBD, 0x96, 0xBD,
    0x96, 0xBD, 0x96, 0xBD, 0x96, 0xBD, 0x96, 0xBD, 0x96, 0xBD, 0x96, 0xBD, 0x96, 0xBD, 0x96, 0xBD, 0x96, 0xBD, 0x96, 0xBD, 0x96, 0xBD, 0x96, 0xBD,
    0x96, 0xBD, 0x96, 0xBD, 0x96, 0xBD, 0x96, 0xBD, 0x96, 0xBD, 0x96, 0xBD, 0x96, 0xBD, 0x96, 0xBD, 0x96, 0xBD, 0x96, 0xBD, 0x96, 0xBD, 0x96, 0xBD,
    0x96, 0xBD, 0x96, 0xBD, 0x96, 0xBD, 0x96, 0xBD, 0x96, 0xBD, 0x96, 0xBD, 0x96, 0xBD, 0x96, 0xBD, 0x96, 0xBD, 0x96, 0xBD, 0x96, 0xBD, 0x96, 0xBD,
    0x96, 0xBD, 0x96, 0xBD, 0x96, 0xBD, 0x96, 0xBD, 0x96, 0xBD, 0x96, 0xBD, 0x96, 0xBD, 0x96, 0xBD, 0x96, 0xBD, 0x96, 0xBD, 0x96, 0xBD, 0x96, 0xBD,
    0x96, 0xBD, 0x96, 0xBD, 0x96, 0xBD, 0x96, 0xBD, 0x96, 0xBD, 0x96, 0xBD, 0x96, 0xBD, 0x96, 0xBD, 0x96, 0xBD, 0x96, 0xBD, 0x96, 0xBD, 0x96, 0xBD,
    0x96, 0xBD, 0x96, 0xBD, 0x96, 0xBD, 0x96, 0xBD, 0x96, 0xBD, 0x96, 0xBD, 0x96, 0xBD, 0x96, 0xBD, 0x96, 0xBD, 0x96, 0xBD, 0x96, 0xBD, 0x96, 0xBD,
    0x96, 0xBD, 0x96, 0xBD, 0x96, 0xBD, 0x96, 0xBD, 0x96, 0xBD, 0x96, 0xBD, 0x96, 0xBD, 0x96, 0xBD, 0x96, 0xBD, 0x96, 0xBD, 0x96, 0xBD, 0x96, 0xBD,
    0x96, 0xBD, 0x96, 0xBD, 0x96, 0xBD, 0x96, 0xBD, 0x96, 0xBD, 0x96, 0xBD, 0x96, 0xBD, 0x96, 0xBD, 0x96, 0xBD, 0x96, 0xBD, 0x96, 0xBD, 0x96, 0xBD,
    0x96, 0xBD, 0x96, 0xBD, 0x96, 0xBD, 0x96, 0xBD, 0x96, 0xBD, 0x96, 0xBD, 0x96, 0xBD, 0x96, 0xBD, 0x96, 0xBD, 0x96, 0xBD, 0x96, 0xBD, 0x96, 0xBD,
    0x96, 0xBD, 0x96, 0xBD, 0x96, 0xBD, 0x96, 0xBD, 0x96, 0xBD, 0x96, 0xBD, 0x96, 0xBD, 0x96, 0xBD, 0x96, 0xBD, 0x96, 0xBD, 0x96, 0xBD, 0x96, 0xBD,
    0x96, 0xBD, 0x96, 0xBD, 0x96, 0xBD, 0x96, 0xBD, 0x96, 0xBD, 0x96, 0xBD, 0x96, 0xBD, 0x96, 0xBD, 0x96, 0xBD, 0x96, 0xBD, 0x96, 0xBD, 0x96, 0xBD,
    0x96, 0xBD, 0x96, 0xBD, 0x96, 0xBD, 0x96, 0xBD, 0x96, 0xBD, 0x96, 0xBD, 0x96, 0xBD, 0x96, 0xBD, 0x96, 0xBD, 0x96, 0xBD, 0x96, 0xBD, 0x96, 0xBD,
    0x96, 0xBD, 0x96, 0xBD, 0x96, 0xBD, 0x96, 0xBD, 0x96, 0xBD, 0x96, 0xBD, 0x96, 0xBD, 0x96, 0xBD, 0x96, 0xBD, 0x96, 0xBD, 0x96, 0xBD, 0x96, 0xBD,
    0x96, 0xBD, 0x96, 0xBD, 0x96, 0xBD, 0x96, 0xBD, 0x96, 0xBD, 0x96, 0xBD, 0x96, 0xBD, 0x96, 0xBD, 0x96, 0xBD, 0x96, 0xBD, 0x96, 0xBD, 0x96, 0xBD,
    0x96, 0xBD, 0x96, 0xBD, 0x96, 0xBD, 0x96, 0xBD, 0x96, 0xBD, 0x96, 0xBD, 0x96, 0xBD, 0x96, 0xBD, 0x96, 0xBD, 0x96, 0xBD, 0x96, 0xBD, 0x96, 0xBD,
    0x96, 0xBD, 0x96, 0xBD, 0x96, 0xBD, 0x96, 0xBD, 0x96, 0xBD, 0x96, 0xBD, 0x96, 0xBD, 0x96, 0xBD, 0x96, 0xBD, 0x96, 0xBD, 0x96, 0xBD, 0x96, 0xBD,
    0x96, 0xBD, 0x96, 0xBD, 0x96, 0xBD, 0x96, 0xBD, 0x96, 0xBD, 0x96, 0xBD, 0x96, 0xBD, 0x96, 0xBD, 0x96, 0xBD, 0x96, 0xBD, 0x96, 0xBD, 0x96, 0xBD,
    0x96, 0xBD, 0x96, 0xBD, 0x96, 0xBD, 0x96, 0xBD, 0x96, 0xBD, 0x96, 0xBD, 0x96, 0xBD, 0x96, 0xBD, 0x96, 0xBD, 0x96, 0xBD, 0x96, 0xBD, 0x96, 0xBD,
    0x96, 0xBD, 0x96, 0xBD, 0x96, 0xBD, 0x96, 0xBD, 0x96, 0xBD, 0x96, 0xBD, 0x96, 0xBD, 0x96, 0xBD, 0x96, 0xBD, 0x96, 0xBD, 0x96, 0xBD, 0x96, 0xBD,
    0x96, 0xBD, 0x96, 0xBD, 0x96, 0xBD, 0x96, 0xBD, 0x96, 0xBD, 0x96, 0xBD, 0x96, 0xBD, 0x96, 0xBD, 0x96, 0xBD, 0x96, 0xBD, 0x96, 0xBD, 0x96, 0xBD,
    0x96, 0xBD, 0x96, 0xBD, 0x96, 0xBD, 0x96, 0xBD, 0x96, 0xBD, 0x96, 0xBD, 0x96, 0xBD, 0x96, 0xBD, 0x96, 0xBD, 0x96, 0xBD, 0x96, 0xBD, 0x96, 0xBD,
    0x96, 0xBD, 0x96, 0xBD, 0x96, 0xBD, 0x96, 0xBD, 0x96, 0xBD, 0x96, 0xBD, 0x96, 0xBD, 0x96, 0xBD, 0x96, 0xBD, 0x96, 0xBD, 0x96, 0xBD, 0x96, 0xBD,
    0x96, 0xBD, 0x96, 0xBD, 0x96, 0xBD, 0x96, 0xBD, 0x96, 0xBD, 0x96, 0xBD, 0x96, 0xBD, 0x96, 0xBD, 0x96, 0xBD, 0x96, 0xBD, 0x96, 0xBD, 0x96, 0xBD,
    0x96, 0xBD, 0x96, 0xBD, 0x96, 0xBD, 0x96, 0xBD, 0x96, 0xBD, 0x96, 0xBD, 0x96, 0xBD, 0x96, 0xBD, 0x96, 0xBD, 0x96, 0xBD, 0x96, 0xBD, 0x96, 0xBD,
    0x96, 0xBD, 0x96, 0xBD, 0x96, 0xBD, 0x96, 0xBD, 0x96, 0xBD, 0x96, 0xBD, 0x96, 0xBD, 0x96, 0xBD, 0x96, 0xBD, 0x96, 0xBD, 0x96, 0xBD, 0x96, 0xBD,
    0x96, 0xBD, 0x96, 0xBD, 0x96, 0xBD, 0x96, 0xBD, 0x96, 0xBD, 0x96, 0xBD, 0x96, 0xBD, 0x96, 0xBD, 0x96, 0xBD, 0x96, 0xBD, 0x96, 0xBD, 0x96, 0xBD,
    0x96, 0xBD, 0x96, 0xBD, 0x96, 0xBD, 0x96, 0xBD, 0x96, 0xBD, 0x96, 0xBD, 0x96, 0xBD, 0x96, 0xBD, 0x96, 0xBD, 0x96, 0xBD, 0x96, 0xBD, 0x96, 0xBD,
    0x96, 0xBD, 0x96, 0xBD, 0x96, 0xBD, 0x96, 0xBD, 0x96, 0xBD, 0x96, 0xBD, 0x96, 0xBD, 0x96, 0xBD, 0x96, 0xBD, 0x96, 0xBD, 0x96, 0xBD, 0x96, 0xBD,
    0x96, 0xBD, 0x96, 0xBD, 0x96, 0xBD, 0x96, 0xBD, 0x96, 0xBD, 0x96, 0xBD, 0x96, 0xBD, 0x96, 0xBD, 0x96, 0xBD, 0x96, 0xBD, 0x96, 0xBD, 0x96, 0xBD,
    0x96, 0xBD, 0x96, 0xBD, 0x96, 0xBD, 0x96, 0xBD, 0x96, 0xBD, 0x96, 0xBD, 0x96, 0xBD, 0x96, 0xBD, 0x96, 0xBD, 0x96, 0xBD, 0x96, 0xBD, 0x96, 0xBD,
    0x96, 0xBD, 0x96, 0xBD, 0x96, 0xBD, 0x96, 0xBD, 0x96, 0xBD, 0x96, 0xBD, 0x96, 0xBD, 0x96, 0xBD, 0x96, 0xBD, 0x96, 0xBD, 0x96, 0xBD, 0x96, 0xBD,
    0x96, 0xBD, 0x96, 0xBD, 0x96, 0xBD, 0x96, 0xBD, 0x96, 0xBD, 0x96, 0xBD, 0x96, 0xBD, 0x96, 0xBD, 0x96, 0xBD, 0x96, 0xBD, 0x96, 0xBD, 0x96, 0xBD,
    0x96, 0xBD, 0x96, 0xBD, 0x96, 0xBD, 0x96, 0xBD, 0x96, 0xBD, 0x96, 0xBD, 0x96, 0xBD, 0x96, 0xBD, 0x96, 0xBD, 0x96, 0xBD, 0x96, 0xBD, 0x96, 0xBD,
    0x96, 0xBD, 0x96, 0xBD, 0x96, 0xBD, 0x96, 0xBD, 0x96, 0xBD, 0x96, 0xBD, 0x96, 0xBD, 0x96, 0xBD, 0x96, 0xBD, 0x96, 0xBD, 0x96, 0xBD, 0x96, 0xBD,
    0x96, 0xBD, 0x96, 0xBD, 0x96, 0xBD, 0x96, 0xBD, 0x96, 0xBD, 0x96, 0xBD, 0x96, 0xBD, 0x96, 0xBD, 0x96, 0xBD, 0x96, 0xBD, 0x96, 0xBD, 0x96, 0xBD,
    0x96, 0xBD, 0x96, 0xBD, 0x96, 0xBD, 0x96, 0xBD, 0x96, 0xBD, 0x96, 0xBD, 0x96, 0xBD, 0x96, 0xBD, 0x96, 0xBD, 0x96, 0xBD, 0x96, 0xBD, 0x96, 0xBD,
    0x96, 0xBD, 0x96, 0xBD, 0x96, 0xBD, 0x96, 0xBD, 0x96, 0xBD, 0x96, 0xBD, 0x96, 0xBD, 0x96, 0xBD, 0x96, 0xBD, 0x96, 0xBD, 0x96, 0xBD, 0x96, 0xBD,
    0x96, 0xBD, 0x96, 0xBD, 0x96, 0xBD, 0x96, 0xBD, 0x96, 0xBD, 0x96, 0xBD, 0x96, 0xBD, 0x96, 0xBD, 0x96, 0xBD, 0x96, 0xBD, 0x96, 0xBD, 0x96, 0xBD,
    0x96, 0xBD, 0x96, 0xBD, 0x96, 0xBD, 0x96, 0xBD, 0x96, 0xBD, 0x96, 0xBD, 0x96, 0xBD, 0x96, 0xBD, 0x96, 0xBD, 0x96, 0xBD, 0x96, 0xBD, 0x96, 0xBD,
    0x96, 0xBD, 0x96, 0xBD, 0x96, 0xBD, 0x96, 0xBD, 0x96, 0xBD, 0x96, 0xBD, 0x96, 0xBD, 0x96, 0xBD, 0x96, 0xBD, 0x96, 0xBD, 0x96, 0xBD, 0x96, 0xBD,
    0x96, 0xBD, 0x96, 0xBD, 0x96, 0xBD, 0x96, 0xBD, 0x96, 0xBD, 0x96, 0xBD, 0x96, 0xBD, 0x96, 0xBD, 0x96, 0xBD, 0x96, 0xBD, 0x96, 0xBD, 0x96, 0xBD,
    0x96, 0xBD, 0x96, 0xBD, 0x96, 0xBD, 0x96, 0xBD, 0x96, 0xBD, 0x96, 0xBD, 0x96, 0xBD, 0x96, 0xBD, 0x96, 0xBD, 0x96, 0xBD, 0x96, 0xBD, 0x96, 0xBD,
    0x96, 0xBD, 0x96, 0xBD, 0x96, 0xBD, 0x96, 0xBD, 0x96, 0xBD, 0x96, 0xBD, 0x96, 0xBD, 0x96, 0xBD, 0x96, 0xBD, 0x96, 0xBD, 0x96, 0xBD, 0x96, 0xBD,
    0x96, 0xBD, 0x96, 0xBD, 0x96, 0xBD, 0x96, 0xBD, 0x96, 0xBD, 0x96, 0xBD, 0x96, 0xBD, 0x96, 0xBD, 0x96, 0xBD, 0x96, 0xBD, 0x96, 0xBD, 0x96, 0xBD,
    0x96, 0xBD, 0x96, 0xBD, 0x96, 0xBD, 0x96, 0xBD, 0x96, 0xBD, 0x96, 0xBD, 0x96, 0xBD, 0x96, 0xBD, 0x96, 0xBD, 0x96, 0xBD, 0x96, 0xBD, 0x96, 0xBD,
    0x96, 0xBD, 0x96, 0xBD, 0x96, 0xBD, 0x96, 0xBD, 0x96, 0xBD, 0x96, 0xBD, 0x96, 0xBD, 0x96, 0xBD, 0x96, 0xBD, 0x96, 0xBD, 0x96, 0xBD, 0x96, 0xBD,
    0x96, 0xBD, 0x96, 0xBD, 0x96, 0xBD, 0x96, 0xBD, 0x96, 0xBD, 0x96, 0xBD, 0x96, 0xBD, 0x96, 0xBD, 0x96, 0xBD, 0x96, 0xBD, 0x96, 0xBD, 0x96, 0xBD,
    0x96, 0xBD, 0x96, 0xBD, 0x96, 0xBD, 0x96, 0xBD, 0x96, 0xBD, 0x96, 0xBD, 0x96, 0xBD, 0x96, 0xBD, 0x96, 0xBD, 0x96, 0xBD, 0x96, 0xBD, 0x96, 0xBD,
    0x96, 0xBD, 0x96, 0xBD, 0x96, 0xBD, 0x96, 0xBD, 0x96, 0xBD, 0x96, 0xBD, 0x96, 0xBD, 0x96, 0xBD, 0x96, 0xBD, 0x96, 0xBD, 0x96, 0xBD, 0x96, 0xBD,
    0x96, 0xBD, 0x96, 0xBD, 0x96, 0xBD, 0x96, 0xBD, 0x96, 0xBD, 0x96, 0xBD, 0x96, 0xBD, 0x96, 0xBD, 0x96, 0xBD, 0x96, 0xBD, 0x96, 0xBD, 0x96, 0xBD,
    0x96, 0xBD, 0x96, 0xBD, 0x96, 0xBD, 0x96, 0xBD, 0x96, 0xBD, 0x96, 0xBD, 0x96, 0xBD, 0x96, 0xBD, 0x96, 0xBD, 0x96, 0xBD, 0x96, 0xBD, 0x96, 0xBD,
    0x96, 0xBD, 0x96, 0xBD, 0x96, 0xBD, 0x96, 0xBD, 0x96, 0xBD, 0x96, 0xBD, 0x96, 0xBD, 0x96, 0xBD, 0x96, 0xBD, 0x96, 0xBD, 0x96, 0xBD, 0x96, 0xBD,
    0x96, 0xBD, 0x96, 0xBD, 0x96, 0xBD, 0x96, 0xBD, 0x96, 0xBD, 0x96, 0xBD, 0x96, 0xBD, 0x96, 0xBD, 0x96, 0xBD, 0x96, 0xBD, 0x96, 0xBD, 0x96, 0xBD,
    0x96, 0xBD, 0x96, 0xBD, 0x96, 0xBD, 0x96, 0xBD, 0x96, 0xBD, 0x96, 0xBD, 0x96, 0xBD, 0x96, 0xBD, 0x96, 0xBD, 0x96, 0xBD, 0x96, 0xBD, 0x96, 0xBD,
    0x96, 0xBD, 0x96, 0xBD, 0x96, 0xBD, 0x96, 0xBD, 0x96, 0xBD, 0x96, 0xBD, 0x96, 0xBD, 0x96, 0xBD, 0x96, 0xBD, 0x96, 0xBD, 0x96, 0xBD, 0x96, 0xBD,
    0x96, 0xBD, 0x96, 0xBD, 0x96, 0xBD, 0x96, 0xBD, 0x96, 0xBD, 0x96, 0xBD, 0x96, 0xBD, 0x96, 0xBD, 0x96, 0xBD, 0x96, 0xBD, 0x96, 0xBD, 0x96, 0xBD,
    0x96, 0xBD, 0x96, 0xBD, 0x96, 0xBD, 0x96, 0xBD, 0x96, 0xBD, 0x96, 0xBD, 0x96, 0xBD, 0x96, 0xBD, 0x96, 0xBD, 0x96, 0xBD, 0x96, 0xBD, 0x96, 0xBD,
    0x96, 0xBD, 0x96, 0xBD, 0x96, 0xBD, 0x96, 0xBD, 0x96, 0xBD, 0x96, 0xBD, 0x96, 0xBD, 0x96, 0xBD, 0x96, 0xBD, 0x96, 0xBD, 0x96, 0xBD, 0x96, 0xBD,
    0x96, 0xBD, 0x96, 0xBD, 0x96, 0xBD, 0x96, 0xBD, 0x96, 0xBD, 0x96, 0xBD, 0x96, 0xBD, 0x96, 0xBD, 0x96, 0xBD, 0x96, 0xBD, 0x96, 0xBD, 0x96, 0xBD,
    0x96, 0xBD, 0x96, 0xBD, 0x96, 0xBD, 0x96, 0xBD, 0x96, 0xBD, 0x96, 0xBD, 0x96, 0xBD, 0x96, 0xBD, 0x96, 0xBD, 0x96, 0xBD, 0x96, 0xBD, 0x96, 0xBD,
    0x96, 0xBD, 0x96, 0xBD, 0x96, 0xBD, 0x96, 0xBD, 0x96, 0xBD, 0x96, 0xBD, 0x96, 0xBD, 0x96, 0xBD, 0x96, 0xBD, 0x96, 0xBD, 0x96, 0xBD, 0x96, 0xBD,
    0x96, 0xBD, 0x96, 0xBD, 0x96, 0xBD, 0x96, 0xBD, 0x96, 0xBD, 0x96, 0xBD, 0x96, 0xBD, 0x96, 0xBD, 0x96, 0xBD, 0x96, 0xBD, 0x96, 0xBD, 0x96, 0xBD,
    0x96, 0xBD, 0x96, 0xBD, 0x96, 0xBD, 0x96, 0xBD, 0x96, 0xBD, 0x96, 0xBD, 0x96, 0xBD, 0x96, 0xBD, 0x96, 0xBD, 0x96, 0xBD, 0x96, 0xBD, 0x96, 0xBD,
    0x96, 0xBD, 0x96, 0xBD, 0x96, 0xBD, 0x96, 0xBD, 0x96, 0xBD, 0x96, 0xBD, 0x96, 0xBD, 0x96, 0xBD, 0x96, 0xBD, 0x96, 0xBD, 0x96, 0xBD, 0x96, 0xBD,
    0x96, 0xBD, 0x96, 0xBD, 0x96, 0xBD, 0x96, 0xBD, 0x96, 0xBD, 0x96, 0xBD, 0x96, 0xBD, 0x96, 0xBD, 0x96, 0xBD, 0x96, 0xBD, 0x96, 0xBD, 0x96, 0xBD,
    0x96, 0xBD, 0x96, 0xBD, 0x96, 0xBD, 0x96, 0xBD, 0x96, 0xBD, 0x96, 0xBD, 0x96, 0xBD, 0x96, 0xBD, 0x96, 0xBD, 0x96, 0xBD, 0x96, 0xBD, 0x96, 0xBD,
    0x96, 0xBD, 0x96, 0xBD, 0x96, 0xBD, 0x96, 0xBD, 0x96, 0xBD, 0x96, 0xBD, 0x96, 0xBD, 0x96, 0xBD, 0x96, 0xBD, 0x96, 0xBD, 0x96, 0xBD, 0x96, 0xBD,
    0x96, 0xBD, 0x96, 0xBD, 0x96, 0xBD, 0x96, 0xBD, 0x96, 0xBD, 0x96, 0xBD, 0x96, 0xBD, 0x96, 0xBD, 0x96, 0xBD, 0x96, 0xBD, 0x96, 0xBD, 0x96, 0xBD,
    0x96, 0xBD, 0x96, 0xBD, 0x96, 0xBD, 0x96, 0xBD, 0x96, 0xBD, 0x96, 0xBD, 0x96, 0xBD, 0x96, 0xBD, 0x96, 0xBD, 0x96, 0xBD, 0x96, 0xBD, 0x96, 0xBD,
    0x96, 0xBD, 0x96, 0xBD, 0x96, 0xBD, 0x96, 0xBD, 0x96, 0xBD, 0x96, 0xBD, 0x96, 0xBD, 0x96, 0xBD, 0x96, 0xBD, 0x96, 0xBD, 0x96, 0xBD, 0x96, 0xBD,
    0x96, 0xBD, 0x96, 0xBD, 0x96, 0xBD, 0x96, 0xBD, 0x96, 0xBD, 0x96, 0xBD, 0x96, 0xBD, 0x96, 0xBD, 0x96, 0xBD, 0x96, 0xBD, 0x96, 0xBD, 0x96, 0xBD,
    0x96, 0xBD, 0x96, 0xBD, 0x96, 0xBD, 0x96, 0xBD, 0x96, 0xBD, 0x96, 0xBD, 0x96, 0xBD, 0x96, 0xBD, 0x96, 0xBD, 0x96, 0xBD, 0x96, 0xBD, 0x96, 0xBD,
    0x96, 0xBD, 0x96, 0xBD, 0x96, 0xBD, 0x96, 0xBD, 0x96, 0xBD, 0x96, 0xBD, 0x96, 0xBD, 0x96, 0xBD, 0x96, 0xBD, 0x96, 0xBD, 0x96, 0xBD, 0x96, 0xBD,
    0x96, 0xBD, 0x96, 0xBD, 0x96, 0xBD, 0x96, 0xBD, 0x96, 0xBD, 0x96, 0xBD, 0x96, 0xBD, 0x96, 0xBD, 0x96, 0xBD, 0x96, 0xBD, 0x96, 0xBD, 0x96, 0xBD,
    0x96, 0xBD, 0x96, 0xBD, 0x96, 0xBD, 0x96, 0xBD, 0x96, 0xBD, 0x96, 0xBD, 0x96, 0xBD, 0x96, 0xBD, 0x96, 0xBD, 0x96, 0xBD, 0x96, 0xBD, 0x96, 0xBD,
    0x96, 0xBD, 0x96, 0xBD, 0x96, 0xBD, 0x96, 0xBD, 0x96, 0xBD, 0x96, 0xBD, 0x96, 0xBD, 0x96, 0xBD, 0x96, 0xBD, 0x96, 0xBD, 0x96, 0xBD, 0x96, 0xBD,
    0x96, 0xBD, 0x96, 0xBD, 0x96, 0xBD, 0x96, 0xBD, 0x96, 0xBD, 0x96, 0xBD, 0x96, 0xBD, 0x96, 0xBD, 0x96, 0xBD, 0x96, 0xBD, 0x96, 0xBD, 0x96, 0xBD,
    0x96, 0xBD, 0x96, 0xBD, 0x96, 0xBD, 0x96, 0xBD, 0x96, 0xBD, 0x96, 0xBD, 0x96, 0xBD, 0x96, 0xBD, 0x96, 0xBD, 0x96, 0xBD, 0x96, 0xBD, 0x96, 0xBD,
    0x96, 0xBD, 0x96, 0xBD, 0x96, 0xBD, 0x96, 0xBD, 0x96, 0xBD, 0x96, 0xBD, 0x96, 0xBD, 0x96, 0xBD, 0x96, 0xBD, 0x96, 0xBD, 0x96, 0xBD, 0x96, 0xBD,
    0x96, 0xBD, 0x96, 0xBD, 0x96, 0xBD, 0x96, 0xBD, 0x96, 0xBD, 0x96, 0xBD, 0x96, 0xBD, 0x96, 0xBD, 0x96, 0xBD, 0x96, 0xBD, 0x96, 0xBD, 0x96, 0xBD,
    0x96, 0xBD, 0x96, 0xBD, 0x96, 0xBD, 0x96, 0xBD, 0x96, 0xBD, 0x96, 0xBD, 0x96, 0xBD, 0x96, 0xBD, 0x96, 0xBD, 0x96, 0xBD, 0x96, 0xBD, 0x96, 0xBD,
    0x96, 0xBD, 0x96, 0xBD, 0x96, 0xBD, 0x96, 0xBD, 0x96, 0xBD, 0x96, 0xBD, 0x96, 0xBD, 0x96, 0xBD, 0x96, 0xBD, 0x96, 0xBD, 0x96, 0xBD, 0x96, 0xBD,
    0x96, 0xBD, 0x96, 0xBD, 0x96, 0xBD, 0x96, 0xBD, 0x96, 0xBD, 0x96, 0xBD, 0x96, 0xBD, 0x96, 0xBD, 0x96, 0xBD, 0x96, 0xBD, 0x96, 0xBD, 0x96, 0xBD,
    0x96, 0xBD, 0x96, 0xBD, 0x96, 0xBD, 0x96, 0xBD, 0x96, 0xBD, 0x96, 0xBD, 0x96, 0xBD, 0x96, 0xBD, 0x96, 0xBD, 0x96, 0xBD, 0x96, 0xBD, 0x96, 0xBD,
    0x96, 0xBD, 0x96, 0xBD, 0x96, 0xBD, 0x96, 0xBD, 0x96, 0xBD, 0x96, 0xBD, 0x96, 0xBD, 0x96, 0xBD, 0x96, 0xBD, 0x96, 0xBD, 0x96, 0xBD, 0x96, 0xBD,
    0x96, 0xBD, 0x96, 0xBD, 0x96, 0xBD, 0x96, 0xBD, 0x96, 0xBD, 0x96, 0xBD, 0x96, 0xBD, 0x96, 0xBD, 0x96, 0xBD, 0x96, 0xBD, 0x96, 0xBD, 0x96, 0xBD,
    0x96, 0xBD, 0x96, 0xBD, 0x96, 0xBD, 0x96, 0xBD, 0x96, 0xBD, 0x96, 0xBD, 0x96, 0xBD, 0x96, 0xBD, 0x96, 0xBD, 0x96, 0xBD, 0x96, 0xBD, 0x96, 0xBD,
    0x96, 0xBD, 0x96, 0xBD, 0x96, 0xBD, 0x96, 0xBD, 0x96, 0xBD, 0x96, 0xBD, 0x96, 0xBD, 0x96, 0xBD, 0x96, 0xBD, 0x96, 0xBD, 0x96, 0xBD, 0x96, 0xBD,
    0x96, 0xBD, 0x96, 0xBD, 0x96, 0xBD, 0x96, 0xBD, 0x96, 0xBD, 0x96, 0xBD, 0x96, 0xBD, 0x96, 0xBD, 0x96, 0xBD, 0x96, 0xBD, 0x96, 0xBD, 0x96, 0xBD,
    0x96, 0xBD, 0x96, 0xBD, 0x96, 0xBD, 0x96, 0xBD, 0x96, 0xBD, 0x96, 0xBD, 0x96, 0xBD, 0x96, 0xBD, 0x96, 0xBD, 0x96, 0xBD, 0x96, 0xBD, 0x96, 0xBD,
    0x96, 0xBD, 0x96, 0xBD, 0x96, 0xBD, 0x96, 0xBD, 0x96, 0xBD, 0x96, 0xBD, 0x96, 0xBD, 0x96, 0xBD, 0x96, 0xBD, 0x96, 0xBD, 0x96, 0xBD, 0x96, 0xBD,
    0x96, 0xBD, 0x96, 0xBD, 0x96, 0xBD, 0x96, 0xBD, 0x96, 0xBD, 0x96, 0xBD, 0x96, 0xBD, 0x96, 0xBD, 0x96, 0xBD, 0x96, 0xBD, 0x96, 0xBD, 0x96, 0xBD,
    0x96, 0xBD, 0x96, 0xBD, 0x96, 0xBD, 0x96, 0xBD, 0x96, 0xBD, 0x96, 0xBD, 0x96, 0xBD, 0x96, 0xBD, 0x96, 0xBD, 0x96, 0xBD, 0x96, 0xBD, 0x96, 0xBD,
    0x96, 0xBD, 0x96, 0xBD, 0x96, 0xBD, 0x96, 0xBD, 0x96, 0xBD, 0x96, 0xBD, 0x96, 0xBD, 0x96, 0xBD, 0x96, 0xBD, 0x96, 0xBD, 0x96, 0xBD, 0x96, 0xBD,
    0x96, 0xBD, 0x96, 0xBD, 0x96, 0xBD, 0x96, 0xBD, 0x96, 0xBD, 0x96, 0xBD, 0x96, 0xBD, 0x96, 0xBD, 0x96, 0xBD, 0x96, 0xBD, 0x96, 0xBD, 0x96, 0xBD,
    0x96, 0xBD, 0x96, 0xBD, 0x96, 0xBD, 0x96, 0xBD, 0x96, 0xBD, 0x96, 0xBD, 0x96, 0xBD, 0x96, 0xBD, 0x96, 0xBD, 0x96, 0xBD, 0x96, 0xBD, 0x96, 0xBD,
    0x96, 0xBD, 0x96, 0xBD, 0x96, 0xBD, 0x96, 0xBD, 0x96, 0xBD, 0x96, 0xBD, 0x96, 0xBD, 0x96, 0xBD, 0x96, 0xBD, 0x96, 0xBD, 0x96, 0xBD, 0x96, 0xBD,
    0x96, 0xBD, 0x96, 0xBD, 0x96, 0xBD, 0x96, 0xBD, 0x96, 0xBD, 0x96, 0xBD, 0x96, 0xBD, 0x96, 0xBD, 0x96, 0xBD, 0x96, 0xBD, 0x96, 0xBD, 0x96, 0xBD,
    0x96, 0xBD, 0x96, 0xBD, 0x96, 0xBD, 0x96, 0xBD, 0x96, 0xBD, 0x96, 0xBD, 0x96, 0xBD, 0x96, 0xBD, 0x96, 0xBD, 0x96, 0xBD, 0x96, 0xBD, 0x96, 0xBD,
    0x96, 0xBD, 0x96, 0xBD, 0x96, 0xBD, 0x96, 0xBD, 0x96, 0xBD, 0x96, 0xBD, 0x96, 0xBD, 0x96, 0xBD, 0x96, 0xBD, 0x96, 0xBD, 0x96, 0xBD, 0x96, 0xBD,
    0x96, 0xBD, 0x96, 0xBD, 0x96, 0xBD, 0x96, 0xBD, 0x96, 0xBD, 0x96, 0xBD, 0x96, 0xBD, 0x96, 0xBD, 0x96, 0xBD, 0x96, 0xBD, 0x96, 0xBD, 0x96, 0xBD,
    0x96, 0xBD, 0x96, 0xBD, 0x96, 0xBD, 0x96, 0xBD, 0x96, 0xBD, 0x96, 0xBD, 0x96, 0xBD, 0x96, 0xBD, 0x96, 0xBD, 0x96, 0xBD, 0x96, 0xBD, 0x96, 0xBD,
    0x96, 0xBD, 0x96, 0xBD, 0x96, 0xBD, 0x96, 0xBD, 0x96, 0xBD, 0x96, 0xBD, 0x96, 0xBD, 0x96, 0xBD, 0x96, 0xBD, 0x96, 0xBD, 0x96, 0xBD, 0x96, 0xBD,
    0x96, 0xBD, 0x96, 0xBD, 0x96, 0xBD, 0x96, 0xBD, 0x96, 0xBD, 0x96, 0xBD, 0x96, 0xBD, 0x96, 0xBD, 0x96, 0xBD, 0x96, 0xBD, 0x96, 0xBD, 0x96, 0xBD,
    0x96, 0xBD, 0x96, 0xBD, 0x96, 0xBD, 0x96, 0xBD, 0x96, 0xBD, 0x96, 0xBD, 0x96, 0xBD, 0x96, 0xBD, 0x96, 0xBD, 0x96, 0xBD, 0x96, 0xBD, 0x96, 0xBD,
    0x96, 0xBD, 0x96, 0xBD, 0x96, 0xBD, 0x96, 0xBD, 0x96, 0xBD, 0x96, 0xBD, 0x96, 0xBD, 0x96, 0xBD, 0x96, 0xBD, 0x96, 0xBD, 0x96, 0xBD, 0x96, 0xBD,
    0x96, 0xBD, 0x96, 0xBD, 0x96, 0xBD, 0x96, 0xBD, 0x96, 0xBD, 0x96, 0xBD, 0x96, 0xBD, 0x96, 0xBD, 0x96, 0xBD, 0x96, 0xBD, 0x96, 0xBD, 0x96, 0xBD,
    0x96, 0xBD, 0x96, 0xBD, 0x96, 0xBD, 0x96, 0xBD, 0x96, 0xBD, 0x96, 0xBD, 0x96, 0xBD, 0x96, 0xBD, 0x96, 0xBD, 0x96, 0xBD, 0x96, 0xBD, 0x96, 0xBD,
    0x96, 0xBD, 0x96, 0xBD, 0x96, 0xBD, 0x96, 0xBD, 0x96, 0xBD, 0x96, 0xBD, 0x96, 0xBD, 0x96, 0xBD, 0x96, 0xBD, 0x96, 0xBD, 0x96, 0xBD, 0x96, 0xBD,
    0x96, 0xBD, 0x96, 0xBD, 0x96, 0xBD, 0x96, 0xBD, 0x96, 0xBD, 0x96, 0xBD, 0x96, 0xBD, 0x96, 0xBD, 0x96, 0xBD, 0x96, 0xBD, 0x96, 0xBD, 0x96, 0xBD,
    0x96, 0xBD, 0x96, 0xBD, 0x96, 0xBD, 0x96, 0xBD, 0x96, 0xBD, 0x96, 0xBD, 0x96, 0xBD, 0x96, 0xBD, 0x96, 0xBD, 0x96, 0xBD, 0x96, 0xBD, 0x96, 0xBD,
    0x96, 0xBD, 0x96, 0xBD, 0x96, 0xBD, 0x96, 0xBD, 0x96, 0xBD, 0x96, 0xBD, 0x96, 0xBD, 0x96, 0xBD, 0x96, 0xBD, 0x96, 0xBD, 0x96, 0xBD, 0x96, 0xBD,
    0x96, 0xBD, 0x96, 0xBD, 0x96, 0xBD, 0x96, 0xBD, 0x96, 0xBD, 0x96, 0xBD, 0x96, 0xBD, 0x96, 0xBD, 0x96, 0xBD, 0x96, 0xBD, 0x96, 0xBD, 0x96, 0xBD,
    0x96, 0xBD, 0x96, 0xBD, 0x96, 0xBD, 0x96, 0xBD, 0x96, 0xBD, 0x96, 0xBD, 0x96, 0xBD, 0x96, 0xBD, 0x96, 0xBD, 0x96, 0xBD, 0x96, 0xBD, 0x96, 0xBD,
    0x96, 0xBD, 0x96, 0xBD, 0x96, 0xBD, 0x96, 0xBD, 0x96, 0xBD, 0x96, 0xBD, 0x96, 0xBD, 0x96, 0xBD, 0x96, 0xBD, 0x96, 0xBD, 0x96, 0xBD, 0x96, 0xBD,
    0x96, 0xBD, 0x96, 0xBD, 0x96, 0xBD, 0x96, 0xBD, 0x96, 0xBD, 0x96, 0xBD, 0x96, 0xBD, 0x96, 0xBD, 0x96, 0xBD, 0x96, 0xBD, 0x96, 0xBD, 0x96, 0xBD,
    0x96, 0xBD, 0x96, 0xBD, 0x96, 0xBD, 0x96, 0xBD, 0x96, 0xBD, 0x96, 0xBD, 0x96, 0xBD, 0x96, 0xBD, 0x96, 0xBD, 0x96, 0xBD, 0x96, 0xBD, 0x96, 0xBD,
    0x96, 0xBD, 0x96, 0xBD, 0x96, 0xBD, 0x96, 0xBD, 0x96, 0xBD, 0x96, 0xBD, 0x96, 0xBD, 0x96, 0xBD, 0x96, 0xBD, 0x96, 0xBD, 0x96, 0xBD, 0x96, 0xBD,
    0x96, 0xBD, 0x96, 0xBD, 0x96, 0xBD, 0x96, 0xBD, 0x96, 0xBD, 0x96, 0xBD, 0x96, 0xBD, 0x96, 0xBD, 0x96, 0xBD, 0x96, 0xBD, 0x96, 0xBD, 0x96, 0xBD,
    0x96, 0xBD, 0x96, 0xBD, 0x96, 0xBD, 0x96, 0xBD, 0x96, 0xBD, 0x96, 0xBD, 0x96, 0xBD, 0x96, 0xBD, 0x96, 0xBD, 0x96, 0xBD, 0x96, 0xBD, 0x96, 0xBD,
    0x96, 0xBD, 0x96, 0xBD, 0x96, 0xBD, 0x96, 0xBD, 0x96, 0xBD, 0x96, 0xBD, 0x96, 0xBD, 0x96, 0xBD, 0x96, 0xBD, 0x96, 0xBD, 0x96, 0xBD, 0x96, 0xBD,
    0x96, 0xBD, 0x96, 0xBD, 0x96, 0xBD, 0x96, 0xBD, 0x96, 0xBD, 0x96, 0xBD, 0x96, 0xBD, 0x96, 0xBD, 0x96, 0xBD, 0x96, 0xBD, 0x96, 0xBD, 0x96, 0xBD,
    0x96, 0xBD, 0x96, 0xBD, 0x96, 0xBD, 0x96, 0xBD, 0x96, 0xBD, 0x96, 0xBD, 0x96, 0xBD, 0x96, 0xBD, 0x96, 0xBD, 0x96, 0xBD, 0x96, 0xBD, 0x96, 0xBD,
    0x96, 0xBD, 0x96, 0xBD, 0x96, 0xBD, 0x96, 0xBD, 0x96, 0xBD, 0x96, 0xBD, 0x96, 0xBD, 0x96, 0xBD, 0x96, 0xBD, 0x96, 0xBD, 0x96, 0xBD, 0x96, 0xBD,
    0x96, 0xBD, 0x96, 0xBD, 0x96, 0xBD, 0x96, 0xBD, 0x96, 0xBD, 0x96, 0xBD, 0x96, 0xBD, 0x96, 0xBD, 0x96, 0xBD, 0x96, 0xBD, 0x96, 0xBD, 0x96, 0xBD,
    0x96, 0xBD, 0x96, 0xBD, 0x96, 0xBD, 0x96, 0xBD, 0x96, 0xBD, 0x96, 0xBD, 0x96, 0xBD, 0x96, 0xBD, 0x96, 0xBD, 0x96, 0xBD, 0x96, 0xBD, 0x96, 0xBD,
    0x96, 0xBD, 0x96, 0xBD, 0x96, 0xBD, 0x96, 0xBD, 0x96, 0xBD, 0x96, 0xBD, 0x96, 0xBD, 0x96, 0xBD, 0x96, 0xBD, 0x96, 0xBD, 0x96, 0xBD, 0x96, 0xBD,
    0x96, 0xBD, 0x96, 0xBD, 0x96, 0xBD, 0x96, 0xBD, 0x96, 0xBD, 0x96, 0xBD, 0x96, 0xBD, 0x96, 0xBD, 0x96, 0xBD, 0x96, 0xBD, 0x96, 0xBD, 0x96, 0xBD,
    0x96, 0xBD, 0x96, 0xBD, 0x96, 0xBD, 0x96, 0xBD, 0x96, 0xBD, 0x96, 0xBD, 0x96, 0xBD, 0x96, 0xBD, 0x96, 0xBD, 0x96, 0xBD, 0x96, 0xBD, 0x96, 0xBD,
    0x96, 0xBD, 0x96, 0xBD, 0x96, 0xBD, 0x96, 0xBD, 0x96, 0xBD, 0x96, 0xBD, 0x96, 0xBD, 0x96, 0xBD, 0x96, 0xBD, 0x96, 0xBD, 0x96, 0xBD, 0x96, 0xBD,
    0x96, 0xBD, 0x96, 0xBD, 0x96, 0xBD, 0x96, 0xBD, 0x96, 0xBD, 0x96, 0xBD, 0x96, 0xBD, 0x96, 0xBD, 0x96, 0xBD, 0x96, 0xBD, 0x96, 0xBD, 0x96, 0xBD,
    0x96, 0xBD, 0x96, 0xBD, 0x96, 0xBD, 0x96, 0xBD, 0x96, 0xBD, 0x96, 0xBD, 0x96, 0xBD, 0x96, 0xBD, 0x96, 0xBD, 0x96, 0xBD, 0x96, 0xBD, 0x96, 0xBD,
    0x96, 0xBD, 0x96, 0xBD, 0x96, 0xBD, 0x96, 0xBD, 0x96, 0xBD, 0x96, 0xBD, 0x96, 0xBD, 0x96, 0xBD, 0x96, 0xBD, 0x96, 0xBD, 0x96, 0xBD, 0x96, 0xBD,
    0x96, 0xBD, 0x96, 0xBD, 0x96, 0xBD, 0x96, 0xBD, 0x96, 0xBD, 0x96, 0xBD, 0x96, 0xBD, 0x96, 0xBD, 0x96, 0xBD, 0x96, 0xBD, 0x96, 0xBD, 0x96, 0xBD,
    0x96, 0xBD, 0x96, 0xBD, 0x96, 0xBD, 0x96, 0xBD, 0x96, 0xBD, 0x96, 0xBD, 0x96, 0xBD, 0x96, 0xBD, 0x96, 0xBD, 0x96, 0xBD, 0x96, 0xBD, 0x96, 0xBD,
    0x96, 0xBD, 0x96, 0xBD, 0x96, 0xBD, 0x96, 0xBD, 0x96, 0xBD, 0x96, 0xBD, 0x96, 0xBD, 0x96, 0xBD, 0x96, 0xBD, 0x96, 0xBD, 0x96, 0xBD, 0x96, 0xBD,
    0x96, 0xBD, 0x96, 0xBD, 0x96, 0xBD, 0x96, 0xBD, 0x96, 0xBD, 0x96, 0xBD, 0x96, 0xBD, 0x96, 0xBD, 0x96, 0xBD, 0x96, 0xBD, 0x96, 0xBD, 0x96, 0xBD,
    0x96, 0xBD, 0x96, 0xBD, 0x96, 0xBD, 0x96, 0xBD, 0x96, 0xBD, 0x96, 0xBD, 0x96, 0xBD, 0x96, 0xBD, 0x96, 0xBD, 0x96, 0xBD, 0x96, 0xBD, 0x96, 0xBD,
    0x96, 0xBD, 0x96, 0xBD, 0x96, 0xBD, 0x96, 0xBD, 0x96, 0xBD, 0x96, 0xBD, 0x96, 0xBD, 0x96, 0xBD, 0x96, 0xBD, 0x96, 0xBD, 0x96, 0xBD, 0x96, 0xBD,
    0x96, 0xBD, 0x96, 0xBD, 0x96, 0xBD, 0x96, 0xBD, 0x96, 0xBD, 0x96, 0xBD, 0x96, 0xBD, 0x96, 0xBD, 0x96, 0xBD, 0x96, 0xBD, 0x96, 0xBD, 0x96, 0xBD,
    0x96, 0xBD, 0x96, 0xBD, 0x96, 0xBD, 0x96, 0xBD, 0x96, 0xBD, 0x96, 0xBD, 0x96, 0xBD, 0x96, 0xBD, 0x96, 0xBD, 0x96, 0xBD, 0x96, 0xBD, 0x96, 0xBD,
    0x96, 0xBD, 0x96, 0xBD, 0x96, 0xBD, 0x96, 0xBD, 0x96, 0xBD, 0x96, 0xBD, 0x96, 0xBD, 0x96, 0xBD, 0x96, 0xBD, 0x96, 0xBD, 0x96, 0xBD, 0x96, 0xBD,
    0x96, 0xBD, 0x96, 0xBD, 0x96, 0xBD, 0x96, 0xBD, 0x96, 0xBD, 0x96, 0xBD, 0x96, 0xBD, 0x96, 0xBD, 0x96, 0xBD, 0x96, 0xBD, 0x96, 0xBD, 0x96, 0xBD,
    0x96, 0xBD, 0x96, 0xBD, 0x96, 0xBD, 0x96, 0xBD, 0x96, 0xBD, 0x96, 0xBD, 0x96, 0xBD, 0x96, 0xBD, 0x96, 0xBD, 0x96, 0xBD, 0x96, 0xBD, 0x96, 0xBD,
    0x96, 0xBD, 0x96, 0xBD, 0x96, 0xBD, 0x96, 0xBD, 0x96, 0xBD, 0x96, 0xBD, 0x96, 0xBD, 0x96, 0xBD, 0x96, 0xBD, 0x96, 0xBD, 0x96, 0xBD, 0x96, 0xBD,
    0x96, 0xBD, 0x96, 0xBD, 0x96, 0xBD, 0x96, 0xBD, 0x96, 0xBD, 0x96, 0xBD, 0x96, 0xBD, 0x96, 0xBD, 0x96, 0xBD, 0x96, 0xBD, 0x96, 0xBD, 0x96, 0xBD,
    0x96, 0xBD, 0x96, 0xBD, 0x96, 0xBD, 0x96, 0xBD, 0x96, 0xBD, 0x96, 0xBD, 0x96, 0xBD, 0x96, 0xBD, 0x96, 0xBD, 0x96, 0xBD, 0x96, 0xBD, 0x96, 0xBD,
    0x96, 0xBD, 0x96, 0xBD, 0x96, 0xBD, 0x96, 0xBD, 0x96, 0xBD, 0x96, 0xBD, 0x96, 0xBD, 0x96, 0xBD, 0x96, 0xBD, 0x96, 0xBD, 0x96, 0xBD, 0x96, 0xBD,
    0x96, 0xBD, 0x96, 0xBD, 0x96, 0xBD, 0x96, 0xBD, 0x96, 0xBD, 0x96, 0xBD, 0x96, 0xBD, 0x96, 0xBD, 0x96, 0xBD, 0x96, 0xBD, 0x96, 0xBD, 0x96, 0xBD,
    0x96, 0xBD, 0x96, 0xBD, 0x96, 0xBD, 0x96, 0xBD, 0x96, 0xBD, 0x96, 0xBD, 0x96, 0xBD, 0x96, 0xBD, 0x96, 0xBD, 0x96, 0xBD, 0x96, 0xBD, 0x96, 0xBD,
    0x96, 0xBD, 0x96, 0xBD, 0x96, 0xBD, 0x96, 0xBD, 0x96, 0xBD, 0x96, 0xBD, 0x96, 0xBD, 0x96, 0xBD, 0x96, 0xBD, 0x96, 0xBD, 0x96, 0xBD, 0x96, 0xBD,
    0x96, 0xBD, 0x96, 0xBD, 0x96, 0xBD, 0x96, 0xBD, 0x96, 0xBD, 0x96, 0xBD, 0x96, 0xBD, 0x96, 0xBD, 0x96, 0xBD, 0x96, 0xBD, 0x96, 0xBD, 0x96, 0xBD,
    0x96, 0xBD, 0x96, 0xBD, 0x96, 0xBD, 0x96, 0xBD, 0x96, 0xBD, 0x96, 0xBD, 0x96, 0xBD, 0x96, 0xBD, 0x96, 0xBD, 0x96, 0xBD, 0x96, 0xBD, 0x96, 0xBD,
    0x96, 0xBD, 0x96, 0xBD, 0x96, 0xBD, 0x96, 0xBD, 0x96, 0xBD, 0x96, 0xBD, 0x96, 0xBD, 0x96, 0xBD, 0x96, 0xBD, 0x96, 0xBD, 0x96, 0xBD, 0x96, 0xBD,
    0x96, 0xBD, 0x96, 0xBD, 0x96, 0xBD, 0x96, 0xBD, 0x96, 0xBD, 0x96, 0xBD, 0x96, 0xBD, 0x96, 0xBD, 0x96, 0xBD, 0x96, 0xBD, 0x96, 0xBD, 0x96, 0xBD,
    0x9E, 0xBD, 0x9E, 0xBD, 0x9E, 0xBD, 0x9E, 0xBD, 0x9E, 0xBD, 0x9E, 0xBD, 0x9E, 0xBD, 0x9E, 0xBD, 0x9E, 0xBD, 0x9E, 0xBD, 0x9E, 0xBD, 0x9E, 0xBD,
    0x9E, 0xBD, 0x9E, 0xBD, 0x9E, 0xBD, 0x9E, 0xBD, 0x9E, 0xBD, 0x9E, 0xBD, 0x9E, 0xBD, 0x9E, 0xBD, 0x9E, 0xBD, 0x9E, 0xBD, 0x9E, 0xBD, 0x9E, 0xBD,
    0x9E, 0xBD, 0x9E, 0xBD, 0x9E, 0xBD, 0x9E, 0xBD, 0x9E, 0xBD, 0x9E, 0xBD, 0x9E, 0xBD, 0x9E, 0xBD, 0x9E, 0xBD, 0x9E, 0xBD, 0x9E, 0xBD, 0x9E, 0xBD,
    0x9E, 0xBD, 0x9E, 0xBD, 0x9E, 0xBD, 0x9E, 0xBD, 0x9E, 0xBD, 0x9E, 0xBD, 0x9E, 0xBD, 0x9E, 0xBD, 0x9E, 0xBD, 0x9E, 0xBD, 0x9E, 0xBD, 0x9E, 0xBD,
    0x9E, 0xBD, 0x9E, 0xBD, 0x9E, 0xBD, 0x9E, 0xBD, 0x9E, 0xBD, 0x9E, 0xBD, 0x9E, 0xBD, 0x9E, 0xBD, 0x9E, 0xBD, 0x9E, 0xBD, 0x9E, 0xBD, 0x9E, 0xBD,
    0x9E, 0xBD, 0x9E, 0xBD, 0x9E, 0xBD, 0x9E, 0xBD, 0x9E, 0xBD, 0x9E, 0xBD, 0x9E, 0xBD, 0x9E, 0xBD, 0x9E, 0xBD, 0x9E, 0xBD, 0x9E, 0xBD, 0x9E, 0xBD,
    0x9E, 0xBD, 0x9E, 0xBD, 0x9E, 0xBD, 0x9E, 0xBD, 0x9E, 0xBD, 0x9E, 0xBD, 0x9E, 0xBD, 0x9E, 0xBD, 0x9E, 0xBD, 0x9E, 0xBD, 0x9E, 0xBD, 0x9E, 0xBD,
    0x9E, 0xBD, 0x9E, 0xBD, 0x9E, 0xBD, 0x9E, 0xBD, 0x9E, 0xBD, 0x9E, 0xBD, 0x9E, 0xBD, 0x9E, 0xBD, 0x9E, 0xBD, 0x9E, 0xBD, 0x9E, 0xBD, 0x9E, 0xBD,
    0x9E, 0xBD, 0x9E, 0xBD, 0x9E, 0xBD, 0x9E, 0xBD, 0x9E, 0xBD, 0x9E, 0xBD, 0x9E, 0xBD, 0x9E, 0xBD, 0x9E, 0xBD, 0x9E, 0xBD, 0x9E, 0xBD, 0x9E, 0xBD,
    0x9E, 0xBD, 0x9E, 0xBD, 0x9E, 0xBD, 0x9E, 0xBD, 0x9E, 0xBD, 0x9E, 0xBD, 0x9E, 0xBD, 0x9E, 0xBD, 0x9E, 0xBD, 0x9E, 0xBD, 0x9E, 0xBD, 0x9E, 0xBD,
    0x9E, 0xBD, 0x9E, 0xBD, 0x9E, 0xBD, 0x9E, 0xBD, 0x9E, 0xBD, 0x9E, 0xBD, 0x9E, 0xBD, 0x9E, 0xBD, 0x9E, 0xBD, 0x9E, 0xBD, 0x9E, 0xBD, 0x9E, 0xBD,
    0x9E, 0xBD, 0x9E, 0xBD, 0x9E, 0xBD, 0x9E, 0xBD, 0x9E, 0xBD, 0x9E, 0xBD, 0x9E, 0xBD, 0x9E, 0xBD, 0x9E, 0xBD, 0x9E, 0xBD, 0x9E, 0xBD, 0x9E, 0xBD,
    0x9E, 0xBD, 0x9E, 0xBD, 0x9E, 0xBD, 0x9E, 0xBD, 0x9E, 0xBD, 0x9E, 0xBD, 0x9E, 0xBD, 0x9E, 0xBD, 0x9E, 0xBD, 0x9E, 0xBD, 0x9E, 0xBD, 0x9E, 0xBD,
    0x9E, 0xBD, 0x9E, 0xBD, 0x9E, 0xBD, 0x9E, 0xBD, 0x9E, 0xBD, 0x9E, 0xBD, 0x9E, 0xBD, 0x9E, 0xBD, 0x9E, 0xBD, 0x9E, 0xBD, 0x9E, 0xBD, 0x9E, 0xBD,
    0x9E, 0xBD, 0x9E, 0xBD, 0x9E, 0xBD, 0x9E, 0xBD, 0x9E, 0xBD, 0x9E, 0xBD, 0x9E, 0xBD, 0x9E, 0xBD, 0x9E, 0xBD, 0x9E, 0xBD, 0x9E, 0xBD, 0x9E, 0xBD,
    0x9E, 0xBD, 0x9E, 0xBD, 0x9E, 0xBD, 0x9E, 0xBD, 0x9E, 0xBD, 0x9E, 0xBD, 0x9E, 0xBD, 0x9E, 0xBD, 0x9E, 0xBD, 0x9E, 0xBD, 0x9E, 0xBD, 0x9E, 0xBD,
    0x9E, 0xBD, 0x9E, 0xBD, 0x9E, 0xBD, 0x9E, 0xBD, 0x9E, 0xBD, 0x9E, 0xBD, 0x9E, 0xBD, 0x9E, 0xBD, 0x9E, 0xBD, 0x9E, 0xBD, 0x9E, 0xBD, 0x9E, 0xBD,
    0x9E, 0xBD, 0x9E, 0xBD, 0x9E, 0xBD, 0x9E, 0xBD, 0x9E, 0xBD, 0x9E, 0xBD, 0x9E, 0xBD, 0x9E, 0xBD, 0x9E, 0xBD, 0x9E, 0xBD, 0x9E, 0xBD, 0x9E, 0xBD,
    0x9E, 0xBD, 0x9E, 0xBD, 0x9E, 0xBD, 0x9E, 0xBD, 0x9E, 0xBD, 0x9E, 0xBD, 0x9E, 0xBD, 0x9E, 0xBD, 0x9E, 0xBD, 0x9E, 0xBD, 0x9E, 0xBD, 0x9E, 0xBD,
    0x9E, 0xBD, 0x9E, 0xBD, 0x9E, 0xBD, 0x9E, 0xBD, 0x9E, 0xBD, 0x9E, 0xBD, 0x9E, 0xBD, 0x9E, 0xBD, 0x9E, 0xBD, 0x9E, 0xBD, 0x9E, 0xBD, 0x9E, 0xBD,
    0x9E, 0xBD, 0x9E, 0xBD, 0x9E, 0xBD, 0x9E, 0xBD, 0x9E, 0xBD, 0x9E, 0xBD, 0x9E, 0xBD, 0x9E, 0xBD, 0x9E, 0xBD, 0x9E, 0xBD, 0x9E, 0xBD, 0x9E, 0xBD,
    0x9E, 0xBD, 0x9E, 0xBD, 0x9E, 0xBD, 0x9E, 0xBD, 0x9E, 0xBD, 0x9E, 0xBD, 0x9E, 0xBD, 0x9E, 0xBD, 0x9E, 0xBD, 0x9E, 0xBD, 0x9E, 0xBD, 0x9E, 0xBD,
    0x9E, 0xBD, 0x9E, 0xBD, 0x9E, 0xBD, 0x9E, 0xBD, 0x9E, 0xBD, 0x9E, 0xBD, 0x9E, 0xBD, 0x9E, 0xBD, 0x9E, 0xBD, 0x9E, 0xBD, 0x9E, 0xBD, 0x9E, 0xBD,
    0x9E, 0xBD, 0x9E, 0xBD, 0x9E, 0xBD, 0x9E, 0xBD, 0x9E, 0xBD, 0x9E, 0xBD, 0x9E, 0xBD, 0x9E, 0xBD, 0x9E, 0xBD, 0x9E, 0xBD, 0x9E, 0xBD, 0x9E, 0xBD,
    0x9E, 0xBD, 0x9E, 0xBD, 0x9E, 0xBD, 0x9E, 0xBD, 0x9E, 0xBD, 0x9E, 0xBD, 0x9E, 0xBD, 0x9E, 0xBD, 0x9E, 0xBD, 0x9E, 0xBD, 0x9E, 0xBD, 0x9E, 0xBD,
    0x9E, 0xBD, 0x9E, 0xBD, 0x9E, 0xBD, 0x9E, 0xBD, 0x9E, 0xBD, 0x9E, 0xBD, 0x9E, 0xBD, 0x9E, 0xBD, 0x9E, 0xBD, 0x9E, 0xBD, 0x9E, 0xBD, 0x9E, 0xBD,
    0x9E, 0xBD, 0x9E, 0xBD, 0x9E, 0xBD, 0x9E, 0xBD, 0x9E, 0xBD, 0x9E, 0xBD, 0x9E, 0xBD, 0x9E, 0xBD, 0x9E, 0xBD, 0x9E, 0xBD, 0x9E, 0xBD, 0x9E, 0xBD,
    0x9E, 0xBD, 0x9E, 0xBD, 0x9E, 0xBD, 0x9E, 0xBD, 0x9E, 0xBD, 0x9E, 0xBD, 0x9E, 0xBD, 0x9E, 0xBD, 0x9E, 0xBD, 0x9E, 0xBD, 0x9E, 0xBD, 0x9E, 0xBD,
    0x9E, 0xBD, 0x9E, 0xBD, 0x9E, 0xBD, 0x9E, 0xBD, 0x9E, 0xBD, 0x9E, 0xBD, 0x9E, 0xBD, 0x9E, 0xBD, 0x9E, 0xBD, 0x9E, 0xBD, 0x9E, 0xBD, 0x9E, 0xBD,
    0x9E, 0xBD, 0x9E, 0xBD, 0x9E, 0xBD, 0x9E, 0xBD, 0x9E, 0xBD, 0x9E, 0xBD, 0x9E, 0xBD, 0x9E, 0xBD, 0x9E, 0xBD, 0x9E, 0xBD, 0x9E, 0xBD, 0x9E, 0xBD,
    0x9E, 0xBD, 0x9E, 0xBD, 0x9E, 0xBD, 0x9E, 0xBD, 0x9E, 0xBD, 0x9E, 0xBD, 0x9E, 0xBD, 0x9E, 0xBD, 0x9E, 0xBD, 0x9E, 0xBD, 0x9E, 0xBD, 0x9E, 0xBD,
    0x9E, 0xBD, 0x9E, 0xBD, 0x9E, 0xBD, 0x9E, 0xBD, 0x9E, 0xBD, 0x9E, 0xBD, 0x9E, 0xBD, 0x9E, 0xBD, 0x9E, 0xBD, 0x9E, 0xBD, 0x9E, 0xBD, 0x9E, 0xBD,
    0x9E, 0xBD, 0x9E, 0xBD, 0x9E, 0xBD, 0x9E, 0xBD, 0x9E, 0xBD, 0x9E, 0xBD, 0x9E, 0xBD, 0x9E, 0xBD, 0x9E, 0xBD, 0x9E, 0xBD, 0x9E, 0xBD, 0x9E, 0xBD,
    0x9E, 0xBD, 0x9E, 0xBD, 0x9E, 0xBD, 0x9E, 0xBD, 0x9E, 0xBD, 0x9E, 0xBD, 0x9E, 0xBD, 0x9E, 0xBD, 0x9E, 0xBD, 0x9E, 0xBD, 0x9E, 0xBD, 0x9E, 0xBD,
    0x9E, 0xBD, 0x9E, 0xBD, 0x9E, 0xBD, 0x9E, 0xBD, 0x9E, 0xBD, 0x9E, 0xBD, 0x9E, 0xBD, 0x9E, 0xBD, 0x9E, 0xBD, 0x9E, 0xBD, 0x9E, 0xBD, 0x9E, 0xBD,
    0x9E, 0xBD, 0x9E, 0xBD, 0x9E, 0xBD, 0x9E, 0xBD, 0x9E, 0xBD, 0x9E, 0xBD, 0x9E, 0xBD, 0x9E, 0xBD, 0x9E, 0xBD, 0x9E, 0xBD, 0x9E, 0xBD, 0x9E, 0xBD,
    0x9E, 0xBD, 0x9E, 0xBD, 0x9E, 0xBD, 0x9E, 0xBD, 0x9E, 0xBD, 0x9E, 0xBD, 0x9E, 0xBD, 0x9E, 0xBD, 0x9E, 0xBD, 0x9E, 0xBD, 0x9E, 0xBD, 0x9E, 0xBD,
    0x9E, 0xBD, 0x9E, 0xBD, 0x9E, 0xBD, 0x9E, 0xBD, 0x9E, 0xBD, 0x9E, 0xBD, 0x9E, 0xBD, 0x9E, 0xBD, 0x9E, 0xBD, 0x9E, 0xBD, 0x9E, 0xBD, 0x9E, 0xBD,
    0x9E, 0xBD, 0x9E, 0xBD, 0x9E, 0xBD, 0x9E, 0xBD, 0x9E, 0xBD, 0x9E, 0xBD, 0x9E, 0xBD, 0x9E, 0xBD, 0x9E, 0xBD, 0x9E, 0xBD, 0x9E, 0xBD, 0x9E, 0xBD,
    0x9E, 0xBD, 0x9E, 0xBD, 0x9E, 0xBD, 0x9E, 0xBD, 0x9E, 0xBD, 0x9E, 0xBD, 0x9E, 0xBD, 0x9E, 0xBD, 0x9E, 0xBD, 0x9E, 0xBD, 0x9E, 0xBD, 0x9E, 0xBD,
    0x9E, 0xBD, 0x9E, 0xBD, 0x9E, 0xBD, 0x9E, 0xBD, 0x9E, 0xBD, 0x9E, 0xBD, 0x9E, 0xBD, 0x9E, 0xBD, 0x9E, 0xBD, 0x9E, 0xBD, 0x9E, 0xBD, 0x9E, 0xBD,
    0x9E, 0xBD, 0x9E, 0xBD, 0x9E, 0xBD, 0x9E, 0xBD, 0x9E, 0xBD, 0x9E, 0xBD, 0x9E, 0xBD, 0x9E, 0xBD, 0x9E, 0xBD, 0x9E, 0xBD, 0x9E, 0xBD, 0x9E, 0xBD,
    0x9E, 0xBD, 0x9E, 0xBD, 0x9E, 0xBD, 0x9E, 0xBD, 0x9E, 0xBD, 0x9E, 0xBD, 0x9E, 0xBD, 0x9E, 0xBD, 0x9E, 0xBD, 0x9E, 0xBD, 0x9E, 0xBD, 0x9E, 0xBD,
    0x9E, 0xBD, 0x9E, 0xBD, 0x9E, 0xBD, 0x9E, 0xBD, 0x9E, 0xBD, 0x9E, 0xBD, 0x9E, 0xBD, 0x9E, 0xBD, 0x9E, 0xBD, 0x9E, 0xBD, 0x9E, 0xBD, 0x9E, 0xBD,
    0x9E, 0xBD, 0x9E, 0xBD, 0x9E, 0xBD, 0x9E, 0xBD, 0x9E, 0xBD, 0x9E, 0xBD, 0x9E, 0xBD, 0x9E, 0xBD, 0x9E, 0xBD, 0x9E, 0xBD, 0x9E, 0xBD, 0x9E, 0xBD,
    0x9E, 0xBD, 0x9E, 0xBD, 0x9E, 0xBD, 0x9E, 0xBD, 0x9E, 0xBD, 0x9E, 0xBD, 0x9E, 0xBD, 0x9E, 0xBD, 0x9E, 0xBD, 0x9E, 0xBD, 0x9E, 0xBD, 0x9E, 0xBD,
    0x9E, 0xBD, 0x9E, 0xBD, 0x9E, 0xBD, 0x9E, 0xBD, 0x9E, 0xBD, 0x9E, 0xBD, 0x9E, 0xBD, 0x9E, 0xBD, 0x9E, 0xBD, 0x9E, 0xBD, 0x9E, 0xBD, 0x9E, 0xBD,
    0x9E, 0xBD, 0x9E, 0xBD, 0x9E, 0xBD, 0x9E, 0xBD, 0x9E, 0xBD, 0x9E, 0xBD, 0x9E, 0xBD, 0x9E, 0xBD, 0x9E, 0xBD, 0x9E, 0xBD, 0x9E, 0xBD, 0x9E, 0xBD,
    0x9E, 0xBD, 0x9E, 0xBD, 0x9E, 0xBD, 0x9E, 0xBD, 0x9E, 0xBD, 0x9E, 0xBD, 0x9E, 0xBD, 0x9E, 0xBD, 0x9E, 0xBD, 0x9E, 0xBD, 0x9E, 0xBD, 0x9E, 0xBD,
    0x9E, 0xBD, 0x9E, 0xBD, 0x9E, 0xBD, 0x9E, 0xBD, 0x9E, 0xBD, 0x9E, 0xBD, 0x9E, 0xBD, 0x9E, 0xBD, 0x9E, 0xBD, 0x9E, 0xBD, 0x9E, 0xBD, 0x9E, 0xBD,
    0x9E, 0xBD, 0x9E, 0xBD, 0x9E, 0xBD, 0x9E, 0xBD, 0x9E, 0xBD, 0x9E, 0xBD, 0x9E, 0xBD, 0x9E, 0xBD, 0x9E, 0xBD, 0x9E, 0xBD, 0x9E, 0xBD, 0x9E, 0xBD,
    0x9E, 0xBD, 0x9E, 0xBD, 0x9E, 0xBD, 0x9E, 0xBD, 0x9E, 0xBD, 0x9E, 0xBD, 0x9E, 0xBD, 0x9E, 0xBD, 0x9E, 0xBD, 0x9E, 0xBD, 0x9E, 0xBD, 0x9E, 0xBD,
    0x9E, 0xBD, 0x9E, 0xBD, 0x9E, 0xBD, 0x9E, 0xBD, 0x9E, 0xBD, 0x9E, 0xBD, 0x9E, 0xBD, 0x9E, 0xBD, 0x9E, 0xBD, 0x9E, 0xBD, 0x9E, 0xBD, 0x9E, 0xBD,
    0x9E, 0xBD, 0x9E, 0xBD, 0x9E, 0xBD, 0x9E, 0xBD, 0x9E, 0xBD, 0x9E, 0xBD, 0x9E, 0xBD, 0x9E, 0xBD, 0x9E, 0xBD, 0x9E, 0xBD, 0x9E, 0xBD, 0x9E, 0xBD,
    0x9E, 0xBD, 0x9E, 0xBD, 0x9E, 0xBD, 0x9E, 0xBD, 0x9E, 0xBD, 0x9E, 0xBD, 0x9E, 0xBD, 0x9E, 0xBD, 0x9E, 0xBD, 0x9E, 0xBD, 0x9E, 0xBD, 0x9E, 0xBD,
    0x9E, 0xBD, 0x9E, 0xBD, 0x9E, 0xBD, 0x9E, 0xBD, 0x9E, 0xBD, 0x9E, 0xBD, 0x9E, 0xBD, 0x9E, 0xBD, 0x9E, 0xBD, 0x9E, 0xBD, 0x9E, 0xBD, 0x9E, 0xBD,
    0x9E, 0xBD, 0x9E, 0xBD, 0x9E, 0xBD, 0x9E, 0xBD, 0x9E, 0xBD, 0x9E, 0xBD, 0x9E, 0xBD, 0x9E, 0xBD, 0x9E, 0xBD, 0x9E, 0xBD, 0x9E, 0xBD, 0x9E, 0xBD,
    0x9E, 0xBD, 0x9E, 0xBD, 0x9E, 0xBD, 0x9E, 0xBD, 0x9E, 0xBD, 0x9E, 0xBD, 0x9E, 0xBD, 0x9E, 0xBD, 0x9E, 0xBD, 0x9E, 0xBD, 0x9E, 0xBD, 0x9E, 0xBD,
    0x9E, 0xBD, 0x9E, 0xBD, 0x9E, 0xBD, 0x9E, 0xBD, 0x9E, 0xBD, 0x9E, 0xBD, 0x9E, 0xBD, 0x9E, 0xBD, 0x9E, 0xBD, 0x9E, 0xBD, 0x9E, 0xBD, 0x9E, 0xBD,
    0x9E, 0xBD, 0x9E, 0xBD, 0x9E, 0xBD, 0x9E, 0xBD, 0x9E, 0xBD, 0x9E, 0xBD, 0x9E, 0xBD, 0x9E, 0xBD, 0x9E, 0xBD, 0x9E, 0xBD, 0x9E, 0xBD, 0x9E, 0xBD,
    0x9E, 0xBD, 0x9E, 0xBD, 0x9E, 0xBD, 0x9E, 0xBD, 0x9E, 0xBD, 0x9E, 0xBD, 0x9E, 0xBD, 0x9E, 0xBD, 0x9E, 0xBD, 0x9E, 0xBD, 0x9E, 0xBD, 0x9E, 0xBD,
    0x9E, 0xBD, 0x9E, 0xBD, 0x9E, 0xBD, 0x9E, 0xBD, 0x9E, 0xBD, 0x9E, 0xBD, 0x9E, 0xBD, 0x9E, 0xBD, 0x9E, 0xBD, 0x9E, 0xBD, 0x9E, 0xBD, 0x9E, 0xBD,
    0x9E, 0xBD, 0x9E, 0xBD, 0x9E, 0xBD, 0x9E, 0xBD, 0x9E, 0xBD, 0x9E, 0xBD, 0x9E, 0xBD, 0x9E, 0xBD, 0x9E, 0xBD, 0x9E, 0xBD, 0x9E, 0xBD, 0x9E, 0xBD,
    0x9E, 0xBD, 0x9E, 0xBD, 0x9E, 0xBD, 0x9E, 0xBD, 0x9E, 0xBD, 0x9E, 0xBD, 0x9E, 0xBD, 0x9E, 0xBD, 0x9E, 0xBD, 0x9E, 0xBD, 0x9E, 0xBD, 0x9E, 0xBD,
    0x9E, 0xBD, 0x9E, 0xBD, 0x9E, 0xBD, 0x9E, 0xBD, 0x9E, 0xBD, 0x9E, 0xBD, 0x9E, 0xBD, 0x9E, 0xBD, 0x9E, 0xBD, 0x9E, 0xBD, 0x9E, 0xBD, 0x9E, 0xBD,
    0x9E, 0xBD, 0x9E, 0xBD, 0x9E, 0xBD, 0x9E, 0xBD, 0x9E, 0xBD, 0x9E, 0xBD, 0x9E, 0xBD, 0x9E, 0xBD, 0x9E, 0xBD, 0x9E, 0xBD, 0x9E, 0xBD, 0x9E, 0xBD,
    0x9E, 0xBD, 0x9E, 0xBD, 0x9E, 0xBD, 0x9E, 0xBD, 0x9E, 0xBD, 0x9E, 0xBD, 0x9E, 0xBD, 0x9E, 0xBD, 0x9E, 0xBD, 0x9E, 0xBD, 0x9E, 0xBD, 0x9E, 0xBD,
    0x9E, 0xBD, 0x9E, 0xBD, 0x9E, 0xBD, 0x9E, 0xBD, 0x9E, 0xBD, 0x9E, 0xBD, 0x9E, 0xBD, 0x9E, 0xBD, 0x9E, 0xBD, 0x9E, 0xBD, 0x9E, 0xBD, 0x9E, 0xBD,
    0x9E, 0xBD, 0x9E, 0xBD, 0x9E, 0xBD, 0x9E, 0xBD, 0x9E, 0xBD, 0x9E, 0xBD, 0x9E, 0xBD, 0x9E, 0xBD, 0x9E, 0xBD, 0x9E, 0xBD, 0x9E, 0xBD, 0x9E, 0xBD,
    0x9E, 0xBD, 0x9E, 0xBD, 0x9E, 0xBD, 0x9E, 0xBD, 0x9E, 0xBD, 0x9E, 0xBD, 0x9E, 0xBD, 0x9E, 0xBD, 0x9E, 0xBD, 0x9E, 0xBD, 0x9E, 0xBD, 0x9E, 0xBD,
    0x9E, 0xBD, 0x9E, 0xBD, 0x9E, 0xBD, 0x9E, 0xBD, 0x9E, 0xBD, 0x9E, 0xBD, 0x9E, 0xBD, 0x9E, 0xBD, 0x9E, 0xBD, 0x9E, 0xBD, 0x9E, 0xBD, 0x9E, 0xBD,
    0x9E, 0xBD, 0x9E, 0xBD, 0x9E, 0xBD, 0x9E, 0xBD, 0x9E, 0xBD, 0x9E, 0xBD, 0x9E, 0xBD, 0x9E, 0xBD, 0x9E, 0xBD, 0x9E, 0xBD, 0x9E, 0xBD, 0x9E, 0xBD,
    0x9E, 0xBD, 0x9E, 0xBD, 0x9E, 0xBD, 0x9E, 0xBD, 0x9E, 0xBD, 0x9E, 0xBD, 0x9E, 0xBD, 0x9E, 0xBD, 0x9E, 0xBD, 0x9E, 0xBD, 0x9E, 0xBD, 0x9E, 0xBD,
    0x9E, 0xBD, 0x9E, 0xBD, 0x9E, 0xBD, 0x9E, 0xBD, 0x9E, 0xBD, 0x9E, 0xBD, 0x9E, 0xBD, 0x9E, 0xBD, 0x9E, 0xBD, 0x9E, 0xBD, 0x9E, 0xBD, 0x9E, 0xBD,
    0x9E, 0xBD, 0x9E, 0xBD, 0x9E, 0xBD, 0x9E, 0xBD, 0x9E, 0xBD, 0x9E, 0xBD, 0x9E, 0xBD, 0x9E, 0xBD, 0x9E, 0xBD, 0x9E, 0xBD, 0x9E, 0xBD, 0x9E, 0xBD,
    0x9E, 0xBD, 0x9E, 0xBD, 0x9E, 0xBD, 0x9E, 0xBD, 0x9E, 0xBD, 0x9E, 0xBD, 0x9E, 0xBD, 0x9E, 0xBD, 0x9E, 0xBD, 0x9E, 0xBD, 0x9E, 0xBD, 0x9E, 0xBD,
    0x9E, 0xBD, 0x9E, 0xBD, 0x9E, 0xBD, 0x9E, 0xBD, 0x9E, 0xBD, 0x9E, 0xBD, 0x9E, 0xBD, 0x9E, 0xBD, 0x9E, 0xBD, 0x9E, 0xBD, 0x9E, 0xBD, 0x9E, 0xBD,
    0x9E, 0xBD, 0x9E, 0xBD, 0x9E, 0xBD, 0x9E, 0xBD, 0x9E, 0xBD, 0x9E, 0xBD, 0x9E, 0xBD, 0x9E, 0xBD, 0x9E, 0xBD, 0x9E, 0xBD, 0x9E, 0xBD, 0x9E, 0xBD,
    0x9E, 0xBD, 0x9E, 0xBD, 0x9E, 0xBD, 0x9E, 0xBD, 0x9E, 0xBD, 0x9E, 0xBD, 0x9E, 0xBD, 0x9E, 0xBD, 0x9E, 0xBD, 0x9E, 0xBD, 0x9E, 0xBD, 0x9E, 0xBD,
    0x9E, 0xBD, 0x9E, 0xBD, 0x9E, 0xBD, 0x9E, 0xBD, 0x9E, 0xBD, 0x9E, 0xBD, 0x9E, 0xBD, 0x9E, 0xBD, 0x9E, 0xBD, 0x9E, 0xBD, 0x9E, 0xBD, 0x9E, 0xBD,
    0x9E, 0xBD, 0x9E, 0xBD, 0x9E, 0xBD, 0x9E, 0xBD, 0x9E, 0xBD, 0x9E, 0xBD, 0x9E, 0xBD, 0x9E, 0xBD, 0x9E, 0xBD, 0x9E, 0xBD, 0x9E, 0xBD, 0x9E, 0xBD,
    0x9E, 0xBD, 0x9E, 0xBD, 0x9E, 0xBD, 0x9E, 0xBD, 0x9E, 0xBD, 0x9E, 0xBD, 0x9E, 0xBD, 0x9E, 0xBD, 0x9E, 0xBD, 0x9E, 0xBD, 0x9E, 0xBD, 0x9E, 0xBD,
    0x9E, 0xBD, 0x9E, 0xBD, 0x9E, 0xBD, 0x9E, 0xBD, 0x9E, 0xBD, 0x9E, 0xBD, 0x9E, 0xBD, 0x9E, 0xBD, 0x9E, 0xBD, 0x9E, 0xBD, 0x9E, 0xBD, 0x9E, 0xBD,
    0x9E, 0xBD, 0x9E, 0xBD, 0x9E, 0xBD, 0x9E, 0xBD, 0x9E, 0xBD, 0x9E, 0xBD, 0x9E, 0xBD, 0x9E, 0xBD, 0x9E, 0xBD, 0x9E, 0xBD, 0x9E, 0xBD, 0x9E, 0xBD,
    0x9E, 0xBD, 0x9E, 0xBD, 0x9E, 0xBD, 0x9E, 0xBD, 0x9E, 0xBD, 0x9E, 0xBD, 0x9E, 0xBD, 0x9E, 0xBD, 0x9E, 0xBD, 0x9E, 0xBD, 0x9E, 0xBD, 0x9E, 0xBD,
    0x9E, 0xBD, 0x9E, 0xBD, 0x9E, 0xBD, 0x9E, 0xBD, 0x9E, 0xBD, 0x9E, 0xBD, 0x9E, 0xBD, 0x9E, 0xBD, 0x9E, 0xBD, 0x9E, 0xBD, 0x9E, 0xBD, 0x9E, 0xBD,
    0x9E, 0xBD, 0x9E, 0xBD, 0x9E, 0xBD, 0x9E, 0xBD, 0x9E, 0xBD, 0x9E, 0xBD, 0x9E, 0xBD, 0x9E, 0xBD, 0x9E, 0xBD, 0x9E, 0xBD, 0x9E, 0xBD, 0x9E, 0xBD,
    0x9E, 0xBD, 0x9E, 0xBD, 0x9E, 0xBD, 0x9E, 0xBD, 0x9E, 0xBD, 0x9E, 0xBD, 0x9E, 0xBD, 0x9E, 0xBD, 0x9E, 0xBD, 0x9E, 0xBD, 0x9E, 0xBD, 0x9E, 0xBD,
    0x9E, 0xBD, 0x9E, 0xBD, 0x9E, 0xBD, 0x9E, 0xBD, 0x9E, 0xBD, 0x9E, 0xBD, 0x9E, 0xBD, 0x9E, 0xBD, 0x9E, 0xBD, 0x9E, 0xBD, 0x9E, 0xBD, 0x9E, 0xBD,
    0x9E, 0xBD, 0x9E, 0xBD, 0x9E, 0xBD, 0x9E, 0xBD, 0x9E, 0xBD, 0x9E, 0xBD, 0x9E, 0xBD, 0x9E, 0xBD, 0x9E, 0xBD, 0x9E, 0xBD, 0x9E, 0xBD, 0x9E, 0xBD,
    0x9E, 0xBD, 0x9E, 0xBD, 0x9E, 0xBD, 0x9E, 0xBD, 0x9E, 0xBD, 0x9E, 0xBD, 0x9E, 0xBD, 0x9E, 0xBD, 0x9E, 0xBD, 0x9E, 0xBD, 0x9E, 0xBD, 0x9E, 0xBD,
    0x9E, 0xBD, 0x9E, 0xBD, 0x9E, 0xBD, 0x9E, 0xBD, 0x9E, 0xBD, 0x9E, 0xBD, 0x9E, 0xBD, 0x9E, 0xBD, 0x9E, 0xBD, 0x9E, 0xBD, 0x9E, 0xBD, 0x9E, 0xBD,
    0x9E, 0xBD, 0x9E, 0xBD, 0x9E, 0xBD, 0x9E, 0xBD, 0x9E, 0xBD, 0x9E, 0xBD, 0x9E, 0xBD, 0x9E, 0xBD, 0x9E, 0xBD, 0x9E, 0xBD, 0x9E, 0xBD, 0x9E, 0xBD,
    0x9E, 0xBD, 0x9E, 0xBD, 0x9E, 0xBD, 0x9E, 0xBD, 0x9E, 0xBD, 0x9E, 0xBD, 0x9E, 0xBD, 0x9E, 0xBD, 0x9E, 0xBD, 0x9E, 0xBD, 0x9E, 0xBD, 0x9E, 0xBD,
    0x9E, 0xBD, 0x9E, 0xBD, 0x9E, 0xBD, 0x9E, 0xBD, 0x9E, 0xBD, 0x9E, 0xBD, 0x9E, 0xBD, 0x9E, 0xBD, 0x9E, 0xBD, 0x9E, 0xBD, 0x9E, 0xBD, 0x9E, 0xBD,
    0x9E, 0xBD, 0x9E, 0xBD, 0x9E, 0xBD, 0x9E, 0xBD, 0x9E, 0xBD, 0x9E, 0xBD, 0x9E, 0xBD, 0x9E, 0xBD, 0x9E, 0xBD, 0x9E, 0xBD, 0x9E, 0xBD, 0x9E, 0xBD,
    0x9E, 0xBD, 0x9E, 0xBD, 0x9E, 0xBD, 0x9E, 0xBD, 0x9E, 0xBD, 0x9E, 0xBD, 0x9E, 0xBD, 0x9E, 0xBD, 0x9E, 0xBD, 0x9E, 0xBD, 0x9E, 0xBD, 0x9E, 0xBD,
    0x9E, 0xBD, 0x9E, 0xBD, 0x9E, 0xBD, 0x9E, 0xBD, 0x9E, 0xBD, 0x9E, 0xBD, 0x9E, 0xBD, 0x9E, 0xBD, 0x9E, 0xBD, 0x9E, 0xBD, 0x9E, 0xBD, 0x9E, 0xBD,
    0x9E, 0xBD, 0x9E, 0xBD, 0x9E, 0xBD, 0x9E, 0xBD, 0x9E, 0xBD, 0x9E, 0xBD, 0x9E, 0xBD, 0x9E, 0xBD, 0x9E, 0xBD, 0x9E, 0xBD, 0x9E, 0xBD, 0x9E, 0xBD,
    0x9E, 0xBD, 0x9E, 0xBD, 0x9E, 0xBD, 0x9E, 0xBD, 0x9E, 0xBD, 0x9E, 0xBD, 0x9E, 0xBD, 0x9E, 0xBD, 0x9E, 0xBD, 0x9E, 0xBD, 0x9E, 0xBD, 0x9E, 0xBD,
    0x9E, 0xBD, 0x9E, 0xBD, 0x9E, 0xBD, 0x9E, 0xBD, 0x9E, 0xBD, 0x9E, 0xBD, 0x9E, 0xBD, 0x9E, 0xBD, 0x9E, 0xBD, 0x9E, 0xBD, 0x9E, 0xBD, 0x9E, 0xBD,
    0x9E, 0xBD, 0x9E, 0xBD, 0x9E, 0xBD, 0x9E, 0xBD, 0x9E, 0xBD, 0x9E, 0xBD, 0x9E, 0xBD, 0x9E, 0xBD, 0x9E, 0xBD, 0x9E, 0xBD, 0x9E, 0xBD, 0x9E, 0xBD,
    0x9E, 0xBD, 0x9E, 0xBD, 0x9E, 0xBD, 0x9E, 0xBD, 0x9E, 0xBD, 0x9E, 0xBD, 0x9E, 0xBD, 0x9E, 0xBD, 0x9E, 0xBD, 0x9E, 0xBD, 0x9E, 0xBD, 0x9E, 0xBD,
    0x9E, 0xBD, 0x9E, 0xBD, 0x9E, 0xBD, 0x9E, 0xBD, 0x9E, 0xBD, 0x9E, 0xBD, 0x9E, 0xBD, 0x9E, 0xBD, 0x9E, 0xBD, 0x9E, 0xBD, 0x9E, 0xBD, 0x9E, 0xBD,
    0x9E, 0xBD, 0x9E, 0xBD, 0x9E, 0xBD, 0x9E, 0xBD, 0x9E, 0xBD, 0x9E, 0xBD, 0x9E, 0xBD, 0x9E, 0xBD, 0x9E, 0xBD, 0x9E, 0xBD, 0x9E, 0xBD, 0x9E, 0xBD,
    0x9E, 0xBD, 0x9E, 0xBD, 0x9E, 0xBD, 0x9E, 0xBD, 0x9E, 0xBD, 0x9E, 0xBD, 0x9E, 0xBD, 0x9E, 0xBD, 0x9E, 0xBD, 0x9E, 0xBD, 0x9E, 0xBD, 0x9E, 0xBD,
    0x9E, 0xBD, 0x9E, 0xBD, 0x9E, 0xBD, 0x9E, 0xBD, 0x9E, 0xBD, 0x9E, 0xBD, 0x9E, 0xBD, 0x9E, 0xBD, 0x9E, 0xBD, 0x9E, 0xBD, 0x9E, 0xBD, 0x9E, 0xBD,
    0x9E, 0xBD, 0x9E, 0xBD, 0x9E, 0xBD, 0x9E, 0xBD, 0x9E, 0xBD, 0x9E, 0xBD, 0x9E, 0xBD, 0x9E, 0xBD, 0x9E, 0xBD, 0x9E, 0xBD, 0x9E, 0xBD, 0x9E, 0xBD,
    0x9E, 0xBD, 0x9E, 0xBD, 0x9E, 0xBD, 0x9E, 0xBD, 0x9E, 0xBD, 0x9E, 0xBD, 0x9E, 0xBD, 0x9E, 0xBD, 0x9E, 0xBD, 0x9E, 0xBD, 0x9E, 0xBD, 0x9E, 0xBD,
    0x9E, 0xBD, 0x9E, 0xBD, 0x9E, 0xBD, 0x9E, 0xBD, 0x9E, 0xBD, 0x9E, 0xBD, 0x9E, 0xBD, 0x9E, 0xBD, 0x9E, 0xBD, 0x9E, 0xBD, 0x9E, 0xBD, 0x9E, 0xBD,
    0x9E, 0xBD, 0x9E, 0xBD, 0x9E, 0xBD, 0x9E, 0xBD, 0x9E, 0xBD, 0x9E, 0xBD, 0x9E, 0xBD, 0x9E, 0xBD, 0x9E, 0xBD, 0x9E, 0xBD, 0x9E, 0xBD, 0x9E, 0xBD,
    0x9E, 0xBD, 0x9E, 0xBD, 0x9E, 0xBD, 0x9E, 0xBD, 0x9E, 0xBD, 0x9E, 0xBD, 0x9E, 0xBD, 0x9E, 0xBD, 0x9E, 0xBD, 0x9E, 0xBD, 0x9E, 0xBD, 0x9E, 0xBD,
    0x9E, 0xBD, 0x9E, 0xBD, 0x9E, 0xBD, 0x9E, 0xBD, 0x9E, 0xBD, 0x9E, 0xBD, 0x9E, 0xBD, 0x9E, 0xBD, 0x9E, 0xBD, 0x9E, 0xBD, 0x9E, 0xBD, 0x9E, 0xBD,
    0x9E, 0xBD, 0x9E, 0xBD, 0x9E, 0xBD, 0x9E, 0xBD, 0x9E, 0xBD, 0x9E, 0xBD, 0x9E, 0xBD, 0x9E, 0xBD, 0x9E, 0xBD, 0x9E, 0xBD, 0x9E, 0xBD, 0x9E, 0xBD,
    0x9E, 0xBD, 0x9E, 0xBD, 0x9E, 0xBD, 0x9E, 0xBD, 0x9E, 0xBD, 0x9E, 0xBD, 0x9E, 0xBD, 0x9E, 0xBD, 0x9E, 0xBD, 0x9E, 0xBD, 0x9E, 0xBD, 0x9E, 0xBD,
    0x9E, 0xBD, 0x9E, 0xBD, 0x9E, 0xBD, 0x9E, 0xBD, 0x9E, 0xBD, 0x9E, 0xBD, 0x9E, 0xBD, 0x9E, 0xBD, 0x9E, 0xBD, 0x9E, 0xBD, 0x9E, 0xBD, 0x9E, 0xBD,
    0x9E, 0xBD, 0x9E, 0xBD, 0x9E, 0xBD, 0x9E, 0xBD, 0x9E, 0xBD, 0x9E, 0xBD, 0x9E, 0xBD, 0x9E, 0xBD, 0x9E, 0xBD, 0x9E, 0xBD, 0x9E, 0xBD, 0x9E, 0xBD,
    0x9E, 0xBD, 0x9E, 0xBD, 0x9E, 0xBD, 0x9E, 0xBD, 0x9E, 0xBD, 0x9E, 0xBD, 0x9E, 0xBD, 0x9E, 0xBD, 0x9E, 0xBD, 0x9E, 0xBD, 0x9E, 0xBD, 0x9E, 0xBD,
    0x9E, 0xBD, 0x9E, 0xBD, 0x9E, 0xBD, 0x9E, 0xBD, 0x9E, 0xBD, 0x9E, 0xBD, 0x9E, 0xBD, 0x9E, 0xBD, 0x9E, 0xBD, 0x9E, 0xBD, 0x9E, 0xBD, 0x9E, 0xBD,
    0x9E, 0xBD, 0x9E, 0xBD, 0x9E, 0xBD, 0x9E, 0xBD, 0x9E, 0xBD, 0x9E, 0xBD, 0x9E, 0xBD, 0x9E, 0xBD, 0x9E, 0xBD, 0x9E, 0xBD, 0x9E, 0xBD, 0x9E, 0xBD,
    0x9E, 0xBD, 0x9E, 0xBD, 0x9E, 0xBD, 0x9E, 0xBD, 0x9E, 0xBD, 0x9E, 0xBD, 0x9E, 0xBD, 0x9E, 0xBD, 0x9E, 0xBD, 0x9E, 0xBD, 0x9E, 0xBD, 0x9E, 0xBD,
    0x9E, 0xBD, 0x9E, 0xBD, 0x9E, 0xBD, 0x9E, 0xBD, 0x9E, 0xBD, 0x9E, 0xBD, 0x9E, 0xBD, 0x9E, 0xBD, 0x9E, 0xBD, 0x9E, 0xBD, 0x9E, 0xBD, 0x9E, 0xBD,
    0x9E, 0xBD, 0x9E, 0xBD, 0x9E, 0xBD, 0x9E, 0xBD, 0x9E, 0xBD, 0x9E, 0xBD, 0x9E, 0xBD, 0x9E, 0xBD, 0x9E, 0xBD, 0x9E, 0xBD, 0x9E, 0xBD, 0x9E, 0xBD,
    0x9E, 0xBD, 0x9E, 0xBD, 0x9E, 0xBD, 0x9E, 0xBD, 0x9E, 0xBD, 0x9E, 0xBD, 0x9E, 0xBD, 0x9E, 0xBD, 0x9E, 0xBD, 0x9E, 0xBD, 0x9E, 0xBD, 0x9E, 0xBD,
    0x9E, 0xBD, 0x9E, 0xBD, 0x9E, 0xBD, 0x9E, 0xBD, 0x9E, 0xBD, 0x9E, 0xBD, 0x9E, 0xBD, 0x9E, 0xBD, 0x9E, 0xBD, 0x9E, 0xBD, 0x9E, 0xBD, 0x9E, 0xBD,
    0x9E, 0xBD, 0x9E, 0xBD, 0x9E, 0xBD, 0x9E, 0xBD, 0x9E, 0xBD, 0x9E, 0xBD, 0x9E, 0xBD, 0x9E, 0xBD, 0x9E, 0xBD, 0x9E, 0xBD, 0x9E, 0xBD, 0x9E, 0xBD,
    0x9E, 0xBD, 0x9E, 0xBD, 0x9E, 0xBD, 0x9E, 0xBD, 0x9E, 0xBD, 0x9E, 0xBD, 0x9E, 0xBD, 0x9E, 0xBD, 0x9E, 0xBD, 0x9E, 0xBD, 0x9E, 0xBD, 0x9E, 0xBD,
    0x9E, 0xBD, 0x9E, 0xBD, 0x9E, 0xBD, 0x9E, 0xBD, 0x9E, 0xBD, 0x9E, 0xBD, 0x9E, 0xBD, 0x9E, 0xBD, 0x9E, 0xBD, 0x9E, 0xBD, 0x9E, 0xBD, 0x9E, 0xBD,
    0x9E, 0xBD, 0x9E, 0xBD, 0x9E, 0xBD, 0x9E, 0xBD, 0x9E, 0xBD, 0x9E, 0xBD, 0x9E, 0xBD, 0x9E, 0xBD, 0x9E, 0xBD, 0x9E, 0xBD, 0x9E, 0xBD, 0x9E, 0xBD,
    0x9E, 0xBD, 0x9E, 0xBD, 0x9E, 0xBD, 0x9E, 0xBD, 0x9E, 0xBD, 0x9E, 0xBD, 0x9E, 0xBD, 0x9E, 0xBD, 0x9E, 0xBD, 0x9E, 0xBD, 0x9E, 0xBD, 0x9E, 0xBD,
    0x9E, 0xBD, 0x9E, 0xBD, 0x9E, 0xBD, 0x9E, 0xBD, 0x9E, 0xBD, 0x9E, 0xBD, 0x9E, 0xBD, 0x9E, 0xBD, 0x9E, 0xBD, 0x9E, 0xBD, 0x9E, 0xBD, 0x9E, 0xBD,
    0x9E, 0xBD, 0x9E, 0xBD, 0x9E, 0xBD, 0x9E, 0xBD, 0x9E, 0xBD, 0x9E, 0xBD, 0x9E, 0xBD, 0x9E, 0xBD, 0x9E, 0xBD, 0x9E, 0xBD, 0x9E, 0xBD, 0x9E, 0xBD,
    0x9E, 0xBD, 0x9E, 0xBD, 0x9E, 0xBD, 0x9E, 0xBD, 0x9E, 0xBD, 0x9E, 0xBD, 0x9E, 0xBD, 0x9E, 0xBD, 0x9E, 0xBD, 0x9E, 0xBD, 0x9E, 0xBD, 0x9E, 0xBD,
    0x9E, 0xBD, 0x9E, 0xBD, 0x9E, 0xBD, 0x9E, 0xBD, 0x9E, 0xBD, 0x9E, 0xBD, 0x9E, 0xBD, 0x9E, 0xBD, 0x9E, 0xBD, 0x9E, 0xBD, 0x9E, 0xBD, 0x9E, 0xBD,
    0x9E, 0xBD, 0x9E, 0xBD, 0x9E, 0xBD, 0x9E, 0xBD, 0x9E, 0xBD, 0x9E, 0xBD, 0x9E, 0xBD, 0x9E, 0xBD, 0x9E, 0xBD, 0x9E, 0xBD, 0x9E, 0xBD, 0x9E, 0xBD,
    0x9E, 0xBD, 0x9E, 0xBD, 0x9E, 0xBD, 0x9E, 0xBD, 0x9E, 0xBD, 0x9E, 0xBD, 0x9E, 0xBD, 0x9E, 0xBD, 0x9E, 0xBD, 0x9E, 0xBD, 0x9E, 0xBD, 0x9E, 0xBD,
    0x9E, 0xBD, 0x9E, 0xBD, 0x9E, 0xBD, 0x9E, 0xBD, 0x9E, 0xBD, 0x9E, 0xBD, 0x9E, 0xBD, 0x9E, 0xBD, 0x9E, 0xBD, 0x9E, 0xBD, 0x9E, 0xBD, 0x9E, 0xBD,
    0x9E, 0xBD, 0x9E, 0xBD, 0x9E, 0xBD, 0x9E, 0xBD, 0x9E, 0xBD, 0x9E, 0xBD, 0x9E, 0xBD, 0x9E, 0xBD, 0x9E, 0xBD, 0x9E, 0xBD, 0x9E, 0xBD, 0x9E, 0xBD,
    0x9E, 0xBD, 0x9E, 0xBD, 0x9E, 0xBD, 0x9E, 0xBD, 0x9E, 0xBD, 0x9E, 0xBD, 0x9E, 0xBD, 0x9E, 0xBD, 0x9E, 0xBD, 0x9E, 0xBD, 0x9E, 0xBD, 0x9E, 0xBD,
    0x9E, 0xBD, 0x9E, 0xBD, 0x9E, 0xBD, 0x9E, 0xBD, 0x9E, 0xBD, 0x9E, 0xBD, 0x9E, 0xBD, 0x9E, 0xBD, 0x9E, 0xBD, 0x9E, 0xBD, 0x9E, 0xBD, 0x9E, 0xBD,
    0x9E, 0xBD, 0x9E, 0xBD, 0x9E, 0xBD, 0x9E, 0xBD, 0x9E, 0xBD, 0x9E, 0xBD, 0x9E, 0xBD, 0x9E, 0xBD, 0x9E, 0xBD, 0x9E, 0xBD, 0x9E, 0xBD, 0x9E, 0xBD,
    0x9E, 0xBD, 0x9E, 0xBD, 0x9E, 0xBD, 0x9E, 0xBD, 0x9E, 0xBD, 0x9E, 0xBD, 0x9E, 0xBD, 0x9E, 0xBD, 0x9E, 0xBD, 0x9E, 0xBD, 0x9E, 0xBD, 0x9E, 0xBD,
    0x9E, 0xBD, 0x9E, 0xBD, 0x9E, 0xBD, 0x9E, 0xBD, 0x9E, 0xBD, 0x9E, 0xBD, 0x9E, 0xBD, 0x9E, 0xBD, 0x9E, 0xBD, 0x9E, 0xBD, 0x9E, 0xBD, 0x9E, 0xBD,
    0x9E, 0xBD, 0x9E, 0xBD, 0x9E, 0xBD, 0x9E, 0xBD, 0x9E, 0xBD, 0x9E, 0xBD, 0x9E, 0xBD, 0x9E, 0xBD, 0x9E, 0xBD, 0x9E, 0xBD, 0x9E, 0xBD, 0x9E, 0xBD,
    0x9E, 0xBD, 0x9E, 0xBD, 0x9E, 0xBD, 0x9E, 0xBD, 0x9E, 0xBD, 0x9E, 0xBD, 0x9E, 0xBD, 0x9E, 0xBD, 0x9E, 0xBD, 0x9E, 0xBD, 0x9E, 0xBD, 0x9E, 0xBD,
    0x9E, 0xBD, 0x9E, 0xBD, 0x9E, 0xBD, 0x9E, 0xBD, 0x9E, 0xBD, 0x9E, 0xBD, 0x9E, 0xBD, 0x9E, 0xBD, 0x9E, 0xBD, 0x9E, 0xBD, 0x9E, 0xBD, 0x9E, 0xBD,
    0x9E, 0xBD, 0x9E, 0xBD, 0x9E, 0xBD, 0x9E, 0xBD, 0x9E, 0xBD, 0x9E, 0xBD, 0x9E, 0xBD, 0x9E, 0xBD, 0x9E, 0xBD, 0x9E, 0xBD, 0x9E, 0xBD, 0x9E, 0xBD,
    0x9E, 0xBD, 0x9E, 0xBD, 0x9E, 0xBD, 0x9E, 0xBD, 0x9E, 0xBD, 0x9E, 0xBD, 0x9E, 0xBD, 0x9E, 0xBD, 0x9E, 0xBD, 0x9E, 0xBD, 0x9E, 0xBD, 0x9E, 0xBD,
    0x9E, 0xBD, 0x9E, 0xBD, 0x9E, 0xBD, 0x9E, 0xBD, 0x9E, 0xBD, 0x9E, 0xBD, 0x9E, 0xBD, 0x9E, 0xBD, 0x9E, 0xBD, 0x9E, 0xBD, 0x9E, 0xBD, 0x9E, 0xBD,
    0x9E, 0xBD, 0x9E, 0xBD, 0x9E, 0xBD, 0x9E, 0xBD, 0x9E, 0xBD, 0x9E, 0xBD, 0x9E, 0xBD, 0x9E, 0xBD, 0x9E, 0xBD, 0x9E, 0xBD, 0x9E, 0xBD, 0x9E, 0xBD,
    0x9E, 0xBD, 0x9E, 0xBD, 0x9E, 0xBD, 0x9E, 0xBD, 0x9E, 0xBD, 0x9E, 0xBD, 0x9E, 0xBD, 0x9E, 0xBD, 0x9E, 0xBD, 0x9E, 0xBD, 0x9E, 0xBD, 0x9E, 0xBD,
    0x9E, 0xBD, 0x9E, 0xBD, 0x9E, 0xBD, 0x9E, 0xBD, 0x9E, 0xBD, 0x9E, 0xBD, 0x9E, 0xBD, 0x9E, 0xBD, 0x9E, 0xBD, 0x9E, 0xBD, 0x9E, 0xBD, 0x9E, 0xBD,
    0x9E, 0xBD, 0x9E, 0xBD, 0x9E, 0xBD, 0x9E, 0xBD, 0x9E, 0xBD, 0x9E, 0xBD, 0x9E, 0xBD, 0x9E, 0xBD, 0x9E, 0xBD, 0x9E, 0xBD, 0x9E, 0xBD, 0x9E, 0xBD,
    0x9E, 0xBD, 0x9E, 0xBD, 0x9E, 0xBD, 0x9E, 0xBD, 0x9E, 0xBD, 0x9E, 0xBD, 0x9E, 0xBD, 0x9E, 0xBD, 0x9E, 0xBD, 0x9E, 0xBD, 0x9E, 0xBD, 0x9E, 0xBD,
    0x9E, 0xBD, 0x9E, 0xBD, 0x9E, 0xBD, 0x9E, 0xBD, 0x9E, 0xBD, 0x9E, 0xBD, 0x9E, 0xBD, 0x9E, 0xBD, 0x9E, 0xBD, 0x9E, 0xBD, 0x9E, 0xBD, 0x9E, 0xBD,
    0x9E, 0xBD, 0x9E, 0xBD, 0x9E, 0xBD, 0x9E, 0xBD, 0x9E, 0xBD, 0x9E, 0xBD, 0x9E, 0xBD, 0x9E, 0xBD, 0x9E, 0xBD, 0x9E, 0xBD, 0x9E, 0xBD, 0x9E, 0xBD,
    0x9E, 0xBD, 0x9E, 0xBD, 0x9E, 0xBD, 0x9E, 0xBD, 0x9E, 0xBD, 0x9E, 0xBD, 0x9E, 0xBD, 0x9E, 0xBD, 0x9E, 0xBD, 0x9E, 0xBD, 0x9E, 0xBD, 0x9E, 0xBD,
    0x9E, 0xBD, 0x9E, 0xBD, 0x9E, 0xBD, 0x9E, 0xBD, 0x9E, 0xBD, 0x9E, 0xBD, 0x9E, 0xBD, 0x9E, 0xBD, 0x9E, 0xBD, 0x9E, 0xBD, 0x9E, 0xBD, 0x9E, 0xBD,
    0x9E, 0xBD, 0x9E, 0xBD, 0x9E, 0xBD, 0x9E, 0xBD, 0x9E, 0xBD, 0x9E, 0xBD, 0x9E, 0xBD, 0x9E, 0xBD, 0x9E, 0xBD, 0x9E, 0xBD, 0x9E, 0xBD, 0x9E, 0xBD,
    0x9E, 0xBD, 0x9E, 0xBD, 0x9E, 0xBD, 0x9E, 0xBD, 0x9E, 0xBD, 0x9E, 0xBD, 0x9E, 0xBD, 0x9E, 0xBD, 0x9E, 0xBD, 0x9E, 0xBD, 0x9E, 0xBD, 0x9E, 0xBD,
    0x9E, 0xBD, 0x9E, 0xBD, 0x9E, 0xBD, 0x9E, 0xBD, 0x9E, 0xBD, 0x9E, 0xBD, 0x9E, 0xBD, 0x9E, 0xBD, 0x9E, 0xBD, 0x9E, 0xBD, 0x9E, 0xBD, 0x9E, 0xBD,
    0x9E, 0xBD, 0x9E, 0xBD, 0x9E, 0xBD, 0x9E, 0xBD, 0x9E, 0xBD, 0x9E, 0xBD, 0x9E, 0xBD, 0x9E, 0xBD, 0x9E, 0xBD, 0x9E, 0xBD, 0x9E, 0xBD, 0x9E, 0xBD,
    0x9E, 0xBD, 0x9E, 0xBD, 0x9E, 0xBD, 0x9E, 0xBD, 0x9E, 0xBD, 0x9E, 0xBD, 0x9E, 0xBD, 0x9E, 0xBD, 0x9E, 0xBD, 0x9E, 0xBD, 0x9E, 0xBD, 0x9E, 0xBD,
    0x9E, 0xBD, 0x9E, 0xBD, 0x9E, 0xBD, 0x9E, 0xBD, 0x9E, 0xBD, 0x9E, 0xBD, 0x9E, 0xBD, 0x9E, 0xBD, 0x9E, 0xBD, 0x9E, 0xBD, 0x9E, 0xBD, 0x9E, 0xBD,
    0x9E, 0xBD, 0x9E, 0xBD, 0x9E, 0xBD, 0x9E, 0xBD, 0x9E, 0xBD, 0x9E, 0xBD, 0x9E, 0xBD, 0x9E, 0xBD, 0x9E, 0xBD, 0x9E, 0xBD, 0x9E, 0xBD, 0x9E, 0xBD,
    0x9E, 0xBD, 0x9E, 0xBD, 0x9E, 0xBD, 0x9E, 0xBD, 0x9E, 0xBD, 0x9E, 0xBD, 0x9E, 0xBD, 0x9E, 0xBD, 0x9E, 0xBD, 0x9E, 0xBD, 0x9E, 0xBD, 0x9E, 0xBD,
    0x9E, 0xBD, 0x9E, 0xBD, 0x9E, 0xBD, 0x9E, 0xBD, 0x9E, 0xBD, 0x9E, 0xBD, 0x9E, 0xBD, 0x9E, 0xBD, 0x9E, 0xBD, 0x9E, 0xBD, 0x9E, 0xBD, 0x9E, 0xBD,
    0x9E, 0xBD, 0x9E, 0xBD, 0x9E, 0xBD, 0x9E, 0xBD, 0x9E, 0xBD, 0x9E, 0xBD, 0x9E, 0xBD, 0x9E, 0xBD, 0x9E, 0xBD, 0x9E, 0xBD, 0x9E, 0xBD, 0x9E, 0xBD,
    0x9E, 0xBD, 0x9E, 0xBD, 0x9E, 0xBD, 0x9E, 0xBD, 0x9E, 0xBD, 0x9E, 0xBD, 0x9E, 0xBD, 0x9E, 0xBD, 0x9E, 0xBD, 0x9E, 0xBD, 0x9E, 0xBD, 0x9E, 0xBD,
    0x9E, 0xBD, 0x9E, 0xBD, 0x9E, 0xBD, 0x9E, 0xBD, 0x9E, 0xBD, 0x9E, 0xBD, 0x9E, 0xBD, 0x9E, 0xBD, 0x9E, 0xBD, 0x9E, 0xBD, 0x9E, 0xBD, 0x9E, 0xBD,
    0x9E, 0xBD, 0x9E, 0xBD, 0x9E, 0xBD, 0x9E, 0xBD, 0x9E, 0xBD, 0x9E, 0xBD, 0x9E, 0xBD, 0x9E, 0xBD, 0x9E, 0xBD, 0x9E, 0xBD, 0x9E, 0xBD, 0x9E, 0xBD,
    0x9E, 0xBD, 0x9E, 0xBD, 0x9E, 0xBD, 0x9E, 0xBD, 0x9E, 0xBD, 0x9E, 0xBD, 0x9E, 0xBD, 0x9E, 0xBD, 0x9E, 0xBD, 0x9E, 0xBD, 0x9E, 0xBD, 0x9E, 0xBD,
    0x9E, 0xBD, 0x9E, 0xBD, 0x9E, 0xBD, 0x9E, 0xBD, 0x9E, 0xBD, 0x9E, 0xBD, 0x9E, 0xBD, 0x9E, 0xBD, 0x9E, 0xBD, 0x9E, 0xBD, 0x9E, 0xBD, 0x9E, 0xBD,
    0x9E, 0xBD, 0x9E, 0xBD, 0x9E, 0xBD, 0x9E, 0xBD, 0x9E, 0xBD, 0x9E, 0xBD, 0x9E, 0xBD, 0x9E, 0xBD, 0x9E, 0xBD, 0x9E, 0xBD, 0x9E, 0xBD, 0x9E, 0xBD,
    0x9E, 0xBD, 0x9E, 0xBD, 0x9E, 0xBD, 0x9E, 0xBD, 0x9E, 0xBD, 0x9E, 0xBD, 0x9E, 0xBD, 0x9E, 0xBD, 0x9E, 0xBD, 0x9E, 0xBD, 0x9E, 0xBD, 0x9E, 0xBD,
    0x9E, 0xBD, 0x9E, 0xBD, 0x9E, 0xBD, 0x9E, 0xBD, 0x9E, 0xBD, 0x9E, 0xBD, 0x9E, 0xBD, 0x9E, 0xBD, 0x9E, 0xBD, 0x9E, 0xBD, 0x9E, 0xBD, 0x9E, 0xBD,
    0x9E, 0xBD, 0x9E, 0xBD, 0x9E, 0xBD, 0x9E, 0xBD, 0x9E, 0xBD, 0x9E, 0xBD, 0x9E, 0xBD, 0x9E, 0xBD, 0x9E, 0xBD, 0x9E, 0xBD, 0x9E, 0xBD, 0x9E, 0xBD,
    0x9E, 0xBD, 0x9E, 0xBD, 0x9E, 0xBD, 0x9E, 0xBD, 0x9E, 0xBD, 0x9E, 0xBD, 0x9E, 0xBD, 0x9E, 0xBD, 0x9E, 0xBD, 0x9E, 0xBD, 0x9E, 0xBD, 0x9E, 0xBD,
    0x9E, 0xBD, 0x9E, 0xBD, 0x9E, 0xBD, 0x9E, 0xBD, 0x9E, 0xBD, 0x9E, 0xBD, 0x9E, 0xBD, 0x9E, 0xBD, 0x9E, 0xBD, 0x9E, 0xBD, 0x9E, 0xBD, 0x9E, 0xBD,
    0x9E, 0xBD, 0x9E, 0xBD, 0x9E, 0xBD, 0x9E, 0xBD, 0x9E, 0xBD, 0x9E, 0xBD, 0x9E, 0xBD, 0x9E, 0xBD, 0x9E, 0xBD, 0x9E, 0xBD, 0x9E, 0xBD, 0x9E, 0xBD,
    0x9E, 0xBD, 0x9E, 0xBD, 0x9E, 0xBD, 0x9E, 0xBD, 0x9E, 0xBD, 0x9E, 0xBD, 0x9E, 0xBD, 0x9E, 0xBD, 0x9E, 0xBD, 0x9E, 0xBD, 0x9E, 0xBD, 0x9E, 0xBD,
    0x9E, 0xBD, 0x9E, 0xBD, 0x9E, 0xBD, 0x9E, 0xBD, 0x9E, 0xBD, 0x9E, 0xBD, 0x9E, 0xBD, 0x9E, 0xBD, 0x9E, 0xBD, 0x9E, 0xBD, 0x9E, 0xBD, 0x9E, 0xBD,
    0x9E, 0xBD, 0x9E, 0xBD, 0x9E, 0xBD, 0x9E, 0xBD, 0x9E, 0xBD, 0x9E, 0xBD, 0x9E, 0xBD, 0x9E, 0xBD, 0x9E, 0xBD, 0x9E, 0xBD, 0x9E, 0xBD, 0x9E, 0xBD,
    0x9E, 0xBD, 0x9E, 0xBD, 0x9E, 0xBD, 0x9E, 0xBD, 0x9E, 0xBD, 0x9E, 0xBD, 0x9E, 0xBD, 0x9E, 0xBD, 0x9E, 0xBD, 0x9E, 0xBD, 0x9E, 0xBD, 0x9E, 0xBD,
    0x9E, 0xBD, 0x9E, 0xBD, 0x9E, 0xBD, 0x9E, 0xBD, 0x9E, 0xBD, 0x9E, 0xBD, 0x9E, 0xBD, 0x9E, 0xBD, 0x9E, 0xBD, 0x9E, 0xBD, 0x9E, 0xBD, 0x9E, 0xBD,
    0x9E, 0xBD, 0x9E, 0xBD, 0x9E, 0xBD, 0x9E, 0xBD, 0x9E, 0xBD, 0x9E, 0xBD, 0x9E, 0xBD, 0x9E, 0xBD, 0x9E, 0xBD, 0x9E, 0xBD, 0x9E, 0xBD, 0x9E, 0xBD,
    0x9E, 0xBD, 0x9E, 0xBD, 0x9E, 0xBD, 0x9E, 0xBD, 0x9E, 0xBD, 0x9E, 0xBD, 0x9E, 0xBD, 0x9E, 0xBD, 0x9E, 0xBD, 0x9E, 0xBD, 0x9E, 0xBD, 0x9E, 0xBD,
    0x9E, 0xBD, 0x9E, 0xBD, 0x9E, 0xBD, 0x9E, 0xBD, 0x9E, 0xBD, 0x9E, 0xBD, 0x9E, 0xBD, 0x9E, 0xBD, 0x9E, 0xBD, 0x9E, 0xBD, 0x9E, 0xBD, 0x9E, 0xBD,
    0x9E, 0xBD, 0x9E, 0xBD, 0x9E, 0xBD, 0x9E, 0xBD, 0x9E, 0xBD, 0x9E, 0xBD, 0x9E, 0xBD, 0x9E, 0xBD, 0x9E, 0xBD, 0x9E, 0xBD, 0x9E, 0xBD, 0x9E, 0xBD,
    0x9E, 0xBD, 0x9E, 0xBD, 0x9E, 0xBD, 0x9E, 0xBD, 0x9E, 0xBD, 0x9E, 0xBD, 0x9E, 0xBD, 0x9E, 0xBD, 0x9E, 0xBD, 0x9E, 0xBD, 0x9E, 0xBD, 0x9E, 0xBD,
    0x9E, 0xBD, 0x9E, 0xBD, 0x9E, 0xBD, 0x9E, 0xBD, 0x9E, 0xBD, 0x9E, 0xBD, 0x9E, 0xBD, 0x9E, 0xBD, 0x9E, 0xBD, 0x9E, 0xBD, 0x9E, 0xBD, 0x9E, 0xBD,
    0x9E, 0xBD, 0x9E, 0xBD, 0x9E, 0xBD, 0x9E, 0xBD, 0x9E, 0xBD, 0x9E, 0xBD, 0x9E, 0xBD, 0x9E, 0xBD, 0x9E, 0xBD, 0x9E, 0xBD, 0x9E, 0xBD, 0x9E, 0xBD,
    0x9E, 0xBD, 0x9E, 0xBD, 0x9E, 0xBD, 0x9E, 0xBD, 0x9E, 0xBD, 0x9E, 0xBD, 0x9E, 0xBD, 0x9E, 0xBD, 0x9E, 0xBD, 0x9E, 0xBD, 0x9E, 0xBD, 0x9E, 0xBD,
    0x9E, 0xBD, 0x9E, 0xBD, 0x9E, 0xBD, 0x9E, 0xBD, 0x9E, 0xBD, 0x9E, 0xBD, 0x9E, 0xBD, 0x9E, 0xBD, 0x9E, 0xBD, 0x9E, 0xBD, 0x9E, 0xBD, 0x9E, 0xBD,
    0x9E, 0xBD, 0x9E, 0xBD, 0x9E, 0xBD, 0x9E, 0xBD, 0x9E, 0xBD, 0x9E, 0xBD, 0x9E, 0xBD, 0x9E, 0xBD, 0x9E, 0xBD, 0x9E, 0xBD, 0x9E, 0xBD, 0x9E, 0xBD,
    0x9E, 0xBD, 0x9E, 0xBD, 0x9E, 0xBD, 0x9E, 0xBD, 0x9E, 0xBD, 0x9E, 0xBD, 0x9E, 0xBD, 0x9E, 0xBD, 0x9E, 0xBD, 0x9E, 0xBD, 0x9E, 0xBD, 0x9E, 0xBD,
    0x9E, 0xBD, 0x9E, 0xBD, 0x9E, 0xBD, 0x9E, 0xBD, 0x9E, 0xBD, 0x9E, 0xBD, 0x9E, 0xBD, 0x9E, 0xBD, 0x9E, 0xBD, 0x9E, 0xBD, 0x9E, 0xBD, 0x9E, 0xBD,
    0x9E, 0xBD, 0x9E, 0xBD, 0x9E, 0xBD, 0x9E, 0xBD, 0x9E, 0xBD, 0x9E, 0xBD, 0x9E, 0xBD, 0x9E, 0xBD, 0x9E, 0xBD, 0x9E, 0xBD, 0x9E, 0xBD, 0x9E, 0xBD,
    0x9E, 0xBD, 0x9E, 0xBD, 0x9E, 0xBD, 0x9E, 0xBD, 0x9E, 0xBD, 0x9E, 0xBD, 0x9E, 0xBD, 0x9E, 0xBD, 0x9E, 0xBD, 0x9E, 0xBD, 0x9E, 0xBD, 0x9E, 0xBD,
    0x9E, 0xBD, 0x9E, 0xBD, 0x9E, 0xBD, 0x9E, 0xBD, 0x9E, 0xBD, 0x9E, 0xBD, 0x9E, 0xBD, 0x9E, 0xBD, 0x9E, 0xBD, 0x9E, 0xBD, 0x9E, 0xBD, 0x9E, 0xBD,
    0x9E, 0xBD, 0x9E, 0xBD, 0x9E, 0xBD, 0x9E, 0xBD, 0x9E, 0xBD, 0x9E, 0xBD, 0x9E, 0xBD, 0x9E, 0xBD, 0x9E, 0xBD, 0x9E, 0xBD, 0x9E, 0xBD, 0x9E, 0xBD,
    0x9E, 0xBD, 0x9E, 0xBD, 0x9E, 0xBD, 0x9E, 0xBD, 0x9E, 0xBD, 0x9E, 0xBD, 0x9E, 0xBD, 0x9E, 0xBD, 0x9E, 0xBD, 0x9E, 0xBD, 0x9E, 0xBD, 0x9E, 0xBD,
    0x9E, 0xBD, 0x9E, 0xBD, 0x9E, 0xBD, 0x9E, 0xBD, 0x9E, 0xBD, 0x9E, 0xBD, 0x9E, 0xBD, 0x9E, 0xBD, 0x9E, 0xBD, 0x9E, 0xBD, 0x9E, 0xBD, 0x9E, 0xBD,
    0x9E, 0xBD, 0x9E, 0xBD, 0x9E, 0xBD, 0x9E, 0xBD, 0x9E, 0xBD, 0x9E, 0xBD, 0x9E, 0xBD, 0x9E, 0xBD, 0x9E, 0xBD, 0x9E, 0xBD, 0x9E, 0xBD, 0x9E, 0xBD,
    0x9E, 0xBD, 0x9E, 0xBD, 0x9E, 0xBD, 0x9E, 0xBD, 0x9E, 0xBD, 0x9E, 0xBD, 0x9E, 0xBD, 0x9E, 0xBD, 0x9E, 0xBD, 0x9E, 0xBD, 0x9E, 0xBD, 0x9E, 0xBD,
    0x9E, 0xBD, 0x9E, 0xBD, 0x9E, 0xBD, 0x9E, 0xBD, 0x9E, 0xBD, 0x9E, 0xBD, 0x9E, 0xBD, 0x9E, 0xBD, 0x9E, 0xBD, 0x9E, 0xBD, 0x9E, 0xBD, 0x9E, 0xBD,
    0x9E, 0xBD, 0x9E, 0xBD, 0x9E, 0xBD, 0x9E, 0xBD, 0x9E, 0xBD, 0x9E, 0xBD, 0x9E, 0xBD, 0x9E, 0xBD, 0x9E, 0xBD, 0x9E, 0xBD, 0x9E, 0xBD, 0x9E, 0xBD,
    0x9E, 0xBD, 0x9E, 0xBD, 0x9E, 0xBD, 0x9E, 0xBD, 0x9E, 0xBD, 0x9E, 0xBD, 0x9E, 0xBD, 0x9E, 0xBD, 0x9E, 0xBD, 0x9E, 0xBD, 0x9E, 0xBD, 0x9E, 0xBD,
    0x9E, 0xBD, 0x9E, 0xBD, 0x9E, 0xBD, 0x9E, 0xBD, 0x9E, 0xBD, 0x9E, 0xBD, 0x9E, 0xBD, 0x9E, 0xBD, 0x9E, 0xBD, 0x9E, 0xBD, 0x9E, 0xBD, 0x9E, 0xBD,
    0x9E, 0xBD, 0x9E, 0xBD, 0x9E, 0xBD, 0x9E, 0xBD, 0x9E, 0xBD, 0x9E, 0xBD, 0x9E, 0xBD, 0x9E, 0xBD, 0x9E, 0xBD, 0x9E, 0xBD, 0x9E, 0xBD, 0x9E, 0xBD,
    0x9E, 0xBD, 0x9E, 0xBD, 0x9E, 0xBD, 0x9E, 0xBD, 0x9E, 0xBD, 0x9E, 0xBD, 0x9E, 0xBD, 0x9E, 0xBD, 0x9E, 0xBD, 0x9E, 0xBD, 0x9E, 0xBD, 0x9E, 0xBD,
    0x9E, 0xBD, 0x9E, 0xBD, 0x9E, 0xBD, 0x9E, 0xBD, 0x9E, 0xBD, 0x9E, 0xBD, 0x9E, 0xBD, 0x9E, 0xBD, 0x9E, 0xBD, 0x9E, 0xBD, 0x9E, 0xBD, 0x9E, 0xBD,
    0x9E, 0xBD, 0x9E, 0xBD, 0x9E, 0xBD, 0x9E, 0xBD, 0x9E, 0xBD, 0x9E, 0xBD, 0x9E, 0xBD, 0x9E, 0xBD, 0x9E, 0xBD, 0x9E, 0xBD, 0x9E, 0xBD, 0x9E, 0xBD,
    0x9E, 0xBD, 0x9E, 0xBD, 0x9E, 0xBD, 0x9E, 0xBD, 0x9E, 0xBD, 0x9E, 0xBD, 0x9E, 0xBD, 0x9E, 0xBD, 0x9E, 0xBD, 0x9E, 0xBD, 0x9E, 0xBD, 0x9E, 0xBD,
    0x9E, 0xBD, 0x9E, 0xBD, 0x9E, 0xBD, 0x9E, 0xBD, 0x9E, 0xBD, 0x9E, 0xBD, 0x9E, 0xBD, 0x9E, 0xBD, 0x9E, 0xBD, 0x9E, 0xBD, 0x9E, 0xBD, 0x9E, 0xBD,
    0x9E, 0xBD, 0x9E, 0xBD, 0x9E, 0xBD, 0x9E, 0xBD, 0x9E, 0xBD, 0x9E, 0xBD, 0x9E, 0xBD, 0x9E, 0xBD, 0x9E, 0xBD, 0x9E, 0xBD, 0x9E, 0xBD, 0x9E, 0xBD,
    0x9E, 0xBD, 0x9E, 0xBD, 0x9E, 0xBD, 0x9E, 0xBD, 0x9E, 0xBD, 0x9E, 0xBD, 0x9E, 0xBD, 0x9E, 0xBD, 0x9E, 0xBD, 0x9E, 0xBD, 0x9E, 0xBD, 0x9E, 0xBD,
    0x9E, 0xBD, 0x9E, 0xBD, 0x9E, 0xBD, 0x9E, 0xBD, 0x9E, 0xBD, 0x9E, 0xBD, 0x9E, 0xBD, 0x9E, 0xBD, 0x9E, 0xBD, 0x9E, 0xBD, 0x9E, 0xBD, 0x9E, 0xBD,
    0x9E, 0xBD, 0x9E, 0xBD, 0x9E, 0xBD, 0x9E, 0xBD, 0x9E, 0xBD, 0x9E, 0xBD, 0x9E, 0xBD, 0x9E, 0xBD, 0x9E, 0xBD, 0x9E, 0xBD, 0x9E, 0xBD, 0x9E, 0xBD,
    0x9E, 0xBD, 0x9E, 0xBD, 0x9E, 0xBD, 0x9E, 0xBD, 0x9E, 0xBD, 0x9E, 0xBD, 0x9E, 0xBD, 0x9E, 0xBD, 0x9E, 0xBD, 0x9E, 0xBD, 0x9E, 0xBD, 0x9E, 0xBD,
    0x9E, 0xBD, 0x9E, 0xBD, 0x9E, 0xBD, 0x9E, 0xBD, 0x9E, 0xBD, 0x9E, 0xBD, 0x9E, 0xBD, 0x9E, 0xBD, 0x9E, 0xBD, 0x9E, 0xBD, 0x9E, 0xBD, 0x9E, 0xBD,
    0x9E, 0xBD, 0x9E, 0xBD, 0x9E, 0xBD, 0x9E, 0xBD, 0x9E, 0xBD, 0x9E, 0xBD, 0x9E, 0xBD, 0x9E, 0xBD, 0x9E, 0xBD, 0x9E, 0xBD, 0x9E, 0xBD, 0x9E, 0xBD,
    0x9E, 0xBD, 0x9E, 0xBD, 0x9E, 0xBD, 0x9E, 0xBD, 0x9E, 0xBD, 0x9E, 0xBD, 0x9E, 0xBD, 0x9E, 0xBD, 0x9E, 0xBD, 0x9E, 0xBD, 0x9E, 0xBD, 0x9E, 0xBD,
    0x9E, 0xBD, 0x9E, 0xBD, 0x9E, 0xBD, 0x9E, 0xBD, 0x9E, 0xBD, 0x9E, 0xBD, 0x9E, 0xBD, 0x9E, 0xBD, 0x9E, 0xBD, 0x9E, 0xBD, 0x9E, 0xBD, 0x9E, 0xBD,
    0x9E, 0xBD, 0x9E, 0xBD, 0x9E, 0xBD, 0x9E, 0xBD, 0x9E, 0xBD, 0x9E, 0xBD, 0x9E, 0xBD, 0x9E, 0xBD, 0x9E, 0xBD, 0x9E, 0xBD, 0x9E, 0xBD, 0x9E, 0xBD,
    0x9E, 0xBD, 0x9E, 0xBD, 0x9E, 0xBD, 0x9E, 0xBD, 0x9E, 0xBD, 0x9E, 0xBD, 0x9E, 0xBD, 0x9E, 0xBD, 0x9E, 0xBD, 0x9E, 0xBD, 0x9E, 0xBD, 0x9E, 0xBD,
    0x9E, 0xBD, 0x9E, 0xBD, 0x9E, 0xBD, 0x9E, 0xBD, 0x9E, 0xBD, 0x9E, 0xBD, 0x9E, 0xBD, 0x9E, 0xBD, 0x9E, 0xBD, 0x9E, 0xBD, 0x9E, 0xBD, 0x9E, 0xBD,
    0x9E, 0xBD, 0x9E, 0xBD, 0x9E, 0xBD, 0x9E, 0xBD, 0x9E, 0xBD, 0x9E, 0xBD, 0x9E, 0xBD, 0x9E, 0xBD, 0x9E, 0xBD, 0x9E, 0xBD, 0x9E, 0xBD, 0x9E, 0xBD,
    0x9E, 0xBD, 0x9E, 0xBD, 0x9E, 0xBD, 0x9E, 0xBD, 0x9E, 0xBD, 0x9E, 0xBD, 0x9E, 0xBD, 0x9E, 0xBD, 0x9E, 0xBD, 0x9E, 0xBD, 0x9E, 0xBD, 0x9E, 0xBD,
    0x9E, 0xBD, 0x9E, 0xBD, 0x9E, 0xBD, 0x9E, 0xBD, 0x9E, 0xBD, 0x9E, 0xBD, 0x9E, 0xBD, 0x9E, 0xBD, 0x9E, 0xBD, 0x9E, 0xBD, 0x9E, 0xBD, 0x9E, 0xBD,
    0x9E, 0xBD, 0x9E, 0xBD, 0x9E, 0xBD, 0x9E, 0xBD, 0x9E, 0xBD, 0x9E, 0xBD, 0x9E, 0xBD, 0x9E, 0xBD, 0x9E, 0xBD, 0x9E, 0xBD, 0x9E, 0xBD, 0x9E, 0xBD,
    0x9E, 0xBD, 0x9E, 0xBD, 0x9E, 0xBD, 0x9E, 0xBD, 0x9E, 0xBD, 0x9E, 0xBD, 0x9E, 0xBD, 0x9E, 0xBD, 0x9E, 0xBD, 0x9E, 0xBD, 0x9E, 0xBD, 0x9E, 0xBD,
    0x9E, 0xBD, 0x9E, 0xBD, 0x9E, 0xBD, 0x9E, 0xBD, 0x9E, 0xBD, 0x9E, 0xBD, 0x9E, 0xBD, 0x9E, 0xBD, 0x9E, 0xBD, 0x9E, 0xBD, 0x9E, 0xBD, 0x9E, 0xBD,
    0x9E, 0xBD, 0x9E, 0xBD, 0x9E, 0xBD, 0x9E, 0xBD, 0x9E, 0xBD, 0x9E, 0xBD, 0x9E, 0xBD, 0x9E, 0xBD, 0x9E, 0xBD, 0x9E, 0xBD, 0x9E, 0xBD, 0x9E, 0xBD,
    0x9E, 0xBD, 0x9E, 0xBD, 0x9E, 0xBD, 0x9E, 0xBD, 0x9E, 0xBD, 0x9E, 0xBD, 0x9E, 0xBD, 0x9E, 0xBD, 0x9E, 0xBD, 0x9E, 0xBD, 0x9E, 0xBD, 0x9E, 0xBD,
    0x9E, 0xBD, 0x9E, 0xBD, 0x9E, 0xBD, 0x9E, 0xBD, 0x9E, 0xBD, 0x9E, 0xBD, 0x9E, 0xBD, 0x9E, 0xBD, 0x9E, 0xBD, 0x9E, 0xBD, 0x9E, 0xBD, 0x9E, 0xBD,
    0x9E, 0xBD, 0x9E, 0xBD, 0x9E, 0xBD, 0x9E, 0xBD, 0x9E, 0xBD, 0x9E, 0xBD, 0x9E, 0xBD, 0x9E, 0xBD, 0x9E, 0xBD, 0x9E, 0xBD, 0x9E, 0xBD, 0x9E, 0xBD,
    0x9E, 0xBD, 0x9E, 0xBD, 0x9E, 0xBD, 0x9E, 0xBD, 0x9E, 0xBD, 0x9E, 0xBD, 0x9E, 0xBD, 0x9E, 0xBD, 0x9E, 0xBD, 0x9E, 0xBD, 0x9E, 0xBD, 0x9E, 0xBD,
    0x9E, 0xBD, 0x9E, 0xBD, 0x9E, 0xBD, 0x9E, 0xBD, 0x9E, 0xBD, 0x9E, 0xBD, 0x9E, 0xBD, 0x9E, 0xBD, 0x9E, 0xBD, 0x9E, 0xBD, 0x9E, 0xBD, 0x9E, 0xBD,
    0x9E, 0xBD, 0x9E, 0xBD, 0x9E, 0xBD, 0x9E, 0xBD, 0x9E, 0xBD, 0x9E, 0xBD, 0x9E, 0xBD, 0x9E, 0xBD, 0x9E, 0xBD, 0x9E, 0xBD, 0x9E, 0xBD, 0x9E, 0xBD,
    0x9E, 0xBD, 0x9E, 0xBD, 0x9E, 0xBD, 0x9E, 0xBD, 0x9E, 0xBD, 0x9E, 0xBD, 0x9E, 0xBD, 0x9E, 0xBD, 0x9E, 0xBD, 0x9E, 0xBD, 0x9E, 0xBD, 0x9E, 0xBD,
    0x9E, 0xBD, 0x9E, 0xBD, 0x9E, 0xBD, 0x9E, 0xBD, 0x9E, 0xBD, 0x9E, 0xBD, 0x9E, 0xBD, 0x9E, 0xBD, 0x9E, 0xBD, 0x9E, 0xBD, 0x9E, 0xBD, 0x9E, 0xBD,
    0x9E, 0xBD, 0x9E, 0xBD, 0x9E, 0xBD, 0x9E, 0xBD, 0x9E, 0xBD, 0x9E, 0xBD, 0x9E, 0xBD, 0x9E, 0xBD, 0x9E, 0xBD, 0x9E, 0xBD, 0x9E, 0xBD, 0x9E, 0xBD,
    0x9E, 0xBD, 0x9E, 0xBD, 0x9E, 0xBD, 0x9E, 0xBD, 0x9E, 0xBD, 0x9E, 0xBD, 0x9E, 0xBD, 0x9E, 0xBD, 0x9E, 0xBD, 0x9E, 0xBD, 0x9E, 0xBD, 0x9E, 0xBD,
    0x9E, 0xBD, 0x9E, 0xBD, 0x9E, 0xBD, 0x9E, 0xBD, 0x9E, 0xBD, 0x9E, 0xBD, 0x9E, 0xBD, 0x9E, 0xBD, 0x9E, 0xBD, 0x9E, 0xBD, 0x9E, 0xBD, 0x9E, 0xBD,
    0x9E, 0xBD, 0x9E, 0xBD, 0x9E, 0xBD, 0x9E, 0xBD, 0x9E, 0xBD, 0x9E, 0xBD, 0x9E, 0xBD, 0x9E, 0xBD, 0x9E, 0xBD, 0x9E, 0xBD, 0x9E, 0xBD, 0x9E, 0xBD,
    0x9E, 0xBD, 0x9E, 0xBD, 0x9E, 0xBD, 0x9E, 0xBD, 0x9E, 0xBD, 0x9E, 0xBD, 0x9E, 0xBD, 0x9E, 0xBD, 0x9E, 0xBD, 0x9E, 0xBD, 0x9E, 0xBD, 0x9E, 0xBD,
    0x9E, 0xBD, 0x9E, 0xBD, 0x9E, 0xBD, 0x9E, 0xBD, 0x9E, 0xBD, 0x9E, 0xBD, 0x9E, 0xBD, 0x9E, 0xBD, 0x9E, 0xBD, 0x9E, 0xBD, 0x9E, 0xBD, 0x9E, 0xBD,
    0x9E, 0xBD, 0x9E, 0xBD, 0x9E, 0xBD, 0x9E, 0xBD, 0x9E, 0xBD, 0x9E, 0xBD, 0x9E, 0xBD, 0x9E, 0xBD, 0x9E, 0xBD, 0x9E, 0xBD, 0x9E, 0xBD, 0x9E, 0xBD,
    0x9E, 0xBD, 0x9E, 0xBD, 0x9E, 0xBD, 0x9E, 0xBD, 0x9E, 0xBD, 0x9E, 0xBD, 0x9E, 0xBD, 0x9E, 0xBD, 0x9E, 0xBD, 0x9E, 0xBD, 0x9E, 0xBD, 0x9E, 0xBD,
    0x9E, 0xBD, 0x9E, 0xBD, 0x9E, 0xBD, 0x9E, 0xBD, 0x9E, 0xBD, 0x9E, 0xBD, 0x9E, 0xBD, 0x9E, 0xBD, 0x9E, 0xBD, 0x9E, 0xBD, 0x9E, 0xBD, 0x9E, 0xBD,
    0x9E, 0xBD, 0x9E, 0xBD, 0x9E, 0xBD, 0x9E, 0xBD, 0x9E, 0xBD, 0x9E, 0xBD, 0x9E, 0xBD, 0x9E, 0xBD, 0x9E, 0xBD, 0x9E, 0xBD, 0x9E, 0xBD, 0x9E, 0xBD,
    0x9E, 0xBD, 0x9E, 0xBD, 0x9E, 0xBD, 0x9E, 0xBD, 0x9E, 0xBD, 0x9E, 0xBD, 0x9E, 0xBD, 0x9E, 0xBD, 0x9E, 0xBD, 0x9E, 0xBD, 0x9E, 0xBD, 0x9E, 0xBD,
    0x9E, 0xBD, 0x9E, 0xBD, 0x9E, 0xBD, 0x9E, 0xBD, 0x9E, 0xBD, 0x9E, 0xBD, 0x9E, 0xBD, 0x9E, 0xBD, 0x9E, 0xBD, 0x9E, 0xBD, 0x9E, 0xBD, 0x9E, 0xBD,
    0x9E, 0xBD, 0x9E, 0xBD, 0x9E, 0xBD, 0x9E, 0xBD, 0x9E, 0xBD, 0x9E, 0xBD, 0x9E, 0xBD, 0x9E, 0xBD, 0x9E, 0xBD, 0x9E, 0xBD, 0x9E, 0xBD, 0x9E, 0xBD,
    0x9E, 0xBD, 0x9E, 0xBD, 0x9E, 0xBD, 0x9E, 0xBD, 0x9E, 0xBD, 0x9E, 0xBD, 0x9E, 0xBD, 0x9E, 0xBD, 0x9E, 0xBD, 0x9E, 0xBD, 0x9E, 0xBD, 0x9E, 0xBD,
    0x9E, 0xBD, 0x9E, 0xBD, 0x9E, 0xBD, 0x9E, 0xBD, 0x9E, 0xBD, 0x9E, 0xBD, 0x9E, 0xBD, 0x9E, 0xBD, 0x9E, 0xBD, 0x9E, 0xBD, 0x9E, 0xBD, 0x9E, 0xBD,
    0x9E, 0xBD, 0x9E, 0xBD, 0x9E, 0xBD, 0x9E, 0xBD, 0x9E, 0xBD, 0x9E, 0xBD, 0x9E, 0xBD, 0x9E, 0xBD, 0x9E, 0xBD, 0x9E, 0xBD, 0x9E, 0xBD, 0x9E, 0xBD,
    0x9E, 0xBD, 0x9E, 0xBD, 0x9E, 0xBD, 0x9E, 0xBD, 0x9E, 0xBD, 0x9E, 0xBD, 0x9E, 0xBD, 0x9E, 0xBD, 0x9E, 0xBD, 0x9E, 0xBD, 0x9E, 0xBD, 0x9E, 0xBD,
    0x9E, 0xBD, 0x9E, 0xBD, 0x9E, 0xBD, 0x9E, 0xBD, 0x9E, 0xBD, 0x9E, 0xBD, 0x9E, 0xBD, 0x9E, 0xBD, 0x9E, 0xBD, 0x9E, 0xBD, 0x9E, 0xBD, 0x9E, 0xBD,
    0x9E, 0xBD, 0x9E, 0xBD, 0x9E, 0xBD, 0x9E, 0xBD, 0x9E, 0xBD, 0x9E, 0xBD, 0x9E, 0xBD, 0x9E, 0xBD, 0x9E, 0xBD, 0x9E, 0xBD, 0x9E, 0xBD, 0x9E, 0xBD,
    0x9E, 0xBD, 0x9E, 0xBD, 0x9E, 0xBD, 0x9E, 0xBD, 0x9E, 0xBD, 0x9E, 0xBD, 0x9E, 0xBD, 0x9E, 0xBD, 0x9E, 0xBD, 0x9E, 0xBD, 0x9E, 0xBD, 0x9E, 0xBD,
    0x9E, 0xBD, 0x9E, 0xBD, 0x9E, 0xBD, 0x9E, 0xBD, 0x9E, 0xBD, 0x9E, 0xBD, 0x9E, 0xBD, 0x9E, 0xBD, 0x9E, 0xBD, 0x9E, 0xBD, 0x9E, 0xBD, 0x9E, 0xBD,
    0x9E, 0xBD, 0x9E, 0xBD, 0x9E, 0xBD, 0x9E, 0xBD, 0x9E, 0xBD, 0x9E, 0xBD, 0x9E, 0xBD, 0x9E, 0xBD, 0x9E, 0xBD, 0x9E, 0xBD, 0x9E, 0xBD, 0x9E, 0xBD,
    0x9E, 0xBD, 0x9E, 0xBD, 0x9E, 0xBD, 0x9E, 0xBD, 0x9E, 0xBD, 0x9E, 0xBD, 0x9E, 0xBD, 0x9E, 0xBD, 0x9E, 0xBD, 0x9E, 0xBD, 0x9E, 0xBD, 0x9E, 0xBD,
    0x9E, 0xBD, 0x9E, 0xBD, 0x9E, 0xBD, 0x9E, 0xBD, 0x9E, 0xBD, 0x9E, 0xBD, 0x9E, 0xBD, 0x9E, 0xBD, 0x9E, 0xBD, 0x9E, 0xBD, 0x9E, 0xBD, 0x9E, 0xBD,
    0x9E, 0xBD, 0x9E, 0xBD, 0x9E, 0xBD, 0x9E, 0xBD, 0x9E, 0xBD, 0x9E, 0xBD, 0x9E, 0xBD, 0x9E, 0xBD, 0x9E, 0xBD, 0x9E, 0xBD, 0x9E, 0xBD, 0x9E, 0xBD,
    0x9E, 0xBD, 0x9E, 0xBD, 0x9E, 0xBD, 0x9E, 0xBD, 0x9E, 0xBD, 0x9E, 0xBD, 0x9E, 0xBD, 0x9E, 0xBD, 0x9E, 0xBD, 0x9E, 0xBD, 0x9E, 0xBD, 0x9E, 0xBD,
    0x9E, 0xBD, 0x9E, 0xBD, 0x9E, 0xBD, 0x9E, 0xBD, 0x9E, 0xBD, 0x9E, 0xBD, 0x9E, 0xBD, 0x9E, 0xBD, 0x9E, 0xBD, 0x9E, 0xBD, 0x9E, 0xBD, 0x9E, 0xBD,
    0x9E, 0xBD, 0x9E, 0xBD, 0x9E, 0xBD, 0x9E, 0xBD, 0x9E, 0xBD, 0x9E, 0xBD, 0x9E, 0xBD, 0x9E, 0xBD, 0x9E, 0xBD, 0x9E, 0xBD, 0x9E, 0xBD, 0x9E, 0xBD,
    0x9E, 0xBD, 0x9E, 0xBD, 0x9E, 0xBD, 0x9E, 0xBD, 0x9E, 0xBD, 0x9E, 0xBD, 0x9E, 0xBD, 0x9E, 0xBD, 0x9E, 0xBD, 0x9E, 0xBD, 0x9E, 0xBD, 0x9E, 0xBD,
    0x9E, 0xBD, 0x9E, 0xBD, 0x9E, 0xBD, 0x9E, 0xBD, 0x9E, 0xBD, 0x9E, 0xBD, 0x9E, 0xBD, 0x9E, 0xBD, 0x9E, 0xBD, 0x9E, 0xBD, 0x9E, 0xBD, 0x9E, 0xBD,
    0x9E, 0xBD, 0x9E, 0xBD, 0x9E, 0xBD, 0x9E, 0xBD, 0x9E, 0xBD, 0x9E, 0xBD, 0x9E, 0xBD, 0x9E, 0xBD, 0x9E, 0xBD, 0x9E, 0xBD, 0x9E, 0xBD, 0x9E, 0xBD,
    0x9E, 0xBD, 0x9E, 0xBD, 0x9E, 0xBD, 0x9E, 0xBD, 0x9E, 0xBD, 0x9E, 0xBD, 0x9E, 0xBD, 0x9E, 0xBD, 0x9E, 0xBD, 0x9E, 0xBD, 0x9E, 0xBD, 0x9E, 0xBD,
    0x9E, 0xBD, 0x9E, 0xBD, 0x9E, 0xBD, 0x9E, 0xBD, 0x9E, 0xBD, 0x9E, 0xBD, 0x9E, 0xBD, 0x9E, 0xBD, 0x9E, 0xBD, 0x9E, 0xBD, 0x9E, 0xBD, 0x9E, 0xBD,
    0x9E, 0xBD, 0x9E, 0xBD, 0x9E, 0xBD, 0x9E, 0xBD, 0x9E, 0xBD, 0x9E, 0xBD, 0x9E, 0xBD, 0x9E, 0xBD, 0x9E, 0xBD, 0x9E, 0xBD, 0x9E, 0xBD, 0x9E, 0xBD,
    0x9E, 0xBD, 0x9E, 0xBD, 0x9E, 0xBD, 0x9E, 0xBD, 0x9E, 0xBD, 0x9E, 0xBD, 0x9E, 0xBD, 0x9E, 0xBD, 0x9E, 0xBD, 0x9E, 0xBD, 0x9E, 0xBD, 0x9E, 0xBD,
    0x9E, 0xBD, 0x9E, 0xBD, 0x9E, 0xBD, 0x9E, 0xBD, 0x9E, 0xBD, 0x9E, 0xBD, 0x9E, 0xBD, 0x9E, 0xBD, 0x9E, 0xBD, 0x9E, 0xBD, 0x9E, 0xBD, 0x9E, 0xBD,
    0x9E, 0xBD, 0x9E, 0xBD, 0x9E, 0xBD, 0x9E, 0xBD, 0x9E, 0xBD, 0x9E, 0xBD, 0x9E, 0xBD, 0x9E, 0xBD, 0x9E, 0xBD, 0x9E, 0xBD, 0x9E, 0xBD, 0x9E, 0xBD,
    0x9E, 0xBD, 0x9E, 0xBD, 0x9E, 0xBD, 0x9E, 0xBD, 0x9E, 0xBD, 0x9E, 0xBD, 0x9E, 0xBD, 0x9E, 0xBD, 0x9E, 0xBD, 0x9E, 0xBD, 0x9E, 0xBD, 0x9E, 0xBD,
    0x9E, 0xBD, 0x9E, 0xBD, 0x9E, 0xBD, 0x9E, 0xBD, 0x9E, 0xBD, 0x9E, 0xBD, 0x9E, 0xBD, 0x9E, 0xBD, 0x9E, 0xBD, 0x9E, 0xBD, 0x9E, 0xBD, 0x9E, 0xBD,
    0x9E, 0xBD, 0x9E, 0xBD, 0x9E, 0xBD, 0x9E, 0xBD, 0x9E, 0xBD, 0x9E, 0xBD, 0x9E, 0xBD, 0x9E, 0xBD, 0x9E, 0xBD, 0x9E, 0xBD, 0x9E, 0xBD, 0x9E, 0xBD,
    0x9E, 0xBD, 0x9E, 0xBD, 0x9E, 0xBD, 0x9E, 0xBD, 0x9E, 0xBD, 0x9E, 0xBD, 0x9E, 0xBD, 0x9E, 0xBD, 0x9E, 0xBD, 0x9E, 0xBD, 0x9E, 0xBD, 0x9E, 0xBD,
    0x9E, 0xBD, 0x9E, 0xBD, 0x9E, 0xBD, 0x9E, 0xBD, 0x9E, 0xBD, 0x9E, 0xBD, 0x9E, 0xBD, 0x9E, 0xBD, 0x9E, 0xBD, 0x9E, 0xBD, 0x9E, 0xBD, 0x9E, 0xBD,
    0x9E, 0xBD, 0x9E, 0xBD, 0x9E, 0xBD, 0x9E, 0xBD, 0x9E, 0xBD, 0x9E, 0xBD, 0x9E, 0xBD, 0x9E, 0xBD, 0x9E, 0xBD, 0x9E, 0xBD, 0x9E, 0xBD, 0x9E, 0xBD,
    0x9E, 0xBD, 0x9E, 0xBD, 0x9E, 0xBD, 0x9E, 0xBD, 0x9E, 0xBD, 0x9E, 0xBD, 0x9E, 0xBD, 0x9E, 0xBD, 0x9E, 0xBD, 0x9E, 0xBD, 0x9E, 0xBD, 0x9E, 0xBD,
    0x9E, 0xBD, 0x9E, 0xBD, 0x9E, 0xBD, 0x9E, 0xBD, 0x9E, 0xBD, 0x9E, 0xBD, 0x9E, 0xBD, 0x9E, 0xBD, 0x9E, 0xBD, 0x9E, 0xBD, 0x9E, 0xBD, 0x9E, 0xBD,
    0x9E, 0xBD, 0x9E, 0xBD, 0x9E, 0xBD, 0x9E, 0xBD, 0x9E, 0xBD, 0x9E, 0xBD, 0x9E, 0xBD, 0x9E, 0xBD, 0x9E, 0xBD, 0x9E, 0xBD, 0x9E, 0xBD, 0x9E, 0xBD,
    0x9E, 0xBD, 0x9E, 0xBD, 0x9E, 0xBD, 0x9E, 0xBD, 0x9E, 0xBD, 0x9E, 0xBD, 0x9E, 0xBD, 0x9E, 0xBD, 0x9E, 0xBD, 0x9E, 0xBD, 0x9E, 0xBD, 0x9E, 0xBD,
    0x9E, 0xBD, 0x9E, 0xBD, 0x9E, 0xBD, 0x9E, 0xBD, 0x9E, 0xBD, 0x9E, 0xBD, 0x9E, 0xBD, 0x9E, 0xBD, 0x9E, 0xBD, 0x9E, 0xBD, 0x9E, 0xBD, 0x9E, 0xBD,
    0x9E, 0xBD, 0x9E, 0xBD, 0x9E, 0xBD, 0x9E, 0xBD, 0x9E, 0xBD, 0x9E, 0xBD, 0x9E, 0xBD, 0x9E, 0xBD, 0x9E, 0xBD, 0x9E, 0xBD, 0x9E, 0xBD, 0x9E, 0xBD,
    0x9E, 0xBD, 0x9E, 0xBD, 0x9E, 0xBD, 0x9E, 0xBD, 0x9E, 0xBD, 0x9E, 0xBD, 0x9E, 0xBD, 0x9E, 0xBD, 0x9E, 0xBD, 0x9E, 0xBD, 0x9E, 0xBD, 0x9E, 0xBD,
    0x9E, 0xBD, 0x9E, 0xBD, 0x9E, 0xBD, 0x9E, 0xBD, 0x9E, 0xBD, 0x9E, 0xBD, 0x9E, 0xBD, 0x9E, 0xBD, 0x9E, 0xBD, 0x9E, 0xBD, 0x9E, 0xBD, 0x9E, 0xBD,
    0x9E, 0xBD, 0x9E, 0xBD, 0x9E, 0xBD, 0x9E, 0xBD, 0x9E, 0xBD, 0x9E, 0xBD, 0x9E, 0xBD, 0x9E, 0xBD, 0x9E, 0xBD, 0x9E, 0xBD, 0x9E, 0xBD, 0x9E, 0xBD,
    0x9E, 0xBD, 0x9E, 0xBD, 0x9E, 0xBD, 0x9E, 0xBD, 0x9E, 0xBD, 0x9E, 0xBD, 0x9E, 0xBD, 0x9E, 0xBD, 0x9E, 0xBD, 0x9E, 0xBD, 0x9E, 0xBD, 0x9E, 0xBD,
    0x9E, 0xBD, 0x9E, 0xBD, 0x9E, 0xBD, 0x9E, 0xBD, 0x9E, 0xBD, 0x9E, 0xBD, 0x9E, 0xBD, 0x9E, 0xBD, 0x9E, 0xBD, 0x9E, 0xBD, 0x9E, 0xBD, 0x9E, 0xBD,
    0x9E, 0xBD, 0x9E, 0xBD, 0x9E, 0xBD, 0x9E, 0xBD, 0x9E, 0xBD, 0x9E, 0xBD, 0x9E, 0xBD, 0x9E, 0xBD, 0x9E, 0xBD, 0x9E, 0xBD, 0x9E, 0xBD, 0x9E, 0xBD,
    0x9E, 0xBD, 0x9E, 0xBD, 0x9E, 0xBD, 0x9E, 0xBD, 0x9E, 0xBD, 0x9E, 0xBD, 0x9E, 0xBD, 0x9E, 0xBD, 0x9E, 0xBD, 0x9E, 0xBD, 0x9E, 0xBD, 0x9E, 0xBD,
    0x9E, 0xBD, 0x9E, 0xBD, 0x9E, 0xBD, 0x9E, 0xBD, 0x9E, 0xBD, 0x9E, 0xBD, 0x9E, 0xBD, 0x9E, 0xBD, 0x9E, 0xBD, 0x9E, 0xBD, 0x9E, 0xBD, 0x9E, 0xBD,
    0x9E, 0xBD, 0x9E, 0xBD, 0x9E, 0xBD, 0x9E, 0xBD, 0x9E, 0xBD, 0x9E, 0xBD, 0x9E, 0xBD, 0x9E, 0xBD, 0x9E, 0xBD, 0x9E, 0xBD, 0x9E, 0xBD, 0x9E, 0xBD,
    0x9E, 0xBD, 0x9E, 0xBD, 0x9E, 0xBD, 0x9E, 0xBD, 0x9E, 0xBD, 0x9E, 0xBD, 0x9E, 0xBD, 0x9E, 0xBD, 0x9E, 0xBD, 0x9E, 0xBD, 0x9E, 0xBD, 0x9E, 0xBD,
    0x9E, 0xBD, 0x9E, 0xBD, 0x9E, 0xBD, 0x9E, 0xBD, 0x9E, 0xBD, 0x9E, 0xBD, 0x9E, 0xBD, 0x9E, 0xBD, 0x9E, 0xBD, 0x9E, 0xBD, 0x9E, 0xBD, 0x9E, 0xBD,
    0x9E, 0xBD, 0x9E, 0xBD, 0x9E, 0xBD, 0x9E, 0xBD, 0x9E, 0xBD, 0x9E, 0xBD, 0x9E, 0xBD, 0x9E, 0xBD, 0x9E, 0xBD, 0x9E, 0xBD, 0x9E, 0xBD, 0x9E, 0xBD,
    0x9E, 0xBD, 0x9E, 0xBD, 0x9E, 0xBD, 0x9E, 0xBD, 0x9E, 0xBD, 0x9E, 0xBD, 0x9E, 0xBD, 0x9E, 0xBD, 0x9E, 0xBD, 0x9E, 0xBD, 0x9E, 0xBD, 0x9E, 0xBD,
    0x9E, 0xBD, 0x9E, 0xBD, 0x9E, 0xBD, 0x9E, 0xBD, 0x9E, 0xBD, 0x9E, 0xBD, 0x9E, 0xBD, 0x9E, 0xBD, 0x9E, 0xBD, 0x9E, 0xBD, 0x9E, 0xBD, 0x9E, 0xBD,
    0x9E, 0xBD, 0x9E, 0xBD, 0x9E, 0xBD, 0x9E, 0xBD, 0x9E, 0xBD, 0x9E, 0xBD, 0x9E, 0xBD, 0x9E, 0xBD, 0x9E, 0xBD, 0x9E, 0xBD, 0x9E, 0xBD, 0x9E, 0xBD,
    0x9E, 0xBD, 0x9E, 0xBD, 0x9E, 0xBD, 0x9E, 0xBD, 0x9E, 0xBD, 0x9E, 0xBD, 0x9E, 0xBD, 0x9E, 0xBD, 0x9E, 0xBD, 0x9E, 0xBD, 0x9E, 0xBD, 0x9E, 0xBD,
    0x9E, 0xBD, 0x9E, 0xBD, 0x9E, 0xBD, 0x9E, 0xBD, 0x9E, 0xBD, 0x9E, 0xBD, 0x9E, 0xBD, 0x9E, 0xBD, 0x9E, 0xBD, 0x9E, 0xBD, 0x9E, 0xBD, 0x9E, 0xBD,
    0x9E, 0xBD, 0x9E, 0xBD, 0x9E, 0xBD, 0x9E, 0xBD, 0x9E, 0xBD, 0x9E, 0xBD, 0x9E, 0xBD, 0x9E, 0xBD, 0x9E, 0xBD, 0x9E, 0xBD, 0x9E, 0xBD, 0x9E, 0xBD,
    0x9E, 0xBD, 0x9E, 0xBD, 0x9E, 0xBD, 0x9E, 0xBD, 0x9E, 0xBD, 0x9E, 0xBD, 0x9E, 0xBD, 0x9E, 0xBD, 0x9E, 0xBD, 0x9E, 0xBD, 0x9E, 0xBD, 0x9E, 0xBD,
    0x9E, 0xBD, 0x9E, 0xBD, 0x9E, 0xBD, 0x9E, 0xBD, 0x9E, 0xBD, 0x9E, 0xBD, 0x9E, 0xBD, 0x9E, 0xBD, 0x9E, 0xBD, 0x9E, 0xBD, 0x9E, 0xBD, 0x9E, 0xBD,
    0x9E, 0xBD, 0x9E, 0xBD, 0x9E, 0xBD, 0x9E, 0xBD, 0x9E, 0xBD, 0x9E, 0xBD, 0x9E, 0xBD, 0x9E, 0xBD, 0x9E, 0xBD, 0x9E, 0xBD, 0x9E, 0xBD, 0x9E, 0xBD,
    0x9E, 0xBD, 0x9E, 0xBD, 0x9E, 0xBD, 0x9E, 0xBD, 0x9E, 0xBD, 0x9E, 0xBD, 0x9E, 0xBD, 0x9E, 0xBD, 0x9E, 0xBD, 0x9E, 0xBD, 0x9E, 0xBD, 0x9E, 0xBD,
    0x9E, 0xBD, 0x9E, 0xBD, 0x9E, 0xBD, 0x9E, 0xBD, 0x9E, 0xBD, 0x9E, 0xBD, 0x9E, 0xBD, 0x9E, 0xBD, 0x9E, 0xBD, 0x9E, 0xBD, 0x9E, 0xBD, 0x9E, 0xBD,
    0x9E, 0xBD, 0x9E, 0xBD, 0x9E, 0xBD, 0x9E, 0xBD, 0x9E, 0xBD, 0x9E, 0xBD, 0x9E, 0xBD, 0x9E, 0xBD, 0x9E, 0xBD, 0x9E, 0xBD, 0x9E, 0xBD, 0x9E, 0xBD,
    0x9E, 0xBD, 0x9E, 0xBD, 0x9E, 0xBD, 0x9E, 0xBD, 0x9E, 0xBD, 0x9E, 0xBD, 0x9E, 0xBD, 0x9E, 0xBD, 0x9E, 0xBD, 0x9E, 0xBD, 0x9E, 0xBD, 0x9E, 0xBD,
    0x9E, 0xBD, 0x9E, 0xBD, 0x9E, 0xBD, 0x9E, 0xBD, 0x9E, 0xBD, 0x9E, 0xBD, 0x9E, 0xBD, 0x9E, 0xBD, 0x9E, 0xBD, 0x9E, 0xBD, 0x9E, 0xBD, 0x9E, 0xBD,
    0x9E, 0xBD, 0x9E, 0xBD, 0x9E, 0xBD, 0x9E, 0xBD, 0x9E, 0xBD, 0x9E, 0xBD, 0x9E, 0xBD, 0x9E, 0xBD, 0x9E, 0xBD, 0x9E, 0xBD, 0x9E, 0xBD, 0x9E, 0xBD,
    0x9E, 0xBD, 0x9E, 0xBD, 0x9E, 0xBD, 0x9E, 0xBD, 0x9E, 0xBD, 0x9E, 0xBD, 0x9E, 0xBD, 0x9E, 0xBD, 0x9E, 0xBD, 0x9E, 0xBD, 0x9E, 0xBD, 0x9E, 0xBD,
    0x9E, 0xBD, 0x9E, 0xBD, 0x9E, 0xBD, 0x9E, 0xBD, 0x9E, 0xBD, 0x9E, 0xBD, 0x9E, 0xBD, 0x9E, 0xBD, 0x9E, 0xBD, 0x9E, 0xBD, 0x9E, 0xBD, 0x9E, 0xBD,
    0x9E, 0xBD, 0x9E, 0xBD, 0x9E, 0xBD, 0x9E, 0xBD, 0x9E, 0xBD, 0x9E, 0xBD, 0x9E, 0xBD, 0x9E, 0xBD, 0x9E, 0xBD, 0x9E, 0xBD, 0x9E, 0xBD, 0x9E, 0xBD,
    0x9E, 0xBD, 0x9E, 0xBD, 0x9E, 0xBD, 0x9E, 0xBD, 0x9E, 0xBD, 0x9E, 0xBD, 0x9E, 0xBD, 0x9E, 0xBD, 0x9E, 0xBD, 0x9E, 0xBD, 0x9E, 0xBD, 0x9E, 0xBD,
    0x9E, 0xBD, 0x9E, 0xBD, 0x9E, 0xBD, 0x9E, 0xBD, 0x9E, 0xBD, 0x9E, 0xBD, 0x9E, 0xBD, 0x9E, 0xBD, 0x9E, 0xBD, 0x9E, 0xBD, 0x9E, 0xBD, 0x9E, 0xBD,
    0x9E, 0xBD, 0x9E, 0xBD, 0x9E, 0xBD, 0x9E, 0xBD, 0x9E, 0xBD, 0x9E, 0xBD, 0x9E, 0xBD, 0x9E, 0xBD, 0x9E, 0xBD, 0x9E, 0xBD, 0x9E, 0xBD, 0x9E, 0xBD,
    0x9E, 0xBD, 0x9E, 0xBD, 0x9E, 0xBD, 0x9E, 0xBD, 0x9E, 0xBD, 0x9E, 0xBD, 0x9E, 0xBD, 0x9E, 0xBD, 0x9E, 0xBD, 0x9E, 0xBD, 0x9E, 0xBD, 0x9E, 0xBD,
    0x9E, 0xBD, 0x9E, 0xBD, 0x9E, 0xBD, 0x9E, 0xBD, 0x9E, 0xBD, 0x9E, 0xBD, 0x9E, 0xBD, 0x9E, 0xBD, 0x9E, 0xBD, 0x9E, 0xBD, 0x9E, 0xBD, 0x9E, 0xBD,
    0x9E, 0xBD, 0x9E, 0xBD, 0x9E, 0xBD, 0x9E, 0xBD, 0x9E, 0xBD, 0x9E, 0xBD, 0x9E, 0xBD, 0x9E, 0xBD, 0x9E, 0xBD, 0x9E, 0xBD, 0x9E, 0xBD, 0x9E, 0xBD,
    0x9E, 0xBD, 0x9E, 0xBD, 0x9E, 0xBD, 0x9E, 0xBD, 0x9E, 0xBD, 0x9E, 0xBD, 0x9E, 0xBD, 0x9E, 0xBD, 0x9E, 0xBD, 0x9E, 0xBD, 0x9E, 0xBD, 0x9E, 0xBD,
    0x9E, 0xBD, 0x9E, 0xBD, 0x9E, 0xBD, 0x9E, 0xBD, 0x9E, 0xBD, 0x9E, 0xBD, 0x9E, 0xBD, 0x9E, 0xBD, 0x9E, 0xBD, 0x9E, 0xBD, 0x9E, 0xBD, 0x9E, 0xBD,
    0x9E, 0xBD, 0x9E, 0xBD, 0x9E, 0xBD, 0x9E, 0xBD, 0x9E, 0xBD, 0x9E, 0xBD, 0x9E, 0xBD, 0x9E, 0xBD, 0x9E, 0xBD, 0x9E, 0xBD, 0x9E, 0xBD, 0x9E, 0xBD,
    0x9E, 0xBD, 0x9E, 0xBD, 0x9E, 0xBD, 0x9E, 0xBD, 0x9E, 0xBD, 0x9E, 0xBD, 0x9E, 0xBD, 0x9E, 0xBD, 0x9E, 0xBD, 0x9E, 0xBD, 0x9E, 0xBD, 0x9E, 0xBD,
    0x9E, 0xBD, 0x9E, 0xBD, 0x9E, 0xBD, 0x9E, 0xBD, 0x9E, 0xBD, 0x9E, 0xBD, 0x9E, 0xBD, 0x9E, 0xBD, 0x9E, 0xBD, 0x9E, 0xBD, 0x9E, 0xBD, 0x9E, 0xBD,
    0x9E, 0xBD, 0x9E, 0xBD, 0x9E, 0xBD, 0x9E, 0xBD, 0x9E, 0xBD, 0x9E, 0xBD, 0x9E, 0xBD, 0x9E, 0xBD, 0x9E, 0xBD, 0x9E, 0xBD, 0x9E, 0xBD, 0x9E, 0xBD,
    0x9E, 0xBD, 0x9E, 0xBD, 0x9E, 0xBD, 0x9E, 0xBD, 0x9E, 0xBD, 0x9E, 0xBD, 0x9E, 0xBD, 0x9E, 0xBD, 0x9E, 0xBD, 0x9E, 0xBD, 0x9E, 0xBD, 0x9E, 0xBD,
    0x9E, 0xBD, 0x9E, 0xBD, 0x9E, 0xBD, 0x9E, 0xBD, 0x9E, 0xBD, 0x9E, 0xBD, 0x9E, 0xBD, 0x9E, 0xBD, 0x9E, 0xBD, 0x9E, 0xBD, 0x9E, 0xBD, 0x9E, 0xBD,
    0x9E, 0xBD, 0x9E, 0xBD, 0x9E, 0xBD, 0x9E, 0xBD, 0x9E, 0xBD, 0x9E, 0xBD, 0x9E, 0xBD, 0x9E, 0xBD, 0x9E, 0xBD, 0x9E, 0xBD, 0x9E, 0xBD, 0x9E, 0xBD,
    0x9E, 0xBD, 0x9E, 0xBD, 0x9E, 0xBD, 0x9E, 0xBD, 0x9E, 0xBD, 0x9E, 0xBD, 0x9E, 0xBD, 0x9E, 0xBD, 0x9E, 0xBD, 0x9E, 0xBD, 0x9E, 0xBD, 0x9E, 0xBD,
    0x9E, 0xBD, 0x9E, 0xBD, 0x9E, 0xBD, 0x9E, 0xBD, 0x9E, 0xBD, 0x9E, 0xBD, 0x9E, 0xBD, 0x9E, 0xBD, 0x9E, 0xBD, 0x9E, 0xBD, 0x9E, 0xBD, 0x9E, 0xBD,
    0x9E, 0xBD, 0x9E, 0xBD, 0x9E, 0xBD, 0x9E, 0xBD, 0x9E, 0xBD, 0x9E, 0xBD, 0x9E, 0xBD, 0x9E, 0xBD, 0x9E, 0xBD, 0x9E, 0xBD, 0x9E, 0xBD, 0x9E, 0xBD,
    0x9E, 0xBD, 0x9E, 0xBD, 0x9E, 0xBD, 0x9E, 0xBD, 0x9E, 0xBD, 0x9E, 0xBD, 0x9E, 0xBD, 0x9E, 0xBD, 0x9E, 0xBD, 0x9E, 0xBD, 0x9E, 0xBD, 0x9E, 0xBD,
    0x9E, 0xBD, 0x9E, 0xBD, 0x9E, 0xBD, 0x9E, 0xBD, 0x9E, 0xBD, 0x9E, 0xBD, 0x9E, 0xBD, 0x9E, 0xBD, 0x9E, 0xBD, 0x9E, 0xBD, 0x9E, 0xBD, 0x9E, 0xBD,
    0x9E, 0xBD, 0x9E, 0xBD, 0x9E, 0xBD, 0x9E, 0xBD, 0x9E, 0xBD, 0x9E, 0xBD, 0x9E, 0xBD, 0x9E, 0xBD, 0x9E, 0xBD, 0x9E, 0xBD, 0x9E, 0xBD, 0x9E, 0xBD,
    0x9E, 0xBD, 0x9E, 0xBD, 0x9E, 0xBD, 0x9E, 0xBD, 0x9E, 0xBD, 0x9E, 0xBD, 0x9E, 0xBD, 0x9E, 0xBD, 0x9E, 0xBD, 0x9E, 0xBD, 0x9E, 0xBD, 0x9E, 0xBD,
    0x9E, 0xBD, 0x9E, 0xBD, 0x9E, 0xBD, 0x9E, 0xBD, 0x9E, 0xBD, 0x9E, 0xBD, 0x9E, 0xBD, 0x9E, 0xBD, 0x9E, 0xBD, 0x9E, 0xBD, 0x9E, 0xBD, 0x9E, 0xBD,
    0x9E, 0xBD, 0x9E, 0xBD, 0x9E, 0xBD, 0x9E, 0xBD, 0x9E, 0xBD, 0x9E, 0xBD, 0x9E, 0xBD, 0x9E, 0xBD, 0x9E, 0xBD, 0x9E, 0xBD, 0x9E, 0xBD, 0x9E, 0xBD,
    0x9E, 0xBD, 0x9E, 0xBD, 0x9E, 0xBD, 0x9E, 0xBD, 0x9E, 0xBD, 0x9E, 0xBD, 0x9E, 0xBD, 0x9E, 0xBD, 0x9E, 0xBD, 0x9E, 0xBD, 0x9E, 0xBD, 0x9E, 0xBD,
    0x9E, 0xBD, 0x9E, 0xBD, 0x9E, 0xBD, 0x9E, 0xBD, 0x9E, 0xBD, 0x9E, 0xBD, 0x9E, 0xBD, 0x9E, 0xBD, 0x9E, 0xBD, 0x9E, 0xBD, 0x9E, 0xBD, 0x9E, 0xBD,
    0x9E, 0xBD, 0x9E, 0xBD, 0x9E, 0xBD, 0x9E, 0xBD, 0x9E, 0xBD, 0x9E, 0xBD, 0x9E, 0xBD, 0x9E, 0xBD, 0x9E, 0xBD, 0x9E, 0xBD, 0x9E, 0xBD, 0x9E, 0xBD,
    0x9E, 0xBD, 0x9E, 0xBD, 0x9E, 0xBD, 0x9E, 0xBD, 0x9E, 0xBD, 0x9E, 0xBD, 0x9E, 0xBD, 0x9E, 0xBD, 0x9E, 0xBD, 0x9E, 0xBD, 0x9E, 0xBD, 0x9E, 0xBD,
    0x9E, 0xBD, 0x9E, 0xBD, 0x9E, 0xBD, 0x9E, 0xBD, 0x9E, 0xBD, 0x9E, 0xBD, 0x9E, 0xBD, 0x9E, 0xBD, 0x9E, 0xBD, 0x9E, 0xBD, 0x9E, 0xBD, 0x9E, 0xBD,
    0x9E, 0xBD, 0x9E, 0xBD, 0x9E, 0xBD, 0x9E, 0xBD, 0x9E, 0xBD, 0x9E, 0xBD, 0x9E, 0xBD, 0x9E, 0xBD, 0x9E, 0xBD, 0x9E, 0xBD, 0x9E, 0xBD, 0x9E, 0xBD,
    0x9E, 0xBD, 0x9E, 0xBD, 0x9E, 0xBD, 0x9E, 0xBD, 0x9E, 0xBD, 0x9E, 0xBD, 0x9E, 0xBD, 0x9E, 0xBD, 0x9E, 0xBD, 0x9E, 0xBD, 0x9E, 0xBD, 0x9E, 0xBD,
    0x9E, 0xBD, 0x9E, 0xBD, 0x9E, 0xBD, 0x9E, 0xBD, 0x9E, 0xBD, 0x9E, 0xBD, 0x9E, 0xBD, 0x9E, 0xBD, 0x9E, 0xBD, 0x9E, 0xBD, 0x9E, 0xBD, 0x9E, 0xBD,
    0x9E, 0xBD, 0x9E, 0xBD, 0x9E, 0xBD, 0x9E, 0xBD, 0x9E, 0xBD, 0x9E, 0xBD, 0x9E, 0xBD, 0x9E, 0xBD, 0x9E, 0xBD, 0x9E, 0xBD, 0x9E, 0xBD, 0x9E, 0xBD,
    0x9E, 0xBD, 0x9E, 0xBD, 0x9E, 0xBD, 0x9E, 0xBD, 0x9E, 0xBD, 0x9E, 0xBD, 0x9E, 0xBD, 0x9E, 0xBD, 0x9E, 0xBD, 0x9E, 0xBD, 0x9E, 0xBD, 0x9E, 0xBD,
    0x9E, 0xBD, 0x9E, 0xBD, 0x9E, 0xBD, 0x9E, 0xBD, 0x9E, 0xBD, 0x9E, 0xBD, 0x9E, 0xBD, 0x9E, 0xBD, 0x9E, 0xBD, 0x9E, 0xBD, 0x9E, 0xBD, 0x9E, 0xBD,
    0x9E, 0xBD, 0x9E, 0xBD, 0x9E, 0xBD, 0x9E, 0xBD, 0x9E, 0xBD, 0x9E, 0xBD, 0x9E, 0xBD, 0x9E, 0xBD, 0x9E, 0xBD, 0x9E, 0xBD, 0x9E, 0xBD, 0x9E, 0xBD,
    0x9E, 0xBD, 0x9E, 0xBD, 0x9E, 0xBD, 0x9E, 0xBD, 0x9E, 0xBD, 0x9E, 0xBD, 0x9E, 0xBD, 0x9E, 0xBD, 0x9E, 0xBD, 0x9E, 0xBD, 0x9E, 0xBD, 0x9E, 0xBD,
    0x9E, 0xBD, 0x9E, 0xBD, 0x9E, 0xBD, 0x9E, 0xBD, 0x9E, 0xBD, 0x9E, 0xBD, 0x9E, 0xBD, 0x9E, 0xBD, 0x9E, 0xBD, 0x9E, 0xBD, 0x9E, 0xBD, 0x9E, 0xBD,
    0x9E, 0xBD, 0x9E, 0xBD, 0x9E, 0xBD, 0x9E, 0xBD, 0x9E, 0xBD, 0x9E, 0xBD, 0x9E, 0xBD, 0x9E, 0xBD, 0x9E, 0xBD, 0x9E, 0xBD, 0x9E, 0xBD, 0x9E, 0xBD,
    0x9E, 0xBD, 0x9E, 0xBD, 0x9E, 0xBD, 0x9E, 0xBD, 0x9E, 0xBD, 0x9E, 0xBD, 0x9E, 0xBD, 0x9E, 0xBD, 0x9E, 0xBD, 0x9E, 0xBD, 0x9E, 0xBD, 0x9E, 0xBD,
    0x9E, 0xBD, 0x9E, 0xBD, 0x9E, 0xBD, 0x9E, 0xBD, 0x9E, 0xBD, 0x9E, 0xBD, 0x9E, 0xBD, 0x9E, 0xBD, 0x9E, 0xBD, 0x9E, 0xBD, 0x9E, 0xBD, 0x9E, 0xBD,
    0x9E, 0xBD, 0x9E, 0xBD, 0x9E, 0xBD, 0x9E, 0xBD, 0x9E, 0xBD, 0x9E, 0xBD, 0x9E, 0xBD, 0x9E, 0xBD, 0x9E, 0xBD, 0x9E, 0xBD, 0x9E, 0xBD, 0x9E, 0xBD,
    0x9E, 0xBD, 0x9E, 0xBD, 0x9E, 0xBD, 0x9E, 0xBD, 0x9E, 0xBD, 0x9E, 0xBD, 0x9E, 0xBD, 0x9E, 0xBD, 0x9E, 0xBD, 0x9E, 0xBD, 0x9E, 0xBD, 0x9E, 0xBD,
    0x9E, 0xBD, 0x9E, 0xBD, 0x9E, 0xBD, 0x9E, 0xBD, 0x9E, 0xBD, 0x9E, 0xBD, 0x9E, 0xBD, 0x9E, 0xBD, 0x9E, 0xBD, 0x9E, 0xBD, 0x9E, 0xBD, 0x9E, 0xBD,
    0x9E, 0xBD, 0x9E, 0xBD, 0x9E, 0xBD, 0x9E, 0xBD, 0x9E, 0xBD, 0x9E, 0xBD, 0x9E, 0xBD, 0x9E, 0xBD, 0x9E, 0xBD, 0x9E, 0xBD, 0x9E, 0xBD, 0x9E, 0xBD,
    0x9E, 0xBD, 0x9E, 0xBD, 0x9E, 0xBD, 0x9E, 0xBD, 0x9E, 0xBD, 0x9E, 0xBD, 0x9E, 0xBD, 0x9E, 0xBD, 0x9E, 0xBD, 0x9E, 0xBD, 0x9E, 0xBD, 0x9E, 0xBD,
    0x9E, 0xBD, 0x9E, 0xBD, 0x9E, 0xBD, 0x9E, 0xBD, 0x9E, 0xBD, 0x9E, 0xBD, 0x9E, 0xBD, 0x9E, 0xBD, 0x9E, 0xBD, 0x9E, 0xBD, 0x9E, 0xBD, 0x9E, 0xBD,
    0x9E, 0xBD, 0x9E, 0xBD, 0x9E, 0xBD, 0x9E, 0xBD, 0x9E, 0xBD, 0x9E, 0xBD, 0x9E, 0xBD, 0x9E, 0xBD, 0x9E, 0xBD, 0x9E, 0xBD, 0x9E, 0xBD, 0x9E, 0xBD,
    0x9E, 0xBD, 0x9E, 0xBD, 0x9E, 0xBD, 0x9E, 0xBD, 0x9E, 0xBD, 0x9E, 0xBD, 0x9E, 0xBD, 0x9E, 0xBD, 0x9E, 0xBD, 0x9E, 0xBD, 0x9E, 0xBD, 0x9E, 0xBD,
    0x9E, 0xBD, 0x9E, 0xBD, 0x9E, 0xBD, 0x9E, 0xBD, 0x9E, 0xBD, 0x9E, 0xBD, 0x9E, 0xBD, 0x9E, 0xBD, 0x9E, 0xBD, 0x9E, 0xBD, 0x9E, 0xBD, 0x9E, 0xBD,
    0x9E, 0xBD, 0x9E, 0xBD, 0x9E, 0xBD, 0x9E, 0xBD, 0x9E, 0xBD, 0x9E, 0xBD, 0x9E, 0xBD, 0x9E, 0xBD, 0x9E, 0xBD, 0x9E, 0xBD, 0x9E, 0xBD, 0x9E, 0xBD,
    0x9E, 0xBD, 0x9E, 0xBD, 0x9E, 0xBD, 0x9E, 0xBD, 0x9E, 0xBD, 0x9E, 0xBD, 0x9E, 0xBD, 0x9E, 0xBD, 0x9E, 0xBD, 0x9E, 0xBD, 0x9E, 0xBD, 0x9E, 0xBD,
    0x9E, 0xBD, 0x9E, 0xBD, 0x9E, 0xBD, 0x9E, 0xBD, 0x9E, 0xBD, 0x9E, 0xBD, 0x9E, 0xBD, 0x9E, 0xBD, 0x9E, 0xBD, 0x9E, 0xBD, 0x9E, 0xBD, 0x9E, 0xBD,
    0x9E, 0xBD, 0x9E, 0xBD, 0x9E, 0xBD, 0x9E, 0xBD, 0x9E, 0xBD, 0x9E, 0xBD, 0x9E, 0xBD, 0x9E, 0xBD, 0x9E, 0xBD, 0x9E, 0xBD, 0x9E, 0xBD, 0x9E, 0xBD,
    0x9E, 0xBD, 0x9E, 0xBD, 0x9E, 0xBD, 0x9E, 0xBD, 0x9E, 0xBD, 0x9E, 0xBD, 0x9E, 0xBD, 0x9E, 0xBD, 0x9E, 0xBD, 0x9E, 0xBD, 0x9E, 0xBD, 0x9E, 0xBD,
    0x9E, 0xBD, 0x9E, 0xBD, 0x9E, 0xBD, 0x9E, 0xBD, 0x9E, 0xBD, 0x9E, 0xBD, 0x9E, 0xBD, 0x9E, 0xBD, 0x9E, 0xBD, 0x9E, 0xBD, 0x9E, 0xBD, 0x9E, 0xBD,
    0x9E, 0xBD, 0x9E, 0xBD, 0x9E, 0xBD, 0x9E, 0xBD, 0x9E, 0xBD, 0x9E, 0xBD, 0x9E, 0xBD, 0x9E, 0xBD, 0x9E, 0xBD, 0x9E, 0xBD, 0x9E, 0xBD, 0x9E, 0xBD,
    0x9E, 0xBD, 0x9E, 0xBD, 0x9E, 0xBD, 0x9E, 0xBD, 0x9E, 0xBD, 0x9E, 0xBD, 0x9E, 0xBD, 0x9E, 0xBD, 0x9E, 0xBD, 0x9E, 0xBD, 0x9E, 0xBD, 0x9E, 0xBD,
    0x9E, 0xBD, 0x9E, 0xBD, 0x9E, 0xBD, 0x9E, 0xBD, 0x9E, 0xBD, 0x9E, 0xBD, 0x9E, 0xBD, 0x9E, 0xBD, 0x9E, 0xBD, 0x9E, 0xBD, 0x9E, 0xBD, 0x9E, 0xBD,
    0x9E, 0xBD, 0x9E, 0xBD, 0x9E, 0xBD, 0x9E, 0xBD, 0x9E, 0xBD, 0x9E, 0xBD, 0x9E, 0xBD, 0x9E, 0xBD, 0x9E, 0xBD, 0x9E, 0xBD, 0x9E, 0xBD, 0x9E, 0xBD,
    0x9E, 0xBD, 0x9E, 0xBD, 0x9E, 0xBD, 0x9E, 0xBD, 0x9E, 0xBD, 0x9E, 0xBD, 0x9E, 0xBD, 0x9E, 0xBD, 0x9E, 0xBD, 0x9E, 0xBD, 0x9E, 0xBD, 0x9E, 0xBD,
    0x9E, 0xBD, 0x9E, 0xBD, 0x9E, 0xBD, 0x9E, 0xBD, 0x9E, 0xBD, 0x9E, 0xBD, 0x9E, 0xBD, 0x9E, 0xBD, 0x9E, 0xBD, 0x9E, 0xBD, 0x9E, 0xBD, 0x9E, 0xBD,
    0x9E, 0xBD, 0x9E, 0xBD, 0x9E, 0xBD, 0x9E, 0xBD, 0x9E, 0xBD, 0x9E, 0xBD, 0x9E, 0xBD, 0x9E, 0xBD, 0x9E, 0xBD, 0x9E, 0xBD, 0x9E, 0xBD, 0x9E, 0xBD,
    0x9E, 0xBD, 0x9E, 0xBD, 0x9E, 0xBD, 0x9E, 0xBD, 0x9E, 0xBD, 0x9E, 0xBD, 0x9E, 0xBD, 0x9E, 0xBD, 0x9E, 0xBD, 0x9E, 0xBD, 0x9E, 0xBD, 0x9E, 0xBD,
    0x9E, 0xBD, 0x9E, 0xBD, 0x9E, 0xBD, 0x9E, 0xBD, 0x9E, 0xBD, 0x9E, 0xBD, 0x9E, 0xBD, 0x9E, 0xBD, 0x9E, 0xBD, 0x9E, 0xBD, 0x9E, 0xBD, 0x9E, 0xBD,
    0x9E, 0xBD, 0x9E, 0xBD, 0x9E, 0xBD, 0x9E, 0xBD, 0x9E, 0xBD, 0x9E, 0xBD, 0x9E, 0xBD, 0x9E, 0xBD, 0x9E, 0xBD, 0x9E, 0xBD, 0x9E, 0xBD, 0x9E, 0xBD,
    0x9E, 0xBD, 0x9E, 0xBD, 0x9E, 0xBD, 0x9E, 0xBD, 0x9E, 0xBD, 0x9E, 0xBD, 0x9E, 0xBD, 0x9E, 0xBD, 0x9E, 0xBD, 0x9E, 0xBD, 0x9E, 0xBD, 0x9E, 0xBD,
    0x9E, 0xBD, 0x9E, 0xBD, 0x9E, 0xBD, 0x9E, 0xBD, 0x9E, 0xBD, 0x9E, 0xBD, 0x9E, 0xBD, 0x9E, 0xBD, 0x9E, 0xBD, 0x9E, 0xBD, 0x9E, 0xBD, 0x9E, 0xBD,
    0x9E, 0xBD, 0x9E, 0xBD, 0x9E, 0xBD, 0x9E, 0xBD, 0x9E, 0xBD, 0x9E, 0xBD, 0x9E, 0xBD, 0x9E, 0xBD, 0x9E, 0xBD, 0x9E, 0xBD, 0x9E, 0xBD, 0x9E, 0xBD,
    0x9E, 0xBD, 0x9E, 0xBD, 0x9E, 0xBD, 0x9E, 0xBD, 0x9E, 0xBD, 0x9E, 0xBD, 0x9E, 0xBD, 0x9E, 0xBD, 0x9E, 0xBD, 0x9E, 0xBD, 0x9E, 0xBD, 0x9E, 0xBD,
    0x9E, 0xBD, 0x9E, 0xBD, 0x9E, 0xBD, 0x9E, 0xBD, 0x9E, 0xBD, 0x9E, 0xBD, 0x9E, 0xBD, 0x9E, 0xBD, 0x9E, 0xBD, 0x9E, 0xBD, 0x9E, 0xBD, 0x9E, 0xBD,
    0x9E, 0xBD, 0x9E, 0xBD, 0x9E, 0xBD, 0x9E, 0xBD, 0x9E, 0xBD, 0x9E, 0xBD, 0x9E, 0xBD, 0x9E, 0xBD, 0x9E, 0xBD, 0x9E, 0xBD, 0x9E, 0xBD, 0x9E, 0xBD,
    0x9E, 0xBD, 0x9E, 0xBD, 0x9E, 0xBD, 0x9E, 0xBD, 0x9E, 0xBD, 0x9E, 0xBD, 0x9E, 0xBD, 0x9E, 0xBD, 0x9E, 0xBD, 0x9E, 0xBD, 0x9E, 0xBD, 0x9E, 0xBD,
    0x9E, 0xBD, 0x9E, 0xBD, 0x9E, 0xBD, 0x9E, 0xBD, 0x9E, 0xBD, 0x9E, 0xBD, 0x9E, 0xBD, 0x9E, 0xBD, 0x9E, 0xBD, 0x9E, 0xBD, 0x9E, 0xBD, 0x9E, 0xBD,
    0x9E, 0xBD, 0x9E, 0xBD, 0x9E, 0xBD, 0x9E, 0xBD, 0x9E, 0xBD, 0x9E, 0xBD, 0x9E, 0xBD, 0x9E, 0xBD, 0x9E, 0xBD, 0x9E, 0xBD, 0x9E, 0xBD, 0x9E, 0xBD,
    0x9E, 0xBD, 0x9E, 0xBD, 0x9E, 0xBD, 0x9E, 0xBD, 0x9E, 0xBD, 0x9E, 0xBD, 0x9E, 0xBD, 0x9E, 0xBD, 0x9E, 0xBD, 0x9E, 0xBD, 0x9E, 0xBD, 0x9E, 0xBD,
    0x9E, 0xBD, 0x9E, 0xBD, 0x9E, 0xBD, 0x9E, 0xBD, 0x9E, 0xBD, 0x9E, 0xBD, 0x9E, 0xBD, 0x9E, 0xBD, 0x9E, 0xBD, 0x9E, 0xBD, 0x9E, 0xBD, 0x9E, 0xBD,
    0x9E, 0xBD, 0x9E, 0xBD, 0x9E, 0xBD, 0x9E, 0xBD, 0x9E, 0xBD, 0x9E, 0xBD, 0x9E, 0xBD, 0x9E, 0xBD, 0x9E, 0xBD, 0x9E, 0xBD, 0x9E, 0xBD, 0x9E, 0xBD,
    0x9E, 0xBD, 0x9E, 0xBD, 0x9E, 0xBD, 0x9E, 0xBD, 0x9E, 0xBD, 0x9E, 0xBD, 0x9E, 0xBD, 0x9E, 0xBD, 0x9E, 0xBD, 0x9E, 0xBD, 0x9E, 0xBD, 0x9E, 0xBD,
    0x9E, 0xDD, 0x9E, 0xDD, 0x9E, 0xDD, 0x9E, 0xDD, 0x9E, 0xDD, 0x9E, 0xDD, 0x9E, 0xDD, 0x9E, 0xDD, 0x9E, 0xDD, 0x9E, 0xDD, 0x9E, 0xDD, 0x9E, 0xDD,
    0x9E, 0xDD, 0x9E, 0xDD, 0x9E, 0xDD, 0x9E, 0xDD, 0x9E, 0xDD, 0x9E, 0xDD, 0x9E, 0xDD, 0x9E, 0xDD, 0x9E, 0xDD, 0x9E, 0xDD, 0x9E, 0xDD, 0x9E, 0xDD,
    0x9E, 0xDD, 0x9E, 0xDD, 0x9E, 0xDD, 0x9E, 0xDD, 0x9E, 0xDD, 0x9E, 0xDD, 0x9E, 0xDD, 0x9E, 0xDD, 0x9E, 0xDD, 0x9E, 0xDD, 0x9E, 0xDD, 0x9E, 0xDD,
    0x9E, 0xDD, 0x9E, 0xDD, 0x9E, 0xDD, 0x9E, 0xDD, 0x9E, 0xDD, 0x9E, 0xDD, 0x9E, 0xDD, 0x9E, 0xDD, 0x9E, 0xDD, 0x9E, 0xDD, 0x9E, 0xDD, 0x9E, 0xDD,
    0x9E, 0xDD, 0x9E, 0xDD, 0x9E, 0xDD, 0x9E, 0xDD, 0x9E, 0xDD, 0x9E, 0xDD, 0x9E, 0xDD, 0x9E, 0xDD, 0x9E, 0xDD, 0x9E, 0xDD, 0x9E, 0xDD, 0x9E, 0xDD,
    0x9E, 0xDD, 0x9E, 0xDD, 0x9E, 0xDD, 0x9E, 0xDD, 0x9E, 0xDD, 0x9E, 0xDD, 0x9E, 0xDD, 0x9E, 0xDD, 0x9E, 0xDD, 0x9E, 0xDD, 0x9E, 0xDD, 0x9E, 0xDD,
    0x9E, 0xDD, 0x9E, 0xDD, 0x9E, 0xDD, 0x9E, 0xDD, 0x9E, 0xDD, 0x9E, 0xDD, 0x9E, 0xDD, 0x9E, 0xDD, 0x9E, 0xDD, 0x9E, 0xDD, 0x9E, 0xDD, 0x9E, 0xDD,
    0x9E, 0xDD, 0x9E, 0xDD, 0x9E, 0xDD, 0x9E, 0xDD, 0x9E, 0xDD, 0x9E, 0xDD, 0x9E, 0xDD, 0x9E, 0xDD, 0x9E, 0xDD, 0x9E, 0xDD, 0x9E, 0xDD, 0x9E, 0xDD,
    0x9E, 0xDD, 0x9E, 0xDD, 0x9E, 0xDD, 0x9E, 0xDD, 0x9E, 0xDD, 0x9E, 0xDD, 0x9E, 0xDD, 0x9E, 0xDD, 0x9E, 0xDD, 0x9E, 0xDD, 0x9E, 0xDD, 0x9E, 0xDD,
    0x9E, 0xDD, 0x9E, 0xDD, 0x9E, 0xDD, 0x9E, 0xDD, 0x9E, 0xDD, 0x9E, 0xDD, 0x9E, 0xDD, 0x9E, 0xDD, 0x9E, 0xDD, 0x9E, 0xDD, 0x9E, 0xDD, 0x9E, 0xDD,
    0x9E, 0xDD, 0x9E, 0xDD, 0x9E, 0xDD, 0x9E, 0xDD, 0x9E, 0xDD, 0x9E, 0xDD, 0x9E, 0xDD, 0x9E, 0xDD, 0x9E, 0xDD, 0x9E, 0xDD, 0x9E, 0xDD, 0x9E, 0xDD,
    0x9E, 0xDD, 0x9E, 0xDD, 0x9E, 0xDD, 0x9E, 0xDD, 0x9E, 0xDD, 0x9E, 0xDD, 0x9E, 0xDD, 0x9E, 0xDD, 0x9E, 0xDD, 0x9E, 0xDD, 0x9E, 0xDD, 0x9E, 0xDD,
    0x9E, 0xDD, 0x9E, 0xDD, 0x9E, 0xDD, 0x9E, 0xDD, 0x9E, 0xDD, 0x9E, 0xDD, 0x9E, 0xDD, 0x9E, 0xDD, 0x9E, 0xDD, 0x9E, 0xDD, 0x9E, 0xDD, 0x9E, 0xDD,
    0x9E, 0xDD, 0x9E, 0xDD, 0x9E, 0xDD, 0x9E, 0xDD, 0x9E, 0xDD, 0x9E, 0xDD, 0x9E, 0xDD, 0x9E, 0xDD, 0x9E, 0xDD, 0x9E, 0xDD, 0x9E, 0xDD, 0x9E, 0xDD,
    0x9E, 0xDD, 0x9E, 0xDD, 0x9E, 0xDD, 0x9E, 0xDD, 0x9E, 0xDD, 0x9E, 0xDD, 0x9E, 0xDD, 0x9E, 0xDD, 0x9E, 0xDD, 0x9E, 0xDD, 0x9E, 0xDD, 0x9E, 0xDD,
    0x9E, 0xDD, 0x9E, 0xDD, 0x9E, 0xDD, 0x9E, 0xDD, 0x9E, 0xDD, 0x9E, 0xDD, 0x9E, 0xDD, 0x9E, 0xDD, 0x9E, 0xDD, 0x9E, 0xDD, 0x9E, 0xDD, 0x9E, 0xDD,
    0x9E, 0xDD, 0x9E, 0xDD, 0x9E, 0xDD, 0x9E, 0xDD, 0x9E, 0xDD, 0x9E, 0xDD, 0x9E, 0xDD, 0x9E, 0xDD, 0x9E, 0xDD, 0x9E, 0xDD, 0x9E, 0xDD, 0x9E, 0xDD,
    0x9E, 0xDD, 0x9E, 0xDD, 0x9E, 0xDD, 0x9E, 0xDD, 0x9E, 0xDD, 0x9E, 0xDD, 0x9E, 0xDD, 0x9E, 0xDD, 0x9E, 0xDD, 0x9E, 0xDD, 0x9E, 0xDD, 0x9E, 0xDD,
    0x9E, 0xDD, 0x9E, 0xDD, 0x9E, 0xDD, 0x9E, 0xDD, 0x9E, 0xDD, 0x9E, 0xDD, 0x9E, 0xDD, 0x9E, 0xDD, 0x9E, 0xDD, 0x9E, 0xDD, 0x9E, 0xDD, 0x9E, 0xDD,
    0x9E, 0xDD, 0x9E, 0xDD, 0x9E, 0xDD, 0x9E, 0xDD, 0x9E, 0xDD, 0x9E, 0xDD, 0x9E, 0xDD, 0x9E, 0xDD, 0x9E, 0xDD, 0x9E, 0xDD, 0x9E, 0xDD, 0x9E, 0xDD,
    0x9E, 0xDD, 0x9E, 0xDD, 0x9E, 0xDD, 0x9E, 0xDD, 0x9E, 0xDD, 0x9E, 0xDD, 0x9E, 0xDD, 0x9E, 0xDD, 0x9E, 0xDD, 0x9E, 0xDD, 0x9E, 0xDD, 0x9E, 0xDD,
    0x9E, 0xDD, 0x9E, 0xDD, 0x9E, 0xDD, 0x9E, 0xDD, 0x9E, 0xDD, 0x9E, 0xDD, 0x9E, 0xDD, 0x9E, 0xDD, 0x9E, 0xDD, 0x9E, 0xDD, 0x9E, 0xDD, 0x9E, 0xDD,
    0x9E, 0xDD, 0x9E, 0xDD, 0x9E, 0xDD, 0x9E, 0xDD, 0x9E, 0xDD, 0x9E, 0xDD, 0x9E, 0xDD, 0x9E, 0xDD, 0x9E, 0xDD, 0x9E, 0xDD, 0x9E, 0xDD, 0x9E, 0xDD,
    0x9E, 0xDD, 0x9E, 0xDD, 0x9E, 0xDD, 0x9E, 0xDD, 0x9E, 0xDD, 0x9E, 0xDD, 0x9E, 0xDD, 0x9E, 0xDD, 0x9E, 0xDD, 0x9E, 0xDD, 0x9E, 0xDD, 0x9E, 0xDD,
    0x9E, 0xDD, 0x9E, 0xDD, 0x9E, 0xDD, 0x9E, 0xDD, 0x9E, 0xDD, 0x9E, 0xDD, 0x9E, 0xDD, 0x9E, 0xDD, 0x9E, 0xDD, 0x9E, 0xDD, 0x9E, 0xDD, 0x9E, 0xDD,
    0x9E, 0xDD, 0x9E, 0xDD, 0x9E, 0xDD, 0x9E, 0xDD, 0x9E, 0xDD, 0x9E, 0xDD, 0x9E, 0xDD, 0x9E, 0xDD, 0x9E, 0xDD, 0x9E, 0xDD, 0x9E, 0xDD, 0x9E, 0xDD,
    0x9E, 0xDD, 0x9E, 0xDD, 0x9E, 0xDD, 0x9E, 0xDD, 0x9E, 0xDD, 0x9E, 0xDD, 0x9E, 0xDD, 0x9E, 0xDD, 0x9E, 0xDD, 0x9E, 0xDD, 0x9E, 0xDD, 0x9E, 0xDD,
    0x9E, 0xDD, 0x9E, 0xDD, 0x9E, 0xDD, 0x9E, 0xDD, 0x9E, 0xDD, 0x9E, 0xDD, 0x9E, 0xDD, 0x9E, 0xDD, 0x9E, 0xDD, 0x9E, 0xDD, 0x9E, 0xDD, 0x9E, 0xDD,
    0x9E, 0xDD, 0x9E, 0xDD, 0x9E, 0xDD, 0x9E, 0xDD, 0x9E, 0xDD, 0x9E, 0xDD, 0x9E, 0xDD, 0x9E, 0xDD, 0x9E, 0xDD, 0x9E, 0xDD, 0x9E, 0xDD, 0x9E, 0xDD,
    0x9E, 0xDD, 0x9E, 0xDD, 0x9E, 0xDD, 0x9E, 0xDD, 0x9E, 0xDD, 0x9E, 0xDD, 0x9E, 0xDD, 0x9E, 0xDD, 0x9E, 0xDD, 0x9E, 0xDD, 0x9E, 0xDD, 0x9E, 0xDD,
    0x9E, 0xDD, 0x9E, 0xDD, 0x9E, 0xDD, 0x9E, 0xDD, 0x9E, 0xDD, 0x9E, 0xDD, 0x9E, 0xDD, 0x9E, 0xDD, 0x9E, 0xDD, 0x9E, 0xDD, 0x9E, 0xDD, 0x9E, 0xDD,
    0x9E, 0xDD, 0x9E, 0xDD, 0x9E, 0xDD, 0x9E, 0xDD, 0x9E, 0xDD, 0x9E, 0xDD, 0x9E, 0xDD, 0x9E, 0xDD, 0x9E, 0xDD, 0x9E, 0xDD, 0x9E, 0xDD, 0x9E, 0xDD,
    0x9E, 0xDD, 0x9E, 0xDD, 0x9E, 0xDD, 0x9E, 0xDD, 0x9E, 0xDD, 0x9E, 0xDD, 0x9E, 0xDD, 0x9E, 0xDD, 0x9E, 0xDD, 0x9E, 0xDD, 0x9E, 0xDD, 0x9E, 0xDD,
    0x9E, 0xDD, 0x9E, 0xDD, 0x9E, 0xDD, 0x9E, 0xDD, 0x9E, 0xDD, 0x9E, 0xDD, 0x9E, 0xDD, 0x9E, 0xDD, 0x9E, 0xDD, 0x9E, 0xDD, 0x9E, 0xDD, 0x9E, 0xDD,
    0x9E, 0xDD, 0x9E, 0xDD, 0x9E, 0xDD, 0x9E, 0xDD, 0x9E, 0xDD, 0x9E, 0xDD, 0x9E, 0xDD, 0x9E, 0xDD, 0x9E, 0xDD, 0x9E, 0xDD, 0x9E, 0xDD, 0x9E, 0xDD,
    0x9E, 0xDD, 0x9E, 0xDD, 0x9E, 0xDD, 0x9E, 0xDD, 0x9E, 0xDD, 0x9E, 0xDD, 0x9E, 0xDD, 0x9E, 0xDD, 0x9E, 0xDD, 0x9E, 0xDD, 0x9E, 0xDD, 0x9E, 0xDD,
    0x9E, 0xDD, 0x9E, 0xDD, 0x9E, 0xDD, 0x9E, 0xDD, 0x9E, 0xDD, 0x9E, 0xDD, 0x9E, 0xDD, 0x9E, 0xDD, 0x9E, 0xDD, 0x9E, 0xDD, 0x9E, 0xDD, 0x9E, 0xDD,
    0x9E, 0xDD, 0x9E, 0xDD, 0x9E, 0xDD, 0x9E, 0xDD, 0x9E, 0xDD, 0x9E, 0xDD, 0x9E, 0xDD, 0x9E, 0xDD, 0x9E, 0xDD, 0x9E, 0xDD, 0x9E, 0xDD, 0x9E, 0xDD,
    0x9E, 0xDD, 0x9E, 0xDD, 0x9E, 0xDD, 0x9E, 0xDD, 0x9E, 0xDD, 0x9E, 0xDD, 0x9E, 0xDD, 0x9E, 0xDD, 0x9E, 0xDD, 0x9E, 0xDD, 0x9E, 0xDD, 0x9E, 0xDD,
    0x9E, 0xDD, 0x9E, 0xDD, 0x9E, 0xDD, 0x9E, 0xDD, 0x9E, 0xDD, 0x9E, 0xDD, 0x9E, 0xDD, 0x9E, 0xDD, 0x9E, 0xDD, 0x9E, 0xDD, 0x9E, 0xDD, 0x9E, 0xDD,
    0x9E, 0xDD, 0x9E, 0xDD, 0x9E, 0xDD, 0x9E, 0xDD, 0x9E, 0xDD, 0x9E, 0xDD, 0x9E, 0xDD, 0x9E, 0xDD, 0x9E, 0xDD, 0x9E, 0xDD, 0x9E, 0xDD, 0x9E, 0xDD,
    0x9E, 0xDD, 0x9E, 0xDD, 0x9E, 0xDD, 0x9E, 0xDD, 0x9E, 0xDD, 0x9E, 0xDD, 0x9E, 0xDD, 0x9E, 0xDD, 0x9E, 0xDD, 0x9E, 0xDD, 0x9E, 0xDD, 0x9E, 0xDD,
    0x9E, 0xDD, 0x9E, 0xDD, 0x9E, 0xDD, 0x9E, 0xDD, 0x9E, 0xDD, 0x9E, 0xDD, 0x9E, 0xDD, 0x9E, 0xDD, 0x9E, 0xDD, 0x9E, 0xDD, 0x9E, 0xDD, 0x9E, 0xDD,
    0x9E, 0xDD, 0x9E, 0xDD, 0x9E, 0xDD, 0x9E, 0xDD, 0x9E, 0xDD, 0x9E, 0xDD, 0x9E, 0xDD, 0x9E, 0xDD, 0x9E, 0xDD, 0x9E, 0xDD, 0x9E, 0xDD, 0x9E, 0xDD,
    0x9E, 0xDD, 0x9E, 0xDD, 0x9E, 0xDD, 0x9E, 0xDD, 0x9E, 0xDD, 0x9E, 0xDD, 0x9E, 0xDD, 0x9E, 0xDD, 0x9E, 0xDD, 0x9E, 0xDD, 0x9E, 0xDD, 0x9E, 0xDD,
    0x9E, 0xDD, 0x9E, 0xDD, 0x9E, 0xDD, 0x9E, 0xDD, 0x9E, 0xDD, 0x9E, 0xDD, 0x9E, 0xDD, 0x9E, 0xDD, 0x9E, 0xDD, 0x9E, 0xDD, 0x9E, 0xDD, 0x9E, 0xDD,
    0x9E, 0xDD, 0x9E, 0xDD, 0x9E, 0xDD, 0x9E, 0xDD, 0x9E, 0xDD, 0x9E, 0xDD, 0x9E, 0xDD, 0x9E, 0xDD, 0x9E, 0xDD, 0x9E, 0xDD, 0x9E, 0xDD, 0x9E, 0xDD,
    0x9E, 0xDD, 0x9E, 0xDD, 0x9E, 0xDD, 0x9E, 0xDD, 0x9E, 0xDD, 0x9E, 0xDD, 0x9E, 0xDD, 0x9E, 0xDD, 0x9E, 0xDD, 0x9E, 0xDD, 0x9E, 0xDD, 0x9E, 0xDD,
    0x9E, 0xDD, 0x9E, 0xDD, 0x9E, 0xDD, 0x9E, 0xDD, 0x9E, 0xDD, 0x9E, 0xDD, 0x9E, 0xDD, 0x9E, 0xDD, 0x9E, 0xDD, 0x9E, 0xDD, 0x9E, 0xDD, 0x9E, 0xDD,
    0x9E, 0xDD, 0x9E, 0xDD, 0x9E, 0xDD, 0x9E, 0xDD, 0x9E, 0xDD, 0x9E, 0xDD, 0x9E, 0xDD, 0x9E, 0xDD, 0x9E, 0xDD, 0x9E, 0xDD, 0x9E, 0xDD, 0x9E, 0xDD,
    0x9E, 0xDD, 0x9E, 0xDD, 0x9E, 0xDD, 0x9E, 0xDD, 0x9E, 0xDD, 0x9E, 0xDD, 0x9E, 0xDD, 0x9E, 0xDD, 0x9E, 0xDD, 0x9E, 0xDD, 0x9E, 0xDD, 0x9E, 0xDD,
    0x9E, 0xDD, 0x9E, 0xDD, 0x9E, 0xDD, 0x9E, 0xDD, 0x9E, 0xDD, 0x9E, 0xDD, 0x9E, 0xDD, 0x9E, 0xDD, 0x9E, 0xDD, 0x9E, 0xDD, 0x9E, 0xDD, 0x9E, 0xDD,
    0x9E, 0xDD, 0x9E, 0xDD, 0x9E, 0xDD, 0x9E, 0xDD, 0x9E, 0xDD, 0x9E, 0xDD, 0x9E, 0xDD, 0x9E, 0xDD, 0x9E, 0xDD, 0x9E, 0xDD, 0x9E, 0xDD, 0x9E, 0xDD,
    0x9E, 0xDD, 0x9E, 0xDD, 0x9E, 0xDD, 0x9E, 0xDD, 0x9E, 0xDD, 0x9E, 0xDD, 0x9E, 0xDD, 0x9E, 0xDD, 0x9E, 0xDD, 0x9E, 0xDD, 0x9E, 0xDD, 0x9E, 0xDD,
    0x9E, 0xDD, 0x9E, 0xDD, 0x9E, 0xDD, 0x9E, 0xDD, 0x9E, 0xDD, 0x9E, 0xDD, 0x9E, 0xDD, 0x9E, 0xDD, 0x9E, 0xDD, 0x9E, 0xDD, 0x9E, 0xDD, 0x9E, 0xDD,
    0x9E, 0xDD, 0x9E, 0xDD, 0x9E, 0xDD, 0x9E, 0xDD, 0x9E, 0xDD, 0x9E, 0xDD, 0x9E, 0xDD, 0x9E, 0xDD, 0x9E, 0xDD, 0x9E, 0xDD, 0x9E, 0xDD, 0x9E, 0xDD,
    0x9E, 0xDD, 0x9E, 0xDD, 0x9E, 0xDD, 0x9E, 0xDD, 0x9E, 0xDD, 0x9E, 0xDD, 0x9E, 0xDD, 0x9E, 0xDD, 0x9E, 0xDD, 0x9E, 0xDD, 0x9E, 0xDD, 0x9E, 0xDD,
    0x9E, 0xDD, 0x9E, 0xDD, 0x9E, 0xDD, 0x9E, 0xDD, 0x9E, 0xDD, 0x9E, 0xDD, 0x9E, 0xDD, 0x9E, 0xDD, 0x9E, 0xDD, 0x9E, 0xDD, 0x9E, 0xDD, 0x9E, 0xDD,
    0x9E, 0xDD, 0x9E, 0xDD, 0x9E, 0xDD, 0x9E, 0xDD, 0x9E, 0xDD, 0x9E, 0xDD, 0x9E, 0xDD, 0x9E, 0xDD, 0x9E, 0xDD, 0x9E, 0xDD, 0x9E, 0xDD, 0x9E, 0xDD,
    0x9E, 0xDD, 0x9E, 0xDD, 0x9E, 0xDD, 0x9E, 0xDD, 0x9E, 0xDD, 0x9E, 0xDD, 0x9E, 0xDD, 0x9E, 0xDD, 0x9E, 0xDD, 0x9E, 0xDD, 0x9E, 0xDD, 0x9E, 0xDD,
    0x9E, 0xDD, 0x9E, 0xDD, 0x9E, 0xDD, 0x9E, 0xDD, 0x9E, 0xDD, 0x9E, 0xDD, 0x9E, 0xDD, 0x9E, 0xDD, 0x9E, 0xDD, 0x9E, 0xDD, 0x9E, 0xDD, 0x9E, 0xDD,
    0x9E, 0xDD, 0x9E, 0xDD, 0x9E, 0xDD, 0x9E, 0xDD, 0x9E, 0xDD, 0x9E, 0xDD, 0x9E, 0xDD, 0x9E, 0xDD, 0x9E, 0xDD, 0x9E, 0xDD, 0x9E, 0xDD, 0x9E, 0xDD,
    0x9E, 0xDD, 0x9E, 0xDD, 0x9E, 0xDD, 0x9E, 0xDD, 0x9E, 0xDD, 0x9E, 0xDD, 0x9E, 0xDD, 0x9E, 0xDD, 0x9E, 0xDD, 0x9E, 0xDD, 0x9E, 0xDD, 0x9E, 0xDD,
    0x9E, 0xDD, 0x9E, 0xDD, 0x9E, 0xDD, 0x9E, 0xDD, 0x9E, 0xDD, 0x9E, 0xDD, 0x9E, 0xDD, 0x9E, 0xDD, 0x9E, 0xDD, 0x9E, 0xDD, 0x9E, 0xDD, 0x9E, 0xDD,
    0x9E, 0xDD, 0x9E, 0xDD, 0x9E, 0xDD, 0x9E, 0xDD, 0x9E, 0xDD, 0x9E, 0xDD, 0x9E, 0xDD, 0x9E, 0xDD, 0x9E, 0xDD, 0x9E, 0xDD, 0x9E, 0xDD, 0x9E, 0xDD,
    0x9E, 0xDD, 0x9E, 0xDD, 0x9E, 0xDD, 0x9E, 0xDD, 0x9E, 0xDD, 0x9E, 0xDD, 0x9E, 0xDD, 0x9E, 0xDD, 0x9E, 0xDD, 0x9E, 0xDD, 0x9E, 0xDD, 0x9E, 0xDD,
    0x9E, 0xDD, 0x9E, 0xDD, 0x9E, 0xDD, 0x9E, 0xDD, 0x9E, 0xDD, 0x9E, 0xDD, 0x9E, 0xDD, 0x9E, 0xDD, 0x9E, 0xDD, 0x9E, 0xDD, 0x9E, 0xDD, 0x9E, 0xDD,
    0x9E, 0xDD, 0x9E, 0xDD, 0x9E, 0xDD, 0x9E, 0xDD, 0x9E, 0xDD, 0x9E, 0xDD, 0x9E, 0xDD, 0x9E, 0xDD, 0x9E, 0xDD, 0x9E, 0xDD, 0x9E, 0xDD, 0x9E, 0xDD,
    0x9E, 0xDD, 0x9E, 0xDD, 0x9E, 0xDD, 0x9E, 0xDD, 0x9E, 0xDD, 0x9E, 0xDD, 0x9E, 0xDD, 0x9E, 0xDD, 0x9E, 0xDD, 0x9E, 0xDD, 0x9E, 0xDD, 0x9E, 0xDD,
    0x9E, 0xDD, 0x9E, 0xDD, 0x9E, 0xDD, 0x9E, 0xDD, 0x9E, 0xDD, 0x9E, 0xDD, 0x9E, 0xDD, 0x9E, 0xDD, 0x9E, 0xDD, 0x9E, 0xDD, 0x9E, 0xDD, 0x9E, 0xDD,
    0x9E, 0xDD, 0x9E, 0xDD, 0x9E, 0xDD, 0x9E, 0xDD, 0x9E, 0xDD, 0x9E, 0xDD, 0x9E, 0xDD, 0x9E, 0xDD, 0x9E, 0xDD, 0x9E, 0xDD, 0x9E, 0xDD, 0x9E, 0xDD,
    0x9E, 0xDD, 0x9E, 0xDD, 0x9E, 0xDD, 0x9E, 0xDD, 0x9E, 0xDD, 0x9E, 0xDD, 0x9E, 0xDD, 0x9E, 0xDD, 0x9E, 0xDD, 0x9E, 0xDD, 0x9E, 0xDD, 0x9E, 0xDD,
    0x9E, 0xDD, 0x9E, 0xDD, 0x9E, 0xDD, 0x9E, 0xDD, 0x9E, 0xDD, 0x9E, 0xDD, 0x9E, 0xDD, 0x9E, 0xDD, 0x9E, 0xDD, 0x9E, 0xDD, 0x9E, 0xDD, 0x9E, 0xDD,
    0x9E, 0xDD, 0x9E, 0xDD, 0x9E, 0xDD, 0x9E, 0xDD, 0x9E, 0xDD, 0x9E, 0xDD, 0x9E, 0xDD, 0x9E, 0xDD, 0x9E, 0xDD, 0x9E, 0xDD, 0x9E, 0xDD, 0x9E, 0xDD,
    0x9E, 0xDD, 0x9E, 0xDD, 0x9E, 0xDD, 0x9E, 0xDD, 0x9E, 0xDD, 0x9E, 0xDD, 0x9E, 0xDD, 0x9E, 0xDD, 0x9E, 0xDD, 0x9E, 0xDD, 0x9E, 0xDD, 0x9E, 0xDD,
    0x9E, 0xDD, 0x9E, 0xDD, 0x9E, 0xDD, 0x9E, 0xDD, 0x9E, 0xDD, 0x9E, 0xDD, 0x9E, 0xDD, 0x9E, 0xDD, 0x9E, 0xDD, 0x9E, 0xDD, 0x9E, 0xDD, 0x9E, 0xDD,
    0x9E, 0xDD, 0x9E, 0xDD, 0x9E, 0xDD, 0x9E, 0xDD, 0x9E, 0xDD, 0x9E, 0xDD, 0x9E, 0xDD, 0x9E, 0xDD, 0x9E, 0xDD, 0x9E, 0xDD, 0x9E, 0xDD, 0x9E, 0xDD,
    0x9E, 0xDD, 0x9E, 0xDD, 0x9E, 0xDD, 0x9E, 0xDD, 0x9E, 0xDD, 0x9E, 0xDD, 0x9E, 0xDD, 0x9E, 0xDD, 0x9E, 0xDD, 0x9E, 0xDD, 0x9E, 0xDD, 0x9E, 0xDD,
    0x9E, 0xDD, 0x9E, 0xDD, 0x9E, 0xDD, 0x9E, 0xDD, 0x9E, 0xDD, 0x9E, 0xDD, 0x9E, 0xDD, 0x9E, 0xDD, 0x9E, 0xDD, 0x9E, 0xDD, 0x9E, 0xDD, 0x9E, 0xDD,
    0x9E, 0xDD, 0x9E, 0xDD, 0x9E, 0xDD, 0x9E, 0xDD, 0x9E, 0xDD, 0x9E, 0xDD, 0x9E, 0xDD, 0x9E, 0xDD, 0x9E, 0xDD, 0x9E, 0xDD, 0x9E, 0xDD, 0x9E, 0xDD,
    0x9E, 0xDD, 0x9E, 0xDD, 0x9E, 0xDD, 0x9E, 0xDD, 0x9E, 0xDD, 0x9E, 0xDD, 0x9E, 0xDD, 0x9E, 0xDD, 0x9E, 0xDD, 0x9E, 0xDD, 0x9E, 0xDD, 0x9E, 0xDD,
    0x9E, 0xDD, 0x9E, 0xDD, 0x9E, 0xDD, 0x9E, 0xDD, 0x9E, 0xDD, 0x9E, 0xDD, 0x9E, 0xDD, 0x9E, 0xDD, 0x9E, 0xDD, 0x9E, 0xDD, 0x9E, 0xDD, 0x9E, 0xDD,
    0x9E, 0xDD, 0x9E, 0xDD, 0x9E, 0xDD, 0x9E, 0xDD, 0x9E, 0xDD, 0x9E, 0xDD, 0x9E, 0xDD, 0x9E, 0xDD, 0x9E, 0xDD, 0x9E, 0xDD, 0x9E, 0xDD, 0x9E, 0xDD,
    0x9E, 0xDD, 0x9E, 0xDD, 0x9E, 0xDD, 0x9E, 0xDD, 0x9E, 0xDD, 0x9E, 0xDD, 0x9E, 0xDD, 0x9E, 0xDD, 0x9E, 0xDD, 0x9E, 0xDD, 0x9E, 0xDD, 0x9E, 0xDD,
    0x9E, 0xDD, 0x9E, 0xDD, 0x9E, 0xDD, 0x9E, 0xDD, 0x9E, 0xDD, 0x9E, 0xDD, 0x9E, 0xDD, 0x9E, 0xDD, 0x9E, 0xDD, 0x9E, 0xDD, 0x9E, 0xDD, 0x9E, 0xDD,
    0x9E, 0xDD, 0x9E, 0xDD, 0x9E, 0xDD, 0x9E, 0xDD, 0x9E, 0xDD, 0x9E, 0xDD, 0x9E, 0xDD, 0x9E, 0xDD, 0x9E, 0xDD, 0x9E, 0xDD, 0x9E, 0xDD, 0x9E, 0xDD,
    0x9E, 0xDD, 0x9E, 0xDD, 0x9E, 0xDD, 0x9E, 0xDD, 0x9E, 0xDD, 0x9E, 0xDD, 0x9E, 0xDD, 0x9E, 0xDD, 0x9E, 0xDD, 0x9E, 0xDD, 0x9E, 0xDD, 0x9E, 0xDD,
    0x9E, 0xDD, 0x9E, 0xDD, 0x9E, 0xDD, 0x9E, 0xDD, 0x9E, 0xDD, 0x9E, 0xDD, 0x9E, 0xDD, 0x9E, 0xDD, 0x9E, 0xDD, 0x9E, 0xDD, 0x9E, 0xDD, 0x9E, 0xDD,
    0x9E, 0xDD, 0x9E, 0xDD, 0x9E, 0xDD, 0x9E, 0xDD, 0x9E, 0xDD, 0x9E, 0xDD, 0x9E, 0xDD, 0x9E, 0xDD, 0x9E, 0xDD, 0x9E, 0xDD, 0x9E, 0xDD, 0x9E, 0xDD,
    0x9E, 0xDD, 0x9E, 0xDD, 0x9E, 0xDD, 0x9E, 0xDD, 0x9E, 0xDD, 0x9E, 0xDD, 0x9E, 0xDD, 0x9E, 0xDD, 0x9E, 0xDD, 0x9E, 0xDD, 0x9E, 0xDD, 0x9E, 0xDD,
    0x9E, 0xDD, 0x9E, 0xDD, 0x9E, 0xDD, 0x9E, 0xDD, 0x9E, 0xDD, 0x9E, 0xDD, 0x9E, 0xDD, 0x9E, 0xDD, 0x9E, 0xDD, 0x9E, 0xDD, 0x9E, 0xDD, 0x9E, 0xDD,
    0x9E, 0xDD, 0x9E, 0xDD, 0x9E, 0xDD, 0x9E, 0xDD, 0x9E, 0xDD, 0x9E, 0xDD, 0x9E, 0xDD, 0x9E, 0xDD, 0x9E, 0xDD, 0x9E, 0xDD, 0x9E, 0xDD, 0x9E, 0xDD,
    0x9E, 0xDD, 0x9E, 0xDD, 0x9E, 0xDD, 0x9E, 0xDD, 0x9E, 0xDD, 0x9E, 0xDD, 0x9E, 0xDD, 0x9E, 0xDD, 0x9E, 0xDD, 0x9E, 0xDD, 0x9E, 0xDD, 0x9E, 0xDD,
    0x9E, 0xDD, 0x9E, 0xDD, 0x9E, 0xDD, 0x9E, 0xDD, 0x9E, 0xDD, 0x9E, 0xDD, 0x9E, 0xDD, 0x9E, 0xDD, 0x9E, 0xDD, 0x9E, 0xDD, 0x9E, 0xDD, 0x9E, 0xDD,
    0x9E, 0xDD, 0x9E, 0xDD, 0x9E, 0xDD, 0x9E, 0xDD, 0x9E, 0xDD, 0x9E, 0xDD, 0x9E, 0xDD, 0x9E, 0xDD, 0x9E, 0xDD, 0x9E, 0xDD, 0x9E, 0xDD, 0x9E, 0xDD,
    0x9E, 0xDD, 0x9E, 0xDD, 0x9E, 0xDD, 0x9E, 0xDD, 0x9E, 0xDD, 0x9E, 0xDD, 0x9E, 0xDD, 0x9E, 0xDD, 0x9E, 0xDD, 0x9E, 0xDD, 0x9E, 0xDD, 0x9E, 0xDD,
    0x9E, 0xDD, 0x9E, 0xDD, 0x9E, 0xDD, 0x9E, 0xDD, 0x9E, 0xDD, 0x9E, 0xDD, 0x9E, 0xDD, 0x9E, 0xDD, 0x9E, 0xDD, 0x9E, 0xDD, 0x9E, 0xDD, 0x9E, 0xDD,
    0x9E, 0xDD, 0x9E, 0xDD, 0x9E, 0xDD, 0x9E, 0xDD, 0x9E, 0xDD, 0x9E, 0xDD, 0x9E, 0xDD, 0x9E, 0xDD, 0x9E, 0xDD, 0x9E, 0xDD, 0x9E, 0xDD, 0x9E, 0xDD,
    0x9E, 0xDD, 0x9E, 0xDD, 0x9E, 0xDD, 0x9E, 0xDD, 0x9E, 0xDD, 0x9E, 0xDD, 0x9E, 0xDD, 0x9E, 0xDD, 0x9E, 0xDD, 0x9E, 0xDD, 0x9E, 0xDD, 0x9E, 0xDD,
    0x9E, 0xDD, 0x9E, 0xDD, 0x9E, 0xDD, 0x9E, 0xDD, 0x9E, 0xDD, 0x9E, 0xDD, 0x9E, 0xDD, 0x9E, 0xDD, 0x9E, 0xDD, 0x9E, 0xDD, 0x9E, 0xDD, 0x9E, 0xDD,
    0x9E, 0xDD, 0x9E, 0xDD, 0x9E, 0xDD, 0x9E, 0xDD, 0x9E, 0xDD, 0x9E, 0xDD, 0x9E, 0xDD, 0x9E, 0xDD, 0x9E, 0xDD, 0x9E, 0xDD, 0x9E, 0xDD, 0x9E, 0xDD,
    0x9E, 0xDD, 0x9E, 0xDD, 0x9E, 0xDD, 0x9E, 0xDD, 0x9E, 0xDD, 0x9E, 0xDD, 0x9E, 0xDD, 0x9E, 0xDD, 0x9E, 0xDD, 0x9E, 0xDD, 0x9E, 0xDD, 0x9E, 0xDD,
    0x9E, 0xDD, 0x9E, 0xDD, 0x9E, 0xDD, 0x9E, 0xDD, 0x9E, 0xDD, 0x9E, 0xDD, 0x9E, 0xDD, 0x9E, 0xDD, 0x9E, 0xDD, 0x9E, 0xDD, 0x9E, 0xDD, 0x9E, 0xDD,
    0x9E, 0xDD, 0x9E, 0xDD, 0x9E, 0xDD, 0x9E, 0xDD, 0x9E, 0xDD, 0x9E, 0xDD, 0x9E, 0xDD, 0x9E, 0xDD, 0x9E, 0xDD, 0x9E, 0xDD, 0x9E, 0xDD, 0x9E, 0xDD,
    0x9E, 0xDD, 0x9E, 0xDD, 0x9E, 0xDD, 0x9E, 0xDD, 0x9E, 0xDD, 0x9E, 0xDD, 0x9E, 0xDD, 0x9E, 0xDD, 0x9E, 0xDD, 0x9E, 0xDD, 0x9E, 0xDD, 0x9E, 0xDD,
    0x9E, 0xDD, 0x9E, 0xDD, 0x9E, 0xDD, 0x9E, 0xDD, 0x9E, 0xDD, 0x9E, 0xDD, 0x9E, 0xDD, 0x9E, 0xDD, 0x9E, 0xDD, 0x9E, 0xDD, 0x9E, 0xDD, 0x9E, 0xDD,
    0x9E, 0xDD, 0x9E, 0xDD, 0x9E, 0xDD, 0x9E, 0xDD, 0x9E, 0xDD, 0x9E, 0xDD, 0x9E, 0xDD, 0x9E, 0xDD, 0x9E, 0xDD, 0x9E, 0xDD, 0x9E, 0xDD, 0x9E, 0xDD,
    0x9E, 0xDD, 0x9E, 0xDD, 0x9E, 0xDD, 0x9E, 0xDD, 0x9E, 0xDD, 0x9E, 0xDD, 0x9E, 0xDD, 0x9E, 0xDD, 0x9E, 0xDD, 0x9E, 0xDD, 0x9E, 0xDD, 0x9E, 0xDD,
    0x9E, 0xDD, 0x9E, 0xDD, 0x9E, 0xDD, 0x9E, 0xDD, 0x9E, 0xDD, 0x9E, 0xDD, 0x9E, 0xDD, 0x9E, 0xDD, 0x9E, 0xDD, 0x9E, 0xDD, 0x9E, 0xDD, 0x9E, 0xDD,
    0x9E, 0xDD, 0x9E, 0xDD, 0x9E, 0xDD, 0x9E, 0xDD, 0x9E, 0xDD, 0x9E, 0xDD, 0x9E, 0xDD, 0x9E, 0xDD, 0x9E, 0xDD, 0x9E, 0xDD, 0x9E, 0xDD, 0x9E, 0xDD,
    0x9E, 0xDD, 0x9E, 0xDD, 0x9E, 0xDD, 0x9E, 0xDD, 0x9E, 0xDD, 0x9E, 0xDD, 0x9E, 0xDD, 0x9E, 0xDD, 0x9E, 0xDD, 0x9E, 0xDD, 0x9E, 0xDD, 0x9E, 0xDD,
    0x9E, 0xDD, 0x9E, 0xDD, 0x9E, 0xDD, 0x9E, 0xDD, 0x9E, 0xDD, 0x9E, 0xDD, 0x9E, 0xDD, 0x9E, 0xDD, 0x9E, 0xDD, 0x9E, 0xDD, 0x9E, 0xDD, 0x9E, 0xDD,
    0x9E, 0xDD, 0x9E, 0xDD, 0x9E, 0xDD, 0x9E, 0xDD, 0x9E, 0xDD, 0x9E, 0xDD, 0x9E, 0xDD, 0x9E, 0xDD, 0x9E, 0xDD, 0x9E, 0xDD, 0x9E, 0xDD, 0x9E, 0xDD,
    0x9E, 0xDD, 0x9E, 0xDD, 0x9E, 0xDD, 0x9E, 0xDD, 0x9E, 0xDD, 0x9E, 0xDD, 0x9E, 0xDD, 0x9E, 0xDD, 0x9E, 0xDD, 0x9E, 0xDD, 0x9E, 0xDD, 0x9E, 0xDD,
    0x9E, 0xDD, 0x9E, 0xDD, 0x9E, 0xDD, 0x9E, 0xDD, 0x9E, 0xDD, 0x9E, 0xDD, 0x9E, 0xDD, 0x9E, 0xDD, 0x9E, 0xDD, 0x9E, 0xDD, 0x9E, 0xDD, 0x9E, 0xDD,
    0x9E, 0xDD, 0x9E, 0xDD, 0x9E, 0xDD, 0x9E, 0xDD, 0x9E, 0xDD, 0x9E, 0xDD, 0x9E, 0xDD, 0x9E, 0xDD, 0x9E, 0xDD, 0x9E, 0xDD, 0x9E, 0xDD, 0x9E, 0xDD,
    0x9E, 0xDD, 0x9E, 0xDD, 0x9E, 0xDD, 0x9E, 0xDD, 0x9E, 0xDD, 0x9E, 0xDD, 0x9E, 0xDD, 0x9E, 0xDD, 0x9E, 0xDD, 0x9E, 0xDD, 0x9E, 0xDD, 0x9E, 0xDD,
    0x9E, 0xDD, 0x9E, 0xDD, 0x9E, 0xDD, 0x9E, 0xDD, 0x9E, 0xDD, 0x9E, 0xDD, 0x9E, 0xDD, 0x9E, 0xDD, 0x9E, 0xDD, 0x9E, 0xDD, 0x9E, 0xDD, 0x9E, 0xDD,
    0x9E, 0xDD, 0x9E, 0xDD, 0x9E, 0xDD, 0x9E, 0xDD, 0x9E, 0xDD, 0x9E, 0xDD, 0x9E, 0xDD, 0x9E, 0xDD, 0x9E, 0xDD, 0x9E, 0xDD, 0x9E, 0xDD, 0x9E, 0xDD,
    0x9E, 0xDD, 0x9E, 0xDD, 0x9E, 0xDD, 0x9E, 0xDD, 0x9E, 0xDD, 0x9E, 0xDD, 0x9E, 0xDD, 0x9E, 0xDD, 0x9E, 0xDD, 0x9E, 0xDD, 0x9E, 0xDD, 0x9E, 0xDD,
    0x9E, 0xDD, 0x9E, 0xDD, 0x9E, 0xDD, 0x9E, 0xDD, 0x9E, 0xDD, 0x9E, 0xDD, 0x9E, 0xDD, 0x9E, 0xDD, 0x9E, 0xDD, 0x9E, 0xDD, 0x9E, 0xDD, 0x9E, 0xDD,
    0x9E, 0xDD, 0x9E, 0xDD, 0x9E, 0xDD, 0x9E, 0xDD, 0x9E, 0xDD, 0x9E, 0xDD, 0x9E, 0xDD, 0x9E, 0xDD, 0x9E, 0xDD, 0x9E, 0xDD, 0x9E, 0xDD, 0x9E, 0xDD,
    0x9E, 0xDD, 0x9E, 0xDD, 0x9E, 0xDD, 0x9E, 0xDD, 0x9E, 0xDD, 0x9E, 0xDD, 0x9E, 0xDD, 0x9E, 0xDD, 0x9E, 0xDD, 0x9E, 0xDD, 0x9E, 0xDD, 0x9E, 0xDD,
    0x9E, 0xDD, 0x9E, 0xDD, 0x9E, 0xDD, 0x9E, 0xDD, 0x9E, 0xDD, 0x9E, 0xDD, 0x9E, 0xDD, 0x9E, 0xDD, 0x9E, 0xDD, 0x9E, 0xDD, 0x9E, 0xDD, 0x9E, 0xDD,
    0x9E, 0xDD, 0x9E, 0xDD, 0x9E, 0xDD, 0x9E, 0xDD, 0x9E, 0xDD, 0x9E, 0xDD, 0x9E, 0xDD, 0x9E, 0xDD, 0x9E, 0xDD, 0x9E, 0xDD, 0x9E, 0xDD, 0x9E, 0xDD,
    0x9E, 0xDD, 0x9E, 0xDD, 0x9E, 0xDD, 0x9E, 0xDD, 0x9E, 0xDD, 0x9E, 0xDD, 0x9E, 0xDD, 0x9E, 0xDD, 0x9E, 0xDD, 0x9E, 0xDD, 0x9E, 0xDD, 0x9E, 0xDD,
    0x9E, 0xDD, 0x9E, 0xDD, 0x9E, 0xDD, 0x9E, 0xDD, 0x9E, 0xDD, 0x9E, 0xDD, 0x9E, 0xDD, 0x9E, 0xDD, 0x9E, 0xDD, 0x9E, 0xDD, 0x9E, 0xDD, 0x9E, 0xDD,
    0x9E, 0xDD, 0x9E, 0xDD, 0x9E, 0xDD, 0x9E, 0xDD, 0x9E, 0xDD, 0x9E, 0xDD, 0x9E, 0xDD, 0x9E, 0xDD, 0x9E, 0xDD, 0x9E, 0xDD, 0x9E, 0xDD, 0x9E, 0xDD,
    0x9E, 0xDD, 0x9E, 0xDD, 0x9E, 0xDD, 0x9E, 0xDD, 0x9E, 0xDD, 0x9E, 0xDD, 0x9E, 0xDD, 0x9E, 0xDD, 0x9E, 0xDD, 0x9E, 0xDD, 0x9E, 0xDD, 0x9E, 0xDD,
    0x9E, 0xDD, 0x9E, 0xDD, 0x9E, 0xDD, 0x9E, 0xDD, 0x9E, 0xDD, 0x9E, 0xDD, 0x9E, 0xDD, 0x9E, 0xDD, 0x9E, 0xDD, 0x9E, 0xDD, 0x9E, 0xDD, 0x9E, 0xDD,
    0x9E, 0xDD, 0x9E, 0xDD, 0x9E, 0xDD, 0x9E, 0xDD, 0x9E, 0xDD, 0x9E, 0xDD, 0x9E, 0xDD, 0x9E, 0xDD, 0x9E, 0xDD, 0x9E, 0xDD, 0x9E, 0xDD, 0x9E, 0xDD,
    0x9E, 0xDD, 0x9E, 0xDD, 0x9E, 0xDD, 0x9E, 0xDD, 0x9E, 0xDD, 0x9E, 0xDD, 0x9E, 0xDD, 0x9E, 0xDD, 0x9E, 0xDD, 0x9E, 0xDD, 0x9E, 0xDD, 0x9E, 0xDD,
    0x9E, 0xDD, 0x9E, 0xDD, 0x9E, 0xDD, 0x9E, 0xDD, 0x9E, 0xDD, 0x9E, 0xDD, 0x9E, 0xDD, 0x9E, 0xDD, 0x9E, 0xDD, 0x9E, 0xDD, 0x9E, 0xDD, 0x9E, 0xDD,
    0x9E, 0xDD, 0x9E, 0xDD, 0x9E, 0xDD, 0x9E, 0xDD, 0x9E, 0xDD, 0x9E, 0xDD, 0x9E, 0xDD, 0x9E, 0xDD, 0x9E, 0xDD, 0x9E, 0xDD, 0x9E, 0xDD, 0x9E, 0xDD,
    0x9E, 0xDD, 0x9E, 0xDD, 0x9E, 0xDD, 0x9E, 0xDD, 0x9E, 0xDD, 0x9E, 0xDD, 0x9E, 0xDD, 0x9E, 0xDD, 0x9E, 0xDD, 0x9E, 0xDD, 0x9E, 0xDD, 0x9E, 0xDD,
    0x9E, 0xDD, 0x9E, 0xDD, 0x9E, 0xDD, 0x9E, 0xDD, 0x9E, 0xDD, 0x9E, 0xDD, 0x9E, 0xDD, 0x9E, 0xDD, 0x9E, 0xDD, 0x9E, 0xDD, 0x9E, 0xDD, 0x9E, 0xDD,
    0x9E, 0xDD, 0x9E, 0xDD, 0x9E, 0xDD, 0x9E, 0xDD, 0x9E, 0xDD, 0x9E, 0xDD, 0x9E, 0xDD, 0x9E, 0xDD, 0x9E, 0xDD, 0x9E, 0xDD, 0x9E, 0xDD, 0x9E, 0xDD,
    0x9E, 0xDD, 0x9E, 0xDD, 0x9E, 0xDD, 0x9E, 0xDD, 0x9E, 0xDD, 0x9E, 0xDD, 0x9E, 0xDD, 0x9E, 0xDD, 0x9E, 0xDD, 0x9E, 0xDD, 0x9E, 0xDD, 0x9E, 0xDD,
    0x9E, 0xDD, 0x9E, 0xDD, 0x9E, 0xDD, 0x9E, 0xDD, 0x9E, 0xDD, 0x9E, 0xDD, 0x9E, 0xDD, 0x9E, 0xDD, 0x9E, 0xDD, 0x9E, 0xDD, 0x9E, 0xDD, 0x9E, 0xDD,
    0x9E, 0xDD, 0x9E, 0xDD, 0x9E, 0xDD, 0x9E, 0xDD, 0x9E, 0xDD, 0x9E, 0xDD, 0x9E, 0xDD, 0x9E, 0xDD, 0x9E, 0xDD, 0x9E, 0xDD, 0x9E, 0xDD, 0x9E, 0xDD,
    0x9E, 0xDC, 0x9E, 0xDC, 0x9E, 0xDC, 0x9E, 0xDC, 0x9E, 0xDC, 0x9E, 0xDC, 0x9E, 0xDC, 0x9E, 0xDC, 0x9E, 0xDC, 0x9E, 0xDC, 0x9E, 0xDC, 0x9E, 0xDC,
    0x9E, 0xDC, 0x9E, 0xDC, 0x9E, 0xDC, 0x9E, 0xDC, 0x9E, 0xDC, 0x9E, 0xDC, 0x9E, 0xDC, 0x9E, 0xDC, 0x9E, 0xDC, 0x9E, 0xDC, 0x9E, 0xDC, 0x9E, 0xDC,
    0x9E, 0xDC, 0x9E, 0xDC, 0x9E, 0xDC, 0x9E, 0xDC, 0x9E, 0xDC, 0x9E, 0xDC, 0x9E, 0xDC, 0x9E, 0xDC, 0x9E, 0xDC, 0x9E, 0xDC, 0x9E, 0xDC, 0x9E, 0xDC,
    0x9E, 0xDC, 0x9E, 0xDC, 0x9E, 0xDC, 0x9E, 0xDC, 0x9E, 0xDC, 0x9E, 0xDC, 0x9E, 0xDC, 0x9E, 0xDC, 0x9E, 0xDC, 0x9E, 0xDC, 0x9E, 0xDC, 0x9E, 0xDC,
    0x9E, 0xDC, 0x9E, 0xDC, 0x9E, 0xDC, 0x9E, 0xDC, 0x9E, 0xDC, 0x9E, 0xDC, 0x9E, 0xDC, 0x9E, 0xDC, 0x9E, 0xDC, 0x9E, 0xDC, 0x9E, 0xDC, 0x9E, 0xDC,
    0x9E, 0xDC, 0x9E, 0xDC, 0x9E, 0xDC, 0x9E, 0xDC, 0x9E, 0xDC, 0x9E, 0xDC, 0x9E, 0xDC, 0x9E, 0xDC, 0x9E, 0xDC, 0x9E, 0xDC, 0x9E, 0xDC, 0x9E, 0xDC,
    0x9E, 0xDC, 0x9E, 0xDC, 0x9E, 0xDC, 0x9E, 0xDC, 0x9E, 0xDC, 0x9E, 0xDC, 0x9E, 0xDC, 0x9E, 0xDC, 0x9E, 0xDC, 0x9E, 0xDC, 0x9E, 0xDC, 0x9E, 0xDC,
    0x9E, 0xDC, 0x9E, 0xDC, 0x9E, 0xDC, 0x9E, 0xDC, 0x9E, 0xDC, 0x9E, 0xDC, 0x9E, 0xDC, 0x9E, 0xDC, 0x9E, 0xDC, 0x9E, 0xDC, 0x9E, 0xDC, 0x9E, 0xDC,
    0x9E, 0xDC, 0x9E, 0xDC, 0x9E, 0xDC, 0x9E, 0xDC, 0x9E, 0xDC, 0x9E, 0xDC, 0x9E, 0xDC, 0x9E, 0xDC, 0x9E, 0xDC, 0x9E, 0xDC, 0x9E, 0xDC, 0x9E, 0xDC,
    0x9E, 0xDC, 0x9E, 0xDC, 0x9E, 0xDC, 0x9E, 0xDC, 0x9E, 0xDC, 0x9E, 0xDC, 0x9E, 0xDC, 0x9E, 0xDC, 0x9E, 0xDC, 0x9E, 0xDC, 0x9E, 0xDC, 0x9E, 0xDC,
    0x9E, 0xDC, 0x9E, 0xDC, 0x9E, 0xDC, 0x9E, 0xDC, 0x9E, 0xDC, 0x9E, 0xDC, 0x9E, 0xDC, 0x9E, 0xDC, 0x9E, 0xDC, 0x9E, 0xDC, 0x9E, 0xDC, 0x9E, 0xDC,
    0x9E, 0xDC, 0x9E, 0xDC, 0x9E, 0xDC, 0x9E, 0xDC, 0x9E, 0xDC, 0x9E, 0xDC, 0x9E, 0xDC, 0x9E, 0xDC, 0x9E, 0xDC, 0x9E, 0xDC, 0x9E, 0xDC, 0x9E, 0xDC,
    0x9E, 0xDC, 0x9E, 0xDC, 0x9E, 0xDC, 0x9E, 0xDC, 0x9E, 0xDC, 0x9E, 0xDC, 0x9E, 0xDC, 0x9E, 0xDC, 0x9E, 0xDC, 0x9E, 0xDC, 0x9E, 0xDC, 0x9E, 0xDC,
    0x9E, 0xDC, 0x9E, 0xDC, 0x9E, 0xDC, 0x9E, 0xDC, 0x9E, 0xDC, 0x9E, 0xDC, 0x9E, 0xDC, 0x9E, 0xDC, 0x9E, 0xDC, 0x9E, 0xDC, 0x9E, 0xDC, 0x9E, 0xDC,
    0x9E, 0xDC, 0x9E, 0xDC, 0x9E, 0xDC, 0x9E, 0xDC, 0x9E, 0xDC, 0x9E, 0xDC, 0x9E, 0xDC, 0x9E, 0xDC, 0x9E, 0xDC, 0x9E, 0xDC, 0x9E, 0xDC, 0x9E, 0xDC,
    0x9E, 0xDC, 0x9E, 0xDC, 0x9E, 0xDC, 0x9E, 0xDC, 0x9E, 0xDC, 0x9E, 0xDC, 0x9E, 0xDC, 0x9E, 0xDC, 0x9E, 0xDC, 0x9E, 0xDC, 0x9E, 0xDC, 0x9E, 0xDC,
    0x9E, 0xDC, 0x9E, 0xDC, 0x9E, 0xDC, 0x9E, 0xDC, 0x9E, 0xDC, 0x9E, 0xDC, 0x9E, 0xDC, 0x9E, 0xDC, 0x9E, 0xDC, 0x9E, 0xDC, 0x9E, 0xDC, 0x9E, 0xDC,
    0x9E, 0xDC, 0x9E, 0xDC, 0x9E, 0xDC, 0x9E, 0xDC, 0x9E, 0xDC, 0x9E, 0xDC, 0x9E, 0xDC, 0x9E, 0xDC, 0x9E, 0xDC, 0x9E, 0xDC, 0x9E, 0xDC, 0x9E, 0xDC,
    0x9E, 0xDC, 0x9E, 0xDC, 0x9E, 0xDC, 0x9E, 0xDC, 0x9E, 0xDC, 0x9E, 0xDC, 0x9E, 0xDC, 0x9E, 0xDC, 0x9E, 0xDC, 0x9E, 0xDC, 0x9E, 0xDC, 0x9E, 0xDC,
    0x9E, 0xDC, 0x9E, 0xDC, 0x9E, 0xDC, 0x9E, 0xDC, 0x9E, 0xDC, 0x9E, 0xDC, 0x9E, 0xDC, 0x9E, 0xDC, 0x9E, 0xDC, 0x9E, 0xDC, 0x9E, 0xDC, 0x9E, 0xDC,
    0xA6, 0xDC, 0xA6, 0xDC, 0xA6, 0xDC, 0xA6, 0xDC, 0xA6, 0xDC, 0xA6, 0xDC, 0xA6, 0xDC, 0xA6, 0xDC, 0xA6, 0xDC, 0xA6, 0xDC, 0xA6, 0xDC, 0xA6, 0xDC,
    0xA6, 0xDC, 0xA6, 0xDC, 0xA6, 0xDC, 0xA6, 0xDC, 0xA6, 0xDC, 0xA6, 0xDC, 0xA6, 0xDC, 0xA6, 0xDC, 0xA6, 0xDC, 0xA6, 0xDC, 0xA6, 0xDC, 0xA6, 0xDC,
    0xA6, 0xDC, 0xA6, 0xDC, 0xA6, 0xDC, 0xA6, 0xDC, 0xA6, 0xDC, 0xA6, 0xDC, 0xA6, 0xDC, 0xA6, 0xDC, 0xA6, 0xDC, 0xA6, 0xDC, 0xA6, 0xDC, 0xA6, 0xDC,
    0xA6, 0xDC, 0xA6, 0xDC, 0xA6, 0xDC, 0xA6, 0xDC, 0xA6, 0xDC, 0xA6, 0xDC, 0xA6, 0xDC, 0xA6, 0xDC, 0xA6, 0xDC, 0xA6, 0xDC, 0xA6, 0xDC, 0xA6, 0xDC,
    0xA6, 0xDC, 0xA6, 0xDC, 0xA6, 0xDC, 0xA6, 0xDC, 0xA6, 0xDC, 0xA6, 0xDC, 0xA6, 0xDC, 0xA6, 0xDC, 0xA6, 0xDC, 0xA6, 0xDC, 0xA6, 0xDC, 0xA6, 0xDC,
    0xA6, 0xDC, 0xA6, 0xDC, 0xA6, 0xDC, 0xA6, 0xDC, 0xA6, 0xDC, 0xA6, 0xDC, 0xA6, 0xDC, 0xA6, 0xDC, 0xA6, 0xDC, 0xA6, 0xDC, 0xA6, 0xDC, 0xA6, 0xDC,
    0xA6, 0xDC, 0xA6, 0xDC, 0xA6, 0xDC, 0xA6, 0xDC, 0xA6, 0xDC, 0xA6, 0xDC, 0xA6, 0xDC, 0xA6, 0xDC, 0xA6, 0xDC, 0xA6, 0xDC, 0xA6, 0xDC, 0xA6, 0xDC,
    0xA6, 0xDC, 0xA6, 0xDC, 0xA6, 0xDC, 0xA6, 0xDC, 0xA6, 0xDC, 0xA6, 0xDC, 0xA6, 0xDC, 0xA6, 0xDC, 0xA6, 0xDC, 0xA6, 0xDC, 0xA6, 0xDC, 0xA6, 0xDC,
    0xA6, 0xDC, 0xA6, 0xDC, 0xA6, 0xDC, 0xA6, 0xDC, 0xA6, 0xDC, 0xA6, 0xDC, 0xA6, 0xDC, 0xA6, 0xDC, 0xA6, 0xDC, 0xA6, 0xDC, 0xA6, 0xDC, 0xA6, 0xDC,
    0xA6, 0xDC, 0xA6, 0xDC, 0xA6, 0xDC, 0xA6, 0xDC, 0xA6, 0xDC, 0xA6, 0xDC, 0xA6, 0xDC, 0xA6, 0xDC, 0xA6, 0xDC, 0xA6, 0xDC, 0xA6, 0xDC, 0xA6, 0xDC,
    0xA6, 0xDC, 0xA6, 0xDC, 0xA6, 0xDC, 0xA6, 0xDC, 0xA6, 0xDC, 0xA6, 0xDC, 0xA6, 0xDC, 0xA6, 0xDC, 0xA6, 0xDC, 0xA6, 0xDC, 0xA6, 0xDC, 0xA6, 0xDC,
    0xA6, 0xDC, 0xA6, 0xDC, 0xA6, 0xDC, 0xA6, 0xDC, 0xA6, 0xDC, 0xA6, 0xDC, 0xA6, 0xDC, 0xA6, 0xDC, 0xA6, 0xDC, 0xA6, 0xDC, 0xA6, 0xDC, 0xA6, 0xDC,
    0xA6, 0xDC, 0xA6, 0xDC, 0xA6, 0xDC, 0xA6, 0xDC, 0xA6, 0xDC, 0xA6, 0xDC, 0xA6, 0xDC, 0xA6, 0xDC, 0xA6, 0xDC, 0xA6, 0xDC, 0xA6, 0xDC, 0xA6, 0xDC,
    0xA6, 0xDC, 0xA6, 0xDC, 0xA6, 0xDC, 0xA6, 0xDC, 0xA6, 0xDC, 0xA6, 0xDC, 0xA6, 0xDC, 0xA6, 0xDC, 0xA6, 0xDC, 0xA6, 0xDC, 0xA6, 0xDC, 0xA6, 0xDC,
    0xA6, 0xDC, 0xA6, 0xDC, 0xA6, 0xDC, 0xA6, 0xDC, 0xA6, 0xDC, 0xA6, 0xDC, 0xA6, 0xDC, 0xA6, 0xDC, 0xA6, 0xDC, 0xA6, 0xDC, 0xA6, 0xDC, 0xA6, 0xDC,
    0xA6, 0xDC, 0xA6, 0xDC, 0xA6, 0xDC, 0xA6, 0xDC, 0xA6, 0xDC, 0xA6, 0xDC, 0xA6, 0xDC, 0xA6, 0xDC, 0xA6, 0xDC, 0xA6, 0xDC, 0xA6, 0xDC, 0xA6, 0xDC,
    0xA6, 0xDC, 0xA6, 0xDC, 0xA6, 0xDC, 0xA6, 0xDC, 0xA6, 0xDC, 0xA6, 0xDC, 0xA6, 0xDC, 0xA6, 0xDC, 0xA6, 0xDC, 0xA6, 0xDC, 0xA6, 0xDC, 0xA6, 0xDC,
    0xA6, 0xDC, 0xA6, 0xDC, 0xA6, 0xDC, 0xA6, 0xDC, 0xA6, 0xDC, 0xA6, 0xDC, 0xA6, 0xDC, 0xA6, 0xDC, 0xA6, 0xDC, 0xA6, 0xDC, 0xA6, 0xDC, 0xA6, 0xDC,
    0xA6, 0xDC, 0xA6, 0xDC, 0xA6, 0xDC, 0xA6, 0xDC, 0xA6, 0xDC, 0xA6, 0xDC, 0xA6, 0xDC, 0xA6, 0xDC, 0xA6, 0xDC, 0xA6, 0xDC, 0xA6, 0xDC, 0xA6, 0xDC,
    0xA6, 0xDC, 0xA6, 0xDC, 0xA6, 0xDC, 0xA6, 0xDC, 0xA6, 0xDC, 0xA6, 0xDC, 0xA6, 0xDC, 0xA6, 0xDC, 0xA6, 0xDC, 0xA6, 0xDC, 0xA6, 0xDC, 0xA6, 0xDC,
    0xA6, 0xDC, 0xA6, 0xDC, 0xA6, 0xDC, 0xA6, 0xDC, 0xA6, 0xDC, 0xA6, 0xDC, 0xA6, 0xDC, 0xA6, 0xDC, 0xA6, 0xDC, 0xA6, 0xDC, 0xA6, 0xDC, 0xA6, 0xDC,
    0xA6, 0xDC, 0xA6, 0xDC, 0xA6, 0xDC, 0xA6, 0xDC, 0xA6, 0xDC, 0xA6, 0xDC, 0xA6, 0xDC, 0xA6, 0xDC, 0xA6, 0xDC, 0xA6, 0xDC, 0xA6, 0xDC, 0xA6, 0xDC,
    0xA6, 0xDC, 0xA6, 0xDC, 0xA6, 0xDC, 0xA6, 0xDC, 0xA6, 0xDC, 0xA6, 0xDC, 0xA6, 0xDC, 0xA6, 0xDC, 0xA6, 0xDC, 0xA6, 0xDC, 0xA6, 0xDC, 0xA6, 0xDC,
    0xA6, 0xDC, 0xA6, 0xDC, 0xA6, 0xDC, 0xA6, 0xDC, 0xA6, 0xDC, 0xA6, 0xDC, 0xA6, 0xDC, 0xA6, 0xDC, 0xA6, 0xDC, 0xA6, 0xDC, 0xA6, 0xDC, 0xA6, 0xDC,
    0xA6, 0xDC, 0xA6, 0xDC, 0xA6, 0xDC, 0xA6, 0xDC, 0xA6, 0xDC, 0xA6, 0xDC, 0xA6, 0xDC, 0xA6, 0xDC, 0xA6, 0xDC, 0xA6, 0xDC, 0xA6, 0xDC, 0xA6, 0xDC,
    0xA6, 0xDC, 0xA6, 0xDC, 0xA6, 0xDC, 0xA6, 0xDC, 0xA6, 0xDC, 0xA6, 0xDC, 0xA6, 0xDC, 0xA6, 0xDC, 0xA6, 0xDC, 0xA6, 0xDC, 0xA6, 0xDC, 0xA6, 0xDC,
    0x9E, 0xDC, 0xA6, 0xDC, 0xA6, 0xDC, 0xA6, 0xDC, 0xA6, 0xDC, 0xA6, 0xDC, 0xA6, 0xDC, 0xA6, 0xDC, 0xA6, 0xDC, 0xA6, 0xDC, 0xA6, 0xDC, 0xA6, 0xDC,
    0xA6, 0xDC, 0xA6, 0xDC, 0xA6, 0xDC, 0xA6, 0xDC, 0xA6, 0xDC, 0xA6, 0xDC, 0xA6, 0xDC, 0xA6, 0xDC, 0xA6, 0xDC, 0xA6, 0xDC, 0xA6, 0xDC, 0xA6, 0xDC,
    0xA6, 0xDC, 0xA6, 0xDC, 0xA6, 0xDC, 0xA6, 0xDC, 0xA6, 0xDC, 0xA6, 0xDC, 0xA6, 0xDC, 0xA6, 0xDC, 0xA6, 0xDC, 0xA6, 0xDC, 0xA6, 0xDC, 0xA6, 0xDC,
    0xA6, 0xDC, 0xA6, 0xDC, 0xA6, 0xDC, 0xA6, 0xDC, 0xA6, 0xDC, 0xA6, 0xDC, 0xA6, 0xDC, 0xA6, 0xDC, 0xA6, 0xDC, 0xA6, 0xDC, 0xA6, 0xDC, 0xA6, 0xDC,
    0xA6, 0xDC, 0xA6, 0xDC, 0xA6, 0xDC, 0xA6, 0xDC, 0xA6, 0xDC, 0xA6, 0xDC, 0xA6, 0xDC, 0xA6, 0xDC, 0xA6, 0xDC, 0xA6, 0xDC, 0xA6, 0xDC, 0xA6, 0xDC,
    0xA6, 0xDC, 0xA6, 0xDC, 0xA6, 0xDC, 0xA6, 0xDC, 0xA6, 0xDC, 0xA6, 0xDC, 0xA6, 0xDC, 0xA6, 0xDC, 0xA6, 0xDC, 0xA6, 0xDC, 0xA6, 0xDC, 0xA6, 0xDC,
    0xA6, 0xDC, 0xA6, 0xDC, 0xA6, 0xDC, 0xA6, 0xDC, 0xA6, 0xDC, 0xA6, 0xDC, 0xA6, 0xDC, 0xA6, 0xDC, 0xA6, 0xDC, 0xA6, 0xDC, 0xA6, 0xDC, 0xA6, 0xDC,
    0xA6, 0xDC, 0xA6, 0xDC, 0xA6, 0xDC, 0xA6, 0xDC, 0xA6, 0xDC, 0xA6, 0xDC, 0xA6, 0xDC, 0xA6, 0xDC, 0xA6, 0xDC, 0xA6, 0xDC, 0xA6, 0xDC, 0xA6, 0xDC,
    0xA6, 0xDC, 0xA6, 0xDC, 0xA6, 0xDC, 0xA6, 0xDC, 0xA6, 0xDC, 0xA6, 0xDC, 0xA6, 0xDC, 0xA6, 0xDC, 0xA6, 0xDC, 0xA6, 0xDC, 0xA6, 0xDC, 0xA6, 0xDC,
    0xA6, 0xDC, 0xA6, 0xDC, 0xA6, 0xDC, 0xA6, 0xDC, 0xA6, 0xDC, 0xA6, 0xDC, 0xA6, 0xDC, 0xA6, 0xDC, 0xA6, 0xDC, 0xA6, 0xDC, 0xA6, 0xDC, 0xA6, 0xDC,
    0xA6, 0xDC, 0xA6, 0xDC, 0xA6, 0xDC, 0xA6, 0xDC, 0xA6, 0xDC, 0xA6, 0xDC, 0xA6, 0xDC, 0xA6, 0xDC, 0xA6, 0xDC, 0xA6, 0xDC, 0xA6, 0xDC, 0xA6, 0xDC,
    0xA6, 0xDC, 0xA6, 0xDC, 0xA6, 0xDC, 0xA6, 0xDC, 0xA6, 0xDC, 0xA6, 0xDC, 0xA6, 0xDC, 0xA6, 0xDC, 0xA6, 0xDC, 0xA6, 0xDC, 0xA6, 0xDC, 0xA6, 0xDC,
    0xA6, 0xDC, 0xA6, 0xDC, 0xA6, 0xDC, 0xA6, 0xDC, 0xA6, 0xDC, 0xA6, 0xDC, 0xA6, 0xDC, 0xA6, 0xDC, 0xA6, 0xDC, 0xA6, 0xDC, 0xA6, 0xDC, 0xA6, 0xDC,
    0xA6, 0xDC, 0xA6, 0xDC, 0xA6, 0xDC, 0xA6, 0xDC, 0xA6, 0xDC, 0xA6, 0xDC, 0xA6, 0xDC, 0xA6, 0xDC, 0xA6, 0xDC, 0xA6, 0xDC, 0xA6, 0xDC, 0xA6, 0xDC,
    0xA6, 0xDC, 0xA6, 0xDC, 0xA6, 0xDC, 0xA6, 0xDC, 0xA6, 0xDC, 0xA6, 0xDC, 0xA6, 0xDC, 0xA6, 0xDC, 0xA6, 0xDC, 0xA6, 0xDC, 0xA6, 0xDC, 0xA6, 0xDC,
    0xA6, 0xDC, 0xA6, 0xDC, 0xA6, 0xDC, 0xA6, 0xDC, 0xA6, 0xDC, 0xA6, 0xDC, 0xA6, 0xDC, 0xA6, 0xDC, 0xA6, 0xDC, 0xA6, 0xDC, 0xA6, 0xDC, 0xA6, 0xDC,
    0xA6, 0xDC, 0xA6, 0xDC, 0xA6, 0xDC, 0xA6, 0xDC, 0xA6, 0xDC, 0xA6, 0xDC, 0xA6, 0xDC, 0xA6, 0xDC, 0xA6, 0xDC, 0xA6, 0xDC, 0xA6, 0xDC, 0xA6, 0xDC,
    0xA6, 0xDC, 0xA6, 0xDC, 0xA6, 0xDC, 0xA6, 0xDC, 0xA6, 0xDC, 0xA6, 0xDC, 0xA6, 0xDC, 0xA6, 0xDC, 0xA6, 0xDC, 0xA6, 0xDC, 0xA6, 0xDC, 0xA6, 0xDC,
    0xA6, 0xDC, 0xA6, 0xDC, 0xA6, 0xDC, 0xA6, 0xDC, 0xA6, 0xDC, 0xA6, 0xDC, 0xA6, 0xDC, 0xA6, 0xDC, 0xA6, 0xDC, 0xA6, 0xDC, 0xA6, 0xDC, 0xA6, 0xDC,
    0xA6, 0xDC, 0xA6, 0xDC, 0xA6, 0xDC, 0xA6, 0xDC, 0x9E, 0xDC, 0xA6, 0xDC, 0xA6, 0xDC, 0xA6, 0xDC, 0xA6, 0xDC, 0xA6, 0xDC, 0xA6, 0xDC, 0xA6, 0xDC,
    0xA6, 0xDC, 0xA6, 0xDC, 0xA6, 0xDC, 0xA6, 0xDC, 0xA6, 0xDC, 0xA6, 0xDC, 0xA6, 0xDC, 0xA6, 0xDC, 0xA6, 0xDC, 0xA6, 0xDC, 0xA6, 0xDC, 0xA6, 0xDC,
    0xA6, 0xDC, 0xA6, 0xDC, 0xA6, 0xDC, 0xA6, 0xDC, 0xA6, 0xDC, 0xA6, 0xDC, 0xA6, 0xDC, 0xA6, 0xDC, 0xA6, 0xDC, 0xA6, 0xDC, 0xA6, 0xDC, 0xA6, 0xDC,
    0xA6, 0xDC, 0xA6, 0xDC, 0xA6, 0xDC, 0xA6, 0xDC, 0xA6, 0xDC, 0xA6, 0xDC, 0xA6, 0xDC, 0xA6, 0xDC, 0xA6, 0xDC, 0xA6, 0xDC, 0xA6, 0xDC, 0xA6, 0xDC,
    0xA6, 0xDC, 0xA6, 0xDC, 0xA6, 0xDC, 0xA6, 0xDC, 0xA6, 0xDC, 0xA6, 0xDC, 0xA6, 0xDC, 0xA6, 0xDC, 0xA6, 0xDC, 0xA6, 0xDC, 0xA6, 0xDC, 0xA6, 0xDC,
    0xA6, 0xDC, 0xA6, 0xDC, 0xA6, 0xDC, 0xA6, 0xDC, 0xA6, 0xDC, 0xA6, 0xDC, 0xA6, 0xDC, 0xA6, 0xDC, 0xA6, 0xDC, 0xA6, 0xDC, 0xA6, 0xDC, 0xA6, 0xDC,
    0xA6, 0xDC, 0xA6, 0xDC, 0xA6, 0xDC, 0xA6, 0xDC, 0xA6, 0xDC, 0xA6, 0xDC, 0xA6, 0xDC, 0xA6, 0xDC, 0xA6, 0xDC, 0xA6, 0xDC, 0xA6, 0xDC, 0xA6, 0xDC,
    0xA6, 0xDC, 0xA6, 0xDC, 0xA6, 0xDC, 0xA6, 0xDC, 0xA6, 0xDC, 0xA6, 0xDC, 0xA6, 0xDC, 0xA6, 0xDC, 0xA6, 0xDC, 0xA6, 0xDC, 0xA6, 0xDC, 0xA6, 0xDC,
    0xA6, 0xDC, 0xA6, 0xDC, 0xA6, 0xDC, 0xA6, 0xDC, 0xA6, 0xDC, 0xA6, 0xDC, 0xA6, 0xDC, 0xA6, 0xDC, 0xA6, 0xDC, 0xA6, 0xDC, 0xA6, 0xDC, 0xA6, 0xDC,
    0xA6, 0xDC, 0xA6, 0xDC, 0xA6, 0xDC, 0xA6, 0xDC, 0xA6, 0xDC, 0xA6, 0xDC, 0xA6, 0xDC, 0xA6, 0xDC, 0xA6, 0xDC, 0xA6, 0xDC, 0xA6, 0xDC, 0xA6, 0xDC,
    0xA6, 0xDC, 0xA6, 0xDC, 0xA6, 0xDC, 0xA6, 0xDC, 0xA6, 0xDC, 0xA6, 0xDC, 0xA6, 0xDC, 0xA6, 0xDC, 0xA6, 0xDC, 0xA6, 0xDC, 0xA6, 0xDC, 0xA6, 0xDC,
    0xA6, 0xDC, 0xA6, 0xDC, 0xA6, 0xDC, 0xA6, 0xDC, 0xA6, 0xDC, 0xA6, 0xDC, 0xA6, 0xDC, 0xA6, 0xDC, 0xA6, 0xDC, 0xA6, 0xDC, 0xA6, 0xDC, 0xA6, 0xDC,
    0xA6, 0xDC, 0xA6, 0xDC, 0xA6, 0xDC, 0xA6, 0xDC, 0xA6, 0xDC, 0xA6, 0xDC, 0xA6, 0xDC, 0xA6, 0xDC, 0xA6, 0xDC, 0xA6, 0xDC, 0xA6, 0xDC, 0xA6, 0xDC,
    0xA6, 0xDC, 0xA6, 0xDC, 0xA6, 0xDC, 0xA6, 0xDC, 0xA6, 0xDC, 0xA6, 0xDC, 0xA6, 0xDC, 0xA6, 0xDC, 0xA6, 0xDC, 0xA6, 0xDC, 0xA6, 0xDC, 0xA6, 0xDC,
    0xA6, 0xDC, 0xA6, 0xDC, 0xA6, 0xDC, 0xA6, 0xDC, 0xA6, 0xDC, 0xA6, 0xDC, 0xA6, 0xDC, 0xA6, 0xDC, 0xA6, 0xDC, 0xA6, 0xDC, 0xA6, 0xDC, 0xA6, 0xDC,
    0xA6, 0xDC, 0xA6, 0xDC, 0xA6, 0xDC, 0xA6, 0xDC, 0xA6, 0xDC, 0xA6, 0xDC, 0xA6, 0xDC, 0xA6, 0xDC, 0xA6, 0xDC, 0xA6, 0xDC, 0xA6, 0xDC, 0xA6, 0xDC,
    0xA6, 0xDC, 0xA6, 0xDC, 0xA6, 0xDC, 0xA6, 0xDC, 0xA6, 0xDC, 0xA6, 0xDC, 0xA6, 0xDC, 0xA6, 0xDC, 0xA6, 0xDC, 0xA6, 0xDC, 0xA6, 0xDC, 0xA6, 0xDC,
    0xA6, 0xDC, 0xA6, 0xDC, 0xA6, 0xDC, 0xA6, 0xDC, 0xA6, 0xDC, 0xA6, 0xDC, 0xA6, 0xDC, 0xA6, 0xDC, 0xA6, 0xDC, 0xA6, 0xDC, 0xA6, 0xDC, 0xA6, 0xDC,
    0xA6, 0xDC, 0xA6, 0xDC, 0xA6, 0xDC, 0xA6, 0xDC, 0xA6, 0xDC, 0xA6, 0xDC, 0xA6, 0xDC, 0xA6, 0xDC, 0xA6, 0xDC, 0xA6, 0xDC, 0xA6, 0xDC, 0xA6, 0xDC,
    0xA6, 0xDC, 0xA6, 0xDC, 0xA6, 0xDC, 0xA6, 0xDC, 0xA6, 0xDC, 0xA6, 0xDC, 0xA6, 0xDC, 0xA6, 0xDC, 0xA6, 0xDC, 0xA6, 0xDC, 0xA6, 0xDC, 0xA6, 0xDC,
    0xA6, 0xDC, 0xA6, 0xDC, 0xA6, 0xDC, 0xA6, 0xDC, 0xA6, 0xDC, 0xA6, 0xDC, 0xA6, 0xDC, 0xA6, 0xDD, 0xAE, 0xFD, 0xAE, 0xFD, 0xAE, 0xFD, 0xAE, 0xFD,
    0xA6, 0xDC, 0xA6, 0xDC, 0xA6, 0xDC, 0xA6, 0xDC, 0xA6, 0xDC, 0xA6, 0xDC, 0xA6, 0xDC, 0xA6, 0xDC, 0xA6, 0xDC, 0xA6, 0xDC, 0xA6, 0xDC, 0xA6, 0xDC,
    0xA6, 0xDC, 0xA6, 0xDC, 0xA6, 0xDC, 0xA6, 0xDC, 0xA6, 0xDC, 0xA6, 0xDC, 0xA6, 0xDC, 0xA6, 0xDC, 0xA6, 0xDC, 0xA6, 0xDC, 0xA6, 0xDC, 0xA6, 0xDC,
    0xA6, 0xDC, 0xA6, 0xDC, 0xA6, 0xDC, 0xA6, 0xDC, 0xA6, 0xDC, 0xA6, 0xDC, 0xA6, 0xDC, 0xA6, 0xDC, 0xA6, 0xDC, 0xA6, 0xDC, 0xA6, 0xDC, 0xA6, 0xDC,
    0xA6, 0xDC, 0xA6, 0xDC, 0xA6, 0xDC, 0xA6, 0xDC, 0xA6, 0xDC, 0xA6, 0xDC, 0xA6, 0xDC, 0xA6, 0xDC, 0xA6, 0xDC, 0xA6, 0xDC, 0xA6, 0xDC, 0xA6, 0xDC,
    0xA6, 0xDC, 0xA6, 0xDC, 0xA6, 0xDC, 0xA6, 0xDC, 0xA6, 0xDC, 0xA6, 0xDC, 0xA6, 0xDC, 0xA6, 0xDC, 0xA6, 0xDC, 0xA6, 0xDC, 0xA6, 0xDC, 0xA6, 0xDC,
    0xA6, 0xDC, 0xA6, 0xDC, 0xA6, 0xDC, 0xA6, 0xDC, 0xA6, 0xDC, 0xA6, 0xDC, 0xA6, 0xDC, 0xA6, 0xDC, 0xA6, 0xDC, 0xA6, 0xDC, 0xA6, 0xDC, 0xA6, 0xDC,
    0xA6, 0xDC, 0xA6, 0xDC, 0xA6, 0xDC, 0xA6, 0xDC, 0xA6, 0xDC, 0xA6, 0xDC, 0xA6, 0xDC, 0xA6, 0xDC, 0xA6, 0xDC, 0xA6, 0xDC, 0xA6, 0xDC, 0xA6, 0xDC,
    0xA6, 0xDC, 0xA6, 0xDC, 0xA6, 0xDC, 0xA6, 0xDC, 0xA6, 0xDC, 0xA6, 0xDC, 0xA6, 0xDC, 0xA6, 0xDC, 0xA6, 0xDC, 0xA6, 0xDC, 0xA6, 0xDC, 0xA6, 0xDC,
    0xA6, 0xDC, 0xA6, 0xDC, 0xA6, 0xDC, 0xA6, 0xDC, 0xA6, 0xDC, 0xA6, 0xDC, 0xA6, 0xDC, 0xA6, 0xDC, 0xA6, 0xDC, 0xA6, 0xDC, 0xA6, 0xDC, 0xA6, 0xDC,
    0xA6, 0xDC, 0xA6, 0xDC, 0xA6, 0xDC, 0xA6, 0xDC, 0xA6, 0xDC, 0xA6, 0xDC, 0xA6, 0xDC, 0xA6, 0xDC, 0xA6, 0xDC, 0xA6, 0xDC, 0xA6, 0xDC, 0xA6, 0xDC,
    0xA6, 0xDC, 0xA6, 0xDC, 0xA6, 0xDC, 0xA6, 0xDC, 0xA6, 0xDC, 0xA6, 0xDC, 0xA6, 0xDC, 0xA6, 0xDC, 0xA6, 0xDC, 0xA6, 0xDC, 0xA6, 0xDC, 0xA6, 0xDC,
    0xA6, 0xDC, 0xA6, 0xDC, 0xA6, 0xDC, 0xA6, 0xDC, 0xA6, 0xDC, 0xA6, 0xDC, 0xA6, 0xDC, 0xA6, 0xDC, 0xA6, 0xDC, 0xA6, 0xDC, 0xA6, 0xDC, 0xA6, 0xDC,
    0xA6, 0xDC, 0xA6, 0xDC, 0xA6, 0xDC, 0xA6, 0xDC, 0xA6, 0xDC, 0xA6, 0xDC, 0xA6, 0xDC, 0xA6, 0xDC, 0xA6, 0xDC, 0xA6, 0xDC, 0xA6, 0xDC, 0xA6, 0xDC,
    0xA6, 0xDC, 0xA6, 0xDC, 0xA6, 0xDC, 0xA6, 0xDC, 0xA6, 0xDC, 0xA6, 0xDC, 0xA6, 0xDC, 0xA6, 0xDC, 0xA6, 0xDC, 0xA6, 0xDC, 0xA6, 0xDC, 0xA6, 0xDC,
    0xA6, 0xDC, 0xA6, 0xDC, 0xA6, 0xDC, 0xA6, 0xDC, 0xA6, 0xDC, 0xA6, 0xDC, 0xA6, 0xDC, 0xA6, 0xDC, 0xA6, 0xDC, 0xA6, 0xDC, 0xA6, 0xDC, 0xA6, 0xDC,
    0xA6, 0xDC, 0xA6, 0xDC, 0xA6, 0xDC, 0xA6, 0xDC, 0xA6, 0xDC, 0xA6, 0xDC, 0xA6, 0xDC, 0xA6, 0xDC, 0xA6, 0xDC, 0xA6, 0xDC, 0xA6, 0xDC, 0xA6, 0xDC,
    0xA6, 0xDC, 0xA6, 0xDC, 0xA6, 0xDC, 0xA6, 0xDC, 0xA6, 0xDC, 0xA6, 0xDC, 0xA6, 0xDC, 0xA6, 0xDC, 0xA6, 0xDC, 0xA6, 0xDC, 0xA6, 0xDC, 0xA6, 0xDC,
    0xA6, 0xDC, 0xA6, 0xDC, 0xA6, 0xDC, 0xA6, 0xDC, 0xA6, 0xDC, 0xA6, 0xDC, 0xA6, 0xDC, 0xA6, 0xDC, 0xA6, 0xDC, 0xA6, 0xDC, 0xA6, 0xDC, 0xA6, 0xDC,
    0xA6, 0xDC, 0xA6, 0xDC, 0xA6, 0xDC, 0xA6, 0xDC, 0xA6, 0xDC, 0xA6, 0xDC, 0xA6, 0xDC, 0xA6, 0xDC, 0xA6, 0xDC, 0xA6, 0xDC, 0xA6, 0xDC, 0xA6, 0xDC,
    0xA6, 0xDC, 0xA6, 0xDC, 0xA6, 0xDC, 0xA6, 0xDC, 0xA6, 0xDC, 0xC7, 0x3D, 0xE7, 0x9E, 0xDF, 0xDF, 0xC7, 0x5E, 0xC7, 0x3D, 0xC7, 0x1D, 0xCF, 0x7F,
    0xDF, 0xDF, 0xD7, 0x7E, 0xB7, 0x1D, 0xA6, 0xDC, 0xA6, 0xDC, 0xA6, 0xDC, 0xA6, 0xDC, 0xA6, 0xDC, 0xA6, 0xDC, 0xA6, 0xDC, 0xA6, 0xDC, 0xA6, 0xDC,
    0xA6, 0xDC, 0xA6, 0xDC, 0xA6, 0xDC, 0xA6, 0xDC, 0xA6, 0xDC, 0xA6, 0xDC, 0xA6, 0xDC, 0xA6, 0xDC, 0xA6, 0xDC, 0xA6, 0xDC, 0xA6, 0xDC, 0xA6, 0xDC,
    0xA6, 0xDC, 0xA6, 0xDC, 0xA6, 0xDC, 0xA6, 0xDC, 0xA6, 0xDC, 0xA6, 0xDC, 0xA6, 0xDC, 0xA6, 0xDC, 0xA6, 0xDC, 0xA6, 0xDC, 0xA6, 0xDC, 0xA6, 0xDC,
    0xA6, 0xDC, 0xA6, 0xDC, 0xA6, 0xDC, 0xA6, 0xDC, 0xA6, 0xDC, 0xA6, 0xDC, 0xA6, 0xDC, 0xA6, 0xDC, 0xA6, 0xDC, 0xA6, 0xDC, 0xA6, 0xDC, 0xA6, 0xDC,
    0xA6, 0xDC, 0xA6, 0xDC, 0xA6, 0xDC, 0xA6, 0xDC, 0xA6, 0xDC, 0xA6, 0xDC, 0xA6, 0xDC, 0xA6, 0xDC, 0xA6, 0xDC, 0xA6, 0xDC, 0xA6, 0xDC, 0xA6, 0xDC,
    0xA6, 0xDC, 0xA6, 0xDC, 0xA6, 0xDC, 0xA6, 0xDC, 0xA6, 0xDC, 0xA6, 0xDC, 0xA6, 0xDC, 0xA6, 0xDC, 0xA6, 0xDC, 0xA6, 0xDC, 0xA6, 0xDC, 0xA6, 0xDC,
    0xA6, 0xDC, 0xA6, 0xDC, 0xA6, 0xDC, 0xA6, 0xDC, 0xA6, 0xDC, 0xA6, 0xDC, 0xA6, 0xDC, 0xA6, 0xDC, 0xA6, 0xDC, 0xA6, 0xDC, 0xA6, 0xDC, 0xA6, 0xDC,
    0xA6, 0xDC, 0xA6, 0xDC, 0xA6, 0xDC, 0xA6, 0xDC, 0xA6, 0xDC, 0xA6, 0xDC, 0xA6, 0xDC, 0xA6, 0xDC, 0xA6, 0xDC, 0xA6, 0xDC, 0xA6, 0xDC, 0xA6, 0xDC,
    0xA6, 0xDC, 0xA6, 0xDC, 0xA6, 0xDC, 0xA6, 0xDC, 0xA6, 0xDC, 0xA6, 0xDC, 0xA6, 0xDC, 0xA6, 0xDC, 0xA6, 0xDC, 0xA6, 0xDC, 0xA6, 0xDC, 0xA6, 0xDC,
    0xA6, 0xDC, 0xA6, 0xDC, 0xA6, 0xDC, 0xA6, 0xDC, 0xA6, 0xDC, 0xA6, 0xDC, 0xA6, 0xDC, 0xA6, 0xDC, 0xA6, 0xDC, 0xA6, 0xDC, 0xA6, 0xDC, 0xA6, 0xDC,
    0xA6, 0xDC, 0xA6, 0xDC, 0xA6, 0xDC, 0xA6, 0xDC, 0xA6, 0xDC, 0xA6, 0xDC, 0xA6, 0xDC, 0xA6, 0xDC, 0xA6, 0xDC, 0xA6, 0xDC, 0xA6, 0xDC, 0xA6, 0xDC,
    0xA6, 0xDC, 0xA6, 0xDC, 0xA6, 0xDC, 0xA6, 0xDC, 0xA6, 0xDC, 0xA6, 0xDC, 0xA6, 0xDC, 0xA6, 0xDC, 0xA6, 0xDC, 0xA6, 0xDC, 0xA6, 0xDC, 0xA6, 0xDC,
    0xA6, 0xDC, 0xA6, 0xDC, 0xA6, 0xDC, 0xA6, 0xDC, 0xA6, 0xDC, 0xA6, 0xDC, 0xA6, 0xDC, 0xA6, 0xDC, 0xA6, 0xDC, 0xA6, 0xDC, 0xA6, 0xDC, 0xA6, 0xDC,
    0xA6, 0xDC, 0xA6, 0xDC, 0xA6, 0xDC, 0xA6, 0xDC, 0xA6, 0xDC, 0xA6, 0xDC, 0xA6, 0xDC, 0xA6, 0xDC, 0xA6, 0xDC, 0xA6, 0xDC, 0xA6, 0xDC, 0xA6, 0xDC,
    0xA6, 0xDC, 0xA6, 0xDC, 0xA6, 0xDC, 0xA6, 0xDC, 0xA6, 0xDC, 0xA6, 0xDC, 0xA6, 0xDC, 0xA6, 0xDC, 0xA6, 0xDC, 0xA6, 0xDC, 0xA6, 0xDC, 0xA6, 0xDC,
    0xA6, 0xDC, 0xA6, 0xDC, 0xA6, 0xDC, 0xA6, 0xDC, 0xA6, 0xDC, 0xA6, 0xDC, 0xA6, 0xDC, 0xA6, 0xDC, 0xA6, 0xDC, 0xA6, 0xDC, 0xA6, 0xDC, 0xA6, 0xDC,
    0xA6, 0xDC, 0xA6, 0xDC, 0xA6, 0xDC, 0xA6, 0xDC, 0xA6, 0xDC, 0xA6, 0xDC, 0xA6, 0xDC, 0xA6, 0xDC, 0xA6, 0xDC, 0xA6, 0xDC, 0xA6, 0xDC, 0xA6, 0xDC,
    0xA6, 0xDC, 0xA6, 0xDC, 0xA6, 0xDC, 0xA6, 0xDC, 0xA6, 0xDC, 0xA6, 0xDC, 0xA6, 0xDC, 0xA6, 0xDC, 0xA6, 0xDC, 0xA6, 0xDC, 0xA6, 0xDC, 0xA6, 0xDC,
    0xA6, 0xDC, 0xA6, 0xDC, 0xA6, 0xDC, 0xA6, 0xDC, 0xA6, 0xDC, 0xA6, 0xDC, 0xA6, 0xDC, 0xA6, 0xDC, 0xA6, 0xDC, 0xA6, 0xDC, 0xA6, 0xDC, 0xA6, 0xDC,
    0xA6, 0xDC, 0xA6, 0xDC, 0xA6, 0xDC, 0xB7, 0x1D, 0xEF, 0xBF, 0xCF, 0x9F, 0xCF, 0x9F, 0xC7, 0x5F, 0xC7, 0x3E, 0xC7, 0x3E, 0xBF, 0x3E, 0xC7, 0x5E,
    0xC7, 0x7F, 0xCF, 0x9F, 0xC7, 0x5F, 0xE7, 0x9E, 0xAE, 0xFD, 0xA6, 0xDC, 0xA6, 0xDC, 0xA6, 0xDC, 0xA6, 0xDC, 0xA6, 0xDC, 0xA6, 0xDC, 0xA6, 0xDC,
    0xA6, 0xDC, 0xA6, 0xDC, 0xA6, 0xDC, 0xA6, 0xDC, 0xA6, 0xDC, 0xA6, 0xDC, 0xA6, 0xDC, 0xA6, 0xDC, 0xA6, 0xDC, 0xA6, 0xDC, 0xA6, 0xDC, 0xA6, 0xDC,
    0xA6, 0xDC, 0xA6, 0xDC, 0xA6, 0xDC, 0xA6, 0xDC, 0xA6, 0xDC, 0xA6, 0xDC, 0xA6, 0xDC, 0xA6, 0xDC, 0xA6, 0xDC, 0xA6, 0xDC, 0xA6, 0xDC, 0xA6, 0xDC,
    0xA6, 0xDC, 0xA6, 0xDC, 0xA6, 0xDC, 0xA6, 0xDC, 0xA6, 0xDC, 0xA6, 0xDC, 0xA6, 0xDC, 0xA6, 0xDC, 0xA6, 0xDC, 0xA6, 0xDC, 0xA6, 0xDC, 0xA6, 0xDC,
    0xA6, 0xDC, 0xA6, 0xDC, 0xA6, 0xDC, 0xA6, 0xDC, 0xA6, 0xDC, 0xA6, 0xDC, 0xA6, 0xDC, 0xA6, 0xDC, 0xA6, 0xDC, 0xA6, 0xDC, 0xA6, 0xDC, 0xA6, 0xDC,
    0xA6, 0xDC, 0xA6, 0xDC, 0xA6, 0xDC, 0xA6, 0xDC, 0xA6, 0xDC, 0xA6, 0xDC, 0xA6, 0xDC, 0xA6, 0xDC, 0xA6, 0xDC, 0xA6, 0xDC, 0xA6, 0xDC, 0xA6, 0xDC,
    0xA6, 0xDC, 0xA6, 0xDC, 0xA6, 0xDC, 0xA6, 0xDC, 0xA6, 0xDC, 0xA6, 0xDC, 0xA6, 0xDC, 0xA6, 0xDC, 0xA6, 0xDC, 0xA6, 0xDC, 0xA6, 0xDC, 0xA6, 0xDC,
    0xA6, 0xDC, 0xA6, 0xDC, 0xA6, 0xDC, 0xA6, 0xDC, 0xA6, 0xDC, 0xA6, 0xDC, 0xA6, 0xDC, 0xA6, 0xDC, 0xA6, 0xDC, 0xA6, 0xDC, 0xA6, 0xDC, 0xA6, 0xDC,
    0xA6, 0xDC, 0xA6, 0xDC, 0xA6, 0xDC, 0xA6, 0xDC, 0xA6, 0xDC, 0xA6, 0xDC, 0xA6, 0xDC, 0xA6, 0xDC, 0xA6, 0xDC, 0xA6, 0xDC, 0xA6, 0xDC, 0xA6, 0xDC,
    0xA6, 0xDC, 0xA6, 0xDC, 0xA6, 0xDC, 0xA6, 0xDC, 0xA6, 0xDC, 0xA6, 0xDC, 0xA6, 0xDC, 0xA6, 0xDC, 0xA6, 0xDC, 0xA6, 0xDC, 0xA6, 0xDC, 0xA6, 0xDC,
    0xA6, 0xDC, 0xA6, 0xDC, 0xA6, 0xDC, 0xA6, 0xDC, 0xA6, 0xDC, 0xA6, 0xDC, 0xA6, 0xDC, 0xA6, 0xDC, 0xA6, 0xDC, 0xA6, 0xDC, 0xA6, 0xDC, 0xA6, 0xDC,
    0xA6, 0xDC, 0xA6, 0xDC, 0xA6, 0xDC, 0xA6, 0xDC, 0xA6, 0xDC, 0xA6, 0xDC, 0xA6, 0xDC, 0xA6, 0xDC, 0xA6, 0xDC, 0xA6, 0xDC, 0xA6, 0xDC, 0xA6, 0xDC,
    0xA6, 0xDC, 0xA6, 0xDC, 0xA6, 0xDC, 0xA6, 0xDC, 0xA6, 0xDC, 0xA6, 0xDC, 0xA6, 0xDC, 0xA6, 0xDC, 0xA6, 0xDC, 0xA6, 0xDC, 0xA6, 0xDC, 0xA6, 0xDC,
    0xA6, 0xDC, 0xA6, 0xDC, 0xA6, 0xDC, 0xA6, 0xDC, 0xA6, 0xDC, 0xA6, 0xDC, 0xA6, 0xDC, 0xA6, 0xDC, 0xA6, 0xDC, 0xA6, 0xDC, 0xA6, 0xDC, 0xA6, 0xDC,
    0xA6, 0xDC, 0xA6, 0xDC, 0xA6, 0xDC, 0xA6, 0xDC, 0xA6, 0xDC, 0xA6, 0xDC, 0xA6, 0xDC, 0xA6, 0xDC, 0xA6, 0xDC, 0xA6, 0xDC, 0xA6, 0xDC, 0xA6, 0xDC,
    0xA6, 0xDC, 0xA6, 0xDC, 0xA6, 0xDC, 0xA6, 0xDC, 0xA6, 0xDC, 0xA6, 0xDC, 0xA6, 0xDC, 0xA6, 0xDC, 0xA6, 0xDC, 0xA6, 0xDC, 0xA6, 0xDC, 0xA6, 0xDC,
    0xA6, 0xDC, 0xA6, 0xDC, 0xA6, 0xDC, 0xA6, 0xDC, 0xA6, 0xDC, 0xA6, 0xDC, 0xA6, 0xDC, 0xA6, 0xDC, 0xA6, 0xDC, 0xA6, 0xDC, 0xA6, 0xDC, 0xA6, 0xDC,
    0xA6, 0xDC, 0xA6, 0xDC, 0xA6, 0xDC, 0xA6, 0xDC, 0xA6, 0xDC, 0xA6, 0xDC, 0xA6, 0xDC, 0xA6, 0xDC, 0xA6, 0xDC, 0xA6, 0xDC, 0xA6, 0xDC, 0xA6, 0xDC,
    0xA6, 0xDC, 0xA6, 0xDC, 0xA6, 0xDC, 0xA6, 0xDC, 0xA6, 0xDC, 0xA6, 0xDC, 0xA6, 0xDC, 0xA6, 0xDC, 0xA6, 0xDC, 0xA6, 0xDC, 0xA6, 0xDC, 0xA6, 0xDC,
    0xA6, 0xDC, 0xA6, 0xDC, 0xCF, 0x5E, 0xCF, 0x5E, 0xCF, 0x9F, 0xC7, 0x3E, 0xC7, 0x3E, 0xC7, 0x3E, 0xBF, 0x3E, 0xC7, 0x3E, 0xC7, 0x3E, 0xBF, 0x3E,
    0xC7, 0x3E, 0xC7, 0x3E, 0xBF, 0x1E, 0xCF, 0x9F, 0xD7, 0xDF, 0xBF, 0x3D, 0xA6, 0xDC, 0xA6, 0xDC, 0xA6, 0xDC, 0xA6, 0xDC, 0xA6, 0xDC, 0xA6, 0xDC,
    0xA6, 0xDC, 0xA6, 0xDC, 0xA6, 0xDC, 0xA6, 0xDC, 0xA6, 0xDC, 0xA6, 0xDC, 0xA6, 0xDC, 0xA6, 0xDC, 0xA6, 0xDC, 0xA6, 0xDC, 0xA6, 0xDC, 0xA6, 0xDC,
    0xA6, 0xDC, 0xA6, 0xDC, 0xA6, 0xDC, 0xA6, 0xDC, 0xA6, 0xDC, 0xA6, 0xDC, 0xA6, 0xDC, 0xA6, 0xDC, 0xA6, 0xDC, 0xA6, 0xDC, 0xA6, 0xDC, 0xA6, 0xDC,
    0xA6, 0xDC, 0xA6, 0xDC, 0xA6, 0xDC, 0xA6, 0xDC, 0xA6, 0xDC, 0xA6, 0xDC, 0xA6, 0xDC, 0xA6, 0xDC, 0xA6, 0xDC, 0xA6, 0xDC, 0xA6, 0xDC, 0xA6, 0xDC,
    0xA6, 0xDC, 0xA6, 0xDC, 0xA6, 0xDC, 0xA6, 0xDC, 0xA6, 0xDC, 0xA6, 0xDC, 0xA6, 0xDC, 0xA6, 0xDC, 0xA6, 0xDC, 0xA6, 0xDC, 0xA6, 0xDC, 0xA6, 0xDC,
    0xA6, 0xDC, 0xA6, 0xDC, 0xA6, 0xDC, 0xA6, 0xDC, 0xA6, 0xDC, 0xA6, 0xDC, 0xA6, 0xDC, 0xA6, 0xDC, 0xA6, 0xDC, 0xA6, 0xDC, 0xA6, 0xDC, 0xA6, 0xDC,
    0xA6, 0xDC, 0xA6, 0xDC, 0xA6, 0xDC, 0xA6, 0xDC, 0xA6, 0xDC, 0xA6, 0xDC, 0xA6, 0xDC, 0xA6, 0xDC, 0xA6, 0xDC, 0xA6, 0xDC, 0xA6, 0xDC, 0xA6, 0xDC,
    0xA6, 0xDC, 0xA6, 0xDC, 0xA6, 0xDC, 0xA6, 0xDC, 0xA6, 0xDC, 0xA6, 0xDC, 0xA6, 0xDC, 0xA6, 0xDC, 0xA6, 0xDC, 0xA6, 0xDC, 0xA6, 0xDC, 0xA6, 0xDC,
    0xA6, 0xDC, 0xA6, 0xDC, 0xA6, 0xDC, 0xA6, 0xDC, 0xA6, 0xDC, 0xA6, 0xDC, 0xA6, 0xDC, 0xA6, 0xDC, 0xA6, 0xDC, 0xA6, 0xDC, 0xA6, 0xDC, 0xA6, 0xDC,
    0xA6, 0xDC, 0xA6, 0xDC, 0xA6, 0xDC, 0xA6, 0xDC, 0xA6, 0xDC, 0xA6, 0xDC, 0xA6, 0xDC, 0xA6, 0xDC, 0xA6, 0xDC, 0xA6, 0xDC, 0xA6, 0xDC, 0xA6, 0xDC,
    0xA6, 0xDC, 0xA6, 0xDC, 0xA6, 0xDC, 0xA6, 0xDC, 0xA6, 0xDC, 0xA6, 0xDC, 0xA6, 0xDC, 0xA6, 0xDC, 0xA6, 0xDC, 0xA6, 0xDC, 0xA6, 0xDC, 0xA6, 0xDC,
    0xA6, 0xDC, 0xA6, 0xDC, 0xA6, 0xDC, 0xA6, 0xDC, 0xA6, 0xDC, 0xA6, 0xDC, 0xA6, 0xDC, 0xA6, 0xDC, 0xA6, 0xDC, 0xA6, 0xDC, 0xA6, 0xDC, 0xA6, 0xDC,
    0xA6, 0xDC, 0xA6, 0xDC, 0xA6, 0xDC, 0xA6, 0xDC, 0xA6, 0xDC, 0xA6, 0xDC, 0xA6, 0xDC, 0xA6, 0xDC, 0xA6, 0xDC, 0xA6, 0xDC, 0xA6, 0xDC, 0xA6, 0xDC,
    0xA6, 0xDC, 0xA6, 0xDC, 0xA6, 0xDC, 0xA6, 0xDC, 0xA6, 0xDC, 0xA6, 0xDC, 0xA6, 0xDC, 0xA6, 0xDC, 0xA6, 0xDC, 0xA6, 0xDC, 0xA6, 0xDC, 0xA6, 0xDC,
    0xA6, 0xDC, 0xA6, 0xDC, 0xA6, 0xDC, 0xA6, 0xDC, 0xA6, 0xDC, 0xA6, 0xDC, 0xA6, 0xDC, 0xA6, 0xDC, 0xA6, 0xDC, 0xA6, 0xDC, 0xA6, 0xDC, 0xA6, 0xDC,
    0xA6, 0xDC, 0xA6, 0xDC, 0xA6, 0xDC, 0xA6, 0xDC, 0xA6, 0xDC, 0xA6, 0xDC, 0xA6, 0xDC, 0xA6, 0xDC, 0xA6, 0xDC, 0xA6, 0xDC, 0xA6, 0xDC, 0xA6, 0xDC,
    0xA6, 0xDC, 0xA6, 0xDC, 0xA6, 0xDC, 0xA6, 0xDC, 0xA6, 0xDC, 0xA6, 0xDC, 0xA6, 0xDC, 0xA6, 0xDC, 0xA6, 0xDC, 0xA6, 0xDC, 0xA6, 0xDC, 0xA6, 0xDC,
    0xA6, 0xDC, 0xA6, 0xDC, 0xA6, 0xDC, 0xA6, 0xDC, 0xA6, 0xDC, 0xA6, 0xDC, 0xA6, 0xDC, 0xA6, 0xDC, 0xA6, 0xDC, 0xA6, 0xDC, 0xA6, 0xDC, 0xA6, 0xDC,
    0xA6, 0xDC, 0xA6, 0xDC, 0xA6, 0xDC, 0xA6, 0xDC, 0xA6, 0xDC, 0xA6, 0xDC, 0xA6, 0xDC, 0xA6, 0xDC, 0xA6, 0xDC, 0xA6, 0xDC, 0xA6, 0xDC, 0xA6, 0xDC,
    0xA6, 0xDC, 0xD7, 0x7E, 0xD7, 0xDF, 0xC7, 0x3E, 0xC7, 0x3E, 0xC7, 0x3E, 0xC7, 0x3E, 0xC7, 0x3E, 0xC7, 0x3E, 0xC7, 0x3E, 0xC7, 0x3E, 0xC7, 0x3E,
    0xC7, 0x3E, 0xBF, 0x3E, 0xBF, 0x1E, 0xBF, 0x3E, 0xC7, 0x5F, 0xCF, 0x7F, 0xBF, 0x3D, 0xA6, 0xDC, 0xA6, 0xDC, 0xA6, 0xDC, 0xA6, 0xDC, 0xA6, 0xDC,
    0xA6, 0xDC, 0xA6, 0xDC, 0xA6, 0xDC, 0xA6, 0xDC, 0xA6, 0xDC, 0xA6, 0xDC, 0xA6, 0xDC, 0xA6, 0xDC, 0xA6, 0xDC, 0xA6, 0xDC, 0xA6, 0xDC, 0xA6, 0xDC,
    0xA6, 0xDC, 0xA6, 0xDC, 0xA6, 0xDC, 0xA6, 0xDC, 0xA6, 0xDC, 0xA6, 0xDC, 0xA6, 0xDC, 0xA6, 0xDC, 0xA6, 0xDC, 0xA6, 0xDC, 0xA6, 0xDC, 0xA6, 0xDC,
    0xA6, 0xDC, 0xA6, 0xDC, 0xA6, 0xDC, 0xA6, 0xDC, 0xA6, 0xDC, 0xA6, 0xDC, 0xA6, 0xDC, 0xA6, 0xDC, 0xA6, 0xDC, 0xA6, 0xDC, 0xA6, 0xDC, 0xA6, 0xDC,
    0xA6, 0xDC, 0xA6, 0xDC, 0xA6, 0xDC, 0xA6, 0xDC, 0xA6, 0xDC, 0xA6, 0xDC, 0xA6, 0xDC, 0xA6, 0xDC, 0xA6, 0xDC, 0xA6, 0xDC, 0xA6, 0xDC, 0xA6, 0xDC,
    0xA6, 0xDC, 0xA6, 0xDC, 0xA6, 0xDC, 0xA6, 0xDC, 0xA6, 0xDC, 0xA6, 0xDC, 0xA6, 0xDC, 0xA6, 0xDC, 0xA6, 0xDC, 0xA6, 0xDC, 0xA6, 0xDC, 0xA6, 0xDC,
    0xA6, 0xDC, 0xA6, 0xDC, 0xA6, 0xDC, 0xA6, 0xDC, 0xA6, 0xDC, 0xA6, 0xDC, 0xA6, 0xDC, 0xA6, 0xDC, 0xA6, 0xDC, 0xA6, 0xDC, 0xA6, 0xDC, 0xA6, 0xDC,
    0xA6, 0xDC, 0xA6, 0xDC, 0xA6, 0xDC, 0xA6, 0xDC, 0xA6, 0xDC, 0xA6, 0xDC, 0xA6, 0xDC, 0xA6, 0xDC, 0xA6, 0xDC, 0xA6, 0xDC, 0xA6, 0xDC, 0xA6, 0xDC,
    0xA6, 0xDC, 0xA6, 0xDC, 0xA6, 0xDC, 0xA6, 0xDC, 0xA6, 0xDC, 0xA6, 0xDC, 0xA6, 0xDC, 0xA6, 0xDC, 0xA6, 0xDC, 0xA6, 0xDC, 0xA6, 0xDC, 0xA6, 0xDC,
    0xA6, 0xDC, 0xA6, 0xDC, 0xA6, 0xDC, 0xA6, 0xDC, 0xA6, 0xDC, 0xA6, 0xDC, 0xA6, 0xDC, 0xA6, 0xDC, 0xA6, 0xDC, 0xA6, 0xDC, 0xA6, 0xDC, 0xA6, 0xDC,
    0xA6, 0xDC, 0xA6, 0xDC, 0xA6, 0xDC, 0xA6, 0xDC, 0xA6, 0xDC, 0xA6, 0xDC, 0xA6, 0xDC, 0xA6, 0xDC, 0xA6, 0xDC, 0xA6, 0xDC, 0xA6, 0xDC, 0xA6, 0xDC,
    0xA6, 0xDC, 0xA6, 0xDC, 0xA6, 0xDC, 0xA6, 0xDC, 0xA6, 0xDC, 0xA6, 0xDC, 0xA6, 0xDC, 0xA6, 0xDC, 0xA6, 0xDC, 0xA6, 0xDC, 0xA6, 0xDC, 0xA6, 0xDC,
    0xA6, 0xDC, 0xA6, 0xDC, 0xA6, 0xDC, 0xA6, 0xDC, 0xA6, 0xDC, 0xA6, 0xDC, 0xA6, 0xDC, 0xA6, 0xDC, 0xA6, 0xDC, 0xA6, 0xDC, 0xA6, 0xDC, 0xA6, 0xDC,
    0xA6, 0xDC, 0xA6, 0xDC, 0xA6, 0xDC, 0xA6, 0xDC, 0xA6, 0xDC, 0xA6, 0xDC, 0xA6, 0xDC, 0xA6, 0xDC, 0xA6, 0xDC, 0xA6, 0xDC, 0xA6, 0xDC, 0xA6, 0xDC,
    0xA6, 0xDC, 0xA6, 0xDC, 0xA6, 0xDC, 0xA6, 0xDC, 0xA6, 0xDC, 0xA6, 0xDC, 0xA6, 0xDC, 0xA6, 0xDC, 0xA6, 0xDC, 0xA6, 0xDC, 0xA6, 0xDC, 0xA6, 0xDC,
    0xA6, 0xDC, 0xA6, 0xDC, 0xA6, 0xDC, 0xA6, 0xDC, 0xA6, 0xDC, 0xA6, 0xDC, 0xA6, 0xDC, 0xA6, 0xDC, 0xA6, 0xDC, 0xA6, 0xDC, 0xA6, 0xDC, 0xA6, 0xDC,
    0xA6, 0xDC, 0xA6, 0xDC, 0xA6, 0xDC, 0xA6, 0xDC, 0xA6, 0xDC, 0xA6, 0xDC, 0xA6, 0xDC, 0xA6, 0xDC, 0xA6, 0xDC, 0xA6, 0xDC, 0xA6, 0xDC, 0xA6, 0xDC,
    0xA6, 0xDC, 0xA6, 0xDC, 0xA6, 0xDC, 0xA6, 0xDC, 0xA6, 0xDC, 0xA6, 0xDC, 0xA6, 0xDC, 0xA6, 0xDC, 0xA6, 0xDC, 0xA6, 0xDC, 0xA6, 0xDC, 0xA6, 0xDC,
    0xA6, 0xDC, 0xA6, 0xDC, 0xA6, 0xDC, 0xA6, 0xDC, 0xA6, 0xDC, 0xA6, 0xDC, 0xA6, 0xDC, 0xA6, 0xDC, 0xA6, 0xDC, 0xA6, 0xDC, 0xA6, 0xDC, 0xA6, 0xDC,
    0xCF, 0x5E, 0xD7, 0xBF, 0xC7, 0x5F, 0xC7, 0x3E, 0xC7, 0x3E, 0xC7, 0x3E, 0xC7, 0x3E, 0xC7, 0x3E, 0xC7, 0x3E, 0xC7, 0x3E, 0xC7, 0x3E, 0xC7, 0x3E,
    0xC7, 0x3E, 0xBF, 0x1E, 0xBF, 0x1E, 0xBF, 0x1E, 0xBF, 0x3E, 0xC7, 0x3F, 0xCF, 0x9F, 0xB7, 0x1D, 0xA6, 0xDC, 0xA6, 0xDC, 0xA6, 0xDC, 0xA6, 0xDC,
    0xA6, 0xDC, 0xA6, 0xDC, 0xA6, 0xDC, 0xA6, 0xDC, 0xA6, 0xDC, 0xA6, 0xDC, 0xA6, 0xDC, 0xA6, 0xDC, 0xA6, 0xDC, 0xA6, 0xDC, 0xA6, 0xDC, 0xA6, 0xDC,
    0xA6, 0xDC, 0xA6, 0xDC, 0xA6, 0xDC, 0xA6, 0xDC, 0xA6, 0xDC, 0xA6, 0xDC, 0xA6, 0xDC, 0xA6, 0xDC, 0xA6, 0xDC, 0xA6, 0xDC, 0xA6, 0xDC, 0xA6, 0xDC,
    0xA6, 0xDC, 0xA6, 0xDC, 0xA6, 0xDC, 0xA6, 0xDC, 0xA6, 0xDC, 0xA6, 0xDC, 0xA6, 0xDC, 0xA6, 0xDC, 0xA6, 0xDC, 0xA6, 0xDC, 0xA6, 0xDC, 0xA6, 0xDC,
    0xA6, 0xDC, 0xA6, 0xDC, 0xA6, 0xDC, 0xA6, 0xDC, 0xA6, 0xDC, 0xA6, 0xDC, 0xA6, 0xDC, 0xA6, 0xDC, 0xA6, 0xDC, 0xA6, 0xDC, 0xA6, 0xDC, 0xA6, 0xDC,
    0xA6, 0xDC, 0xA6, 0xDC, 0xA6, 0xDC, 0xA6, 0xDC, 0xA6, 0xDC, 0xA6, 0xDC, 0xA6, 0xDC, 0xA6, 0xDC, 0xA6, 0xDC, 0xA6, 0xDC, 0xA6, 0xDC, 0xA6, 0xDC,
    0xA6, 0xDC, 0xA6, 0xDC, 0xA6, 0xDC, 0xA6, 0xDC, 0xA6, 0xDC, 0xA6, 0xDC, 0xA6, 0xDC, 0xA6, 0xDC, 0xA6, 0xDC, 0xA6, 0xDC, 0xA6, 0xDC, 0xA6, 0xDC,
    0xA6, 0xDC, 0xA6, 0xDC, 0xA6, 0xDC, 0xA6, 0xDC, 0xA6, 0xDC, 0xA6, 0xDC, 0xA6, 0xDC, 0xA6, 0xDC, 0xA6, 0xDC, 0xA6, 0xDC, 0xA6, 0xDC, 0xA6, 0xDC,
    0xA6, 0xDC, 0xA6, 0xDC, 0xA6, 0xDC, 0xA6, 0xDC, 0xA6, 0xDC, 0xA6, 0xDC, 0xA6, 0xDC, 0xA6, 0xDC, 0xA6, 0xDC, 0xA6, 0xDC, 0xA6, 0xDC, 0xA6, 0xDC,
    0xA6, 0xDC, 0xA6, 0xDC, 0xA6, 0xDC, 0xA6, 0xDC, 0xA6, 0xDC, 0xA6, 0xDC, 0xA6, 0xDC, 0xA6, 0xDC, 0xA6, 0xDC, 0xA6, 0xDC, 0xA6, 0xDC, 0xA6, 0xDC,
    0xA6, 0xDC, 0xA6, 0xDC, 0xA6, 0xDC, 0xA6, 0xDC, 0xA6, 0xDC, 0xA6, 0xDC, 0xA6, 0xDC, 0xA6, 0xDC, 0xA6, 0xDC, 0xA6, 0xDC, 0xA6, 0xDC, 0xA6, 0xDC,
    0xA6, 0xDC, 0xA6, 0xDC, 0xA6, 0xDC, 0xA6, 0xDC, 0xA6, 0xDC, 0xA6, 0xDC, 0xA6, 0xDC, 0xA6, 0xDC, 0xA6, 0xDC, 0xA6, 0xDC, 0xA6, 0xDC, 0xA6, 0xDC,
    0xA6, 0xDC, 0xA6, 0xDC, 0xA6, 0xDC, 0xA6, 0xDC, 0xA6, 0xDC, 0xA6, 0xDC, 0xA6, 0xDC, 0xA6, 0xDC, 0xA6, 0xDC, 0xA6, 0xDC, 0xA6, 0xDC, 0xA6, 0xDC,
    0xA6, 0xDC, 0xA6, 0xDC, 0xA6, 0xDC, 0xA6, 0xDC, 0xA6, 0xDC, 0xA6, 0xDC, 0xA6, 0xDC, 0xA6, 0xDC, 0xA6, 0xDC, 0xA6, 0xDC, 0xA6, 0xDC, 0xA6, 0xDC,
    0xA6, 0xDC, 0xA6, 0xDC, 0xA6, 0xDC, 0xA6, 0xDC, 0xA6, 0xDC, 0xA6, 0xDC, 0xA6, 0xDC, 0xA6, 0xDC, 0xA6, 0xDC, 0xA6, 0xDC, 0xA6, 0xDC, 0xA6, 0xDC,
    0xA6, 0xDC, 0xA6, 0xDC, 0xA6, 0xDC, 0xA6, 0xDC, 0xA6, 0xDC, 0xA6, 0xDC, 0xA6, 0xDC, 0xA6, 0xDC, 0xA6, 0xDC, 0xA6, 0xDC, 0xA6, 0xDC, 0xA6, 0xDC,
    0xA6, 0xDC, 0xA6, 0xDC, 0xA6, 0xDC, 0xA6, 0xDC, 0xA6, 0xDC, 0xA6, 0xDC, 0xA6, 0xDC, 0xA6, 0xDC, 0xA6, 0xDC, 0xA6, 0xDC, 0xA6, 0xDC, 0xA6, 0xDC,
    0xA6, 0xDC, 0xA6, 0xDC, 0xA6, 0xDC, 0xA6, 0xDC, 0xA6, 0xDC, 0xA6, 0xDC, 0xA6, 0xDC, 0xA6, 0xDC, 0xA6, 0xDC, 0xA6, 0xDC, 0xA6, 0xDC, 0xA6, 0xDC,
    0xA6, 0xDC, 0xA6, 0xDC, 0xA6, 0xDC, 0xA6, 0xDC, 0xA6, 0xDC, 0xA6, 0xDC, 0xA6, 0xDC, 0xA6, 0xDC, 0xA6, 0xDC, 0xA6, 0xDC, 0xA6, 0xDC, 0xAE, 0xFD,
    0xCF, 0x7F, 0xC7, 0x5F, 0xC7, 0x1E, 0xC7, 0x3E, 0xC7, 0x3E, 0xC7, 0x3E, 0xC7, 0x3E, 0xC7, 0x3E, 0xC7, 0x3E, 0xC7, 0x3E, 0xC7, 0x3E, 0xC7, 0x3E,
    0xC7, 0x3E, 0xC7, 0x3E, 0xBF, 0x1E, 0xBF, 0x1E, 0xC7, 0x3D, 0xC7, 0x3E, 0xCF, 0x9F, 0xE7, 0xBF, 0xA6, 0xDC, 0xA6, 0xDC, 0xA6, 0xDC, 0xA6, 0xFD,
    0xAE, 0xFD, 0xAE, 0xFD, 0xA6, 0xDC, 0xA6, 0xDC, 0xA6, 0xDC, 0xA6, 0xDC, 0xA6, 0xDC, 0xA6, 0xDC, 0xA6, 0xDC, 0xA6, 0xDC, 0xA6, 0xDC, 0xA6, 0xDC,
    0xA6, 0xDC, 0xA6, 0xDC, 0xA6, 0xDC, 0xA6, 0xDC, 0xA6, 0xDC, 0xA6, 0xDC, 0xA6, 0xDC, 0xA6, 0xDC, 0xA6, 0xDC, 0xA6, 0xDC, 0xA6, 0xDC, 0xA6, 0xDC,
    0xA6, 0xDC, 0xA6, 0xDC, 0xA6, 0xDC, 0xA6, 0xDC, 0xA6, 0xDC, 0xA6, 0xDC, 0xA6, 0xDC, 0xA6, 0xDC, 0xA6, 0xDC, 0xA6, 0xDC, 0xA6, 0xDC, 0xA6, 0xDC,
    0xA6, 0xDC, 0xA6, 0xDC, 0xA6, 0xDC, 0xA6, 0xDC, 0xA6, 0xDC, 0xA6, 0xDC, 0xA6, 0xDC, 0xA6, 0xDC, 0xA6, 0xDC, 0xA6, 0xDC, 0xA6, 0xDC, 0xA6, 0xDC,
    0xA6, 0xDC, 0xA6, 0xDC, 0xA6, 0xDC, 0xA6, 0xDC, 0xA6, 0xDC, 0xA6, 0xDC, 0xA6, 0xDC, 0xA6, 0xDC, 0xA6, 0xDC, 0xA6, 0xDC, 0xA6, 0xDC, 0xA6, 0xDC,
    0xA6, 0xDC, 0xA6, 0xDC, 0xA6, 0xDC, 0xA6, 0xDC, 0xA6, 0xDC, 0xA6, 0xDC, 0xA6, 0xDC, 0xA6, 0xDC, 0xA6, 0xDC, 0xA6, 0xDC, 0xA6, 0xDC, 0xA6, 0xDC,
    0xA6, 0xDC, 0xA6, 0xDC, 0xA6, 0xDC, 0xA6, 0xDC, 0xA6, 0xDC, 0xA6, 0xDC, 0xA6, 0xDC, 0xA6, 0xDC, 0xA6, 0xDC, 0xA6, 0xDC, 0xA6, 0xDC, 0xA6, 0xDC,
    0xA6, 0xDC, 0xA6, 0xDC, 0xA6, 0xDC, 0xA6, 0xDC, 0xA6, 0xDC, 0xA6, 0xDC, 0xA6, 0xDC, 0xA6, 0xDC, 0xA6, 0xDC, 0xA6, 0xDC, 0xA6, 0xDC, 0xA6, 0xDC,
    0xA6, 0xDC, 0xA6, 0xDC, 0xA6, 0xDC, 0xA6, 0xDC, 0xA6, 0xDC, 0xA6, 0xDC, 0xA6, 0xDC, 0xA6, 0xDC, 0xA6, 0xDC, 0xA6, 0xDC, 0xA6, 0xDC, 0xA6, 0xDC,
    0xA6, 0xDC, 0xA6, 0xDC, 0xA6, 0xDC, 0xA6, 0xDC, 0xA6, 0xDC, 0xA6, 0xDC, 0xA6, 0xDC, 0xA6, 0xDC, 0xA6, 0xDC, 0xA6, 0xDC, 0xA6, 0xDC, 0xA6, 0xDC,
    0xA6, 0xDC, 0xA6, 0xDC, 0xA6, 0xDC, 0xA6, 0xDC, 0xA6, 0xDC, 0xA6, 0xDC, 0xA6, 0xDC, 0xA6, 0xDC, 0xA6, 0xDC, 0xA6, 0xDC, 0xA6, 0xDC, 0xA6, 0xDC,
    0xA6, 0xDC, 0xA6, 0xDC, 0xA6, 0xDC, 0xA6, 0xDC, 0xA6, 0xDC, 0xA6, 0xDC, 0xA6, 0xDC, 0xA6, 0xDC, 0xA6, 0xDC, 0xA6, 0xDC, 0xA6, 0xDC, 0xA6, 0xDC,
    0xA6, 0xDC, 0xA6, 0xDC, 0xA6, 0xDC, 0xA6, 0xDC, 0xA6, 0xDC, 0xA6, 0xDC, 0xA6, 0xDC, 0xA6, 0xDC, 0xA6, 0xDC, 0xA6, 0xDC, 0xA6, 0xDC, 0xA6, 0xDC,
    0xA6, 0xDC, 0xA6, 0xDC, 0xA6, 0xDC, 0xA6, 0xDC, 0xA6, 0xDC, 0xA6, 0xDC, 0xA6, 0xDC, 0xA6, 0xDC, 0xA6, 0xDC, 0xA6, 0xDC, 0xA6, 0xDC, 0xA6, 0xDC,
    0xA6, 0xDC, 0xA6, 0xDC, 0xA6, 0xDC, 0xA6, 0xDC, 0xA6, 0xDC, 0xA6, 0xDC, 0xA6, 0xDC, 0xA6, 0xDC, 0xA6, 0xDC, 0xA6, 0xDC, 0xA6, 0xDC, 0xA6, 0xDC,
    0xA6, 0xDC, 0xA6, 0xDC, 0xA6, 0xDC, 0xA6, 0xDC, 0xA6, 0xDC, 0xA6, 0xDC, 0xA6, 0xDC, 0xA6, 0xDC, 0xA6, 0xDC, 0xA6, 0xDC, 0xA6, 0xDC, 0xA6, 0xDC,
    0xA6, 0xDC, 0xA6, 0xDC, 0xA6, 0xDC, 0xA6, 0xDC, 0xA6, 0xDC, 0xA6, 0xDC, 0xA6, 0xDC, 0xA6, 0xDC, 0xA6, 0xDC, 0xA6, 0xDC, 0xA6, 0xDC, 0xA6, 0xDC,
    0xA6, 0xDC, 0xA6, 0xDC, 0xA6, 0xDC, 0xA6, 0xDC, 0xB7, 0x1D, 0xD7, 0x7E, 0xE7, 0xBF, 0xDF, 0xDF, 0xE7, 0xBF, 0xD7, 0x7E, 0xB7, 0x1D, 0xDF, 0x9E,
    0xD7, 0xBF, 0xC7, 0x3E, 0xC7, 0x3E, 0xC7, 0x3E, 0xC7, 0x3E, 0xC7, 0x3E, 0xC7, 0x3E, 0xC7, 0x3E, 0xC7, 0x3E, 0xC7, 0x3E, 0xC7, 0x3E, 0xC7, 0x3E,
    0xC7, 0x3E, 0xC7, 0x3E, 0xC7, 0x3E, 0xC7, 0x3E, 0xC7, 0x3E, 0xBF, 0x1E, 0xBF, 0x3E, 0xCF, 0x9F, 0xBF, 0x3D, 0xB7, 0x1D, 0xDF, 0x9E, 0xD7, 0xDF,
    0xCF, 0x7F, 0xCF, 0x9F, 0xE7, 0xDF, 0xD7, 0x7E, 0xB7, 0x1D, 0xA6, 0xDC, 0xA6, 0xDC, 0xA6, 0xDC, 0xA6, 0xDC, 0xA6, 0xDC, 0xA6, 0xDC, 0xA6, 0xDC,
    0xA6, 0xDC, 0xA6, 0xDC, 0xA6, 0xDC, 0xA6, 0xDC, 0xA6, 0xDC, 0xA6, 0xDC, 0xA6, 0xDC, 0xA6, 0xDC, 0xA6, 0xDC, 0xA6, 0xDC, 0xA6, 0xDC, 0xA6, 0xDC,
    0xA6, 0xDC, 0xA6, 0xDC, 0xA6, 0xDC, 0xA6, 0xDC, 0xA6, 0xDC, 0xA6, 0xDC, 0xA6, 0xDC, 0xA6, 0xDC, 0xA6, 0xDC, 0xA6, 0xDC, 0xA6, 0xDC, 0xA6, 0xDC,
    0xA6, 0xDC, 0xA6, 0xDC, 0xA6, 0xDC, 0xA6, 0xDC, 0xA6, 0xDC, 0xA6, 0xDC, 0xA6, 0xDC, 0xA6, 0xDC, 0xA6, 0xDC, 0xA6, 0xDC, 0xA6, 0xDC, 0xA6, 0xDC,
    0xA6, 0xDC, 0xA6, 0xDC, 0xA6, 0xDC, 0xA6, 0xDC, 0xA6, 0xDC, 0xA6, 0xDC, 0xA6, 0xDC, 0xA6, 0xDC, 0xA6, 0xDC, 0xA6, 0xDC, 0xA6, 0xDC, 0xA6, 0xDC,
    0xA6, 0xDC, 0xA6, 0xDC, 0xA6, 0xDC, 0xA6, 0xDC, 0xA6, 0xDC, 0xA6, 0xDC, 0xA6, 0xDC, 0xA6, 0xDC, 0xA6, 0xDC, 0xA6, 0xDC, 0xA6, 0xDC, 0xA6, 0xDC,
    0xA6, 0xDC, 0xA6, 0xDC, 0xA6, 0xDC, 0xA6, 0xDC, 0xA6, 0xDC, 0xA6, 0xDC, 0xA6, 0xDC, 0xA6, 0xDC, 0xA6, 0xDC, 0xA6, 0xDC, 0xA6, 0xDC, 0xA6, 0xDC,
    0xA6, 0xDC, 0xA6, 0xDC, 0xA6, 0xDC, 0xA6, 0xDC, 0xA6, 0xDC, 0xA6, 0xDC, 0xA6, 0xDC, 0xA6, 0xDC, 0xA6, 0xDC, 0xA6, 0xDC, 0xA6, 0xDC, 0xA6, 0xDC,
    0xA6, 0xDC, 0xA6, 0xDC, 0xA6, 0xDC, 0xA6, 0xDC, 0xA6, 0xDC, 0xA6, 0xDC, 0xA6, 0xDC, 0xA6, 0xDC, 0xA6, 0xDC, 0xA6, 0xDC, 0xA6, 0xDC, 0xA6, 0xDC,
    0xA6, 0xDC, 0xA6, 0xDC, 0xA6, 0xDC, 0xA6, 0xDC, 0xA6, 0xDC, 0xA6, 0xDC, 0xA6, 0xDC, 0xA6, 0xDC, 0xA6, 0xDC, 0xA6, 0xDC, 0xA6, 0xDC, 0xA6, 0xDC,
    0xA6, 0xDC, 0xA6, 0xDC, 0xA6, 0xDC, 0xA6, 0xDC, 0xA6, 0xDC, 0xA6, 0xDC, 0xA6, 0xDC, 0xA6, 0xDC, 0xA6, 0xDC, 0xA6, 0xDC, 0xA6, 0xDC, 0xA6, 0xDC,
    0xA6, 0xDC, 0xA6, 0xDC, 0xA6, 0xDC, 0xA6, 0xDC, 0xA6, 0xDC, 0xA6, 0xDC, 0xA6, 0xDC, 0xA6, 0xDC, 0xA6, 0xDC, 0xA6, 0xDC, 0xA6, 0xDC, 0xA6, 0xDC,
    0xA6, 0xDC, 0xA6, 0xDC, 0xA6, 0xDC, 0xA6, 0xDC, 0xA6, 0xDC, 0xA6, 0xDC, 0xA6, 0xDC, 0xA6, 0xDC, 0xA6, 0xDC, 0xA6, 0xDC, 0xA6, 0xDC, 0xA6, 0xDC,
    0xA6, 0xDC, 0xA6, 0xDC, 0xA6, 0xDC, 0xA6, 0xDC, 0xA6, 0xDC, 0xA6, 0xDC, 0xA6, 0xDC, 0xA6, 0xDC, 0xA6, 0xDC, 0xA6, 0xDC, 0xA6, 0xDC, 0xA6, 0xDC,
    0xA6, 0xDC, 0xA6, 0xDC, 0xA6, 0xDC, 0xA6, 0xDC, 0xA6, 0xDC, 0xA6, 0xDC, 0xA6, 0xDC, 0xA6, 0xDC, 0xA6, 0xDC, 0xA6, 0xDC, 0xA6, 0xDC, 0xA6, 0xDC,
    0xA6, 0xDC, 0xA6, 0xDC, 0xA6, 0xDC, 0xA6, 0xDC, 0xA6, 0xDC, 0xA6, 0xDC, 0xA6, 0xDC, 0xA6, 0xDC, 0xA6, 0xDC, 0xA6, 0xDC, 0xA6, 0xDC, 0xA6, 0xDC,
    0xA6, 0xDC, 0xA6, 0xDC, 0xA6, 0xDC, 0xA6, 0xDC, 0xA6, 0xDC, 0xA6, 0xDC, 0xA6, 0xDC, 0xA6, 0xDC, 0xA6, 0xDC, 0xA6, 0xDC, 0xA6, 0xDC, 0xA6, 0xDC,
    0xA6, 0xDC, 0xA6, 0xDC, 0xAE, 0xFD, 0xE7, 0xBF, 0xC7, 0x5E, 0xCF, 0x9F, 0xCF, 0x9F, 0xCF, 0x7F, 0xCF, 0x9F, 0xD7, 0xBF, 0xC7, 0x1E, 0xC7, 0x3E,
    0xC7, 0x3E, 0xC7, 0x3E, 0xC7, 0x3E, 0xC7, 0x3E, 0xC7, 0x3E, 0xC7, 0x3E, 0xC7, 0x3E, 0xC7, 0x3E, 0xC7, 0x3E, 0xC7, 0x3E, 0xC7, 0x3E, 0xC7, 0x3E,
    0xC7, 0x3E, 0xC7, 0x3E, 0xC7, 0x3E, 0xC7, 0x3E, 0xC7, 0x3E, 0xC7, 0x3E, 0xBF, 0x1E, 0xC7, 0x3E, 0xCF, 0x9F, 0xC7, 0x3E, 0xCF, 0xBF, 0xC7, 0x5F,
    0xC7, 0x3E, 0xC7, 0x3F, 0xC7, 0x7F, 0xCF, 0xBF, 0xCF, 0x7F, 0xD7, 0x7E, 0xA6, 0xDD, 0xA6, 0xDC, 0xA6, 0xDC, 0xA6, 0xDC, 0xA6, 0xDC, 0xA6, 0xDC,
    0xA6, 0xDC, 0xA6, 0xDC, 0xA6, 0xDC, 0xA6, 0xDC, 0xAE, 0xFD, 0xB7, 0x1D, 0xBF, 0x3D, 0xC7, 0x3D, 0xC7, 0x3D, 0xBF, 0x1D, 0xB6, 0xFD, 0xA6, 0xFD,
    0xA6, 0xDC, 0xA6, 0xDC, 0xA6, 0xDC, 0xA6, 0xDC, 0xA6, 0xDC, 0xA6, 0xDC, 0xA6, 0xDC, 0xA6, 0xDC, 0xA6, 0xDC, 0xA6, 0xDC, 0xA6, 0xDC, 0xA6, 0xDC,
    0xA6, 0xDC, 0xA6, 0xDC, 0xA6, 0xDC, 0xA6, 0xDC, 0xA6, 0xDC, 0xA6, 0xDC, 0xA6, 0xDC, 0xA6, 0xDC, 0xA6, 0xDC, 0xA6, 0xDC, 0xA6, 0xDC, 0xA6, 0xDC,
    0xA6, 0xDC, 0xA6, 0xDC, 0xA6, 0xDC, 0xA6, 0xDC, 0xA6, 0xDC, 0xA6, 0xDC, 0xA6, 0xDC, 0xA6, 0xDC, 0xA6, 0xDC, 0xA6, 0xDC, 0xA6, 0xDC, 0xA6, 0xDC,
    0xA6, 0xDC, 0xA6, 0xDC, 0xA6, 0xDC, 0xA6, 0xDC, 0xA6, 0xDC, 0xA6, 0xDC, 0xA6, 0xDC, 0xA6, 0xDC, 0xA6, 0xDC, 0xA6, 0xDC, 0xA6, 0xDC, 0xA6, 0xDC,
    0xA6, 0xDC, 0xA6, 0xDC, 0xA6, 0xDC, 0xA6, 0xDC, 0xA6, 0xDC, 0xA6, 0xDC, 0xA6, 0xDC, 0xA6, 0xDC, 0xA6, 0xDC, 0xA6, 0xDC, 0xA6, 0xDC, 0xA6, 0xDC,
    0xA6, 0xDC, 0xA6, 0xDC, 0xA6, 0xDC, 0xA6, 0xDC, 0xA6, 0xDC, 0xA6, 0xDC, 0xA6, 0xDC, 0xA6, 0xDC, 0xA6, 0xDC, 0xA6, 0xDC, 0xA6, 0xDC, 0xA6, 0xDC,
    0xA6, 0xDC, 0xA6, 0xDC, 0xA6, 0xDC, 0xA6, 0xDC, 0xA6, 0xDC, 0xA6, 0xDC, 0xA6, 0xDC, 0xA6, 0xDC, 0xA6, 0xDC, 0xA6, 0xDC, 0xA6, 0xDC, 0xA6, 0xDC,
    0xA6, 0xDC, 0xA6, 0xDC, 0xA6, 0xDC, 0xA6, 0xDC, 0xA6, 0xDC, 0xA6, 0xDC, 0xA6, 0xDC, 0xA6, 0xDC, 0xA6, 0xDC, 0xA6, 0xDC, 0xA6, 0xDC, 0xA6, 0xDC,
    0xA6, 0xDC, 0xA6, 0xDC, 0xA6, 0xDC, 0xA6, 0xDC, 0xA6, 0xDC, 0xA6, 0xDC, 0xA6, 0xDC, 0xA6, 0xDC, 0xA6, 0xDC, 0xA6, 0xDC, 0xA6, 0xDC, 0xA6, 0xDC,
    0xA6, 0xDC, 0xA6, 0xDC, 0xA6, 0xDC, 0xA6, 0xDC, 0xA6, 0xDC, 0xA6, 0xDC, 0xA6, 0xDC, 0xA6, 0xDC, 0xA6, 0xDC, 0xA6, 0xDC, 0xA6, 0xDC, 0xA6, 0xDC,
    0xA6, 0xDC, 0xA6, 0xDC, 0xA6, 0xDC, 0xA6, 0xDC, 0xA6, 0xDC, 0xA6, 0xDC, 0xA6, 0xDC, 0xA6, 0xDC, 0xA6, 0xDC, 0xA6, 0xDC, 0xA6, 0xDC, 0xA6, 0xDC,
    0xA6, 0xDC, 0xA6, 0xDC, 0xA6, 0xDC, 0xA6, 0xDC, 0xA6, 0xDC, 0xA6, 0xDC, 0xA6, 0xDC, 0xA6, 0xDC, 0xA6, 0xDC, 0xA6, 0xDC, 0xA6, 0xDC, 0xA6, 0xDC,
    0xA6, 0xDC, 0xA6, 0xDC, 0xA6, 0xDC, 0xA6, 0xDC, 0xA6, 0xDC, 0xA6, 0xDC, 0xA6, 0xDC, 0xA6, 0xDC, 0xA6, 0xDC, 0xA6, 0xDC, 0xA6, 0xDC, 0xA6, 0xDC,
    0xA6, 0xDC, 0xA6, 0xDC, 0xA6, 0xDC, 0xA6, 0xDC, 0xA6, 0xDC, 0xA6, 0xDC, 0xA6, 0xDC, 0xA6, 0xDC, 0xA6, 0xDC, 0xA6, 0xDC, 0xA6, 0xDC, 0xA6, 0xDC,
    0xA6, 0xDC, 0xA6, 0xDC, 0xA6, 0xDC, 0xA6, 0xDC, 0xA6, 0xDC, 0xA6, 0xDC, 0xA6, 0xDC, 0xA6, 0xDC, 0xA6, 0xDC, 0xA6, 0xDC, 0xA6, 0xDC, 0xA6, 0xDC,
    0xA6, 0xDC, 0xB7, 0x1D, 0xD7, 0xFF, 0xCF, 0x9F, 0xBF, 0x1E, 0xC7, 0x3E, 0xC7, 0x3E, 0xC7, 0x3E, 0xC7, 0x3E, 0xC7, 0x3F, 0xC7, 0x3E, 0xC7, 0x3E,
    0xC7, 0x3E, 0xC7, 0x3E, 0xC7, 0x3E, 0xC7, 0x3E, 0xC7, 0x3E, 0xC7, 0x3E, 0xC7, 0x3E, 0xC7, 0x3E, 0xC7, 0x3E, 0xC7, 0x3E, 0xC7, 0x3E, 0xC7, 0x3E,
    0xC7, 0x3E, 0xC7, 0x3E, 0xC7, 0x3E, 0xC7, 0x3E, 0xC7, 0x3E, 0xC7, 0x3E, 0xC7, 0x3E, 0xBF, 0x1E, 0xC7, 0x5E, 0xC7, 0x3E, 0xC7, 0x3E, 0xBF, 0x1E,
    0xBF, 0x3E, 0xBF, 0x1E, 0xBF, 0x3E, 0xC7, 0x3E, 0xBF, 0x3E, 0xCF, 0xBF, 0xEF, 0xBF, 0xAE, 0xFD, 0xA6, 0xDC, 0xA6, 0xDC, 0xA6, 0xDC, 0xA6, 0xDC,
    0xAE, 0xFD, 0xC7, 0x3D, 0xDF, 0x9E, 0xE7, 0xDF, 0xCF, 0x9F, 0xC7, 0x3E, 0xCF, 0x5E, 0xCF, 0x9F, 0xCF, 0x9F, 0xC7, 0x5E, 0xC7, 0x3E, 0xD7, 0xDF,
    0xE7, 0xBF, 0xCF, 0x5E, 0xB7, 0x1D, 0xA6, 0xDC, 0xA6, 0xDC, 0xA6, 0xDC, 0xA6, 0xDC, 0xA6, 0xDC, 0xA6, 0xDC, 0xA6, 0xDC, 0xA6, 0xDC, 0xA6, 0xDC,
    0xA6, 0xDC, 0xA6, 0xDC, 0xA6, 0xDC, 0xA6, 0xDC, 0xA6, 0xDC, 0xA6, 0xDC, 0xA6, 0xDC, 0xA6, 0xDC, 0xA6, 0xDC, 0xA6, 0xDC, 0xA6, 0xDC, 0xA6, 0xDC,
    0xA6, 0xDC, 0xA6, 0xDC, 0xA6, 0xDC, 0xA6, 0xDC, 0xA6, 0xDC, 0xA6, 0xDC, 0xA6, 0xDC, 0xA6, 0xDC, 0xA6, 0xDC, 0xA6, 0xDC, 0xA6, 0xDC, 0xA6, 0xDC,
    0xA6, 0xDC, 0xA6, 0xDC, 0xA6, 0xDC, 0xA6, 0xDC, 0xA6, 0xDC, 0xA6, 0xDC, 0xA6, 0xDC, 0xA6, 0xDC, 0xA6, 0xDC, 0xA6, 0xDC, 0xA6, 0xDC, 0xA6, 0xDC,
    0xA6, 0xDC, 0xA6, 0xDC, 0xA6, 0xDC, 0xA6, 0xDC, 0xA6, 0xDC, 0xA6, 0xDC, 0xA6, 0xDC, 0xA6, 0xDC, 0xA6, 0xDC, 0xA6, 0xDC, 0xA6, 0xDC, 0xA6, 0xDC,
    0xA6, 0xDC, 0xA6, 0xDC, 0xA6, 0xDC, 0xA6, 0xDC, 0xA6, 0xDC, 0xA6, 0xDC, 0xA6, 0xDC, 0xA6, 0xDC, 0xA6, 0xDC, 0xA6, 0xDC, 0xA6, 0xDC, 0xA6, 0xDC,
    0xA6, 0xDC, 0xA6, 0xDC, 0xA6, 0xDC, 0xA6, 0xDC, 0xA6, 0xDC, 0xA6, 0xDC, 0xA6, 0xDC, 0xA6, 0xDC, 0xA6, 0xDC, 0xA6, 0xDC, 0xA6, 0xDC, 0xA6, 0xDC,
    0xA6, 0xDC, 0xA6, 0xDC, 0xA6, 0xDC, 0xA6, 0xDC, 0xA6, 0xDC, 0xA6, 0xDC, 0xA6, 0xDC, 0xA6, 0xDC, 0xA6, 0xDC, 0xA6, 0xDC, 0xA6, 0xDC, 0xA6, 0xDC,
    0xA6, 0xDC, 0xA6, 0xDC, 0xA6, 0xDC, 0xA6, 0xDC, 0xA6, 0xDC, 0xA6, 0xDC, 0xA6, 0xDC, 0xA6, 0xDC, 0xA6, 0xDC, 0xA6, 0xDC, 0xA6, 0xDC, 0xA6, 0xDC,
    0xA6, 0xDC, 0xA6, 0xDC, 0xA6, 0xDC, 0xA6, 0xDC, 0xA6, 0xDC, 0xA6, 0xDC, 0xA6, 0xDC, 0xA6, 0xDC, 0xA6, 0xDC, 0xA6, 0xDC, 0xA6, 0xDC, 0xA6, 0xDC,
    0xA6, 0xDC, 0xA6, 0xDC, 0xA6, 0xDC, 0xA6, 0xDC, 0xA6, 0xDC, 0xA6, 0xDC, 0xA6, 0xDC, 0xA6, 0xDC, 0xA6, 0xDC, 0xA6, 0xDC, 0xA6, 0xDC, 0xA6, 0xDC,
    0xA6, 0xDC, 0xA6, 0xDC, 0xA6, 0xDC, 0xA6, 0xDC, 0xA6, 0xDC, 0xA6, 0xDC, 0xA6, 0xDC, 0xA6, 0xDC, 0xA6, 0xDC, 0xA6, 0xDC, 0xA6, 0xDC, 0xA6, 0xDC,
    0xA6, 0xDC, 0xA6, 0xDC, 0xA6, 0xDC, 0xA6, 0xDC, 0xA6, 0xDC, 0xA6, 0xDC, 0xA6, 0xDC, 0xA6, 0xDC, 0xA6, 0xDC, 0xA6, 0xDC, 0xA6, 0xDC, 0xA6, 0xDC,
    0xA6, 0xDC, 0xA6, 0xDC, 0xA6, 0xDC, 0xA6, 0xDC, 0xA6, 0xDC, 0xA6, 0xDC, 0xA6, 0xDC, 0xA6, 0xDC, 0xA6, 0xDC, 0xA6, 0xDC, 0xA6, 0xDC, 0xA6, 0xDC,
    0xA6, 0xDC, 0xA6, 0xDC, 0xA6, 0xDC, 0xA6, 0xDC, 0xA6, 0xDC, 0xA6, 0xDC, 0xA6, 0xDC, 0xA6, 0xDC, 0xA6, 0xDC, 0xA6, 0xDC, 0xA6, 0xDC, 0xA6, 0xDC,
    0xAE, 0xFD, 0xD7, 0xBF, 0xCF, 0x7F, 0xC7, 0x3E, 0xC7, 0x1E, 0xC7, 0x3E, 0xC7, 0x3E, 0xC7, 0x3E, 0xC7, 0x3E, 0xC7, 0x3E, 0xC7, 0x3E, 0xC7, 0x3E,
    0xC7, 0x3E, 0xC7, 0x3E, 0xC7, 0x3E, 0xC7, 0x3E, 0xC7, 0x3E, 0xC7, 0x3E, 0xC7, 0x3E, 0xC7, 0x3E, 0xC7, 0x3E, 0xC7, 0x3E, 0xC7, 0x3E, 0xC7, 0x3E,
    0xC7, 0x3E, 0xC7, 0x3E, 0xC7, 0x3E, 0xC7, 0x3E, 0xC7, 0x3E, 0xC7, 0x3E, 0xC7, 0x3E, 0xC7, 0x3E, 0xC7, 0x1E, 0xC7, 0x3E, 0xC7, 0x3E, 0xBF, 0x3E,
    0xC7, 0x3E, 0xBF, 0x3E, 0xBF, 0x1E, 0xBF, 0x1E, 0xBF, 0x1E, 0xC7, 0x5F, 0xCF, 0xBF, 0xEF, 0xBF, 0xA6, 0xDC, 0xA6, 0xDC, 0xAE, 0xFD, 0xD7, 0x7E,
    0xDF, 0xDF, 0xCF, 0x9F, 0xD7, 0xBF, 0xCF, 0x7F, 0xC7, 0x5E, 0xC7, 0x3E, 0xC7, 0x3E, 0xC7, 0x3E, 0xC7, 0x3E, 0xC7, 0x1E, 0xC7, 0x3E, 0xC7, 0x5E,
    0xCF, 0x9F, 0xD7, 0x9F, 0xC7, 0x3E, 0xEF, 0xBF, 0xC7, 0x5E, 0xA6, 0xDD, 0xA6, 0xDC, 0xA6, 0xDC, 0xA6, 0xDC, 0xA6, 0xDC, 0xA6, 0xDC, 0xA6, 0xDC,
    0xA6, 0xDC, 0xA6, 0xDC, 0xA6, 0xDC, 0xA6, 0xDC, 0xA6, 0xDC, 0xA6, 0xDC, 0xA6, 0xDC, 0xA6, 0xDC, 0xA6, 0xDC, 0xA6, 0xDC, 0xA6, 0xDC, 0xA6, 0xDC,
    0xA6, 0xDC, 0xA6, 0xDC, 0xA6, 0xDC, 0xA6, 0xDC, 0xA6, 0xDC, 0xA6, 0xDC, 0xA6, 0xDC, 0xA6, 0xDC, 0xA6, 0xDC, 0xA6, 0xDC, 0xA6, 0xDC, 0xA6, 0xDC,
    0xA6, 0xDC, 0xA6, 0xDC, 0xA6, 0xDC, 0xA6, 0xDC, 0xA6, 0xDC, 0xA6, 0xDC, 0xA6, 0xDC, 0xA6, 0xDC, 0xA6, 0xDC, 0xA6, 0xDC, 0xA6, 0xDC, 0xA6, 0xDC,
    0xA6, 0xDC, 0xA6, 0xDC, 0xA6, 0xDC, 0xA6, 0xDC, 0xA6, 0xDC, 0xA6, 0xDC, 0xA6, 0xDC, 0xA6, 0xDC, 0xA6, 0xDC, 0xA6, 0xDC, 0xA6, 0xDC, 0xA6, 0xDC,
    0xA6, 0xDC, 0xA6, 0xDC, 0xA6, 0xDC, 0xA6, 0xDC, 0xA6, 0xDC, 0xA6, 0xDC, 0xA6, 0xDC, 0xA6, 0xDC, 0xA6, 0xDC, 0xA6, 0xDC, 0xA6, 0xDC, 0xA6, 0xDC,
    0xA6, 0xDC, 0xA6, 0xDC, 0xA6, 0xDC, 0xA6, 0xDC, 0xA6, 0xDC, 0xA6, 0xDC, 0xA6, 0xDC, 0xA6, 0xDC, 0xA6, 0xDC, 0xA6, 0xDC, 0xA6, 0xDC, 0xA6, 0xDC,
    0xA6, 0xDC, 0xA6, 0xDC, 0xA6, 0xDC, 0xA6, 0xDC, 0xA6, 0xDC, 0xA6, 0xDC, 0xA6, 0xDC, 0xA6, 0xDC, 0xA6, 0xDC, 0xA6, 0xDC, 0xA6, 0xDC, 0xA6, 0xDC,
    0xA6, 0xDC, 0xA6, 0xDC, 0xA6, 0xDC, 0xA6, 0xDC, 0xA6, 0xDC, 0xA6, 0xDC, 0xA6, 0xDC, 0xA6, 0xDC, 0xA6, 0xDC, 0xA6, 0xDC, 0xA6, 0xDC, 0xA6, 0xDC,
    0xA6, 0xDC, 0xA6, 0xDC, 0xA6, 0xDC, 0xA6, 0xDC, 0xA6, 0xDC, 0xA6, 0xDC, 0xA6, 0xDC, 0xA6, 0xDC, 0xA6, 0xDC, 0xA6, 0xDC, 0xA6, 0xDC, 0xA6, 0xDC,
    0xA6, 0xDC, 0xA6, 0xDC, 0xA6, 0xDC, 0xA6, 0xDC, 0xA6, 0xDC, 0xA6, 0xDC, 0xA6, 0xDC, 0xA6, 0xDC, 0xA6, 0xDC, 0xA6, 0xDC, 0xA6, 0xDC, 0xA6, 0xDC,
    0xA6, 0xDC, 0xA6, 0xDC, 0xA6, 0xDC, 0xA6, 0xDC, 0xA6, 0xDC, 0xA6, 0xDC, 0xA6, 0xDC, 0xA6, 0xDC, 0xA6, 0xDC, 0xA6, 0xDC, 0xA6, 0xDC, 0xA6, 0xDC,
    0xA6, 0xDC, 0xA6, 0xDC, 0xA6, 0xDC, 0xA6, 0xDC, 0xA6, 0xDC, 0xA6, 0xDC, 0xA6, 0xDC, 0xA6, 0xDC, 0xA6, 0xDC, 0xA6, 0xDC, 0xA6, 0xDC, 0xA6, 0xDC,
    0xA6, 0xDC, 0xA6, 0xDC, 0xA6, 0xDC, 0xA6, 0xDC, 0xA6, 0xDC, 0xA6, 0xDC, 0xA6, 0xDC, 0xA6, 0xDC, 0xA6, 0xDC, 0xA6, 0xDC, 0xA6, 0xDC, 0xA6, 0xDC,
    0xA6, 0xDC, 0xA6, 0xDC, 0xA6, 0xDC, 0xA6, 0xDC, 0xA6, 0xDC, 0xA6, 0xDC, 0xA6, 0xDC, 0xA6, 0xDC, 0xA6, 0xDC, 0xA6, 0xDC, 0xA6, 0xDC, 0xA6, 0xDC,
    0xE7, 0x9E, 0xCF, 0x9F, 0xC7, 0x3E, 0xC7, 0x3E, 0xC7, 0x3E, 0xC7, 0x3E, 0xC7, 0x3E, 0xC7, 0x3E, 0xC7, 0x3E, 0xC7, 0x3E, 0xC7, 0x3E, 0xC7, 0x3E,
    0xC7, 0x3E, 0xC7, 0x3E, 0xC7, 0x3E, 0xC7, 0x3E, 0xC7, 0x3E, 0xC7, 0x3E, 0xC7, 0x3E, 0xC7, 0x3E, 0xC7, 0x3E, 0xC7, 0x3E, 0xC7, 0x3E, 0xC7, 0x3E,
    0xC7, 0x3E, 0xC7, 0x3E, 0xC7, 0x3E, 0xC7, 0x3E, 0xC7, 0x3E, 0xC7, 0x3E, 0xC7, 0x3E, 0xC7, 0x3E, 0xC7, 0x3E, 0xC7, 0x3E, 0xC7, 0x3E, 0xC7, 0x3E,
    0xC7, 0x3E, 0xC7, 0x3E, 0xBF, 0x3E, 0xBF, 0x3E, 0xBF, 0x3E, 0xBF, 0x3E, 0xBF, 0x3E, 0xCF, 0x9F, 0xCF, 0x5E, 0xCF, 0x5E, 0xD7, 0xBF, 0xD7, 0xBF,
    0xCF, 0x5F, 0xC7, 0x3E, 0xC7, 0x5E, 0xC7, 0x3E, 0xC7, 0x3E, 0xC7, 0x3D, 0xC7, 0x3E, 0xC7, 0x3E, 0xC7, 0x3E, 0xC7, 0x3E, 0xC7, 0x3E, 0xC7, 0x1D,
    0xC7, 0x3E, 0xC7, 0x3E, 0xC7, 0x3E, 0xCF, 0x7F, 0xCF, 0x9F, 0xDF, 0xDF, 0xC7, 0x5E, 0xA6, 0xDC, 0xA6, 0xDC, 0xA6, 0xDC, 0xA6, 0xDC, 0xA6, 0xDC,
    0xA6, 0xDC, 0xA6, 0xDC, 0xA6, 0xDC, 0xA6, 0xDC, 0xA6, 0xDC, 0xA6, 0xDC, 0xA6, 0xDC, 0xA6, 0xDC, 0xA6, 0xDC, 0xA6, 0xDC, 0xA6, 0xDC, 0xA6, 0xDC,
    0xA6, 0xDC, 0xA6, 0xDC, 0xA6, 0xDC, 0xA6, 0xDC, 0xA6, 0xDC, 0xA6, 0xDC, 0xA6, 0xDC, 0xA6, 0xDC, 0xA6, 0xDC, 0xA6, 0xDC, 0xA6, 0xDC, 0xA6, 0xDC,
    0xA6, 0xDC, 0xA6, 0xDC, 0xA6, 0xDC, 0xA6, 0xDC, 0xA6, 0xDC, 0xA6, 0xDC, 0xA6, 0xDC, 0xA6, 0xDC, 0xA6, 0xDC, 0xA6, 0xDC, 0xA6, 0xDC, 0xA6, 0xDC,
    0xA6, 0xDC, 0xA6, 0xDC, 0xA6, 0xDC, 0xA6, 0xDC, 0xA6, 0xDC, 0xA6, 0xDC, 0xA6, 0xDC, 0xA6, 0xDC, 0xA6, 0xDC, 0xA6, 0xDC, 0xA6, 0xDC, 0xA6, 0xDC,
    0xA6, 0xDC, 0xA6, 0xDC, 0xA6, 0xDC, 0xA6, 0xDC, 0xA6, 0xDC, 0xA6, 0xDC, 0xA6, 0xDC, 0xA6, 0xDC, 0xA6, 0xDC, 0xA6, 0xDC, 0xA6, 0xDC, 0xA6, 0xDC,
    0xA6, 0xDC, 0xA6, 0xDC, 0xA6, 0xDC, 0xA6, 0xDC, 0xA6, 0xDC, 0xA6, 0xDC, 0xA6, 0xDC, 0xA6, 0xDC, 0xA6, 0xDC, 0xA6, 0xDC, 0xA6, 0xDC, 0xA6, 0xDC,
    0xA6, 0xDC, 0xA6, 0xDC, 0xA6, 0xDC, 0xA6, 0xDC, 0xA6, 0xDC, 0xA6, 0xDC, 0xA6, 0xDC, 0xA6, 0xDC, 0xA6, 0xDC, 0xA6, 0xDC, 0xA6, 0xDC, 0xA6, 0xDC,
    0xA6, 0xDC, 0xA6, 0xDC, 0xA6, 0xDC, 0xA6, 0xDC, 0xA6, 0xDC, 0xA6, 0xDC, 0xA6, 0xDC, 0xA6, 0xDC, 0xA6, 0xDC, 0xA6, 0xDC, 0xA6, 0xDC, 0xA6, 0xDC,
    0xA6, 0xDC, 0xA6, 0xDC, 0xA6, 0xDC, 0xA6, 0xDC, 0xA6, 0xDC, 0xA6, 0xDC, 0xA6, 0xDC, 0xA6, 0xDC, 0xA6, 0xDC, 0xA6, 0xDC, 0xA6, 0xDC, 0xA6, 0xDC,
    0xA6, 0xDC, 0xA6, 0xDC, 0xA6, 0xDC, 0xA6, 0xDC, 0xA6, 0xDC, 0xA6, 0xDC, 0xA6, 0xDC, 0xA6, 0xDC, 0xA6, 0xDC, 0xA6, 0xDC, 0xA6, 0xDC, 0xA6, 0xDC,
    0xA6, 0xDC, 0xA6, 0xDC, 0xA6, 0xDC, 0xA6, 0xDC, 0xA6, 0xDC, 0xA6, 0xDC, 0xA6, 0xDC, 0xA6, 0xDC, 0xA6, 0xDC, 0xA6, 0xDC, 0xA6, 0xDC, 0xA6, 0xDC,
    0xA6, 0xDC, 0xA6, 0xDC, 0xA6, 0xDC, 0xA6, 0xDC, 0xA6, 0xDC, 0xA6, 0xDC, 0xA6, 0xDC, 0xA6, 0xDC, 0xA6, 0xDC, 0xA6, 0xDC, 0xA6, 0xDC, 0xA6, 0xDC,
    0xA6, 0xDC, 0xA6, 0xDC, 0xA6, 0xDC, 0xA6, 0xDC, 0xA6, 0xDC, 0xA6, 0xDC, 0xA6, 0xDC, 0xA6, 0xDC, 0xA6, 0xDC, 0xA6, 0xDC, 0xA6, 0xDC, 0xA6, 0xDC,
    0xA6, 0xDC, 0xA6, 0xDC, 0xA6, 0xDC, 0xA6, 0xDC, 0xA6, 0xDC, 0xA6, 0xDC, 0xA6, 0xDC, 0xA6, 0xDC, 0xA6, 0xDC, 0xA6, 0xDC, 0xA6, 0xDC, 0xB6, 0xFD,
    0xC7, 0x3E, 0xC7, 0x3E, 0xC7, 0x1E, 0xC7, 0x3E, 0xC7, 0x3E, 0xC7, 0x3E, 0xC7, 0x3E, 0xC7, 0x3E, 0xC7, 0x3E, 0xC7, 0x3E, 0xC7, 0x3E, 0xC7, 0x3E,
    0xC7, 0x3E, 0xC7, 0x3E, 0xC7, 0x3E, 0xC7, 0x3E, 0xC7, 0x3E, 0xC7, 0x3E, 0xC7, 0x3E, 0xC7, 0x3E, 0xC7, 0x3E, 0xC7, 0x3E, 0xC7, 0x3E, 0xC7, 0x3E,
    0xC7, 0x3F, 0xC7, 0x3E, 0xC7, 0x3E, 0xC7, 0x3E, 0xC7, 0x3E, 0xC7, 0x3E, 0xC7, 0x3E, 0xC7, 0x3E, 0xC7, 0x3E, 0xC7, 0x3E, 0xC7, 0x3E, 0xC7, 0x3E,
    0xC7, 0x3E, 0xC7, 0x3E, 0xC7, 0x3E, 0xBF, 0x1E, 0xBF, 0x1E, 0xBF, 0x1E, 0xBF, 0x1E, 0xBF, 0x1E, 0xCF, 0x5F, 0xD7, 0x9F, 0xC7, 0x5E, 0xC7, 0x5E,
    0xC7, 0x3E, 0xC7, 0x3E, 0xC7, 0x3E, 0xC7, 0x3E, 0xC7, 0x3E, 0xC7, 0x3E, 0xC7, 0x3E, 0xC7, 0x3E, 0xC7, 0x3E, 0xC7, 0x3E, 0xC7, 0x3E, 0xC7, 0x3E,
    0xC7, 0x3E, 0xC7, 0x3E, 0xC7, 0x1E, 0xC7, 0x3E, 0xC7, 0x3E, 0xCF, 0x5F, 0xCF, 0x9F, 0xE7, 0xBF, 0xB7, 0x1D, 0xA6, 0xDC, 0xA6, 0xDC, 0xA6, 0xDC,
    0xA6, 0xDC, 0xA6, 0xDC, 0xA6, 0xDC, 0xA6, 0xDC, 0xA6, 0xDC, 0xA6, 0xDC, 0xA6, 0xDC, 0xA6, 0xDC, 0xA6, 0xDC, 0xA6, 0xDC, 0xA6, 0xDC, 0xA6, 0xDC,
    0xA6, 0xDC, 0xA6, 0xDC, 0xA6, 0xDC, 0xA6, 0xDC, 0xA6, 0xDC, 0xA6, 0xDC, 0xA6, 0xDC, 0xA6, 0xDC, 0xA6, 0xDC, 0xA6, 0xDC, 0xA6, 0xDC, 0xA6, 0xDC,
    0xA6, 0xDC, 0xA6, 0xDC, 0xA6, 0xDC, 0xA6, 0xDC, 0xA6, 0xDC, 0xA6, 0xDC, 0xA6, 0xDC, 0xA6, 0xDC, 0xA6, 0xDC, 0xA6, 0xDC, 0xA6, 0xDC, 0xA6, 0xDC,
    0xA6, 0xDC, 0xA6, 0xDC, 0xA6, 0xDC, 0xA6, 0xDC, 0xA6, 0xDC, 0xA6, 0xDC, 0xA6, 0xDC, 0xA6, 0xDC, 0xA6, 0xDC, 0xA6, 0xDC, 0xA6, 0xDC, 0xA6, 0xDC,
    0xA6, 0xDC, 0xA6, 0xDC, 0xA6, 0xDC, 0xA6, 0xDC, 0xA6, 0xDC, 0xA6, 0xDC, 0xA6, 0xDC, 0xA6, 0xDC, 0xA6, 0xDC, 0xA6, 0xDC, 0xA6, 0xDC, 0xA6, 0xDC,
    0xA6, 0xDC, 0xA6, 0xDC, 0xA6, 0xDC, 0xA6, 0xDC, 0xA6, 0xDC, 0xA6, 0xDC, 0xA6, 0xDC, 0xA6, 0xDC, 0xA6, 0xDC, 0xA6, 0xDC, 0xA6, 0xDC, 0xA6, 0xDC,
    0xA6, 0xDC, 0xA6, 0xDC, 0xA6, 0xDC, 0xA6, 0xDC, 0xA6, 0xDC, 0xA6, 0xDC, 0xA6, 0xDC, 0xA6, 0xDC, 0xA6, 0xDC, 0xA6, 0xDC, 0xA6, 0xDC, 0xA6, 0xDC,
    0xA6, 0xDC, 0xA6, 0xDC, 0xA6, 0xDC, 0xA6, 0xDC, 0xA6, 0xDC, 0xA6, 0xDC, 0xA6, 0xDC, 0xA6, 0xDC, 0xA6, 0xDC, 0xA6, 0xDC, 0xA6, 0xDC, 0xA6, 0xDC,
    0xA6, 0xDC, 0xA6, 0xDC, 0xA6, 0xDC, 0xA6, 0xDC, 0xA6, 0xDC, 0xA6, 0xDC, 0xA6, 0xDC, 0xA6, 0xDC, 0xA6, 0xDC, 0xA6, 0xDC, 0xA6, 0xDC, 0xA6, 0xDC,
    0xA6, 0xDC, 0xA6, 0xDC, 0xA6, 0xDC, 0xA6, 0xDC, 0xA6, 0xDC, 0xA6, 0xDC, 0xA6, 0xDC, 0xA6, 0xDC, 0xA6, 0xDC, 0xA6, 0xDC, 0xA6, 0xDC, 0xA6, 0xDC,
    0xA6, 0xDC, 0xA6, 0xDC, 0xA6, 0xDC, 0xA6, 0xDC, 0xA6, 0xDC, 0xA6, 0xDC, 0xA6, 0xDC, 0xA6, 0xDC, 0xA6, 0xDC, 0xA6, 0xDC, 0xA6, 0xDC, 0xA6, 0xDC,
    0xA6, 0xDC, 0xA6, 0xDC, 0xA6, 0xDC, 0xA6, 0xDC, 0xA6, 0xDC, 0xA6, 0xDC, 0xA6, 0xDC, 0xA6, 0xDC, 0xA6, 0xDC, 0xA6, 0xDC, 0xA6, 0xDC, 0xA6, 0xDC,
    0xA6, 0xDC, 0xA6, 0xDC, 0xA6, 0xDC, 0xA6, 0xDC, 0xA6, 0xDC, 0xA6, 0xDC, 0xA6, 0xDC, 0xA6, 0xDC, 0xA6, 0xDC, 0xA6, 0xDC, 0xA6, 0xDC, 0xA6, 0xDC,
    0xA6, 0xDC, 0xA6, 0xDC, 0xA6, 0xDC, 0xA6, 0xDC, 0xA6, 0xDC, 0xA6, 0xDC, 0xA6, 0xDC, 0xA6, 0xDC, 0xA6, 0xDC, 0xA6, 0xFC, 0xA6, 0xDC, 0xC7, 0x3D,
    0xCF, 0x9F, 0xC7, 0x3E, 0xC7, 0x3E, 0xC7, 0x3E, 0xC7, 0x3E, 0xC7, 0x3E, 0xC7, 0x3E, 0xC7, 0x3E, 0xC7, 0x3E, 0xC7, 0x3E, 0xC7, 0x3E, 0xC7, 0x3E,
    0xC7, 0x3E, 0xC7, 0x3E, 0xC7, 0x3E, 0xC7, 0x3E, 0xC7, 0x3E, 0xC7, 0x3E, 0xC7, 0x3E, 0xC7, 0x3E, 0xC7, 0x3E, 0xC7, 0x3E, 0xC7, 0x3E, 0xC7, 0x3E,
    0xC7, 0x3E, 0xC7, 0x3E, 0xC7, 0x3E, 0xC7, 0x3E, 0xC7, 0x3E, 0xC7, 0x3E, 0xC7, 0x3E, 0xC7, 0x3E, 0xC7, 0x3E, 0xC7, 0x3E, 0xC7, 0x3E, 0xC7, 0x3E,
    0xC7, 0x3E, 0xC7, 0x3E, 0xC7, 0x3E, 0xBF, 0x3E, 0xBF, 0x3E, 0xBF, 0x1E, 0xC7, 0x1E, 0xC7, 0x3E, 0xC7, 0x3E, 0xC7, 0x3F, 0xC7, 0x3E, 0xC7, 0x3E,
    0xC7, 0x3E, 0xC7, 0x3E, 0xC7, 0x3E, 0xC7, 0x3E, 0xC7, 0x3E, 0xC7, 0x3E, 0xC7, 0x3E, 0xC7, 0x3E, 0xC7, 0x3E, 0xC7, 0x3E, 0xC7, 0x3E, 0xC7, 0x3E,
    0xC7, 0x3E, 0xC7, 0x3E, 0xC7, 0x3E, 0xC7, 0x1E, 0xC7, 0x3E, 0xC7, 0x3E, 0xC7, 0x3E, 0xCF, 0x9F, 0xD7, 0xBF, 0xBF, 0x3D, 0xA6, 0xDC, 0xA6, 0xFC,
    0xA6, 0xDC, 0xA6, 0xDC, 0xA6, 0xDC, 0xA6, 0xDC, 0xA6, 0xDC, 0xA6, 0xDC, 0xA6, 0xDC, 0xA6, 0xDC, 0xA6, 0xDC, 0xA6, 0xDC, 0xA6, 0xDC, 0xA6, 0xDC,
    0xA6, 0xDC, 0xA6, 0xDC, 0xA6, 0xDC, 0xA6, 0xDC, 0xA6, 0xDC, 0xA6, 0xDC, 0xA6, 0xDC, 0xA6, 0xDC, 0xA6, 0xDC, 0xA6, 0xDC, 0xA6, 0xDC, 0xA6, 0xDC,
    0xA6, 0xDC, 0xA6, 0xDC, 0xA6, 0xDC, 0xA6, 0xDC, 0xA6, 0xDC, 0xA6, 0xDC, 0xA6, 0xDC, 0xA6, 0xDC, 0xA6, 0xDC, 0xA6, 0xDC, 0xA6, 0xDC, 0xA6, 0xDC,
    0xA6, 0xDC, 0xA6, 0xDC, 0xA6, 0xDC, 0xA6, 0xDC, 0xA6, 0xDC, 0xA6, 0xDC, 0xA6, 0xDC, 0xA6, 0xDC, 0xA6, 0xDC, 0xA6, 0xDC, 0xA6, 0xDC, 0xA6, 0xDC,
    0xA6, 0xDC, 0xA6, 0xDC, 0xA6, 0xDC, 0xA6, 0xDC, 0xA6, 0xDC, 0xA6, 0xDC, 0xA6, 0xDC, 0xA6, 0xDC, 0xA6, 0xDC, 0xA6, 0xDC, 0xA6, 0xDC, 0xA6, 0xDC,
    0xA6, 0xDC, 0xA6, 0xDC, 0xA6, 0xDC, 0xA6, 0xDC, 0xA6, 0xDC, 0xA6, 0xDC, 0xA6, 0xDC, 0xA6, 0xDC, 0xA6, 0xDC, 0xA6, 0xDC, 0xA6, 0xDC, 0xA6, 0xDC,
    0xA6, 0xDC, 0xA6, 0xDC, 0xA6, 0xDC, 0xA6, 0xDC, 0xA6, 0xDC, 0xA6, 0xDC, 0xA6, 0xDC, 0xA6, 0xDC, 0xA6, 0xDC, 0xA6, 0xDC, 0xA6, 0xDC, 0xA6, 0xDC,
    0xA6, 0xDC, 0xA6, 0xDC, 0xA6, 0xDC, 0xA6, 0xDC, 0xA6, 0xDC, 0xA6, 0xDC, 0xA6, 0xDC, 0xA6, 0xDC, 0xA6, 0xDC, 0xA6, 0xDC, 0xA6, 0xDC, 0xA6, 0xDC,
    0xA6, 0xDC, 0xA6, 0xDC, 0xA6, 0xDC, 0xA6, 0xDC, 0xA6, 0xDC, 0xA6, 0xDC, 0xA6, 0xDC, 0xA6, 0xDC, 0xA6, 0xDC, 0xA6, 0xDC, 0xA6, 0xDC, 0xA6, 0xDC,
    0xA6, 0xDC, 0xA6, 0xDC, 0xA6, 0xDC, 0xA6, 0xDC, 0xA6, 0xDC, 0xA6, 0xDC, 0xA6, 0xDC, 0xA6, 0xDC, 0xA6, 0xDC, 0xA6, 0xDC, 0xA6, 0xDC, 0xA6, 0xDC,
    0xA6, 0xDC, 0xA6, 0xDC, 0xA6, 0xDC, 0xA6, 0xDC, 0xA6, 0xDC, 0xA6, 0xDC, 0xA6, 0xDC, 0xA6, 0xDC, 0xA6, 0xDC, 0xA6, 0xDC, 0xA6, 0xDC, 0xA6, 0xDC,
    0xA6, 0xDC, 0xA6, 0xDC, 0xA6, 0xDC, 0xA6, 0xDC, 0xA6, 0xDC, 0xA6, 0xDC, 0xA6, 0xDC, 0xA6, 0xDC, 0xA6, 0xDC, 0xA6, 0xDC, 0xA6, 0xDC, 0xA6, 0xDC,
    0xA6, 0xDC, 0xA6, 0xDC, 0xA6, 0xDC, 0xA6, 0xDC, 0xA6, 0xDC, 0xA6, 0xDC, 0xA6, 0xDC, 0xA6, 0xDC, 0xA6, 0xDC, 0xA6, 0xDC, 0xA6, 0xDC, 0xA6, 0xDC,
    0xA6, 0xDC, 0xA6, 0xDC, 0xA6, 0xDC, 0xA6, 0xDC, 0xA6, 0xDC, 0xA6, 0xDC, 0xA6, 0xDC, 0xA6, 0xDC, 0xA6, 0xDC, 0xA6, 0xFC, 0xA6, 0xDC, 0xC7, 0x5E,
    0xCF, 0x9F, 0xC7, 0x3E, 0xC7, 0x3E, 0xC7, 0x3F, 0xC7, 0x3E, 0xC7, 0x3E, 0xC7, 0x3E, 0xC7, 0x3E, 0xC7, 0x3E, 0xC7, 0x3E, 0xC7, 0x3E, 0xC7, 0x3E,
    0xC7, 0x3E, 0xC7, 0x3E, 0xC7, 0x3E, 0xC7, 0x3E, 0xC7, 0x3E, 0xC7, 0x3E, 0xC7, 0x3E, 0xC7, 0x3E, 0xC7, 0x3E, 0xC7, 0x3E, 0xC7, 0x3E, 0xC7, 0x3E,
    0xC7, 0x3E, 0xC7, 0x3E, 0xC7, 0x3E, 0xC7, 0x3E, 0xC7, 0x3E, 0xC7, 0x3E, 0xC7, 0x3E, 0xC7, 0x3E, 0xC7, 0x3E, 0xC7, 0x3E, 0xC7, 0x3E, 0xC7, 0x3E,
    0xC7, 0x3E, 0xC7, 0x3E, 0xC7, 0x3E, 0xBF, 0x3E, 0xBF, 0x1E, 0xC7, 0x3E, 0xC7, 0x3E, 0xC7, 0x3E, 0xC7, 0x3E, 0xC7, 0x3E, 0xC7, 0x3E, 0xC7, 0x3E,
    0xC7, 0x3E, 0xC7, 0x3E, 0xC7, 0x3E, 0xC7, 0x3E, 0xC7, 0x3E, 0xC7, 0x3E, 0xC7, 0x3E, 0xC7, 0x3E, 0xC7, 0x3E, 0xC7, 0x3E, 0xC7, 0x3E, 0xC7, 0x3E,
    0xC7, 0x3E, 0xC7, 0x3E, 0xC7, 0x3E, 0xC7, 0x3E, 0xC7, 0x3E, 0xC7, 0x3E, 0xC7, 0x3E, 0xC7, 0x3E, 0xC7, 0x5F, 0xCF, 0x7F, 0xC7, 0x5E, 0xA6, 0xDC,
    0xA6, 0xFC, 0xA6, 0xDC, 0xA6, 0xDC, 0xA6, 0xDC, 0xA6, 0xDC, 0xA6, 0xDC, 0xA6, 0xDC, 0xA6, 0xDC, 0xA6, 0xDC, 0xA6, 0xDC, 0xA6, 0xDC, 0xA6, 0xDC,
    0xA6, 0xDC, 0xA6, 0xDC, 0xA6, 0xDC, 0xA6, 0xDC, 0xA6, 0xDC, 0xA6, 0xDC, 0xA6, 0xDC, 0xA6, 0xDC, 0xA6, 0xDC, 0xA6, 0xDC, 0xA6, 0xDC, 0xA6, 0xDC,
    0xA6, 0xDC, 0xA6, 0xDC, 0xA6, 0xDC, 0xA6, 0xDC, 0xA6, 0xDC, 0xA6, 0xDC, 0xA6, 0xDC, 0xA6, 0xDC, 0xA6, 0xDC, 0xA6, 0xDC, 0xA6, 0xDC, 0xA6, 0xDC,
    0xA6, 0xDC, 0xA6, 0xDC, 0xA6, 0xDC, 0xA6, 0xDC, 0xA6, 0xDC, 0xA6, 0xDC, 0xA6, 0xDC, 0xA6, 0xDC, 0xA6, 0xDC, 0xA6, 0xDC, 0xA6, 0xDC, 0xA6, 0xDC,
    0xA6, 0xDC, 0xA6, 0xDC, 0xA6, 0xDC, 0xA6, 0xDC, 0xA6, 0xDC, 0xA6, 0xDC, 0xA6, 0xDC, 0xA6, 0xDC, 0xA6, 0xDC, 0xA6, 0xDC, 0xA6, 0xDC, 0xA6, 0xDC,
    0xA6, 0xDC, 0xA6, 0xDC, 0xA6, 0xDC, 0xA6, 0xDC, 0xA6, 0xDC, 0xA6, 0xDC, 0xA6, 0xDC, 0xA6, 0xDC, 0xA6, 0xDC, 0xA6, 0xDC, 0xA6, 0xDC, 0xA6, 0xDC,
    0xA6, 0xDC, 0xA6, 0xDC, 0xA6, 0xDC, 0xA6, 0xDC, 0xA6, 0xDC, 0xA6, 0xDC, 0xA6, 0xDC, 0xA6, 0xDC, 0xA6, 0xDC, 0xA6, 0xDC, 0xA6, 0xDC, 0xA6, 0xDC,
    0xA6, 0xDC, 0xA6, 0xDC, 0xA6, 0xDC, 0xA6, 0xDC, 0xA6, 0xDC, 0xA6, 0xDC, 0xA6, 0xDC, 0xA6, 0xDC, 0xA6, 0xDC, 0xA6, 0xDC, 0xA6, 0xDC, 0xA6, 0xDC,
    0xA6, 0xDC, 0xA6, 0xDC, 0xA6, 0xDC, 0xA6, 0xDC, 0xA6, 0xDC, 0xA6, 0xDC, 0xA6, 0xDC, 0xA6, 0xDC, 0xA6, 0xDC, 0xA6, 0xDC, 0xA6, 0xDC, 0xA6, 0xDC,
    0xA6, 0xDC, 0xA6, 0xDC, 0xA6, 0xDC, 0xA6, 0xDC, 0xA6, 0xDC, 0xA6, 0xDC, 0xA6, 0xDC, 0xA6, 0xDC, 0xA6, 0xDC, 0xA6, 0xDC, 0xA6, 0xDC, 0xA6, 0xDC,
    0xA6, 0xDC, 0xA6, 0xDC, 0xA6, 0xDC, 0xA6, 0xDC, 0xA6, 0xDC, 0xA6, 0xDC, 0xA6, 0xDC, 0xA6, 0xDC, 0xA6, 0xDC, 0xA6, 0xDC, 0xA6, 0xDC, 0xA6, 0xDC,
    0xA6, 0xDC, 0xA6, 0xDC, 0xA6, 0xDC, 0xA6, 0xDC, 0xA6, 0xDC, 0xA6, 0xDC, 0xA6, 0xDC, 0xA6, 0xDC, 0xA6, 0xDC, 0xA6, 0xDC, 0xA6, 0xDC, 0xA6, 0xDC,
    0xA6, 0xDC, 0xA6, 0xDC, 0xA6, 0xDC, 0xA6, 0xDC, 0xA6, 0xDC, 0xA6, 0xDC, 0xA6, 0xDC, 0xA6, 0xDC, 0xA6, 0xDC, 0xA6, 0xDC, 0xA6, 0xDC, 0xA6, 0xDC,
    0xA6, 0xDC, 0xA6, 0xDC, 0xA6, 0xDC, 0xA6, 0xDC, 0xA6, 0xDC, 0xA6, 0xDC, 0xA6, 0xDC, 0xA6, 0xDC, 0xA6, 0xDC, 0xA6, 0xDC, 0xA6, 0xDC, 0xBF, 0x3D,
    0xCF, 0x7F, 0xC7, 0x3E, 0xC7, 0x3E, 0xC7, 0x3E, 0xC7, 0x3E, 0xC7, 0x3E, 0xC7, 0x3E, 0xC7, 0x3E, 0xC7, 0x3E, 0xC7, 0x3E, 0xC7, 0x3E, 0xC7, 0x3E,
    0xC7, 0x3E, 0xC7, 0x3E, 0xC7, 0x3E, 0xC7, 0x3E, 0xC7, 0x3E, 0xC7, 0x3E, 0xC7, 0x3E, 0xC7, 0x3E, 0xC7, 0x3E, 0xC7, 0x3E, 0xC7, 0x3E, 0xC7, 0x3E,
    0xC7, 0x3E, 0xC7, 0x3E, 0xC7, 0x3E, 0xC7, 0x3E, 0xC7, 0x3E, 0xC7, 0x3E, 0xC7, 0x3E, 0xC7, 0x3E, 0xC7, 0x3E, 0xC7, 0x3E, 0xC7, 0x3E, 0xC7, 0x3E,
    0xC7, 0x3E, 0xC7, 0x3E, 0xC7, 0x3E, 0xBF, 0x3E, 0xC7, 0x3E, 0xC7, 0x5E, 0xC7, 0x3E, 0xC7, 0x3E, 0xC7, 0x3E, 0xC7, 0x3E, 0xC7, 0x3E, 0xC7, 0x3E,
    0xC7, 0x3E, 0xC7, 0x3E, 0xC7, 0x3E, 0xC7, 0x3E, 0xC7, 0x3E, 0xC7, 0x3E, 0xC7, 0x3D, 0xC7, 0x3E, 0xC7, 0x3E, 0xC7, 0x3E, 0xC7, 0x3E, 0xC7, 0x3E,
    0xC7, 0x3E, 0xC7, 0x3E, 0xC7, 0x3E, 0xC7, 0x3E, 0xC7, 0x3E, 0xC7, 0x3E, 0xC7, 0x3E, 0xC7, 0x3E, 0xC7, 0x1E, 0xC7, 0x5E, 0xCF, 0x7F, 0xC7, 0x3D,
    0xA6, 0xDC, 0xA6, 0xFC, 0xA6, 0xDC, 0xA6, 0xDC, 0xA6, 0xDC, 0xA6, 0xDC, 0xA6, 0xDC, 0xA6, 0xDC, 0xA6, 0xDC, 0xA6, 0xDC, 0xA6, 0xDC, 0xA6, 0xDC,
    0xA6, 0xDC, 0xA6, 0xDC, 0xA6, 0xDC, 0xA6, 0xDC, 0xA6, 0xDC, 0xA6, 0xDC, 0xA6, 0xDC, 0xA6, 0xDC, 0xA6, 0xDC, 0xA6, 0xDC, 0xA6, 0xDC, 0xA6, 0xDC,
    0xA6, 0xDC, 0xA6, 0xDC, 0xA6, 0xDC, 0xA6, 0xDC, 0xA6, 0xDC, 0xA6, 0xDC, 0xA6, 0xDC, 0xA6, 0xDC, 0xA6, 0xDC, 0xA6, 0xDC, 0xA6, 0xDC, 0xA6, 0xDC,
    0xA6, 0xDC, 0xA6, 0xDC, 0xA6, 0xDC, 0xA6, 0xDC, 0xA6, 0xDC, 0xA6, 0xDC, 0xA6, 0xDC, 0xA6, 0xDC, 0xA6, 0xDC, 0xA6, 0xDC, 0xA6, 0xDC, 0xA6, 0xDC,
    0xA6, 0xDC, 0xA6, 0xDC, 0xA6, 0xDC, 0xA6, 0xDC, 0xA6, 0xDC, 0xA6, 0xDC, 0xA6, 0xDC, 0xA6, 0xDC, 0xA6, 0xDC, 0xA6, 0xDC, 0xA6, 0xDC, 0xA6, 0xDC,
    0xA6, 0xDC, 0xA6, 0xDC, 0xA6, 0xDC, 0xA6, 0xDC, 0xA6, 0xDC, 0xA6, 0xDC, 0xA6, 0xDC, 0xA6, 0xDC, 0xA6, 0xDC, 0xA6, 0xDC, 0xA6, 0xDC, 0xA6, 0xDC,
    0xA6, 0xDC, 0xA6, 0xDC, 0xA6, 0xDC, 0xA6, 0xDC, 0xA6, 0xDC, 0xA6, 0xDC, 0xA6, 0xDC, 0xA6, 0xDC, 0xA6, 0xDC, 0xA6, 0xDC, 0xA6, 0xDC, 0xA6, 0xDC,
    0xA6, 0xDC, 0xA6, 0xDC, 0xA6, 0xDC, 0xA6, 0xDC, 0xA6, 0xDC, 0xA6, 0xDC, 0xA6, 0xDC, 0xA6, 0xDC, 0xA6, 0xDC, 0xA6, 0xDC, 0xA6, 0xDC, 0xA6, 0xDC,
    0xA6, 0xDC, 0xA6, 0xDC, 0xA6, 0xDC, 0xA6, 0xDC, 0xA6, 0xDC, 0xA6, 0xDC, 0xA6, 0xDC, 0xA6, 0xDC, 0xA6, 0xDC, 0xA6, 0xDC, 0xA6, 0xDC, 0xA6, 0xDC,
    0xA6, 0xDC, 0xA6, 0xDC, 0xA6, 0xDC, 0xA6, 0xDC, 0xA6, 0xDC, 0xA6, 0xDC, 0xA6, 0xDC, 0xA6, 0xDC, 0xA6, 0xDC, 0xA6, 0xDC, 0xA6, 0xDC, 0xA6, 0xDC,
    0xA6, 0xDC, 0xA6, 0xDC, 0xA6, 0xDC, 0xA6, 0xDC, 0xA6, 0xDC, 0xA6, 0xDC, 0xA6, 0xDC, 0xA6, 0xDC, 0xA6, 0xDC, 0xA6, 0xDC, 0xA6, 0xDC, 0xA6, 0xDC,
    0xA6, 0xDC, 0xA6, 0xDC, 0xA6, 0xDC, 0xA6, 0xDC, 0xA6, 0xDC, 0xA6, 0xDC, 0xA6, 0xDC, 0xA6, 0xDC, 0xA6, 0xDC, 0xA6, 0xDC, 0xA6, 0xDC, 0xA6, 0xDC,
    0xA6, 0xDC, 0xA6, 0xDC, 0xA6, 0xDC, 0xA6, 0xDC, 0xA6, 0xDC, 0xA6, 0xDC, 0xA6, 0xDC, 0xA6, 0xDC, 0xA6, 0xDC, 0xA6, 0xDC, 0xA6, 0xDC, 0xA6, 0xDC,
    0xA6, 0xDC, 0xA6, 0xDC, 0xA6, 0xDC, 0xA6, 0xDC, 0xA6, 0xDC, 0xA6, 0xDC, 0xA6, 0xDC, 0xA6, 0xDC, 0xA6, 0xDC, 0xA6, 0xDC, 0xA6, 0xDC, 0xA6, 0xFD,
    0xDF, 0xDF, 0xCF, 0x7F, 0xC7, 0x3E, 0xC7, 0x3E, 0xC7, 0x3E, 0xC7, 0x3E, 0xC7, 0x3E, 0xC7, 0x3E, 0xC7, 0x3E, 0xC7, 0x3E, 0xC7, 0x3E, 0xC7, 0x3E,
    0xC7, 0x3E, 0xC7, 0x3E, 0xC7, 0x3E, 0xC7, 0x3E, 0xC7, 0x3E, 0xC7, 0x3E, 0xC7, 0x3E, 0xC7, 0x3E, 0xC7, 0x3E, 0xC7, 0x3E, 0xC7, 0x3E, 0xC7, 0x3E,
    0xC7, 0x3E, 0xC7, 0x3E, 0xC7, 0x3E, 0xC7, 0x3E, 0xC7, 0x3E, 0xC7, 0x3E, 0xC7, 0x3E, 0xC7, 0x3E, 0xC7, 0x3E, 0xC7, 0x3E, 0xC7, 0x3E, 0xC7, 0x3E,
    0xC7, 0x3E, 0xC7, 0x3E, 0xC7, 0x3E, 0xC7, 0x3E, 0xC7, 0x5E, 0xC7, 0x3E, 0xC7, 0x3E, 0xC7, 0x3E, 0xC7, 0x3E, 0xC7, 0x3E, 0xC7, 0x3E, 0xC7, 0x3E,
    0xC7, 0x3E, 0xC7, 0x3E, 0xC7, 0x3E, 0xC7, 0x3E, 0xC7, 0x3E, 0xC7, 0x3E, 0xC7, 0x3E, 0xC7, 0x3E, 0xC7, 0x3E, 0xC7, 0x3E, 0xC7, 0x3E, 0xC7, 0x3E,
    0xC7, 0x3E, 0xC7, 0x3E, 0xC7, 0x3E, 0xC7, 0x3E, 0xC7, 0x3E, 0xC7, 0x3E, 0xC7, 0x3E, 0xC7, 0x3E, 0xC7, 0x3E, 0xC7, 0x3E, 0xCF, 0x5F, 0xCF, 0x9F,
    0xBF, 0x3D, 0xA6, 0xDC, 0xA6, 0xDC, 0xA6, 0xDC, 0xA6, 0xDC, 0xA6, 0xDC, 0xA6, 0xDC, 0xA6, 0xDC, 0xA6, 0xDC, 0xA6, 0xDC, 0xA6, 0xDC, 0xA6, 0xDC,
    0xA6, 0xDC, 0xA6, 0xDC, 0xA6, 0xDC, 0xA6, 0xDC, 0xA6, 0xDC, 0xA6, 0xDC, 0xA6, 0xDC, 0xA6, 0xDC, 0xA6, 0xDC, 0xA6, 0xDC, 0xA6, 0xDC, 0xA6, 0xDC,
    0xA6, 0xDC, 0xA6, 0xDC, 0xA6, 0xDC, 0xA6, 0xDC, 0xA6, 0xDC, 0xA6, 0xDC, 0xA6, 0xDC, 0xA6, 0xDC, 0xA6, 0xDC, 0xA6, 0xDC, 0xA6, 0xDC, 0xA6, 0xDC,
    0xA6, 0xDC, 0xA6, 0xDC, 0xA6, 0xDC, 0xA6, 0xDC, 0xA6, 0xDC, 0xA6, 0xDC, 0xA6, 0xDC, 0xA6, 0xDC, 0xA6, 0xDC, 0xA6, 0xDC, 0xA6, 0xDC, 0xA6, 0xDC,
    0xA6, 0xDC, 0xA6, 0xDC, 0xA6, 0xDC, 0xA6, 0xDC, 0xA6, 0xDC, 0xA6, 0xDC, 0xA6, 0xDC, 0xA6, 0xDC, 0xA6, 0xDC, 0xA6, 0xDC, 0xA6, 0xDC, 0xA6, 0xDC,
    0xA6, 0xDC, 0xA6, 0xDC, 0xA6, 0xDC, 0xA6, 0xDC, 0xA6, 0xDC, 0xA6, 0xDC, 0xA6, 0xDC, 0xA6, 0xDC, 0xA6, 0xDC, 0xA6, 0xDC, 0xA6, 0xDC, 0xA6, 0xDC,
    0xA6, 0xDC, 0xA6, 0xDC, 0xA6, 0xDC, 0xA6, 0xDC, 0xA6, 0xDC, 0xA6, 0xDC, 0xA6, 0xDC, 0xA6, 0xDC, 0xA6, 0xDC, 0xA6, 0xDC, 0xA6, 0xDC, 0xA6, 0xDC,
    0xA6, 0xDC, 0xA6, 0xDC, 0xA6, 0xDC, 0xA6, 0xDC, 0xA6, 0xDC, 0xA6, 0xDC, 0xA6, 0xDC, 0xA6, 0xDC, 0xA6, 0xDC, 0xA6, 0xDC, 0xA6, 0xDC, 0xA6, 0xDC,
    0xA6, 0xDC, 0xA6, 0xDC, 0xA6, 0xDC, 0xA6, 0xDC, 0xA6, 0xDC, 0xA6, 0xDC, 0xA6, 0xDC, 0xA6, 0xDC, 0xA6, 0xDC, 0xA6, 0xDC, 0xA6, 0xDC, 0xA6, 0xDC,
    0xA6, 0xDC, 0xA6, 0xDC, 0xA6, 0xDC, 0xA6, 0xDC, 0xA6, 0xDC, 0xA6, 0xDC, 0xA6, 0xDC, 0xA6, 0xDC, 0xA6, 0xDC, 0xA6, 0xDC, 0xA6, 0xDC, 0xA6, 0xDC,
    0xA6, 0xDC, 0xA6, 0xDC, 0xA6, 0xDC, 0xA6, 0xDC, 0xA6, 0xDC, 0xA6, 0xDC, 0xA6, 0xDC, 0xA6, 0xDC, 0xA6, 0xDC, 0xA6, 0xDC, 0xA6, 0xDC, 0xA6, 0xDC,
    0xA6, 0xDC, 0xA6, 0xDC, 0xA6, 0xDC, 0xA6, 0xDC, 0xA6, 0xDC, 0xA6, 0xDC, 0xA6, 0xDC, 0xA6, 0xDC, 0xA6, 0xDC, 0xA6, 0xDC, 0xA6, 0xDC, 0xA6, 0xDC,
    0xA6, 0xDC, 0xA6, 0xDC, 0xA6, 0xDC, 0xA6, 0xDC, 0xA6, 0xDC, 0xA6, 0xDC, 0xA6, 0xDC, 0xA6, 0xDC, 0xA6, 0xDC, 0xA6, 0xDC, 0xA6, 0xDC, 0xA6, 0xDC,
    0xA6, 0xDC, 0xA6, 0xDC, 0xA6, 0xDC, 0xA6, 0xDC, 0xA6, 0xDC, 0xA6, 0xDC, 0xA6, 0xDC, 0xA6, 0xDC, 0xA6, 0xDC, 0xA6, 0xDC, 0xA6, 0xDC, 0xA6, 0xDC,
    0xBF, 0x3D, 0xCF, 0x5E, 0xC7, 0x5F, 0xC7, 0x3E, 0xC7, 0x3E, 0xC7, 0x3E, 0xC7, 0x3E, 0xC7, 0x3E, 0xC7, 0x3E, 0xC7, 0x3E, 0xC7, 0x3E, 0xC7, 0x3E,
    0xC7, 0x3E, 0xC7, 0x3E, 0xC7, 0x3E, 0xC7, 0x3E, 0xC7, 0x3E, 0xC7, 0x3E, 0xC7, 0x3E, 0xC7, 0x3F, 0xC7, 0x3E, 0xC7, 0x3E, 0xC7, 0x3E, 0xC7, 0x3E,
    0xC7, 0x3E, 0xC7, 0x3E, 0xC7, 0x3E, 0xC7, 0x3E, 0xC7, 0x3E, 0xC7, 0x3E, 0xC7, 0x3E, 0xC7, 0x3E, 0xC7, 0x3E, 0xC7, 0x3E, 0xC7, 0x3E, 0xC7, 0x3E,
    0xC7, 0x3E, 0xC7, 0x3E, 0xC7, 0x3E, 0xCF, 0x5F, 0xC7, 0x5E, 0xC7, 0x5E, 0xC7, 0x5E, 0xC7, 0x3E, 0xC7, 0x3E, 0xC7, 0x3E, 0xC7, 0x3E, 0xC7, 0x3E,
    0xC7, 0x3E, 0xC7, 0x3E, 0xC7, 0x3E, 0xC7, 0x3E, 0xC7, 0x3E, 0xC7, 0x3E, 0xC7, 0x3E, 0xC7, 0x3E, 0xC7, 0x3E, 0xC7, 0x3E, 0xC7, 0x3E, 0xC7, 0x3E,
    0xC7, 0x3E, 0xC7, 0x3E, 0xC7, 0x3E, 0xC7, 0x3E, 0xC7, 0x3E, 0xC7, 0x3E, 0xC7, 0x3E, 0xC7, 0x3E, 0xC7, 0x3E, 0xC7, 0x3E, 0xC7, 0x3E, 0xCF, 0x7F,
    0xD7, 0xDF, 0xAE, 0xFD, 0xA6, 0xDC, 0xA6, 0xDC, 0xA6, 0xDC, 0xA6, 0xDC, 0xA6, 0xDC, 0xA6, 0xDC, 0xA6, 0xDC, 0xA6, 0xDC, 0xA6, 0xDC, 0xA6, 0xDC,
    0xA6, 0xDC, 0xA6, 0xDC, 0xA6, 0xDC, 0xA6, 0xDC, 0xA6, 0xDC, 0xA6, 0xDC, 0xA6, 0xDC, 0xA6, 0xDC, 0xA6, 0xDC, 0xA6, 0xDC, 0xA6, 0xDC, 0xA6, 0xDC,
    0xA6, 0xDC, 0xA6, 0xDC, 0xA6, 0xDC, 0xA6, 0xDC, 0xA6, 0xDC, 0xA6, 0xDC, 0xA6, 0xDC, 0xA6, 0xDC, 0xA6, 0xDC, 0xA6, 0xDC, 0xA6, 0xDC, 0xA6, 0xDC,
    0xA6, 0xDC, 0xA6, 0xDC, 0xA6, 0xDC, 0xA6, 0xDC, 0xA6, 0xDC, 0xA6, 0xDC, 0xA6, 0xDC, 0xA6, 0xDC, 0xA6, 0xDC, 0xA6, 0xDC, 0xA6, 0xDC, 0xA6, 0xDC,
    0xA6, 0xDC, 0xA6, 0xDC, 0xA6, 0xDC, 0xA6, 0xDC, 0xA6, 0xDC, 0xA6, 0xDC, 0xA6, 0xDC, 0xA6, 0xDC, 0xA6, 0xDC, 0xA6, 0xDC, 0xA6, 0xDC, 0xA6, 0xDC,
    0xA6, 0xDC, 0xA6, 0xDC, 0xA6, 0xDC, 0xA6, 0xDC, 0xA6, 0xDC, 0xA6, 0xDC, 0xA6, 0xDC, 0xA6, 0xDC, 0xA6, 0xDC, 0xA6, 0xDC, 0xA6, 0xDC, 0xA6, 0xDC,
    0xA6, 0xDC, 0xA6, 0xDC, 0xA6, 0xDC, 0xA6, 0xDC, 0xA6, 0xDC, 0xA6, 0xDC, 0xA6, 0xDC, 0xA6, 0xDC, 0xA6, 0xDC, 0xA6, 0xDC, 0xA6, 0xDC, 0xA6, 0xDC,
    0xA6, 0xDC, 0xA6, 0xDC, 0xA6, 0xDC, 0xA6, 0xDC, 0xA6, 0xDC, 0xA6, 0xDC, 0xA6, 0xDC, 0xA6, 0xDC, 0xA6, 0xDC, 0xA6, 0xDC, 0xA6, 0xDC, 0xA6, 0xDC,
    0xA6, 0xDC, 0xA6, 0xDC, 0xA6, 0xDC, 0xA6, 0xDC, 0xA6, 0xDC, 0xA6, 0xDC, 0xA6, 0xDC, 0xA6, 0xDC, 0xA6, 0xDC, 0xA6, 0xDC, 0xA6, 0xDC, 0xA6, 0xDC,
    0xA6, 0xDC, 0xA6, 0xDC, 0xA6, 0xDC, 0xA6, 0xDC, 0xA6, 0xDC, 0xA6, 0xDC, 0xA6, 0xDC, 0xA6, 0xDC, 0xA6, 0xDC, 0xA6, 0xDC, 0xA6, 0xDC, 0xA6, 0xDC,
    0xA6, 0xDC, 0xA6, 0xDC, 0xA6, 0xDC, 0xA6, 0xDC, 0xA6, 0xDC, 0xA6, 0xDC, 0xA6, 0xDC, 0xA6, 0xDC, 0xA6, 0xDC, 0xA6, 0xDC, 0xA6, 0xDC, 0xA6, 0xDC,
    0xA6, 0xDC, 0xA6, 0xDC, 0xA6, 0xDC, 0xA6, 0xDC, 0xA6, 0xDC, 0xA6, 0xDC, 0xA6, 0xDC, 0xA6, 0xDC, 0xA6, 0xDC, 0xA6, 0xDC, 0xA6, 0xDC, 0xA6, 0xDC,
    0xA6, 0xDC, 0xA6, 0xDC, 0xA6, 0xDC, 0xA6, 0xDC, 0xA6, 0xDC, 0xA6, 0xDC, 0xA6, 0xDC, 0xA6, 0xDC, 0xA6, 0xDC, 0xA6, 0xDC, 0xA6, 0xDC, 0xA6, 0xDC,
    0xA6, 0xDC, 0xA6, 0xDC, 0xA6, 0xDC, 0xA6, 0xDC, 0xA6, 0xDC, 0xA6, 0xDC, 0xA6, 0xDC, 0xA6, 0xDC, 0xA6, 0xDC, 0xA6, 0xDC, 0xA6, 0xDC, 0xA6, 0xDC,
    0xA6, 0xDC, 0xC7, 0x3D, 0xD7, 0xBF, 0xD7, 0xBF, 0xCF, 0x7F, 0xC7, 0x5F, 0xC7, 0x5F, 0xC7, 0x5F, 0xC7, 0x5F, 0xC7, 0x5F, 0xC7, 0x5F, 0xC7, 0x5F,
    0xC7, 0x5F, 0xC7, 0x5F, 0xC7, 0x5F, 0xC7, 0x5F, 0xC7, 0x5F, 0xC7, 0x5F, 0xC7, 0x5E, 0xC7, 0x5F, 0xCF, 0x5F, 0xCF, 0x7F, 0xCF, 0x7F, 0xCF, 0x9F,
    0xCF, 0x7F, 0xCF, 0x9F, 0xCF, 0x9F, 0xCF, 0x9F, 0xCF, 0x9F, 0xCF, 0x9F, 0xCF, 0x9F, 0xCF, 0x9F, 0xCF, 0x9F, 0xCF, 0x9F, 0xCF, 0x7F, 0xCF, 0x9F,
    0xCF, 0x9F, 0xC7, 0x3E, 0xC7, 0x3E, 0xC7, 0x5E, 0xC7, 0x5E, 0xC7, 0x3E, 0xC7, 0x3E, 0xC7, 0x3E, 0xC7, 0x3E, 0xC7, 0x3E, 0xC7, 0x3E, 0xC7, 0x3E,
    0xC7, 0x3E, 0xC7, 0x3E, 0xC7, 0x3E, 0xC7, 0x3E, 0xC7, 0x3E, 0xC7, 0x3E, 0xC7, 0x3E, 0xC7, 0x3E, 0xC7, 0x3E, 0xC7, 0x3E, 0xC7, 0x3E, 0xC7, 0x3E,
    0xC7, 0x3E, 0xC7, 0x3E, 0xC7, 0x3E, 0xC7, 0x3E, 0xC7, 0x3E, 0xC7, 0x3E, 0xC7, 0x3E, 0xC7, 0x3E, 0xC7, 0x3E, 0xC7, 0x3E, 0xC7, 0x3E, 0xC7, 0x5E,
    0xD7, 0xBF, 0xE7, 0xBF, 0xA6, 0xDC, 0xA6, 0xDC, 0xA6, 0xDC, 0xA6, 0xDC, 0xA6, 0xDC, 0xA6, 0xDC, 0xA6, 0xFC, 0xA6, 0xDC, 0xA6, 0xDC, 0xA6, 0xDC,
    0xA6, 0xDC, 0xA6, 0xFC, 0xA6, 0xFC, 0xA6, 0xDC, 0xA6, 0xDC, 0xA6, 0xDC, 0xA6, 0xDC, 0xA6, 0xDC, 0xA6, 0xDC, 0xA6, 0xDC, 0xA6, 0xDC, 0xA6, 0xDC,
    0xA6, 0xDC, 0xA6, 0xDC, 0xA6, 0xDC, 0xA6, 0xDC, 0xA6, 0xDC, 0xA6, 0xDC, 0xA6, 0xDC, 0xA6, 0xDC, 0xA6, 0xDC, 0xA6, 0xDC, 0xA6, 0xDC, 0xA6, 0xDC,
    0xA6, 0xDC, 0xA6, 0xDC, 0xA6, 0xDC, 0xA6, 0xDC, 0xA6, 0xDC, 0xA6, 0xDC, 0xA6, 0xDC, 0xA6, 0xDC, 0xA6, 0xDC, 0xA6, 0xDC, 0xA6, 0xDC, 0xA6, 0xDC,
    0xA6, 0xDC, 0xA6, 0xDC, 0xA6, 0xDC, 0xA6, 0xDC, 0xA6, 0xDC, 0xA6, 0xDC, 0xA6, 0xDC, 0xA6, 0xDC, 0xA6, 0xDC, 0xA6, 0xDC, 0xA6, 0xDC, 0xA6, 0xDC,
    0xA6, 0xDC, 0xA6, 0xDC, 0xA6, 0xDC, 0xA6, 0xDC, 0xA6, 0xDC, 0xA6, 0xDC, 0xA6, 0xDC, 0xA6, 0xDC, 0xA6, 0xDC, 0xA6, 0xDC, 0xA6, 0xDC, 0xA6, 0xDC,
    0xA6, 0xDC, 0xA6, 0xDC, 0xA6, 0xDC, 0xA6, 0xDC, 0xA6, 0xDC, 0xA6, 0xDC, 0xA6, 0xDC, 0xA6, 0xDC, 0xA6, 0xDC, 0xA6, 0xDC, 0xA6, 0xDC, 0xA6, 0xDC,
    0xA6, 0xDC, 0xA6, 0xDC, 0xA6, 0xDC, 0xA6, 0xDC, 0xA6, 0xDC, 0xA6, 0xDC, 0xA6, 0xDC, 0xA6, 0xDC, 0xA6, 0xDC, 0xA6, 0xDC, 0xA6, 0xDC, 0xA6, 0xDC,
    0xA6, 0xDC, 0xA6, 0xDC, 0xA6, 0xDC, 0xA6, 0xDC, 0xA6, 0xDC, 0xA6, 0xDC, 0xA6, 0xDC, 0xA6, 0xDC, 0xA6, 0xDC, 0xA6, 0xDC, 0xA6, 0xDC, 0xA6, 0xDC,
    0xA6, 0xDC, 0xA6, 0xDC, 0xA6, 0xDC, 0xA6, 0xDC, 0xA6, 0xDC, 0xA6, 0xDC, 0xA6, 0xDC, 0xA6, 0xDC, 0xA6, 0xDC, 0xA6, 0xDC, 0xA6, 0xDC, 0xA6, 0xDC,
    0xA6, 0xDC, 0xA6, 0xDC, 0xA6, 0xDC, 0xA6, 0xDC, 0xA6, 0xDC, 0xA6, 0xDC, 0xA6, 0xDC, 0xA6, 0xDC, 0xA6, 0xDC, 0xA6, 0xDC, 0xA6, 0xDC, 0xA6, 0xDC,
    0xA6, 0xDC, 0xA6, 0xDC, 0xA6, 0xDC, 0xA6, 0xDC, 0xA6, 0xDC, 0xA6, 0xDC, 0xA6, 0xDC, 0xA6, 0xDC, 0xA6, 0xDC, 0xA6, 0xDC, 0xA6, 0xDC, 0xA6, 0xDC,
    0xA6, 0xDC, 0xA6, 0xDC, 0xA6, 0xDC, 0xA6, 0xDC, 0xA6, 0xDC, 0xA6, 0xDC, 0xA6, 0xDC, 0xA6, 0xDC, 0xA6, 0xDC, 0xA6, 0xDC, 0xA6, 0xDC, 0xA6, 0xDC,
    0xA6, 0xDC, 0xA6, 0xDC, 0xA6, 0xDC, 0xA6, 0xDC, 0xA6, 0xDC, 0xA6, 0xDC, 0xA6, 0xDC, 0xA6, 0xDC, 0xA6, 0xDC, 0xA6, 0xDC, 0xA6, 0xDC, 0xA6, 0xDC,
    0xA6, 0xDC, 0xA6, 0xDC, 0xB7, 0x1D, 0xDF, 0x9E, 0xE7, 0xDF, 0xDF, 0xDF, 0xDF, 0xDF, 0xD7, 0xDF, 0xD7, 0xDF, 0xD7, 0xDF, 0xD7, 0xDF, 0xD7, 0xDF,
    0xD7, 0xDF, 0xD7, 0xDF, 0xD7, 0xDF, 0xD7, 0xDF, 0xD7, 0xDF, 0xD7, 0xDF, 0xD7, 0xDF, 0xDF, 0xDF, 0xDF, 0xDF, 0xDF, 0xDF, 0xDF, 0xDF, 0xDF, 0xDF,
    0xDF, 0xDF, 0xDF, 0xDF, 0xDF, 0xDF, 0xE7, 0xBF, 0xE7, 0xBF, 0xE7, 0xBF, 0xE7, 0xDF, 0xE7, 0xBF, 0xE7, 0xDF, 0xDF, 0xDF, 0xD7, 0xDF, 0xDF, 0xDF,
    0xE7, 0xBF, 0xC7, 0x5E, 0xC7, 0x5F, 0xC7, 0x5E, 0xC7, 0x5F, 0xC7, 0x5E, 0xC7, 0x3E, 0xC7, 0x5E, 0xC7, 0x3E, 0xC7, 0x3E, 0xC7, 0x3E, 0xC7, 0x3E,
    0xC7, 0x3E, 0xC7, 0x3E, 0xC7, 0x3E, 0xC7, 0x3E, 0xC7, 0x3E, 0xC7, 0x3E, 0xC7, 0x3E, 0xC7, 0x3E, 0xC7, 0x3E, 0xC7, 0x3E, 0xC7, 0x3E, 0xC7, 0x3E,
    0xC7, 0x3E, 0xC7, 0x3E, 0xC7, 0x3E, 0xC7, 0x3E, 0xC7, 0x3E, 0xC7, 0x3E, 0xC7, 0x3E, 0xC7, 0x3E, 0xC7, 0x3E, 0xC7, 0x3E, 0xC7, 0x3E, 0xC7, 0x3E,
    0xC7, 0x5E, 0xD7, 0x9F, 0xC7, 0x5D, 0xA6, 0xDC, 0xA6, 0xFC, 0xA6, 0xDC, 0xA6, 0xDC, 0xA6, 0xDC, 0xA6, 0xDC, 0xA6, 0xDC, 0xA6, 0xDC, 0xA6, 0xDC,
    0xA6, 0xDC, 0xA6, 0xDC, 0xA6, 0xDC, 0xA6, 0xDC, 0xA6, 0xDC, 0xA6, 0xDC, 0xA6, 0xDC, 0xA6, 0xDC, 0xA6, 0xDC, 0xA6, 0xDC, 0xA6, 0xDC, 0xA6, 0xDC,
    0xA6, 0xDC, 0xA6, 0xDC, 0xA6, 0xDC, 0xA6, 0xDC, 0xA6, 0xDC, 0xA6, 0xDC, 0xA6, 0xDC, 0xA6, 0xDC, 0xA6, 0xDC, 0xA6, 0xDC, 0xA6, 0xDC, 0xA6, 0xDC,
    0xA6, 0xDC, 0xA6, 0xDC, 0xA6, 0xDC, 0xA6, 0xDC, 0xA6, 0xDC, 0xA6, 0xDC, 0xA6, 0xDC, 0xA6, 0xDC, 0xA6, 0xDC, 0xA6, 0xDC, 0xA6, 0xDC, 0xA6, 0xDC,
    0xA6, 0xDC, 0xA6, 0xDC, 0xA6, 0xDC, 0xA6, 0xDC, 0xA6, 0xDC, 0xA6, 0xDC, 0xA6, 0xDC, 0xA6, 0xDC, 0xA6, 0xDC, 0xA6, 0xDC, 0xA6, 0xDC, 0xA6, 0xDC,
    0xA6, 0xDC, 0xA6, 0xDC, 0xA6, 0xDC, 0xA6, 0xDC, 0xA6, 0xDC, 0xA6, 0xDC, 0xA6, 0xDC, 0xA6, 0xDC, 0xA6, 0xDC, 0xA6, 0xDC, 0xA6, 0xDC, 0xA6, 0xDC,
    0xA6, 0xDC, 0xA6, 0xDC, 0xA6, 0xDC, 0xA6, 0xDC, 0xA6, 0xDC, 0xA6, 0xDC, 0xA6, 0xDC, 0xA6, 0xDC, 0xA6, 0xDC, 0xA6, 0xDC, 0xA6, 0xDC, 0xA6, 0xDC,
    0xA6, 0xDC, 0xA6, 0xDC, 0xA6, 0xDC, 0xA6, 0xDC, 0xA6, 0xDC, 0xA6, 0xDC, 0xA6, 0xDC, 0xA6, 0xDC, 0xA6, 0xDC, 0xA6, 0xDC, 0xA6, 0xDC, 0xA6, 0xDC,
    0xA6, 0xDC, 0xA6, 0xDC, 0xA6, 0xDC, 0xA6, 0xDC, 0xA6, 0xDC, 0xA6, 0xDC, 0xA6, 0xDC, 0xA6, 0xDC, 0xA6, 0xDC, 0xA6, 0xDC, 0xA6, 0xDC, 0xA6, 0xDC,
    0xA6, 0xDC, 0xA6, 0xDC, 0xA6, 0xDC, 0xA6, 0xDC, 0xA6, 0xDC, 0xA6, 0xDC, 0xA6, 0xDC, 0xA6, 0xDC, 0xA6, 0xDC, 0xA6, 0xDC, 0xA6, 0xDC, 0xA6, 0xDC,
    0xA6, 0xDC, 0xA6, 0xDC, 0xA6, 0xDC, 0xA6, 0xDC, 0xA6, 0xDC, 0xA6, 0xDC, 0xA6, 0xDC, 0xA6, 0xDC, 0xA6, 0xDC, 0xA6, 0xDC, 0xA6, 0xDC, 0xA6, 0xDC,
    0xA6, 0xDC, 0xA6, 0xDC, 0xA6, 0xDC, 0xA6, 0xDC, 0xA6, 0xDC, 0xA6, 0xDC, 0xA6, 0xDC, 0xA6, 0xDC, 0xA6, 0xDC, 0xA6, 0xDC, 0xA6, 0xDC, 0xA6, 0xDC,
    0xA6, 0xDC, 0xA6, 0xDC, 0xA6, 0xDC, 0xA6, 0xDC, 0xA6, 0xDC, 0xA6, 0xDC, 0xA6, 0xDC, 0xA6, 0xDC, 0xA6, 0xDC, 0xA6, 0xDC, 0xA6, 0xDC, 0xA6, 0xDC,
    0xA6, 0xDC, 0xA6, 0xDC, 0xA6, 0xDC, 0xA6, 0xDC, 0xA6, 0xDC, 0xA6, 0xDC, 0xA6, 0xDC, 0xA6, 0xDC, 0xA6, 0xDC, 0xA6, 0xDC, 0xA6, 0xDC, 0xA6, 0xDC,
    0xA6, 0xDC, 0xA6, 0xDC, 0xA6, 0xDC, 0xA6, 0xDC, 0xA6, 0xDC, 0xAE, 0xFD, 0xAE, 0xFD, 0xAE, 0xFD, 0xAE, 0xFD, 0xAE, 0xFD, 0xAE, 0xFD, 0xAE, 0xFD,
    0xAE, 0xFD, 0xAE, 0xFD, 0xAE, 0xFD, 0xAE, 0xFD, 0xAE, 0xFD, 0xAE, 0xFD, 0xAE, 0xFD, 0xAE, 0xFD, 0xAE, 0xFD, 0xA6, 0xDC, 0xA6, 0xDC, 0xA6, 0xDC,
    0xA6, 0xDC, 0xA6, 0xDC, 0xB6, 0xFD, 0xBF, 0x3D, 0xCF, 0x5E, 0xCF, 0x5E, 0xCF, 0x5E, 0xC7, 0x5E, 0xBF, 0x1D, 0xAE, 0xFD, 0xA6, 0xDC, 0xA6, 0xDC,
    0xB7, 0x1D, 0xCF, 0x7F, 0xC7, 0x5F, 0xC7, 0x3E, 0xC7, 0x5E, 0xC7, 0x3E, 0xC7, 0x5E, 0xC7, 0x5E, 0xC7, 0x3E, 0xC7, 0x3E, 0xC7, 0x3E, 0xC7, 0x3E,
    0xC7, 0x3E, 0xC7, 0x3E, 0xC7, 0x3E, 0xC7, 0x3E, 0xC7, 0x3E, 0xC7, 0x3E, 0xC7, 0x3E, 0xC7, 0x3E, 0xC7, 0x3E, 0xC7, 0x3E, 0xC7, 0x3E, 0xC7, 0x3E,
    0xC7, 0x3E, 0xC7, 0x3E, 0xC7, 0x3E, 0xC7, 0x3E, 0xC7, 0x3E, 0xC7, 0x3E, 0xC7, 0x3E, 0xC7, 0x3E, 0xC7, 0x3E, 0xC7, 0x3E, 0xC7, 0x3E, 0xC7, 0x3E,
    0xC7, 0x5E, 0xCF, 0x9F, 0xDF, 0xDF, 0xAE, 0xFC, 0xA6, 0xDC, 0xA6, 0xDC, 0xAE, 0xFD, 0xC7, 0x3D, 0xD7, 0x7E, 0xE7, 0xBF, 0xE7, 0xBF, 0xE7, 0xBF,
    0xE7, 0xBF, 0xDF, 0x9E, 0xCF, 0x5E, 0xB7, 0x1D, 0xA6, 0xDC, 0xA6, 0xDC, 0xA6, 0xDC, 0xA6, 0xDC, 0xA6, 0xDC, 0xA6, 0xDC, 0xA6, 0xDC, 0xA6, 0xDC,
    0xA6, 0xDC, 0xA6, 0xDC, 0xA6, 0xDC, 0xA6, 0xDC, 0xA6, 0xDC, 0xA6, 0xDC, 0xA6, 0xDC, 0xA6, 0xDC, 0xA6, 0xDC, 0xA6, 0xDC, 0xA6, 0xDC, 0xA6, 0xDC,
    0xA6, 0xDC, 0xA6, 0xDC, 0xA6, 0xDC, 0xA6, 0xDC, 0xA6, 0xDC, 0xA6, 0xDC, 0xA6, 0xDC, 0xA6, 0xDC, 0xA6, 0xDC, 0xA6, 0xDC, 0xA6, 0xDC, 0xA6, 0xDC,
    0xA6, 0xDC, 0xA6, 0xDC, 0xA6, 0xDC, 0xA6, 0xDC, 0xA6, 0xDC, 0xA6, 0xDC, 0xA6, 0xDC, 0xA6, 0xDC, 0xA6, 0xDC, 0xA6, 0xDC, 0xA6, 0xDC, 0xA6, 0xDC,
    0xA6, 0xDC, 0xA6, 0xDC, 0xA6, 0xDC, 0xA6, 0xDC, 0xA6, 0xDC, 0xA6, 0xDC, 0xA6, 0xDC, 0xA6, 0xDC, 0xA6, 0xDC, 0xA6, 0xDC, 0xA6, 0xDC, 0xA6, 0xDC,
    0xA6, 0xDC, 0xA6, 0xDC, 0xA6, 0xDC, 0xA6, 0xDC, 0xA6, 0xDC, 0xA6, 0xDC, 0xA6, 0xDC, 0xA6, 0xDC, 0xA6, 0xDC, 0xA6, 0xDC, 0xA6, 0xDC, 0xA6, 0xDC,
    0xA6, 0xDC, 0xA6, 0xDC, 0xA6, 0xDC, 0xA6, 0xDC, 0xA6, 0xDC, 0xA6, 0xDC, 0xA6, 0xDC, 0xA6, 0xDC, 0xA6, 0xDC, 0xA6, 0xDC, 0xA6, 0xDC, 0xA6, 0xDC,
    0xA6, 0xDC, 0xA6, 0xDC, 0xA6, 0xDC, 0xA6, 0xDC, 0xA6, 0xDC, 0xA6, 0xDC, 0xA6, 0xDC, 0xA6, 0xDC, 0xA6, 0xDC, 0xA6, 0xDC, 0xA6, 0xDC, 0xA6, 0xDC,
    0xA6, 0xDC, 0xA6, 0xDC, 0xA6, 0xDC, 0xA6, 0xDC, 0xA6, 0xDC, 0xA6, 0xDC, 0xA6, 0xDC, 0xA6, 0xDC, 0xA6, 0xDC, 0xA6, 0xDC, 0xA6, 0xDC, 0xA6, 0xDC,
    0xA6, 0xFC, 0xA6, 0xFC, 0xA6, 0xFC, 0xA6, 0xFC, 0xA6, 0xFC, 0xA6, 0xFC, 0xA6, 0xFC, 0xA6, 0xFC, 0xA6, 0xFC, 0xA6, 0xFC, 0xA6, 0xFC, 0xA6, 0xFC,
    0xA6, 0xFC, 0xA6, 0xFC, 0xA6, 0xFC, 0xA6, 0xFC, 0xA6, 0xFC, 0xA6, 0xFC, 0xA6, 0xFC, 0xA6, 0xFC, 0xA6, 0xFC, 0xA6, 0xFC, 0xA6, 0xFC, 0xA6, 0xFC,
    0xA6, 0xFC, 0xA6, 0xFC, 0xA6, 0xFC, 0xA6, 0xFC, 0xA6, 0xFC, 0xA6, 0xFC, 0xA6, 0xFC, 0xA6, 0xFC, 0xA6, 0xFC, 0xA6, 0xFC, 0xA6, 0xFC, 0xA6, 0xFC,
    0xA6, 0xFC, 0xA6, 0xFC, 0xA6, 0xFC, 0xA6, 0xFC, 0xA6, 0xFC, 0xA6, 0xFC, 0xA6, 0xFC, 0xA6, 0xFC, 0xA6, 0xFC, 0xA6, 0xFC, 0xA6, 0xFC, 0xA6, 0xFC,
    0xA6, 0xFC, 0xA6, 0xFC, 0xA6, 0xFC, 0xA6, 0xFC, 0xA6, 0xFC, 0xA6, 0xFC, 0xA6, 0xFC, 0xA6, 0xFC, 0xA6, 0xFC, 0xA6, 0xFC, 0xA6, 0xFC, 0xA6, 0xFC,
    0xA6, 0xFC, 0xA6, 0xFC, 0xA6, 0xFC, 0xA6, 0xFC, 0xA6, 0xFC, 0xA6, 0xFC, 0xA6, 0xFC, 0xA6, 0xFC, 0xA6, 0xFC, 0xA6, 0xFC, 0xA6, 0xFC, 0xAE, 0xFD,
    0xCF, 0x5E, 0xEF, 0xBF, 0xCF, 0x7F, 0xCF, 0x7F, 0xD7, 0xBF, 0xD7, 0xBF, 0xD7, 0xBF, 0xD7, 0x9F, 0xCF, 0x5E, 0xDF, 0xDF, 0xDF, 0x9E, 0xBF, 0x3D,
    0xDF, 0x9E, 0xD7, 0xDF, 0xCF, 0x5F, 0xC7, 0x5F, 0xC7, 0x3F, 0xC7, 0x3E, 0xC7, 0x3E, 0xC7, 0x5E, 0xC7, 0x3E, 0xC7, 0x3E, 0xC7, 0x5E, 0xC7, 0x3E,
    0xC7, 0x3E, 0xC7, 0x3E, 0xC7, 0x3E, 0xC7, 0x3E, 0xC7, 0x3E, 0xC7, 0x3E, 0xC7, 0x3E, 0xC7, 0x3E, 0xC7, 0x3E, 0xC7, 0x3E, 0xC7, 0x3E, 0xC7, 0x3E,
    0xC7, 0x3E, 0xC7, 0x3E, 0xC7, 0x3E, 0xC7, 0x3E, 0xC7, 0x3E, 0xC7, 0x3E, 0xC7, 0x3E, 0xC7, 0x3E, 0xC7, 0x3E, 0xC7, 0x3E, 0xC7, 0x3E, 0xC7, 0x3E,
    0xC7, 0x3E, 0xC7, 0x5E, 0xD7, 0x9F, 0xBF, 0x3D, 0xAE, 0xFC, 0xD7, 0x7E, 0xDF, 0xDF, 0xCF, 0x7F, 0xCF, 0xBF, 0xCF, 0x9F, 0xCF, 0x7F, 0xCF, 0x7F,
    0xCF, 0x9F, 0xCF, 0x9F, 0xCF, 0x9F, 0xC7, 0x3E, 0xEF, 0xBF, 0xCF, 0x5E, 0xAE, 0xFD, 0xA6, 0xFC, 0xA6, 0xFC, 0xA6, 0xFC, 0xA6, 0xFC, 0xA6, 0xFC,
    0xA6, 0xFC, 0xA6, 0xFC, 0xA6, 0xFC, 0xA6, 0xFC, 0xA6, 0xFC, 0xA6, 0xFC, 0xA6, 0xFC, 0xA6, 0xFC, 0xA6, 0xFC, 0xA6, 0xFC, 0xA6, 0xFC, 0xA6, 0xFC,
    0xA6, 0xFC, 0xA6, 0xFC, 0xA6, 0xFC, 0xA6, 0xFC, 0xA6, 0xFC, 0xA6, 0xFC, 0xA6, 0xFC, 0xA6, 0xFC, 0xA6, 0xFC, 0xA6, 0xFC, 0xA6, 0xFC, 0xA6, 0xFC,
    0xA6, 0xFC, 0xA6, 0xFC, 0xA6, 0xFC, 0xA6, 0xFC, 0xA6, 0xFC, 0xA6, 0xFC, 0xA6, 0xFC, 0xA6, 0xFC, 0xA6, 0xFC, 0xA6, 0xFC, 0xA6, 0xFC, 0xA6, 0xFC,
    0xA6, 0xFC, 0xA6, 0xFC, 0xA6, 0xFC, 0xA6, 0xFC, 0xA6, 0xFC, 0xA6, 0xFC, 0xA6, 0xFC, 0xA6, 0xFC, 0xA6, 0xFC, 0xA6, 0xFC, 0xA6, 0xFC, 0xA6, 0xFC,
    0xA6, 0xFC, 0xA6, 0xFC, 0xA6, 0xFC, 0xA6, 0xFC, 0xA6, 0xFC, 0xA6, 0xFC, 0xA6, 0xFC, 0xA6, 0xFC, 0xA6, 0xFC, 0xA6, 0xFC, 0xA6, 0xFC, 0xA6, 0xFC,
    0xA6, 0xFC, 0xA6, 0xFC, 0xA6, 0xFC, 0xA6, 0xFC, 0xA6, 0xFC, 0xA6, 0xFC, 0xA6, 0xFC, 0xA6, 0xFC, 0xA6, 0xFC, 0xA6, 0xFC, 0xA6, 0xFC, 0xA6, 0xFC,
    0xA6, 0xFC, 0xA6, 0xFC, 0xA6, 0xFC, 0xA6, 0xFC, 0xA6, 0xFC, 0xA6, 0xFC, 0xA6, 0xFC, 0xA6, 0xFC, 0xA6, 0xFC, 0xA6, 0xFC, 0xA6, 0xFC, 0xA6, 0xFC,
    0xA6, 0xFC, 0xA6, 0xFC, 0xA6, 0xFC, 0xA6, 0xFC, 0xA6, 0xFC, 0xA6, 0xFC, 0xA6, 0xFC, 0xA6, 0xFC, 0xA6, 0xFC, 0xA6, 0xFC, 0xA6, 0xFC, 0xA6, 0xFC,
    0xA6, 0xFC, 0xA6, 0xFC, 0xA6, 0xFC, 0xA6, 0xFC, 0xA6, 0xFC, 0xA6, 0xFC, 0xA6, 0xFC, 0xA6, 0xFC, 0xA6, 0xFC, 0xA6, 0xFC, 0xA6, 0xFC, 0xA6, 0xFC,
    0xA6, 0xFC, 0xA6, 0xFC, 0xA6, 0xFC, 0xA6, 0xFC, 0xA6, 0xFC, 0xA6, 0xFC, 0xA6, 0xFC, 0xA6, 0xFC, 0xA6, 0xFC, 0xA6, 0xFC, 0xA6, 0xFC, 0xA6, 0xFC,
    0xA6, 0xFC, 0xA6, 0xFC, 0xA6, 0xFC, 0xA6, 0xFC, 0xA6, 0xFC, 0xA6, 0xFC, 0xA6, 0xFC, 0xA6, 0xFC, 0xA6, 0xFC, 0xA6, 0xFC, 0xA6, 0xFC, 0xA6, 0xFC,
    0xA6, 0xFC, 0xA6, 0xFC, 0xA6, 0xFC, 0xA6, 0xFC, 0xA6, 0xFC, 0xA6, 0xFC, 0xA6, 0xFC, 0xA6, 0xFC, 0xA6, 0xFC, 0xA6, 0xFC, 0xA6, 0xFC, 0xA6, 0xFC,
    0xA6, 0xFC, 0xA6, 0xFC, 0xA6, 0xFC, 0xA6, 0xFC, 0xA6, 0xFC, 0xA6, 0xFC, 0xA6, 0xFC, 0xA6, 0xFC, 0xA6, 0xFC, 0xA6, 0xFC, 0xA6, 0xFC, 0xA6, 0xFC,
    0xA6, 0xFC, 0xA6, 0xFC, 0xA6, 0xFC, 0xA6, 0xFC, 0xA6, 0xFC, 0xA6, 0xFC, 0xA6, 0xDC, 0xAE, 0xFC, 0xA6, 0xFC, 0xA6, 0xFC, 0xCF, 0x5E, 0xDF, 0xDF,
    0xD7, 0xBF, 0xCF, 0x9F, 0xC7, 0x5E, 0xC7, 0x3E, 0xC7, 0x3E, 0xC7, 0x5E, 0xC7, 0x3E, 0xC7, 0x3E, 0xC7, 0x3E, 0xCF, 0x7F, 0xD7, 0xBF, 0xCF, 0x5F,
    0xCF, 0x5E, 0xC7, 0x5E, 0xC7, 0x5E, 0xC7, 0x5E, 0xC7, 0x5E, 0xC7, 0x5E, 0xC7, 0x3E, 0xC7, 0x3E, 0xC7, 0x3E, 0xC7, 0x3E, 0xC7, 0x3E, 0xC7, 0x3E,
    0xC7, 0x3E, 0xC7, 0x3E, 0xC7, 0x3E, 0xC7, 0x3E, 0xC7, 0x3E, 0xC7, 0x3E, 0xC7, 0x3E, 0xC7, 0x3E, 0xC7, 0x3E, 0xC7, 0x3E, 0xC7, 0x3E, 0xC7, 0x3E,
    0xC7, 0x3E, 0xC7, 0x3E, 0xC7, 0x3E, 0xC7, 0x3E, 0xC7, 0x3E, 0xC7, 0x3E, 0xC7, 0x3E, 0xC7, 0x3E, 0xC7, 0x3E, 0xC7, 0x3E, 0xC7, 0x3E, 0xC7, 0x3E,
    0xC7, 0x3E, 0xC7, 0x5E, 0xCF, 0x9F, 0xE7, 0xDF, 0xE7, 0xDF, 0xD7, 0xDF, 0xC7, 0x5F, 0xC7, 0x3E, 0xC7, 0x3E, 0xC7, 0x3E, 0xC7, 0x3E, 0xC7, 0x3E,
    0xC7, 0x3E, 0xC7, 0x3E, 0xC7, 0x5E, 0xC7, 0x3E, 0xCF, 0x7F, 0xD7, 0x9F, 0xE7, 0xDF, 0xC7, 0x3D, 0xA6, 0xFC, 0xA6, 0xFC, 0xAE, 0xFC, 0xA6, 0xFC,
    0xA6, 0xFC, 0xA6, 0xFC, 0xA6, 0xFC, 0xA6, 0xFC, 0xA6, 0xFC, 0xA6, 0xFC, 0xA6, 0xFC, 0xA6, 0xFC, 0xA6, 0xFC, 0xA6, 0xFC, 0xA6, 0xFC, 0xA6, 0xFC,
    0xA6, 0xFC, 0xA6, 0xFC, 0xA6, 0xFC, 0xA6, 0xFC, 0xA6, 0xFC, 0xA6, 0xFC, 0xA6, 0xFC, 0xA6, 0xFC, 0xA6, 0xFC, 0xA6, 0xFC, 0xA6, 0xFC, 0xA6, 0xFC,
    0xA6, 0xFC, 0xA6, 0xFC, 0xA6, 0xFC, 0xA6, 0xFC, 0xA6, 0xFC, 0xA6, 0xFC, 0xA6, 0xFC, 0xA6, 0xFC, 0xA6, 0xFC, 0xA6, 0xFC, 0xA6, 0xFC, 0xA6, 0xFC,
    0xA6, 0xFC, 0xA6, 0xFC, 0xA6, 0xFC, 0xA6, 0xFC, 0xA6, 0xFC, 0xA6, 0xFC, 0xA6, 0xFC, 0xA6, 0xFC, 0xA6, 0xFC, 0xA6, 0xFC, 0xA6, 0xFC, 0xA6, 0xFC,
    0xA6, 0xFC, 0xA6, 0xFC, 0xA6, 0xFC, 0xA6, 0xFC, 0xA6, 0xFC, 0xA6, 0xFC, 0xA6, 0xFC, 0xA6, 0xFC, 0xA6, 0xFC, 0xA6, 0xFC, 0xA6, 0xFC, 0xA6, 0xFC,
    0xA6, 0xFC, 0xA6, 0xFC, 0xA6, 0xFC, 0xA6, 0xFC, 0xA6, 0xFC, 0xA6, 0xFC, 0xA6, 0xFC, 0xA6, 0xFC, 0xA6, 0xFC, 0xA6, 0xFC, 0xA6, 0xFC, 0xA6, 0xFC,
    0xA6, 0xFC, 0xA6, 0xFC, 0xA6, 0xFC, 0xA6, 0xFC, 0xA6, 0xFC, 0xA6, 0xFC, 0xA6, 0xFC, 0xA6, 0xFC, 0xA6, 0xFC, 0xA6, 0xFC, 0xA6, 0xFC, 0xA6, 0xFC,
    0xA6, 0xFC, 0xA6, 0xFC, 0xA6, 0xFC, 0xA6, 0xFC, 0xA6, 0xFC, 0xA6, 0xFC, 0xA6, 0xFC, 0xA6, 0xFC, 0xA6, 0xFC, 0xA6, 0xFC, 0xA6, 0xFC, 0xA6, 0xFC,
    0xA6, 0xFC, 0xA6, 0xFC, 0xA6, 0xFC, 0xA6, 0xFC, 0xA6, 0xFC, 0xA6, 0xFC, 0xA6, 0xFC, 0xA6, 0xFC, 0xA6, 0xFC, 0xA6, 0xFC, 0xA6, 0xFC, 0xA6, 0xFC,
    0xA6, 0xFC, 0xA6, 0xFC, 0xA6, 0xFC, 0xA6, 0xFC, 0xA6, 0xFC, 0xA6, 0xFC, 0xA6, 0xFC, 0xA6, 0xFC, 0xA6, 0xFC, 0xA6, 0xFC, 0xA6, 0xFC, 0xA6, 0xFC,
    0xA6, 0xFC, 0xA6, 0xFC, 0xA6, 0xFC, 0xA6, 0xFC, 0xA6, 0xFC, 0xA6, 0xFC, 0xA6, 0xFC, 0xA6, 0xFC, 0xA6, 0xFC, 0xA6, 0xFC, 0xA6, 0xFC, 0xA6, 0xFC,
    0xA6, 0xFC, 0xA6, 0xFC, 0xA6, 0xFC, 0xA6, 0xFC, 0xA6, 0xFC, 0xA6, 0xFC, 0xA6, 0xFC, 0xA6, 0xFC, 0xA6, 0xFC, 0xA6, 0xFC, 0xA6, 0xFC, 0xA6, 0xFC,
    0xA6, 0xFC, 0xA6, 0xFC, 0xA6, 0xFC, 0xA6, 0xFC, 0xA6, 0xFC, 0xA6, 0xFC, 0xA6, 0xFC, 0xA6, 0xFC, 0xA6, 0xFC, 0xA6, 0xFC, 0xA6, 0xFC, 0xA6, 0xFC,
    0xA6, 0xFC, 0xA6, 0xFC, 0xA6, 0xFC, 0xA6, 0xFC, 0xA6, 0xFC, 0xA6, 0xFC, 0xAE, 0xFC, 0xA6, 0xFC, 0xAE, 0xFD, 0xE7, 0xBF, 0xD7, 0xBF, 0xCF, 0x5F,
    0xC7, 0x5E, 0xC7, 0x3E, 0xC7, 0x3E, 0xC7, 0x3E, 0xC7, 0x3E, 0xC7, 0x3E, 0xC7, 0x3E, 0xC7, 0x3E, 0xC7, 0x3E, 0xC7, 0x3E, 0xC7, 0x5E, 0xC7, 0x3E,
    0xC7, 0x3E, 0xC7, 0x3E, 0xC7, 0x3F, 0xC7, 0x5E, 0xC7, 0x5E, 0xC7, 0x3E, 0xC7, 0x3E, 0xC7, 0x3E, 0xC7, 0x3E, 0xC7, 0x3E, 0xC7, 0x3E, 0xC7, 0x3E,
    0xC7, 0x3E, 0xC7, 0x3E, 0xC7, 0x3E, 0xC7, 0x3E, 0xC7, 0x3E, 0xC7, 0x3E, 0xC7, 0x3E, 0xC7, 0x3E, 0xC7, 0x3E, 0xC7, 0x3E, 0xC7, 0x3E, 0xC7, 0x3E,
    0xC7, 0x3E, 0xC7, 0x3E, 0xC7, 0x3E, 0xC7, 0x3E, 0xC7, 0x3E, 0xC7, 0x3E, 0xC7, 0x3E, 0xC7, 0x3E, 0xC7, 0x3E, 0xC7, 0x3E, 0xC7, 0x3E, 0xC7, 0x3E,
    0xC7, 0x3E, 0xC7, 0x3E, 0xC7, 0x3E, 0xCF, 0x7F, 0xCF, 0x7F, 0xC7, 0x3E, 0xC7, 0x1E, 0xC7, 0x3E, 0xC7, 0x3E, 0xC7, 0x3E, 0xC7, 0x3E, 0xC7, 0x3E,
    0xC7, 0x3E, 0xC7, 0x3E, 0xC7, 0x3E, 0xC7, 0x3E, 0xC7, 0x3E, 0xC7, 0x3E, 0xCF, 0x7F, 0xD7, 0x9F, 0xDF, 0x9E, 0xAE, 0xFD, 0xA6, 0xFC, 0xAE, 0xFC,
    0xA6, 0xFC, 0xA6, 0xFC, 0xA6, 0xFC, 0xA6, 0xFC, 0xA6, 0xFC, 0xA6, 0xFC, 0xA6, 0xFC, 0xA6, 0xFC, 0xA6, 0xFC, 0xA6, 0xFC, 0xA6, 0xFC, 0xA6, 0xFC,
    0xA6, 0xFC, 0xA6, 0xFC, 0xA6, 0xFC, 0xA6, 0xFC, 0xA6, 0xFC, 0xA6, 0xFC, 0xA6, 0xFC, 0xA6, 0xFC, 0xA6, 0xFC, 0xA6, 0xFC, 0xA6, 0xFC, 0xA6, 0xFC,
    0xA6, 0xFC, 0xA6, 0xFC, 0xA6, 0xFC, 0xA6, 0xFC, 0xA6, 0xFC, 0xA6, 0xFC, 0xA6, 0xFC, 0xA6, 0xFC, 0xA6, 0xFC, 0xA6, 0xFC, 0xA6, 0xFC, 0xA6, 0xFC,
    0xA6, 0xFC, 0xA6, 0xFC, 0xA6, 0xFC, 0xA6, 0xFC, 0xA6, 0xFC, 0xA6, 0xFC, 0xA6, 0xFC, 0xA6, 0xFC, 0xA6, 0xFC, 0xA6, 0xFC, 0xA6, 0xFC, 0xA6, 0xFC,
    0xA6, 0xFC, 0xA6, 0xFC, 0xA6, 0xFC, 0xA6, 0xFC, 0xA6, 0xFC, 0xA6, 0xFC, 0xA6, 0xFC, 0xA6, 0xFC, 0xA6, 0xFC, 0xA6, 0xFC, 0xA6, 0xFC, 0xA6, 0xFC,
    0xA6, 0xFC, 0xA6, 0xFC, 0xA6, 0xFC, 0xA6, 0xFC, 0xA6, 0xFC, 0xA6, 0xFC, 0xA6, 0xFC, 0xA6, 0xFC, 0xA6, 0xFC, 0xA6, 0xFC, 0xA6, 0xFC, 0xA6, 0xFC,
    0xA6, 0xFC, 0xA6, 0xFC, 0xA6, 0xFC, 0xA6, 0xFC, 0xA6, 0xFC, 0xA6, 0xFC, 0xA6, 0xFC, 0xA6, 0xFC, 0xA6, 0xFC, 0xA6, 0xFC, 0xA6, 0xFC, 0xA6, 0xFC,
    0xA6, 0xFC, 0xA6, 0xFC, 0xA6, 0xFC, 0xA6, 0xFC, 0xA6, 0xFC, 0xA6, 0xFC, 0xA6, 0xFC, 0xA6, 0xFC, 0xA6, 0xFC, 0xA6, 0xFC, 0xA6, 0xFC, 0xA6, 0xFC,
    0xA6, 0xFC, 0xA6, 0xFC, 0xA6, 0xFC, 0xA6, 0xFC, 0xA6, 0xFC, 0xA6, 0xFC, 0xA6, 0xFC, 0xA6, 0xFC, 0xA6, 0xFC, 0xA6, 0xFC, 0xA6, 0xFC, 0xA6, 0xFC,
    0xA6, 0xFC, 0xA6, 0xFC, 0xA6, 0xFC, 0xA6, 0xFC, 0xA6, 0xFC, 0xA6, 0xFC, 0xA6, 0xFC, 0xA6, 0xFC, 0xA6, 0xFC, 0xA6, 0xFC, 0xA6, 0xFC, 0xA6, 0xFC,
    0xA6, 0xFC, 0xA6, 0xFC, 0xA6, 0xFC, 0xA6, 0xFC, 0xA6, 0xFC, 0xA6, 0xFC, 0xA6, 0xFC, 0xA6, 0xFC, 0xA6, 0xFC, 0xA6, 0xFC, 0xA6, 0xFC, 0xA6, 0xFC,
    0xA6, 0xFC, 0xA6, 0xFC, 0xA6, 0xFC, 0xA6, 0xFC, 0xA6, 0xFC, 0xA6, 0xFC, 0xA6, 0xFC, 0xA6, 0xFC, 0xA6, 0xFC, 0xA6, 0xFC, 0xA6, 0xFC, 0xA6, 0xFC,
    0xA6, 0xFC, 0xA6, 0xFC, 0xA6, 0xFC, 0xA6, 0xFC, 0xA6, 0xFC, 0xA6, 0xFC, 0xA6, 0xFC, 0xA6, 0xFC, 0xA6, 0xFC, 0xA6, 0xFC, 0xA6, 0xFC, 0xA6, 0xFC,
    0xA6, 0xFC, 0xA6, 0xFC, 0xA6, 0xFC, 0xA6, 0xFC, 0xA6, 0xFC, 0xAE, 0xFC, 0xA6, 0xFC, 0xB7, 0x1D, 0xE7, 0xDF, 0xD7, 0xBF, 0xC7, 0x5E, 0xC7, 0x3E,
    0xC7, 0x3F, 0xC7, 0x3E, 0xC7, 0x3E, 0xC7, 0x3E, 0xC7, 0x3E, 0xC7, 0x3E, 0xC7, 0x3E, 0xC7, 0x3E, 0xC7, 0x3E, 0xC7, 0x3E, 0xC7, 0x3E, 0xC7, 0x3E,
    0xC7, 0x3E, 0xC7, 0x3E, 0xC7, 0x3E, 0xC7, 0x3E, 0xC7, 0x3E, 0xC7, 0x3E, 0xC7, 0x3E, 0xC7, 0x3E, 0xC7, 0x3E, 0xC7, 0x3E, 0xC7, 0x3E, 0xC7, 0x3E,
    0xC7, 0x3E, 0xC7, 0x3E, 0xC7, 0x3E, 0xC7, 0x3E, 0xC7, 0x3E, 0xC7, 0x3E, 0xC7, 0x3E, 0xC7, 0x3E, 0xC7, 0x3E, 0xC7, 0x3E, 0xC7, 0x3E, 0xC7, 0x3E,
    0xC7, 0x3E, 0xC7, 0x3E, 0xC7, 0x3E, 0xC7, 0x3E, 0xC7, 0x3E, 0xC7, 0x3E, 0xC7, 0x3E, 0xC7, 0x3E, 0xC7, 0x3E, 0xC7, 0x3E, 0xC7, 0x3E, 0xC7, 0x3E,
    0xC7, 0x3E, 0xC7, 0x3E, 0xC7, 0x5E, 0xC7, 0x3E, 0xC7, 0x3E, 0xC7, 0x3E, 0xC7, 0x3E, 0xC7, 0x3E, 0xC7, 0x3E, 0xC7, 0x3E, 0xC7, 0x3E, 0xC7, 0x3E,
    0xC7, 0x3E, 0xC7, 0x3E, 0xC7, 0x3E, 0xC7, 0x3E, 0xC7, 0x3E, 0xC7, 0x3E, 0xC7, 0x3E, 0xC7, 0x5E, 0xD7, 0xDF, 0xEF, 0xDF, 0xB7, 0x1D, 0xA6, 0xFC,
    0xAE, 0xFC, 0xA6, 0xFC, 0xA6, 0xFC, 0xA6, 0xFC, 0xA6, 0xFC, 0xA6, 0xFC, 0xA6, 0xFC, 0xA6, 0xFC, 0xA6, 0xFC, 0xA6, 0xFC, 0xA6, 0xFC, 0xA6, 0xFC,
    0xA6, 0xFC, 0xA6, 0xFC, 0xA6, 0xFC, 0xA6, 0xFC, 0xA6, 0xFC, 0xA6, 0xFC, 0xA6, 0xFC, 0xA6, 0xFC, 0xA6, 0xFC, 0xA6, 0xFC, 0xA6, 0xFC, 0xA6, 0xFC,
    0xA6, 0xFC, 0xA6, 0xFC, 0xA6, 0xFC, 0xA6, 0xFC, 0xA6, 0xFC, 0xA6, 0xFC, 0xA6, 0xFC, 0xA6, 0xFC, 0xA6, 0xFC, 0xA6, 0xFC, 0xA6, 0xFC, 0xA6, 0xFC,
    0xA6, 0xFC, 0xA6, 0xFC, 0xA6, 0xFC, 0xA6, 0xFC, 0xA6, 0xFC, 0xA6, 0xFC, 0xA6, 0xFC, 0xA6, 0xFC, 0xA6, 0xFC, 0xA6, 0xFC, 0xA6, 0xFC, 0xA6, 0xFC,
    0xA6, 0xFC, 0xA6, 0xFC, 0xA6, 0xFC, 0xA6, 0xFC, 0xA6, 0xFC, 0xA6, 0xFC, 0xA6, 0xFC, 0xA6, 0xFC, 0xA6, 0xFC, 0xA6, 0xFC, 0xA6, 0xFC, 0xA6, 0xFC,
    0xA6, 0xFC, 0xA6, 0xFC, 0xA6, 0xFC, 0xA6, 0xFC, 0xA6, 0xFC, 0xA6, 0xFC, 0xA6, 0xFC, 0xA6, 0xFC, 0xA6, 0xFC, 0xA6, 0xFC, 0xA6, 0xFC, 0xA6, 0xFC,
    0xA6, 0xFC, 0xA6, 0xFC, 0xA6, 0xFC, 0xA6, 0xFC, 0xA6, 0xFC, 0xA6, 0xFC, 0xA6, 0xFC, 0xA6, 0xFC, 0xA6, 0xFC, 0xA6, 0xFC, 0xA6, 0xFC, 0xA6, 0xFC,
    0xA6, 0xFC, 0xA6, 0xFC, 0xA6, 0xFC, 0xA6, 0xFC, 0xA6, 0xFC, 0xA6, 0xFC, 0xA6, 0xFC, 0xA6, 0xFC, 0xA6, 0xFC, 0xA6, 0xFC, 0xA6, 0xFC, 0xA6, 0xFC,
    0xAE, 0xFC, 0xAE, 0xFC, 0xAE, 0xFC, 0xAE, 0xFC, 0xAE, 0xFC, 0xAE, 0xFC, 0xAE, 0xFC, 0xAE, 0xFC, 0xAE, 0xFC, 0xAE, 0xFC, 0xAE, 0xFC, 0xAE, 0xFC,
    0xAE, 0xFC, 0xAE, 0xFC, 0xAE, 0xFC, 0xAE, 0xFC, 0xAE, 0xFC, 0xAE, 0xFC, 0xAE, 0xFC, 0xAE, 0xFC, 0xAE, 0xFC, 0xAE, 0xFC, 0xAE, 0xFC, 0xAE, 0xFC,
    0xAE, 0xFC, 0xAE, 0xFC, 0xAE, 0xFC, 0xAE, 0xFC, 0xAE, 0xFC, 0xAE, 0xFC, 0xAE, 0xFC, 0xAE, 0xFC, 0xAE, 0xFC, 0xAE, 0xFC, 0xAE, 0xFC, 0xAE, 0xFC,
    0xAE, 0xFC, 0xAE, 0xFC, 0xAE, 0xFC, 0xAE, 0xFC, 0xAE, 0xFC, 0xAE, 0xFC, 0xAE, 0xFC, 0xAE, 0xFC, 0xAE, 0xFC, 0xAE, 0xFC, 0xAE, 0xFC, 0xAE, 0xFC,
    0xAE, 0xFC, 0xAE, 0xFC, 0xAE, 0xFC, 0xAE, 0xFC, 0xAE, 0xFC, 0xAE, 0xFC, 0xAE, 0xFC, 0xAE, 0xFC, 0xAE, 0xFC, 0xAE, 0xFC, 0xAE, 0xFC, 0xAE, 0xFC,
    0xAE, 0xFC, 0xAE, 0xFC, 0xAE, 0xFC, 0xAE, 0xFC, 0xAE, 0xFC, 0xAE, 0xFC, 0xB7, 0x1D, 0xE7, 0xDF, 0xD7, 0xBF, 0xC7, 0x5F, 0xC7, 0x3E, 0xC7, 0x3E,
    0xC7, 0x3E, 0xC7, 0x3E, 0xC7, 0x3E, 0xC7, 0x3E, 0xC7, 0x3E, 0xC7, 0x3E, 0xC7, 0x3E, 0xC7, 0x3E, 0xC7, 0x3E, 0xC7, 0x3E, 0xC7, 0x3E, 0xC7, 0x3E,
    0xC7, 0x3E, 0xC7, 0x3E, 0xC7, 0x3E, 0xC7, 0x3E, 0xC7, 0x3E, 0xC7, 0x3E, 0xC7, 0x3E, 0xC7, 0x3E, 0xC7, 0x3E, 0xC7, 0x3E, 0xC7, 0x3E, 0xC7, 0x3E,
    0xC7, 0x3E, 0xC7, 0x3E, 0xC7, 0x3E, 0xC7, 0x3E, 0xC7, 0x3E, 0xC7, 0x3E, 0xC7, 0x3E, 0xC7, 0x3E, 0xC7, 0x3E, 0xC7, 0x3E, 0xC7, 0x3E, 0xC7, 0x3E,
    0xC7, 0x3E, 0xC7, 0x3E, 0xC7, 0x3E, 0xC7, 0x3E, 0xC7, 0x3E, 0xC7, 0x3E, 0xC7, 0x3E, 0xC7, 0x3E, 0xC7, 0x3E, 0xC7, 0x3E, 0xC7, 0x3E, 0xC7, 0x3E,
    0xC7, 0x3E, 0xC7, 0x5E, 0xC7, 0x3E, 0xC7, 0x3E, 0xC7, 0x3E, 0xC7, 0x3E, 0xC7, 0x3E, 0xC7, 0x3E, 0xC7, 0x3E, 0xC7, 0x3E, 0xC7, 0x3E, 0xC7, 0x3E,
    0xC7, 0x3E, 0xC7, 0x3E, 0xC7, 0x3E, 0xC7, 0x3E, 0xC7, 0x3E, 0xC7, 0x3E, 0xC7, 0x3E, 0xC7, 0x3E, 0xC7, 0x5F, 0xD7, 0xBF, 0xE7, 0xDF, 0xB7, 0x1D,
    0xAE, 0xFC, 0xAE, 0xFC, 0xAE, 0xFC, 0xAE, 0xFC, 0xAE, 0xFC, 0xAE, 0xFC, 0xAE, 0xFC, 0xAE, 0xFC, 0xAE, 0xFC, 0xAE, 0xFC, 0xAE, 0xFC, 0xAE, 0xFC,
    0xAE, 0xFC, 0xAE, 0xFC, 0xAE, 0xFC, 0xAE, 0xFC, 0xAE, 0xFC, 0xAE, 0xFC, 0xAE, 0xFC, 0xAE, 0xFC, 0xAE, 0xFC, 0xAE, 0xFC, 0xAE, 0xFC, 0xAE, 0xFC,
    0xAE, 0xFC, 0xAE, 0xFC, 0xAE, 0xFC, 0xAE, 0xFC, 0xAE, 0xFC, 0xAE, 0xFC, 0xAE, 0xFC, 0xAE, 0xFC, 0xAE, 0xFC, 0xAE, 0xFC, 0xAE, 0xFC, 0xAE, 0xFC,
    0xAE, 0xFC, 0xAE, 0xFC, 0xAE, 0xFC, 0xAE, 0xFC, 0xAE, 0xFC, 0xAE, 0xFC, 0xAE, 0xFC, 0xAE, 0xFC, 0xAE, 0xFC, 0xAE, 0xFC, 0xAE, 0xFC, 0xAE, 0xFC,
    0xAE, 0xFC, 0xAE, 0xFC, 0xAE, 0xFC, 0xAE, 0xFC, 0xAE, 0xFC, 0xAE, 0xFC, 0xAE, 0xFC, 0xAE, 0xFC, 0xAE, 0xFC, 0xAE, 0xFC, 0xAE, 0xFC, 0xAE, 0xFC,
    0xAE, 0xFC, 0xAE, 0xFC, 0xAE, 0xFC, 0xAE, 0xFC, 0xAE, 0xFC, 0xAE, 0xFC, 0xAE, 0xFC, 0xAE, 0xFC, 0xAE, 0xFC, 0xAE, 0xFC, 0xAE, 0xFC, 0xAE, 0xFC,
    0xAE, 0xFC, 0xAE, 0xFC, 0xAE, 0xFC, 0xAE, 0xFC, 0xAE, 0xFC, 0xAE, 0xFC, 0xAE, 0xFC, 0xAE, 0xFC, 0xAE, 0xFC, 0xAE, 0xFC, 0xAE, 0xFC, 0xAE, 0xFC,
    0xAE, 0xFC, 0xAE, 0xFC, 0xAE, 0xFC, 0xAE, 0xFC, 0xAE, 0xFC, 0xAE, 0xFC, 0xAE, 0xFC, 0xAE, 0xFC, 0xAE, 0xFC, 0xAE, 0xFC, 0xAE, 0xFC, 0xAE, 0xFC,
    0xAE, 0xFC, 0xAE, 0xFC, 0xAE, 0xFC, 0xAE, 0xFC, 0xAE, 0xFC, 0xAE, 0xFC, 0xAE, 0xFC, 0xAE, 0xFC, 0xAE, 0xFC, 0xAE, 0xFC, 0xAE, 0xFC, 0xAE, 0xFC,
    0xAE, 0xFC, 0xAE, 0xFC, 0xAE, 0xFC, 0xAE, 0xFC, 0xAE, 0xFC, 0xAE, 0xFC, 0xAE, 0xFC, 0xAE, 0xFC, 0xAE, 0xFC, 0xAE, 0xFC, 0xAE, 0xFC, 0xAE, 0xFC,
    0xAE, 0xFC, 0xAE, 0xFC, 0xAE, 0xFC, 0xAE, 0xFC, 0xAE, 0xFC, 0xAE, 0xFC, 0xAE, 0xFC, 0xAE, 0xFC, 0xAE, 0xFC, 0xAE, 0xFC, 0xAE, 0xFC, 0xAE, 0xFC,
    0xAE, 0xFC, 0xAE, 0xFC, 0xAE, 0xFC, 0xAE, 0xFC, 0xAE, 0xFC, 0xAE, 0xFC, 0xAE, 0xFC, 0xAE, 0xFC, 0xAE, 0xFC, 0xAE, 0xFC, 0xAE, 0xFC, 0xAE, 0xFC,
    0xAE, 0xFC, 0xAE, 0xFC, 0xAE, 0xFC, 0xAE, 0xFC, 0xAE, 0xFC, 0xAE, 0xFC, 0xAE, 0xFC, 0xAE, 0xFC, 0xAE, 0xFC, 0xAE, 0xFC, 0xAE, 0xFC, 0xAE, 0xFC,
    0xAE, 0xFC, 0xAE, 0xFC, 0xAE, 0xFC, 0xAE, 0xFC, 0xAE, 0xFC, 0xAE, 0xFC, 0xEF, 0xDF, 0xD7, 0xDF, 0xCF, 0x5E, 0xC7, 0x5E, 0xC7, 0x3E, 0xC7, 0x3E,
    0xC7, 0x3E, 0xC7, 0x3E, 0xC7, 0x3E, 0xC7, 0x3E, 0xC7, 0x3E, 0xC7, 0x3E, 0xC7, 0x3E, 0xC7, 0x3E, 0xC7, 0x3E, 0xC7, 0x3E, 0xC7, 0x3E, 0xC7, 0x5E,
    0xC7, 0x3E, 0xC7, 0x3E, 0xC7, 0x3E, 0xC7, 0x3E, 0xC7, 0x3E, 0xC7, 0x3E, 0xC7, 0x3E, 0xC7, 0x3E, 0xC7, 0x3E, 0xC7, 0x3E, 0xC7, 0x3E, 0xC7, 0x3E,
    0xC7, 0x3E, 0xC7, 0x3E, 0xC7, 0x3E, 0xC7, 0x3E, 0xC7, 0x3E, 0xC7, 0x3E, 0xC7, 0x3E, 0xC7, 0x3E, 0xC7, 0x3E, 0xC7, 0x3E, 0xC7, 0x3E, 0xC7, 0x3E,
    0xC7, 0x3E, 0xC7, 0x3E, 0xC7, 0x3E, 0xC7, 0x3E, 0xC7, 0x3E, 0xC7, 0x3E, 0xC7, 0x3E, 0xC7, 0x3E, 0xC7, 0x3E, 0xC7, 0x3E, 0xC7, 0x5E, 0xC7, 0x3E,
    0xC7, 0x3E, 0xC7, 0x5E, 0xC7, 0x3E, 0xC7, 0x3E, 0xC7, 0x3E, 0xC7, 0x3E, 0xC7, 0x3E, 0xC7, 0x3E, 0xC7, 0x3E, 0xC7, 0x3E, 0xC7, 0x3E, 0xC7, 0x3E,
    0xC7, 0x3E, 0xC7, 0x3E, 0xC7, 0x3E, 0xC7, 0x3E, 0xC7, 0x5E, 0xC7, 0x3E, 0xC7, 0x5E, 0xC7, 0x3E, 0xC7, 0x5E, 0xC7, 0x5E, 0xCF, 0x9F, 0xDF, 0xDF,
    0xB6, 0xFD, 0xA6, 0xFC, 0xAE, 0xFC, 0xAE, 0xFC, 0xAE, 0xFC, 0xAE, 0xFC, 0xAE, 0xFC, 0xAE, 0xFC, 0xAE, 0xFC, 0xAE, 0xFC, 0xAE, 0xFC, 0xAE, 0xFC,
    0xAE, 0xFC, 0xAE, 0xFC, 0xAE, 0xFC, 0xAE, 0xFC, 0xAE, 0xFC, 0xAE, 0xFC, 0xAE, 0xFC, 0xAE, 0xFC, 0xAE, 0xFC, 0xAE, 0xFC, 0xAE, 0xFC, 0xAE, 0xFC,
    0xAE, 0xFC, 0xAE, 0xFC, 0xAE, 0xFC, 0xAE, 0xFC, 0xAE, 0xFC, 0xAE, 0xFC, 0xAE, 0xFC, 0xAE, 0xFC, 0xAE, 0xFC, 0xAE, 0xFC, 0xAE, 0xFC, 0xAE, 0xFC,
    0xAE, 0xFC, 0xAE, 0xFC, 0xAE, 0xFC, 0xAE, 0xFC, 0xAE, 0xFC, 0xAE, 0xFC, 0xAE, 0xFC, 0xAE, 0xFC, 0xAE, 0xFC, 0xAE, 0xFC, 0xAE, 0xFC, 0xAE, 0xFC,
    0xAE, 0xFC, 0xAE, 0xFC, 0xAE, 0xFC, 0xAE, 0xFC, 0xAE, 0xFC, 0xAE, 0xFC, 0xAE, 0xFC, 0xAE, 0xFC, 0xAE, 0xFC, 0xAE, 0xFC, 0xAE, 0xFC, 0xAE, 0xFC,
    0xAE, 0xFC, 0xAE, 0xFC, 0xAE, 0xFC, 0xAE, 0xFC, 0xAE, 0xFC, 0xAE, 0xFC, 0xAE, 0xFC, 0xAE, 0xFC, 0xAE, 0xFC, 0xAE, 0xFC, 0xAE, 0xFC, 0xAE, 0xFC,
    0xAE, 0xFC, 0xAE, 0xFC, 0xAE, 0xFC, 0xAE, 0xFC, 0xAE, 0xFC, 0xAE, 0xFC, 0xAE, 0xFC, 0xAE, 0xFC, 0xAE, 0xFC, 0xAE, 0xFC, 0xAE, 0xFC, 0xAE, 0xFC,
    0xAE, 0xFC, 0xAE, 0xFC, 0xAE, 0xFC, 0xAE, 0xFC, 0xAE, 0xFC, 0xAE, 0xFC, 0xAE, 0xFC, 0xAE, 0xFC, 0xAE, 0xFC, 0xAE, 0xFC, 0xAE, 0xFC, 0xAE, 0xFC,
    0xAE, 0xFC, 0xAE, 0xFC, 0xAE, 0xFC, 0xAE, 0xFC, 0xAE, 0xFC, 0xAE, 0xFC, 0xAE, 0xFC, 0xAE, 0xFC, 0xAE, 0xFC, 0xAE, 0xFC, 0xAE, 0xFC, 0xAE, 0xFC,
    0xAE, 0xFC, 0xAE, 0xFC, 0xAE, 0xFC, 0xAE, 0xFC, 0xAE, 0xFC, 0xAE, 0xFC, 0xAE, 0xFC, 0xAE, 0xFC, 0xAE, 0xFC, 0xAE, 0xFC, 0xAE, 0xFC, 0xAE, 0xFC,
    0xAE, 0xFC, 0xAE, 0xFC, 0xAE, 0xFC, 0xAE, 0xFC, 0xAE, 0xFC, 0xAE, 0xFC, 0xAE, 0xFC, 0xAE, 0xFC, 0xAE, 0xFC, 0xAE, 0xFC, 0xAE, 0xFC, 0xAE, 0xFC,
    0xAE, 0xFC, 0xAE, 0xFC, 0xAE, 0xFC, 0xAE, 0xFC, 0xAE, 0xFC, 0xAE, 0xFC, 0xAE, 0xFC, 0xAE, 0xFC, 0xAE, 0xFC, 0xAE, 0xFC, 0xAE, 0xFC, 0xAE, 0xFC,
    0xAE, 0xFC, 0xAE, 0xFC, 0xAE, 0xFC, 0xAE, 0xFC, 0xAE, 0xFC, 0xAE, 0xFC, 0xAE, 0xFC, 0xAE, 0xFC, 0xAE, 0xFC, 0xAE, 0xFC, 0xAE, 0xFC, 0xAE, 0xFC,
    0xAE, 0xFC, 0xAE, 0xFC, 0xAE, 0xFC, 0xAE, 0xFC, 0xAE, 0xFC, 0xD7, 0x7E, 0xDF, 0xFF, 0xCF, 0x5F, 0xCF, 0x5E, 0xC7, 0x5E, 0xC7, 0x5E, 0xC7, 0x5E,
    0xC7, 0x3F, 0xC7, 0x3E, 0xC7, 0x3E, 0xC7, 0x3E, 0xC7, 0x3E, 0xC7, 0x3E, 0xC7, 0x3E, 0xC7, 0x3E, 0xC7, 0x3E, 0xC7, 0x3E, 0xC7, 0x3F, 0xC7, 0x3E,
    0xC7, 0x3E, 0xC7, 0x3E, 0xC7, 0x3E, 0xC7, 0x3E, 0xC7, 0x3E, 0xC7, 0x3E, 0xC7, 0x3E, 0xC7, 0x3E, 0xC7, 0x3E, 0xC7, 0x3E, 0xC7, 0x5E, 0xC7, 0x3E,
    0xC7, 0x3E, 0xC7, 0x3E, 0xC7, 0x3E, 0xC7, 0x3E, 0xC7, 0x3E, 0xC7, 0x3E, 0xC7, 0x3E, 0xC7, 0x3E, 0xC7, 0x3E, 0xC7, 0x3E, 0xC7, 0x3E, 0xC7, 0x3E,
    0xC7, 0x3E, 0xC7, 0x3E, 0xC7, 0x3E, 0xC7, 0x3E, 0xC7, 0x3E, 0xC7, 0x3E, 0xC7, 0x3E, 0xC7, 0x3E, 0xC7, 0x3E, 0xC7, 0x3E, 0xC7, 0x5E, 0xC7, 0x5E,
    0xC7, 0x3E, 0xC7, 0x3E, 0xC7, 0x3E, 0xC7, 0x5E, 0xC7, 0x3E, 0xC7, 0x3E, 0xC7, 0x3E, 0xC7, 0x3E, 0xC7, 0x3E, 0xC7, 0x3E, 0xC7, 0x3E, 0xC7, 0x3E,
    0xC7, 0x3E, 0xC7, 0x3E, 0xC7, 0x3F, 0xC7, 0x5F, 0xC7, 0x5E, 0xC7, 0x3F, 0xC7, 0x5E, 0xC7, 0x5E, 0xC7, 0x3E, 0xC7, 0x3F, 0xC7, 0x5F, 0xD7, 0xBF,
    0xEF, 0xBF, 0xAE, 0xFC, 0xAE, 0xFC, 0xA6, 0xFC, 0xAE, 0xFC, 0xAE, 0xFC, 0xAE, 0xFC, 0xAE, 0xFC, 0xAE, 0xFC, 0xAE, 0xFC, 0xAE, 0xFC, 0xAE, 0xFC,
    0xAE, 0xFC, 0xAE, 0xFC, 0xAE, 0xFC, 0xAE, 0xFC, 0xAE, 0xFC, 0xAE, 0xFC, 0xAE, 0xFC, 0xAE, 0xFC, 0xAE, 0xFC, 0xAE, 0xFC, 0xAE, 0xFC, 0xAE, 0xFC,
    0xAE, 0xFC, 0xAE, 0xFC, 0xAE, 0xFC, 0xAE, 0xFC, 0xAE, 0xFC, 0xAE, 0xFC, 0xAE, 0xFC, 0xAE, 0xFC, 0xAE, 0xFC, 0xAE, 0xFC, 0xAE, 0xFC, 0xAE, 0xFC,
    0xAE, 0xFC, 0xAE, 0xFC, 0xAE, 0xFC, 0xAE, 0xFC, 0xAE, 0xFC, 0xAE, 0xFC, 0xAE, 0xFC, 0xAE, 0xFC, 0xAE, 0xFC, 0xAE, 0xFC, 0xAE, 0xFC, 0xAE, 0xFC,
    0xAE, 0xFC, 0xAE, 0xFC, 0xAE, 0xFC, 0xAE, 0xFC, 0xAE, 0xFC, 0xAE, 0xFC, 0xAE, 0xFC, 0xAE, 0xFC, 0xAE, 0xFC, 0xAE, 0xFC, 0xAE, 0xFC, 0xAE, 0xFC,
    0xAE, 0xFC, 0xAE, 0xFC, 0xAE, 0xFC, 0xAE, 0xFC, 0xAE, 0xFC, 0xAE, 0xFC, 0xAE, 0xFC, 0xAE, 0xFC, 0xAE, 0xFC, 0xAE, 0xFC, 0xAE, 0xFC, 0xAE, 0xFC,
    0xAE, 0xFC, 0xAE, 0xFC, 0xAE, 0xFC, 0xAE, 0xFC, 0xAE, 0xFC, 0xAE, 0xFC, 0xAE, 0xFC, 0xAE, 0xFC, 0xAE, 0xFC, 0xAE, 0xFC, 0xAE, 0xFC, 0xAE, 0xFC,
    0xAE, 0xFC, 0xAE, 0xFC, 0xAE, 0xFC, 0xAE, 0xFC, 0xAE, 0xFC, 0xAE, 0xFC, 0xAE, 0xFC, 0xAE, 0xFC, 0xAE, 0xFC, 0xAE, 0xFC, 0xAE, 0xFC, 0xAE, 0xFC,
    0xAE, 0xFC, 0xAE, 0xFC, 0xAE, 0xFC, 0xAE, 0xFC, 0xAE, 0xFC, 0xAE, 0xFC, 0xAE, 0xFC, 0xAE, 0xFC, 0xAE, 0xFC, 0xAE, 0xFC, 0xAE, 0xFC, 0xAE, 0xFC,
    0xAE, 0xFC, 0xAE, 0xFC, 0xAE, 0xFC, 0xAE, 0xFC, 0xAE, 0xFC, 0xAE, 0xFC, 0xAE, 0xFC, 0xAE, 0xFC, 0xAE, 0xFC, 0xAE, 0xFC, 0xAE, 0xFC, 0xAE, 0xFC,
    0xAE, 0xFC, 0xAE, 0xFC, 0xAE, 0xFC, 0xAE, 0xFC, 0xAE, 0xFC, 0xAE, 0xFC, 0xAE, 0xFC, 0xAE, 0xFC, 0xAE, 0xFC, 0xAE, 0xFC, 0xAE, 0xFC, 0xAE, 0xFC,
    0xAE, 0xFC, 0xAE, 0xFC, 0xAE, 0xFC, 0xAE, 0xFC, 0xAE, 0xFC, 0xAE, 0xFC, 0xAE, 0xFC, 0xAE, 0xFC, 0xAE, 0xFC, 0xAE, 0xFC, 0xAE, 0xFC, 0xAE, 0xFC,
    0xAE, 0xFC, 0xAE, 0xFC, 0xAE, 0xFC, 0xAE, 0xFC, 0xAE, 0xFC, 0xAE, 0xFC, 0xAE, 0xFC, 0xAE, 0xFC, 0xAE, 0xFC, 0xAE, 0xFC, 0xAE, 0xFC, 0xAE, 0xFC,
    0xAE, 0xFC, 0xAE, 0xFC, 0xAE, 0xFC, 0xAE, 0xFC, 0xB7, 0x1D, 0xCF, 0x7F, 0xCF, 0x7F, 0xCF, 0x5E, 0xCF, 0x5E, 0xC7, 0x5E, 0xCF, 0x5E, 0xC7, 0x5E,
    0xC7, 0x5E, 0xC7, 0x5E, 0xC7, 0x3E, 0xC7, 0x3E, 0xC7, 0x3E, 0xC7, 0x3E, 0xC7, 0x3E, 0xC7, 0x3E, 0xC7, 0x3E, 0xC7, 0x3E, 0xC7, 0x3E, 0xC7, 0x3E,
    0xC7, 0x3E, 0xC7, 0x3E, 0xC7, 0x3E, 0xC7, 0x3E, 0xC7, 0x3E, 0xC7, 0x3E, 0xC7, 0x3E, 0xC7, 0x3E, 0xC7, 0x3E, 0xC7, 0x3E, 0xC7, 0x3E, 0xC7, 0x3E,
    0xC7, 0x5E, 0xC7, 0x3E, 0xC7, 0x3E, 0xC7, 0x3E, 0xC7, 0x3E, 0xC7, 0x3E, 0xC7, 0x3E, 0xC7, 0x3E, 0xC7, 0x3E, 0xC7, 0x3E, 0xC7, 0x3E, 0xC7, 0x3E,
    0xC7, 0x3E, 0xC7, 0x3E, 0xC7, 0x3E, 0xC7, 0x3E, 0xC7, 0x3E, 0xC7, 0x3E, 0xC7, 0x3E, 0xC7, 0x3E, 0xC7, 0x5E, 0xC7, 0x3E, 0xC7, 0x3E, 0xC7, 0x5E,
    0xC7, 0x3E, 0xC7, 0x5E, 0xC7, 0x5E, 0xC7, 0x3E, 0xC7, 0x3E, 0xC7, 0x3E, 0xC7, 0x3E, 0xC7, 0x3E, 0xC7, 0x3E, 0xC7, 0x3E, 0xC7, 0x3E, 0xC7, 0x3E,
    0xC7, 0x3E, 0xC7, 0x3E, 0xC7, 0x5E, 0xC7, 0x5E, 0xC7, 0x5E, 0xC7, 0x5E, 0xC7, 0x5E, 0xC7, 0x3E, 0xC7, 0x5E, 0xC7, 0x5E, 0xC7, 0x3F, 0xC7, 0x5E,
    0xD7, 0xDF, 0xD7, 0x7E, 0xAE, 0xFC, 0xAE, 0xFC, 0xAE, 0xFC, 0xAE, 0xFC, 0xAE, 0xFC, 0xAE, 0xFC, 0xAE, 0xFC, 0xAE, 0xFC, 0xAE, 0xFC, 0xAE, 0xFC,
    0xAE, 0xFC, 0xAE, 0xFC, 0xAE, 0xFC, 0xAE, 0xFC, 0xAE, 0xFC, 0xAE, 0xFC, 0xAE, 0xFC, 0xAE, 0xFC, 0xAE, 0xFC, 0xAE, 0xFC, 0xAE, 0xFC, 0xAE, 0xFC,
    0xAE, 0xFC, 0xAE, 0xFC, 0xAE, 0xFC, 0xAE, 0xFC, 0xAE, 0xFC, 0xAE, 0xFC, 0xAE, 0xFC, 0xAE, 0xFC, 0xAE, 0xFC, 0xAE, 0xFC, 0xAE, 0xFC, 0xAE, 0xFC,
    0xAE, 0xFC, 0xAE, 0xFC, 0xAE, 0xFC, 0xAE, 0xFC, 0xAE, 0xFC, 0xAE, 0xFC, 0xAE, 0xFC, 0xAE, 0xFC, 0xAE, 0xFC, 0xAE, 0xFC, 0xAE, 0xFC, 0xAE, 0xFC,
    0xAE, 0xFC, 0xAE, 0xFC, 0xAE, 0xFC, 0xAE, 0xFC, 0xAE, 0xFC, 0xAE, 0xFC, 0xAE, 0xFC, 0xAE, 0xFC, 0xAE, 0xFC, 0xAE, 0xFC, 0xAE, 0xFC, 0xAE, 0xFC,
    0xAE, 0xFC, 0xAE, 0xFC, 0xAE, 0xFC, 0xAE, 0xFC, 0xAE, 0xFC, 0xAE, 0xFC, 0xAE, 0xFC, 0xAE, 0xFC, 0xAE, 0xFC, 0xAE, 0xFC, 0xAE, 0xFC, 0xAE, 0xFC,
    0xAE, 0xFC, 0xAE, 0xFC, 0xAE, 0xFC, 0xAE, 0xFC, 0xAE, 0xFC, 0xAE, 0xFC, 0xAE, 0xFC, 0xAE, 0xFC, 0xAE, 0xFC, 0xAE, 0xFC, 0xAE, 0xFC, 0xAE, 0xFC,
    0xAE, 0xFC, 0xAE, 0xFC, 0xAE, 0xFC, 0xAE, 0xFC, 0xAE, 0xFC, 0xAE, 0xFC, 0xAE, 0xFC, 0xAE, 0xFC, 0xAE, 0xFC, 0xAE, 0xFC, 0xAE, 0xFC, 0xAE, 0xFC,
    0xAE, 0xFC, 0xAE, 0xFC, 0xAE, 0xFC, 0xAE, 0xFC, 0xAE, 0xFC, 0xAE, 0xFC, 0xAE, 0xFC, 0xAE, 0xFC, 0xAE, 0xFC, 0xAE, 0xFC, 0xAE, 0xFC, 0xAE, 0xFC,
    0xAE, 0xFC, 0xAE, 0xFC, 0xAE, 0xFC, 0xAE, 0xFC, 0xAE, 0xFC, 0xAE, 0xFC, 0xAE, 0xFC, 0xAE, 0xFC, 0xAE, 0xFC, 0xAE, 0xFC, 0xAE, 0xFC, 0xAE, 0xFC,
    0xAE, 0xFC, 0xAE, 0xFC, 0xAE, 0xFC, 0xAE, 0xFC, 0xAE, 0xFC, 0xAE, 0xFC, 0xAE, 0xFC, 0xAE, 0xFC, 0xAE, 0xFC, 0xAE, 0xFC, 0xAE, 0xFC, 0xAE, 0xFC,
    0xAE, 0xFC, 0xAE, 0xFC, 0xAE, 0xFC, 0xAE, 0xFC, 0xAE, 0xFC, 0xAE, 0xFC, 0xAE, 0xFC, 0xAE, 0xFC, 0xAE, 0xFC, 0xAE, 0xFC, 0xAE, 0xFC, 0xAE, 0xFC,
    0xAE, 0xFC, 0xAE, 0xFC, 0xAE, 0xFC, 0xAE, 0xFC, 0xAE, 0xFC, 0xAE, 0xFC, 0xAE, 0xFC, 0xAE, 0xFC, 0xAE, 0xFC, 0xAE, 0xFC, 0xAE, 0xFC, 0xAE, 0xFC,
    0xAE, 0xFC, 0xAE, 0xFC, 0xAE, 0xFC, 0xAE, 0xFC, 0xDF, 0x7E, 0xD7, 0xDF, 0xCF, 0x5F, 0xCF, 0x5E, 0xCF, 0x5F, 0xCF, 0x5E, 0xCF, 0x5E, 0xCF, 0x5E,
    0xC7, 0x3E, 0xC7, 0x3E, 0xC7, 0x3E, 0xC7, 0x3E, 0xC7, 0x3E, 0xC7, 0x3E, 0xC7, 0x3E, 0xC7, 0x3E, 0xC7, 0x3E, 0xC7, 0x3E, 0xC7, 0x3E, 0xC7, 0x3E,
    0xC7, 0x3E, 0xC7, 0x3E, 0xC7, 0x3E, 0xC7, 0x3E, 0xC7, 0x3E, 0xC7, 0x3E, 0xC7, 0x3E, 0xC7, 0x3E, 0xC7, 0x3E, 0xC7, 0x3E, 0xC7, 0x3E, 0xC7, 0x3E,
    0xC7, 0x5E, 0xC7, 0x3E, 0xC7, 0x5E, 0xC7, 0x3E, 0xC7, 0x3E, 0xC7, 0x3E, 0xC7, 0x3E, 0xC7, 0x3E, 0xC7, 0x3E, 0xC7, 0x3E, 0xC7, 0x3E, 0xC7, 0x3E,
    0xC7, 0x3E, 0xC7, 0x3E, 0xC7, 0x3E, 0xC7, 0x3E, 0xC7, 0x3E, 0xC7, 0x3E, 0xC7, 0x3E, 0xC7, 0x3E, 0xC7, 0x3E, 0xC7, 0x3E, 0xC7, 0x5E, 0xC7, 0x5E,
    0xC7, 0x5E, 0xC7, 0x3E, 0xC7, 0x5E, 0xC7, 0x5E, 0xC7, 0x3E, 0xC7, 0x3E, 0xC7, 0x3E, 0xC7, 0x3E, 0xC7, 0x3E, 0xC7, 0x3E, 0xC7, 0x3E, 0xC7, 0x3E,
    0xC7, 0x3E, 0xC7, 0x3E, 0xC7, 0x3E, 0xC7, 0x5E, 0xC7, 0x5E, 0xC7, 0x5E, 0xC7, 0x5F, 0xC7, 0x5E, 0xC7, 0x5E, 0xC7, 0x5E, 0xC7, 0x3F, 0xC7, 0x5E,
    0xCF, 0x7F, 0xD7, 0xBF, 0xAE, 0xFC, 0xAE, 0xFC, 0xAE, 0xFC, 0xAE, 0xFC, 0xAE, 0xFC, 0xAE, 0xFC, 0xAE, 0xFC, 0xAE, 0xFC, 0xAE, 0xFC, 0xAE, 0xFC,
    0xAE, 0xFC, 0xAE, 0xFC, 0xAE, 0xFC, 0xAE, 0xFC, 0xAE, 0xFC, 0xAE, 0xFC, 0xAE, 0xFC, 0xAE, 0xFC, 0xAE, 0xFC, 0xAE, 0xFC, 0xAE, 0xFC, 0xAE, 0xFC,
    0xAE, 0xFC, 0xAE, 0xFC, 0xAE, 0xFC, 0xAE, 0xFC, 0xAE, 0xFC, 0xAE, 0xFC, 0xAE, 0xFC, 0xAE, 0xFC, 0xAE, 0xFC, 0xAE, 0xFC, 0xAE, 0xFC, 0xAE, 0xFC,
    0xAE, 0xFC, 0xAE, 0xFC, 0xAE, 0xFC, 0xAE, 0xFC, 0xAE, 0xFC, 0xAE, 0xFC, 0xAE, 0xFC, 0xAE, 0xFC, 0xAE, 0xFC, 0xAE, 0xFC, 0xAE, 0xFC, 0xAE, 0xFC,
    0xAE, 0xFC, 0xAE, 0xFC, 0xAE, 0xFC, 0xAE, 0xFC, 0xAE, 0xFC, 0xAE, 0xFC, 0xAE, 0xFC, 0xAE, 0xFC, 0xAE, 0xFC, 0xAE, 0xFC, 0xAE, 0xFC, 0xAE, 0xFC,
    0xAE, 0xFC, 0xAE, 0xFC, 0xAE, 0xFC, 0xAE, 0xFC, 0xAE, 0xFC, 0xAE, 0xFC, 0xAE, 0xFC, 0xAE, 0xFC, 0xAE, 0xFC, 0xAE, 0xFC, 0xAE, 0xFC, 0xAE, 0xFC,
    0xAE, 0xFC, 0xAE, 0xFC, 0xAE, 0xFC, 0xAE, 0xFC, 0xAE, 0xFC, 0xAE, 0xFC, 0xAE, 0xFC, 0xAE, 0xFC, 0xAE, 0xFC, 0xAE, 0xFC, 0xAE, 0xFC, 0xAE, 0xFC,
    0xAE, 0xFC, 0xAE, 0xFC, 0xAE, 0xFC, 0xAE, 0xFC, 0xAE, 0xFC, 0xAE, 0xFC, 0xAE, 0xFC, 0xAE, 0xFC, 0xAE, 0xFC, 0xAE, 0xFC, 0xAE, 0xFC, 0xAE, 0xFC,
    0xAE, 0xFC, 0xAE, 0xFC, 0xAE, 0xFC, 0xAE, 0xFC, 0xAE, 0xFC, 0xAE, 0xFC, 0xAE, 0xFC, 0xAE, 0xFC, 0xAE, 0xFC, 0xAE, 0xFC, 0xAE, 0xFC, 0xAE, 0xFC,
    0xAE, 0xFC, 0xAE, 0xFC, 0xAE, 0xFC, 0xAE, 0xFC, 0xAE, 0xFC, 0xAE, 0xFC, 0xAE, 0xFC, 0xAE, 0xFC, 0xAE, 0xFC, 0xAE, 0xFC, 0xAE, 0xFC, 0xAE, 0xFC,
    0xAE, 0xFC, 0xAE, 0xFC, 0xAE, 0xFC, 0xAE, 0xFC, 0xAE, 0xFC, 0xAE, 0xFC, 0xAE, 0xFC, 0xAE, 0xFC, 0xAE, 0xFC, 0xAE, 0xFC, 0xAE, 0xFC, 0xAE, 0xFC,
    0xAE, 0xFC, 0xAE, 0xFC, 0xAE, 0xFC, 0xAE, 0xFC, 0xAE, 0xFC, 0xAE, 0xFC, 0xAE, 0xFC, 0xAE, 0xFC, 0xAE, 0xFC, 0xAE, 0xFC, 0xAE, 0xFC, 0xAE, 0xFC,
    0xAE, 0xFC, 0xAE, 0xFC, 0xAE, 0xFC, 0xAE, 0xFC, 0xAE, 0xFC, 0xAE, 0xFC, 0xAE, 0xFC, 0xAE, 0xFC, 0xAE, 0xFC, 0xAE, 0xFC, 0xAE, 0xFC, 0xAE, 0xFC,
    0xAE, 0xFC, 0xAE, 0xFC, 0xAE, 0xFC, 0xAE, 0xFC, 0xEF, 0xDF, 0xD7, 0xBF, 0xCF, 0x5F, 0xCF, 0x5E, 0xCF, 0x5E, 0xCF, 0x5E, 0xCF, 0x5E, 0xCF, 0x5F,
    0xC7, 0x5E, 0xC7, 0x5E, 0xC7, 0x5E, 0xC7, 0x3E, 0xC7, 0x3E, 0xC7, 0x3E, 0xC7, 0x3E, 0xC7, 0x3E, 0xC7, 0x3E, 0xC7, 0x3E, 0xC7, 0x3E, 0xC7, 0x3E,
    0xC7, 0x3E, 0xC7, 0x3E, 0xC7, 0x3E, 0xC7, 0x3E, 0xC7, 0x3E, 0xC7, 0x3E, 0xC7, 0x3E, 0xC7, 0x3E, 0xC7, 0x5E, 0xC7, 0x5E, 0xC7, 0x3E, 0xC7, 0x3E,
    0xC7, 0x5E, 0xC7, 0x3E, 0xC7, 0x3E, 0xC7, 0x3E, 0xC7, 0x3E, 0xC7, 0x3E, 0xC7, 0x3E, 0xC7, 0x3E, 0xC7, 0x3E, 0xC7, 0x3E, 0xC7, 0x3E, 0xC7, 0x3E,
    0xC7, 0x3E, 0xC7, 0x3E, 0xC7, 0x3E, 0xC7, 0x3E, 0xC7, 0x3E, 0xC7, 0x3E, 0xC7, 0x3E, 0xC7, 0x3E, 0xC7, 0x3E, 0xC7, 0x3E, 0xC7, 0x3E, 0xC7, 0x3E,
    0xC7, 0x3E, 0xC7, 0x3E, 0xC7, 0x3E, 0xC7, 0x3E, 0xC7, 0x3E, 0xC7, 0x3E, 0xC7, 0x3E, 0xC7, 0x3E, 0xC7, 0x3E, 0xC7, 0x3E, 0xC7, 0x3E, 0xC7, 0x3E,
    0xC7, 0x3E, 0xC7, 0x3E, 0xC7, 0x3E, 0xC7, 0x5E, 0xC7, 0x5E, 0xC7, 0x5E, 0xC7, 0x5E, 0xC7, 0x5E, 0xC7, 0x5E, 0xC7, 0x5E, 0xC7, 0x5E, 0xC7, 0x3E,
    0xC7, 0x3E, 0xD7, 0x9F, 0xC7, 0x5D, 0xAE, 0xFC, 0xAE, 0xFC, 0xAE, 0xFC, 0xAE, 0xFC, 0xAE, 0xFC, 0xAE, 0xFC, 0xAE, 0xFC, 0xAE, 0xFC, 0xAE, 0xFC,
    0xAE, 0xFC, 0xAE, 0xFC, 0xAE, 0xFC, 0xAE, 0xFC, 0xAE, 0xFC, 0xAE, 0xFC, 0xAE, 0xFC, 0xAE, 0xFC, 0xAE, 0xFC, 0xAE, 0xFC, 0xAE, 0xFC, 0xAE, 0xFC,
    0xAE, 0xFC, 0xAE, 0xFC, 0xAE, 0xFC, 0xAE, 0xFC, 0xAE, 0xFC, 0xAE, 0xFC, 0xAE, 0xFC, 0xAE, 0xFC, 0xAE, 0xFC, 0xAE, 0xFC, 0xAE, 0xFC, 0xAE, 0xFC,
    0xAE, 0xFC, 0xAE, 0xFC, 0xAE, 0xFC, 0xAE, 0xFC, 0xAE, 0xFC, 0xAE, 0xFC, 0xAE, 0xFC, 0xAE, 0xFC, 0xAE, 0xFC, 0xAE, 0xFC, 0xAE, 0xFC, 0xAE, 0xFC,
    0xAE, 0xFC, 0xAE, 0xFC, 0xAE, 0xFC, 0xAE, 0xFC, 0xAE, 0xFC, 0xAE, 0xFC, 0xAE, 0xFC, 0xAE, 0xFC, 0xAE, 0xFC, 0xAE, 0xFC, 0xAE, 0xFC, 0xAE, 0xFC,
    0xAE, 0xFC, 0xAE, 0xFC, 0xAE, 0xFC, 0xAE, 0xFC, 0xAE, 0xFC, 0xAE, 0xFC, 0xAE, 0xFC, 0xAE, 0xFC, 0xAE, 0xFC, 0xAE, 0xFC, 0xAE, 0xFC, 0xAE, 0xFC,
    0xAE, 0xFC, 0xAE, 0xFC, 0xAE, 0xFC, 0xAE, 0xFC, 0xAE, 0xFC, 0xAE, 0xFC, 0xAE, 0xFC, 0xAE, 0xFC, 0xAE, 0xFC, 0xAE, 0xFC, 0xAE, 0xFC, 0xAE, 0xFC,
    0xAE, 0xFC, 0xAE, 0xFC, 0xAE, 0xFC, 0xAE, 0xFC, 0xAE, 0xFC, 0xAE, 0xFC, 0xAE, 0xFC, 0xAE, 0xFC, 0xAE, 0xFC, 0xAE, 0xFC, 0xAE, 0xFC, 0xAE, 0xFC,
    0xAE, 0xFC, 0xAE, 0xFC, 0xAE, 0xFC, 0xAE, 0xFC, 0xAE, 0xFC, 0xAE, 0xFC, 0xAE, 0xFC, 0xAE, 0xFC, 0xAE, 0xFC, 0xAE, 0xFC, 0xAE, 0xFC, 0xAE, 0xFC,
    0xAE, 0xFC, 0xAE, 0xFC, 0xAE, 0xFC, 0xAE, 0xFC, 0xAE, 0xFC, 0xAE, 0xFC, 0xAE, 0xFC, 0xAE, 0xFC, 0xAE, 0xFC, 0xAE, 0xFC, 0xAE, 0xFC, 0xAE, 0xFC,
    0xAE, 0xFC, 0xAE, 0xFC, 0xAE, 0xFC, 0xAE, 0xFC, 0xAE, 0xFC, 0xAE, 0xFC, 0xAE, 0xFC, 0xAE, 0xFC, 0xAE, 0xFC, 0xAE, 0xFC, 0xAE, 0xFC, 0xAE, 0xFC,
    0xAE, 0xFC, 0xAE, 0xFC, 0xAE, 0xFC, 0xAE, 0xFC, 0xAE, 0xFC, 0xAE, 0xFC, 0xAE, 0xFC, 0xAE, 0xFC, 0xAE, 0xFC, 0xAE, 0xFC, 0xAE, 0xFC, 0xAE, 0xFC,
    0xAE, 0xFC, 0xAE, 0xFC, 0xAE, 0xFC, 0xAE, 0xFC, 0xAE, 0xFC, 0xAE, 0xFC, 0xAE, 0xFC, 0xAE, 0xFC, 0xAE, 0xFC, 0xAE, 0xFC, 0xAE, 0xFC, 0xAE, 0xFC,
    0xAE, 0xFC, 0xAE, 0xFC, 0xAE, 0xFC, 0xAE, 0xFC, 0xD7, 0xBF, 0xCF, 0x7F, 0xC7, 0x5E, 0xCF, 0x5E, 0xCF, 0x5E, 0xCF, 0x5E, 0xCF, 0x5E, 0xCF, 0x5E,
    0xC7, 0x5E, 0xC7, 0x3E, 0xC7, 0x3E, 0xC7, 0x5E, 0xC7, 0x3E, 0xC7, 0x3E, 0xC7, 0x3E, 0xC7, 0x3E, 0xC7, 0x3E, 0xC7, 0x3E, 0xC7, 0x3E, 0xC7, 0x3E,
    0xC7, 0x3E, 0xC7, 0x3E, 0xC7, 0x3E, 0xC7, 0x3E, 0xC7, 0x3E, 0xC7, 0x3E, 0xC7, 0x3E, 0xC7, 0x3E, 0xC7, 0x5E, 0xC7, 0x5E, 0xC7, 0x3E, 0xC7, 0x3E,
    0xC7, 0x3E, 0xC7, 0x3E, 0xC7, 0x3E, 0xC7, 0x3E, 0xC7, 0x3E, 0xC7, 0x3E, 0xC7, 0x3E, 0xC7, 0x3E, 0xC7, 0x3E, 0xC7, 0x3E, 0xC7, 0x3E, 0xC7, 0x3E,
    0xC7, 0x3E, 0xC7, 0x3E, 0xC7, 0x3E, 0xC7, 0x3E, 0xC7, 0x3E, 0xC7, 0x3E, 0xC7, 0x3E, 0xC7, 0x3E, 0xC7, 0x3E, 0xC7, 0x3E, 0xC7, 0x3E, 0xC7, 0x3E,
    0xC7, 0x3E, 0xC7, 0x3E, 0xC7, 0x3E, 0xC7, 0x3E, 0xC7, 0x3E, 0xC7, 0x3E, 0xC7, 0x3E, 0xC7, 0x3E, 0xC7, 0x3E, 0xC7, 0x3E, 0xC7, 0x3E, 0xC7, 0x3E,
    0xC7, 0x3E, 0xC7, 0x3E, 0xC7, 0x3E, 0xC7, 0x3E, 0xC7, 0x3E, 0xC7, 0x3E, 0xC7, 0x5E, 0xC7, 0x5E, 0xC7, 0x5E, 0xC7, 0x5F, 0xC7, 0x5E, 0xC7, 0x5F,
    0xCF, 0x5F, 0xD7, 0xDF, 0xDF, 0x9E, 0xAE, 0xFC, 0xAE, 0xFC, 0xAE, 0xFC, 0xAE, 0xFC, 0xAE, 0xFC, 0xAE, 0xFC, 0xAE, 0xFC, 0xAE, 0xFC, 0xAE, 0xFC,
    0xAE, 0xFC, 0xAE, 0xFC, 0xAE, 0xFC, 0xAE, 0xFC, 0xAE, 0xFC, 0xAE, 0xFC, 0xAE, 0xFC, 0xAE, 0xFC, 0xAE, 0xFC, 0xAE, 0xFC, 0xAE, 0xFC, 0xAE, 0xFC,
    0xAE, 0xFC, 0xAE, 0xFC, 0xAE, 0xFC, 0xAE, 0xFC, 0xAE, 0xFC, 0xAE, 0xFC, 0xAE, 0xFC, 0xAE, 0xFC, 0xAE, 0xFC, 0xAE, 0xFC, 0xAE, 0xFC, 0xAE, 0xFC,
    0xAE, 0xFC, 0xAE, 0xFC, 0xAE, 0xFC, 0xAE, 0xFC, 0xAE, 0xFC, 0xAE, 0xFC, 0xAE, 0xFC, 0xAE, 0xFC, 0xAE, 0xFC, 0xAE, 0xFC, 0xAE, 0xFC, 0xAE, 0xFC,
    0xAE, 0xFC, 0xAE, 0xFC, 0xAE, 0xFC, 0xAE, 0xFC, 0xAE, 0xFC, 0xAE, 0xFC, 0xAE, 0xFC, 0xAE, 0xFC, 0xAE, 0xFC, 0xAE, 0xFC, 0xAE, 0xFC, 0xAE, 0xFC,
    0xAE, 0xFC, 0xAE, 0xFC, 0xAE, 0xFC, 0xAE, 0xFC, 0xAE, 0xFC, 0xAE, 0xFC, 0xAE, 0xFC, 0xAE, 0xFC, 0xAE, 0xFC, 0xAE, 0xFC, 0xAE, 0xFC, 0xAE, 0xFC,
    0xAE, 0xFC, 0xAE, 0xFC, 0xAE, 0xFC, 0xAE, 0xFC, 0xAE, 0xFC, 0xAE, 0xFC, 0xAE, 0xFC, 0xAE, 0xFC, 0xAE, 0xFC, 0xAE, 0xFC, 0xAE, 0xFC, 0xAE, 0xFC,
    0xAE, 0xFC, 0xAE, 0xFC, 0xAE, 0xFC, 0xAE, 0xFC, 0xAE, 0xFC, 0xAE, 0xFC, 0xAE, 0xFC, 0xAE, 0xFC, 0xAE, 0xFC, 0xAE, 0xFC, 0xAE, 0xFC, 0xAE, 0xFC,
    0xAE, 0xFC, 0xAE, 0xFC, 0xAE, 0xFC, 0xAE, 0xFC, 0xAE, 0xFC, 0xAE, 0xFC, 0xAE, 0xFC, 0xAE, 0xFC, 0xAE, 0xFC, 0xAE, 0xFC, 0xAE, 0xFC, 0xAE, 0xFC,
    0xAE, 0xFC, 0xAE, 0xFC, 0xAE, 0xFC, 0xAE, 0xFC, 0xAE, 0xFC, 0xAE, 0xFC, 0xAE, 0xFC, 0xAE, 0xFC, 0xAE, 0xFC, 0xAE, 0xFC, 0xAE, 0xFC, 0xAE, 0xFC,
    0xAE, 0xFC, 0xAE, 0xFC, 0xAE, 0xFC, 0xAE, 0xFC, 0xAE, 0xFC, 0xAE, 0xFC, 0xAE, 0xFC, 0xAE, 0xFC, 0xAE, 0xFC, 0xAE, 0xFC, 0xAE, 0xFC, 0xAE, 0xFC,
    0xAE, 0xFC, 0xAE, 0xFC, 0xAE, 0xFC, 0xAE, 0xFC, 0xAE, 0xFC, 0xAE, 0xFC, 0xAE, 0xFC, 0xAE, 0xFC, 0xAE, 0xFC, 0xAE, 0xFC, 0xAE, 0xFC, 0xAE, 0xFC,
    0xAE, 0xFC, 0xAE, 0xFC, 0xAE, 0xFC, 0xAE, 0xFC, 0xAE, 0xFC, 0xAE, 0xFC, 0xAE, 0xFC, 0xAE, 0xFC, 0xAE, 0xFC, 0xAE, 0xFC, 0xAE, 0xFC, 0xAE, 0xFC,
    0xAE, 0xFC, 0xAE, 0xFC, 0xAE, 0xFC, 0xB7, 0x1D, 0xCF, 0x5E, 0xCF, 0x5F, 0xCF, 0x5F, 0xCF, 0x5F, 0xCF, 0x5E, 0xCF, 0x5F, 0xCF, 0x5F, 0xC7, 0x5E,
    0xCF, 0x5E, 0xCF, 0x5E, 0xC7, 0x3E, 0xC7, 0x5E, 0xC7, 0x3E, 0xC7, 0x3E, 0xC7, 0x3E, 0xC7, 0x3E, 0xC7, 0x3E, 0xC7, 0x3E, 0xC7, 0x3E, 0xC7, 0x3E,
    0xC7, 0x3E, 0xC7, 0x3E, 0xC7, 0x3E, 0xC7, 0x3E, 0xC7, 0x5E, 0xC7, 0x3E, 0xC7, 0x5E, 0xC7, 0x3E, 0xC7, 0x3E, 0xCF, 0x5E, 0xC7, 0x5E, 0xC7, 0x5E,
    0xC7, 0x5E, 0xC7, 0x3E, 0xC7, 0x3E, 0xC7, 0x3E, 0xC7, 0x3E, 0xC7, 0x3E, 0xC7, 0x3F, 0xC7, 0x3E, 0xC7, 0x3E, 0xC7, 0x3E, 0xCF, 0x3E, 0xC7, 0x3E,
    0xC7, 0x3E, 0xC7, 0x3E, 0xC7, 0x3E, 0xC7, 0x3E, 0xC7, 0x3E, 0xC7, 0x3E, 0xC7, 0x3E, 0xC7, 0x3E, 0xC7, 0x3E, 0xC7, 0x3E, 0xC7, 0x5E, 0xC7, 0x3E,
    0xC7, 0x3E, 0xC7, 0x3E, 0xC7, 0x3E, 0xC7, 0x3E, 0xC7, 0x3E, 0xC7, 0x3E, 0xC7, 0x3E, 0xC7, 0x3E, 0xC7, 0x3E, 0xC7, 0x3E, 0xC7, 0x3E, 0xC7, 0x3E,
    0xC7, 0x3E, 0xC7, 0x3E, 0xC7, 0x3E, 0xC7, 0x3E, 0xC7, 0x3E, 0xC7, 0x3F, 0xC7, 0x3E, 0xC7, 0x3E, 0xC7, 0x5F, 0xC7, 0x5E, 0xC7, 0x5E, 0xC7, 0x5E,
    0xCF, 0x5E, 0xD7, 0xBF, 0xE7, 0xBE, 0xAE, 0xFC, 0xAE, 0xFC, 0xAE, 0xFC, 0xAE, 0xFC, 0xAE, 0xFC, 0xAE, 0xFC, 0xAE, 0xFC, 0xAE, 0xFC, 0xAE, 0xFC,
    0xAE, 0xFC, 0xAE, 0xFC, 0xAE, 0xFC, 0xAE, 0xFC, 0xAE, 0xFC, 0xAE, 0xFC, 0xAE, 0xFC, 0xAE, 0xFC, 0xAE, 0xFC, 0xAE, 0xFC, 0xAE, 0xFC, 0xAE, 0xFC,
    0xAE, 0xFC, 0xAE, 0xFC, 0xAE, 0xFC, 0xAE, 0xFC, 0xAE, 0xFC, 0xAE, 0xFC, 0xAE, 0xFC, 0xAE, 0xFC, 0xAE, 0xFC, 0xAE, 0xFC, 0xAE, 0xFC, 0xAE, 0xFC,
    0xAE, 0xFC, 0xAE, 0xFC, 0xAE, 0xFC, 0xAE, 0xFC, 0xAE, 0xFC, 0xAE, 0xFC, 0xAE, 0xFC, 0xAE, 0xFC, 0xAE, 0xFC, 0xAE, 0xFC, 0xAE, 0xFC, 0xAE, 0xFC,
    0xAE, 0xFC, 0xAE, 0xFC, 0xAE, 0xFC, 0xAE, 0xFC, 0xAE, 0xFC, 0xAE, 0xFC, 0xAE, 0xFC, 0xAE, 0xFC, 0xAE, 0xFC, 0xAE, 0xFC, 0xAE, 0xFC, 0xAE, 0xFC,
    0xAE, 0xFC, 0xAE, 0xFC, 0xAE, 0xFC, 0xAE, 0xFC, 0xAE, 0xFC, 0xAE, 0xFC, 0xAE, 0xFC, 0xAE, 0xFC, 0xAE, 0xFC, 0xAE, 0xFC, 0xAE, 0xFC, 0xAE, 0xFC,
    0xAE, 0xFC, 0xAE, 0xFC, 0xAE, 0xFC, 0xAE, 0xFC, 0xAE, 0xFC, 0xAE, 0xFC, 0xAE, 0xFC, 0xAE, 0xFC, 0xAE, 0xFC, 0xAE, 0xFC, 0xAE, 0xFC, 0xAE, 0xFC,
    0xAE, 0xFC, 0xAE, 0xFC, 0xAE, 0xFC, 0xAE, 0xFC, 0xAE, 0xFC, 0xAE, 0xFC, 0xAE, 0xFC, 0xAE, 0xFC, 0xAE, 0xFC, 0xAE, 0xFC, 0xAE, 0xFC, 0xAE, 0xFC,
    0xAE, 0xFC, 0xAE, 0xFC, 0xAE, 0xFC, 0xAE, 0xFC, 0xAE, 0xFC, 0xAE, 0xFC, 0xAE, 0xFC, 0xAE, 0xFC, 0xAE, 0xFC, 0xAE, 0xFC, 0xAE, 0xFC, 0xAE, 0xFC,
    0xAE, 0xFC, 0xAE, 0xFC, 0xAE, 0xFC, 0xAE, 0xFC, 0xAE, 0xFC, 0xAE, 0xFC, 0xAE, 0xFC, 0xAE, 0xFC, 0xAE, 0xFC, 0xAE, 0xFC, 0xAE, 0xFC, 0xAE, 0xFC,
    0xAE, 0xFC, 0xAE, 0xFC, 0xAE, 0xFC, 0xAE, 0xFC, 0xAE, 0xFC, 0xAE, 0xFC, 0xAE, 0xFC, 0xAE, 0xFC, 0xAE, 0xFC, 0xAE, 0xFC, 0xAE, 0xFC, 0xAE, 0xFC,
    0xAE, 0xFC, 0xAE, 0xFC, 0xAE, 0xFC, 0xAE, 0xFC, 0xAE, 0xFC, 0xAE, 0xFC, 0xAE, 0xFC, 0xAE, 0xFC, 0xAE, 0xFC, 0xAE, 0xFC, 0xAE, 0xFC, 0xAE, 0xFC,
    0xAE, 0xFC, 0xAE, 0xFC, 0xAE, 0xFC, 0xAE, 0xFC, 0xAE, 0xFC, 0xAE, 0xFC, 0xAE, 0xFC, 0xAE, 0xFC, 0xAE, 0xFC, 0xAE, 0xFC, 0xAE, 0xFC, 0xAE, 0xFC,
    0xAE, 0xFC, 0xAE, 0xFC, 0xAE, 0xFC, 0xB7, 0x1D, 0xCF, 0x7E, 0xCF, 0x5F, 0xCF, 0x5E, 0xCF, 0x5F, 0xCF, 0x5E, 0xCF, 0x5F, 0xCF, 0x5F, 0xCF, 0x5E,
    0xCF, 0x5E, 0xCF, 0x5E, 0xCF, 0x5E, 0xCF, 0x5E, 0xC7, 0x3E, 0xC7, 0x3E, 0xC7, 0x3E, 0xC7, 0x3E, 0xC7, 0x3E, 0xC7, 0x3E, 0xC7, 0x3E, 0xC7, 0x3E,
    0xC7, 0x3E, 0xC7, 0x3E, 0xC7, 0x3E, 0xC7, 0x3E, 0xC7, 0x3E, 0xC7, 0x3E, 0xC7, 0x5E, 0xC7, 0x5E, 0xC7, 0x5E, 0xCF, 0x5E, 0xCF, 0x5E, 0xC7, 0x5E,
    0xCF, 0x5E, 0xC7, 0x5E, 0xC7, 0x3E, 0xC7, 0x3E, 0xC7, 0x3E, 0xC7, 0x3E, 0xC7, 0x3E, 0xC7, 0x3E, 0xC7, 0x3E, 0xC7, 0x3E, 0xC7, 0x3E, 0xC7, 0x3E,
    0xC7, 0x3E, 0xC7, 0x3E, 0xC7, 0x3E, 0xC7, 0x3E, 0xC7, 0x3E, 0xC7, 0x3E, 0xC7, 0x3E, 0xC7, 0x3E, 0xC7, 0x3E, 0xC7, 0x3E, 0xC7, 0x3E, 0xC7, 0x3E,
    0xC7, 0x3E, 0xC7, 0x3E, 0xC7, 0x3E, 0xC7, 0x3E, 0xC7, 0x3E, 0xC7, 0x3E, 0xC7, 0x3E, 0xC7, 0x3E, 0xC7, 0x3E, 0xC7, 0x3E, 0xC7, 0x3E, 0xC7, 0x3E,
    0xC7, 0x3E, 0xC7, 0x3E, 0xC7, 0x3E, 0xC7, 0x3E, 0xC7, 0x3E, 0xC7, 0x3E, 0xC7, 0x3E, 0xC7, 0x3E, 0xC7, 0x3E, 0xC7, 0x5E, 0xC7, 0x5E, 0xC7, 0x5E,
    0xCF, 0x5E, 0xD7, 0xBF, 0xE7, 0xBF, 0xAE, 0xFC, 0xAE, 0xFC, 0xAE, 0xFC, 0xAE, 0xFC, 0xAE, 0xFC, 0xAE, 0xFC, 0xAE, 0xFC, 0xAE, 0xFC, 0xAE, 0xFC,
    0xAE, 0xFC, 0xAE, 0xFC, 0xAE, 0xFC, 0xAE, 0xFC, 0xAE, 0xFC, 0xAE, 0xFC, 0xAE, 0xFC, 0xAE, 0xFC, 0xAE, 0xFC, 0xAE, 0xFC, 0xAE, 0xFC, 0xAE, 0xFC,
    0xAE, 0xFC, 0xAE, 0xFC, 0xAE, 0xFC, 0xAE, 0xFC, 0xAE, 0xFC, 0xAE, 0xFC, 0xAE, 0xFC, 0xAE, 0xFC, 0xAE, 0xFC, 0xAE, 0xFC, 0xAE, 0xFC, 0xAE, 0xFC,
    0xAE, 0xFC, 0xAE, 0xFC, 0xAE, 0xFC, 0xAE, 0xFC, 0xAE, 0xFC, 0xAE, 0xFC, 0xAE, 0xFC, 0xAE, 0xFC, 0xAE, 0xFC, 0xAE, 0xFC, 0xAE, 0xFC, 0xAE, 0xFC,
    0xAE, 0xFC, 0xAE, 0xFC, 0xAE, 0xFC, 0xAE, 0xFC, 0xAE, 0xFC, 0xAE, 0xFC, 0xAE, 0xFC, 0xAE, 0xFC, 0xAE, 0xFC, 0xAE, 0xFC, 0xAE, 0xFC, 0xAE, 0xFC,
    0xAE, 0xFC, 0xAE, 0xFC, 0xAE, 0xFC, 0xAE, 0xFC, 0xAE, 0xFC, 0xAE, 0xFC, 0xAE, 0xFC, 0xAE, 0xFC, 0xAE, 0xFC, 0xAE, 0xFC, 0xAE, 0xFC, 0xAE, 0xFC,
    0xAE, 0xFC, 0xAE, 0xFC, 0xAE, 0xFC, 0xAE, 0xFC, 0xAE, 0xFC, 0xAE, 0xFC, 0xAE, 0xFC, 0xAE, 0xFC, 0xAE, 0xFC, 0xAE, 0xFC, 0xAE, 0xFC, 0xAE, 0xFC,
    0xAE, 0xFC, 0xAE, 0xFC, 0xAE, 0xFC, 0xAE, 0xFC, 0xAE, 0xFC, 0xAE, 0xFC, 0xAE, 0xFC, 0xAE, 0xFC, 0xAE, 0xFC, 0xAE, 0xFC, 0xAE, 0xFC, 0xAE, 0xFC,
    0xAE, 0xFC, 0xAE, 0xFC, 0xAE, 0xFC, 0xAE, 0xFC, 0xAE, 0xFC, 0xAE, 0xFC, 0xAE, 0xFC, 0xAE, 0xFC, 0xAE, 0xFC, 0xAE, 0xFC, 0xAE, 0xFC, 0xAE, 0xFC,
    0xAE, 0xFC, 0xAE, 0xFC, 0xAE, 0xFC, 0xAE, 0xFC, 0xAE, 0xFC, 0xAE, 0xFC, 0xAE, 0xFC, 0xAE, 0xFC, 0xAE, 0xFC, 0xAE, 0xFC, 0xAE, 0xFC, 0xAE, 0xFC,
    0xAE, 0xFC, 0xAE, 0xFC, 0xAE, 0xFC, 0xAE, 0xFC, 0xAE, 0xFC, 0xAE, 0xFC, 0xAE, 0xFC, 0xAE, 0xFC, 0xAE, 0xFC, 0xAE, 0xFC, 0xAE, 0xFC, 0xAE, 0xFC,
    0xAE, 0xFC, 0xAE, 0xFC, 0xAE, 0xFC, 0xAE, 0xFC, 0xAE, 0xFC, 0xAE, 0xFC, 0xAE, 0xFC, 0xAE, 0xFC, 0xAE, 0xFC, 0xAE, 0xFC, 0xAE, 0xFC, 0xAE, 0xFC,
    0xAE, 0xFC, 0xAE, 0xFC, 0xAE, 0xFC, 0xAE, 0xFC, 0xAE, 0xFC, 0xAE, 0xFC, 0xAE, 0xFC, 0xAE, 0xFC, 0xAE, 0xFC, 0xAE, 0xFC, 0xAE, 0xFC, 0xAE, 0xFC,
    0xAE, 0xFC, 0xAE, 0xFC, 0xAE, 0xFC, 0xAE, 0xFC, 0xDF, 0xDF, 0xCF, 0x9F, 0xCF, 0x5E, 0xCF, 0x5E, 0xCF, 0x5F, 0xCF, 0x5F, 0xCF, 0x5F, 0xCF, 0x5F,
    0xCF, 0x5E, 0xCF, 0x5E, 0xCF, 0x5E, 0xCF, 0x5E, 0xC7, 0x3E, 0xC7, 0x3E, 0xC7, 0x3E, 0xC7, 0x3E, 0xC7, 0x3E, 0xC7, 0x3E, 0xC7, 0x3E, 0xC7, 0x3E,
    0xC7, 0x3E, 0xC7, 0x3E, 0xC7, 0x3E, 0xC7, 0x3E, 0xC7, 0x3E, 0xC7, 0x5E, 0xC7, 0x5E, 0xC7, 0x5E, 0xC7, 0x5E, 0xCF, 0x5E, 0xCF, 0x5E, 0xCF, 0x5E,
    0xCF, 0x5E, 0xCF, 0x5E, 0xC7, 0x3E, 0xC7, 0x3E, 0xC7, 0x3E, 0xC7, 0x3E, 0xC7, 0x3E, 0xC7, 0x3E, 0xC7, 0x3E, 0xC7, 0x3E, 0xC7, 0x3E, 0xC7, 0x3E,
    0xC7, 0x3E, 0xC7, 0x3E, 0xC7, 0x3E, 0xC7, 0x3E, 0xC7, 0x3E, 0xC7, 0x3E, 0xC7, 0x3E, 0xC7, 0x3E, 0xC7, 0x3E, 0xC7, 0x3E, 0xC7, 0x3E, 0xC7, 0x3E,
    0xC7, 0x3E, 0xC7, 0x3E, 0xC7, 0x3E, 0xC7, 0x3E, 0xC7, 0x3E, 0xC7, 0x3E, 0xC7, 0x3E, 0xC7, 0x3E, 0xC7, 0x3E, 0xC7, 0x3E, 0xC7, 0x3E, 0xC7, 0x3E,
    0xC7, 0x3E, 0xC7, 0x3E, 0xC7, 0x3E, 0xC7, 0x3E, 0xC7, 0x3E, 0xC7, 0x3E, 0xC7, 0x3E, 0xC7, 0x3E, 0xC7, 0x3E, 0xC7, 0x5F, 0xC7, 0x5E, 0xC7, 0x3E,
    0xCF, 0x5F, 0xD7, 0xDF, 0xDF, 0x9E, 0xAE, 0xFC, 0xAE, 0xFC, 0xAE, 0xFC, 0xAE, 0xFC, 0xAE, 0xFC, 0xAE, 0xFC, 0xAE, 0xFC, 0xAE, 0xFC, 0xAE, 0xFC,
    0xAE, 0xFC, 0xAE, 0xFC, 0xAE, 0xFC, 0xAE, 0xFC, 0xAE, 0xFC, 0xAE, 0xFC, 0xAE, 0xFC, 0xAE, 0xFC, 0xAE, 0xFC, 0xAE, 0xFC, 0xAE, 0xFC, 0xAE, 0xFC,
    0xAE, 0xFC, 0xAE, 0xFC, 0xAE, 0xFC, 0xAE, 0xFC, 0xAE, 0xFC, 0xAE, 0xFC, 0xAE, 0xFC, 0xAE, 0xFC, 0xAE, 0xFC, 0xAE, 0xFC, 0xAE, 0xFC, 0xAE, 0xFC,
    0xAE, 0xFC, 0xAE, 0xFC, 0xAE, 0xFC, 0xAE, 0xFC, 0xAE, 0xFC, 0xAE, 0xFC, 0xAE, 0xFC, 0xAE, 0xFC, 0xAE, 0xFC, 0xAE, 0xFC, 0xAE, 0xFC, 0xAE, 0xFC,
    0xAE, 0xFC, 0xAE, 0xFC, 0xAE, 0xFC, 0xAE, 0xFC, 0xAE, 0xFC, 0xAE, 0xFC, 0xAE, 0xFC, 0xAE, 0xFC, 0xAE, 0xFC, 0xAE, 0xFC, 0xAE, 0xFC, 0xAE, 0xFC,
    0xAE, 0xFC, 0xAE, 0xFC, 0xAE, 0xFC, 0xAE, 0xFC, 0xAE, 0xFC, 0xAE, 0xFC, 0xAE, 0xFC, 0xAE, 0xFC, 0xAE, 0xFC, 0xAE, 0xFC, 0xAE, 0xFC, 0xAE, 0xFC,
    0xAE, 0xFC, 0xAE, 0xFC, 0xAE, 0xFC, 0xAE, 0xFC, 0xAE, 0xFC, 0xAE, 0xFC, 0xAE, 0xFC, 0xAE, 0xFC, 0xAE, 0xFC, 0xAE, 0xFC, 0xAE, 0xFC, 0xAE, 0xFC,
    0xAE, 0xFC, 0xAE, 0xFC, 0xAE, 0xFC, 0xAE, 0xFC, 0xAE, 0xFC, 0xAE, 0xFC, 0xAE, 0xFC, 0xAE, 0xFC, 0xAE, 0xFC, 0xAE, 0xFC, 0xAE, 0xFC, 0xAE, 0xFC,
    0xAE, 0xFC, 0xAE, 0xFC, 0xAE, 0xFC, 0xAE, 0xFC, 0xAE, 0xFC, 0xAE, 0xFC, 0xAE, 0xFC, 0xAE, 0xFC, 0xAE, 0xFC, 0xAE, 0xFC, 0xAE, 0xFC, 0xAE, 0xFC,
    0xAE, 0xFC, 0xAE, 0xFC, 0xAE, 0xFC, 0xAE, 0xFC, 0xAE, 0xFC, 0xAE, 0xFC, 0xAE, 0xFC, 0xAE, 0xFC, 0xAE, 0xFC, 0xAE, 0xFC, 0xAE, 0xFC, 0xAE, 0xFC,
    0xAE, 0xFC, 0xAE, 0xFC, 0xAE, 0xFC, 0xAE, 0xFC, 0xAE, 0xFC, 0xAE, 0xFC, 0xAE, 0xFC, 0xAE, 0xFC, 0xAE, 0xFC, 0xAE, 0xFC, 0xAE, 0xFC, 0xAE, 0xFC,
    0xAE, 0xFC, 0xAE, 0xFC, 0xAE, 0xFC, 0xAE, 0xFC, 0xAE, 0xFC, 0xAE, 0xFC, 0xAE, 0xFC, 0xAE, 0xFC, 0xAE, 0xFC, 0xAE, 0xFC, 0xAE, 0xFC, 0xAE, 0xFC,
    0xAE, 0xFC, 0xAE, 0xFC, 0xAE, 0xFC, 0xAE, 0xFC, 0xAE, 0xFC, 0xAE, 0xFC, 0xAE, 0xFC, 0xAE, 0xFC, 0xAE, 0xFC, 0xAE, 0xFC, 0xAE, 0xFC, 0xAE, 0xFC,
    0xAE, 0xFC, 0xAE, 0xFC, 0xAE, 0xFC, 0xAE, 0xFC, 0xE7, 0x9E, 0xDF, 0xDF, 0xCF, 0x5F, 0xCF, 0x5F, 0xCF, 0x5E, 0xCF, 0x5F, 0xCF, 0x5E, 0xCF, 0x5E,
    0xCF, 0x5E, 0xCF, 0x5E, 0xCF, 0x5F, 0xCF, 0x5E, 0xC7, 0x3E, 0xC7, 0x3E, 0xC7, 0x3E, 0xC7, 0x3E, 0xC7, 0x3E, 0xC7, 0x3E, 0xC7, 0x3E, 0xC7, 0x3E,
    0xC7, 0x3E, 0xC7, 0x3E, 0xC7, 0x3E, 0xC7, 0x3E, 0xC7, 0x5E, 0xC7, 0x5E, 0xC7, 0x5E, 0xC7, 0x5E, 0xCF, 0x5F, 0xC7, 0x5E, 0xCF, 0x5F, 0xCF, 0x5E,
    0xCF, 0x5E, 0xCF, 0x5E, 0xCF, 0x5E, 0xC7, 0x5E, 0xC7, 0x3E, 0xC7, 0x3E, 0xC7, 0x3E, 0xC7, 0x3E, 0xC7, 0x3E, 0xC7, 0x5E, 0xC7, 0x3E, 0xC7, 0x3E,
    0xC7, 0x3E, 0xC7, 0x3E, 0xC7, 0x3E, 0xC7, 0x3E, 0xC7, 0x3E, 0xC7, 0x3E, 0xC7, 0x3E, 0xC7, 0x3E, 0xC7, 0x3E, 0xC7, 0x3E, 0xC7, 0x3E, 0xC7, 0x3E,
    0xC7, 0x3E, 0xC7, 0x3E, 0xC7, 0x3E, 0xC7, 0x3E, 0xC7, 0x3E, 0xC7, 0x3E, 0xC7, 0x3E, 0xC7, 0x3E, 0xC7, 0x3E, 0xC7, 0x3E, 0xC7, 0x3E, 0xC7, 0x3E,
    0xC7, 0x3E, 0xC7, 0x3E, 0xC7, 0x3E, 0xC7, 0x3E, 0xC7, 0x3E, 0xC7, 0x3E, 0xC7, 0x3E, 0xC7, 0x3E, 0xC7, 0x3E, 0xC7, 0x3E, 0xC7, 0x3E, 0xC7, 0x3E,
    0xC7, 0x5F, 0xD7, 0xBF, 0xCF, 0x5D, 0xAE, 0xFC, 0xAE, 0xFC, 0xAE, 0xFC, 0xAE, 0xFC, 0xAE, 0xFC, 0xAE, 0xFC, 0xAE, 0xFC, 0xAE, 0xFC, 0xAE, 0xFC,
    0xAE, 0xFC, 0xAE, 0xFC, 0xAE, 0xFC, 0xAE, 0xFC, 0xAE, 0xFC, 0xAE, 0xFC, 0xAE, 0xFC, 0xAE, 0xFC, 0xAE, 0xFC, 0xAE, 0xFC, 0xAE, 0xFC, 0xAE, 0xFC,
    0xAE, 0xFC, 0xAE, 0xFC, 0xAE, 0xFC, 0xAE, 0xFC, 0xAE, 0xFC, 0xAE, 0xFC, 0xAE, 0xFC, 0xAE, 0xFC, 0xAE, 0xFC, 0xAE, 0xFC, 0xAE, 0xFC, 0xAE, 0xFC,
    0xAE, 0xFC, 0xAE, 0xFC, 0xAE, 0xFC, 0xAE, 0xFC, 0xAE, 0xFC, 0xAE, 0xFC, 0xAE, 0xFC, 0xAE, 0xFC, 0xAE, 0xFC, 0xAE, 0xFC, 0xAE, 0xFC, 0xAE, 0xFC,
    0xAE, 0xFC, 0xAE, 0xFC, 0xAE, 0xFC, 0xAE, 0xFC, 0xAE, 0xFC, 0xAE, 0xFC, 0xAE, 0xFC, 0xAE, 0xFC, 0xAE, 0xFC, 0xAE, 0xFC, 0xAE, 0xFC, 0xAE, 0xFC,
    0xAE, 0xFC, 0xAE, 0xFC, 0xAE, 0xFC, 0xAE, 0xFC, 0xAE, 0xFC, 0xAE, 0xFC, 0xAE, 0xFC, 0xAE, 0xFC, 0xAE, 0xFC, 0xAE, 0xFC, 0xAE, 0xFC, 0xAE, 0xFC,
    0xAE, 0xFC, 0xAE, 0xFC, 0xAE, 0xFC, 0xAE, 0xFC, 0xAE, 0xFC, 0xAE, 0xFC, 0xAE, 0xFC, 0xAE, 0xFC, 0xAE, 0xFC, 0xAE, 0xFC, 0xAE, 0xFC, 0xAE, 0xFC,
    0xAE, 0xFC, 0xAE, 0xFC, 0xAE, 0xFC, 0xAE, 0xFC, 0xAE, 0xFC, 0xAE, 0xFC, 0xAE, 0xFC, 0xAE, 0xFC, 0xAE, 0xFC, 0xAE, 0xFC, 0xAE, 0xFC, 0xAE, 0xFC,
    0xAE, 0xFC, 0xAE, 0xFC, 0xAE, 0xFC, 0xAE, 0xFC, 0xAE, 0xFC, 0xAE, 0xFC, 0xAE, 0xFC, 0xAE, 0xFC, 0xAE, 0xFC, 0xAE, 0xFC, 0xAE, 0xFC, 0xAE, 0xFC,
    0xAE, 0xFC, 0xAE, 0xFC, 0xAE, 0xFC, 0xAE, 0xFC, 0xAE, 0xFC, 0xAE, 0xFC, 0xAE, 0xFC, 0xAE, 0xFC, 0xAE, 0xFC, 0xAE, 0xFC, 0xAE, 0xFC, 0xAE, 0xFC,
    0xAE, 0xFC, 0xAE, 0xFC, 0xAE, 0xFC, 0xAE, 0xFC, 0xAE, 0xFC, 0xAE, 0xFC, 0xAE, 0xFC, 0xAE, 0xFC, 0xAE, 0xFC, 0xAE, 0xFC, 0xAE, 0xFC, 0xAE, 0xFC,
    0xAE, 0xFC, 0xAE, 0xFC, 0xAE, 0xFC, 0xAE, 0xFC, 0xAE, 0xFC, 0xAE, 0xFC, 0xAE, 0xFC, 0xAE, 0xFC, 0xAE, 0xFC, 0xAE, 0xFC, 0xAE, 0xFC, 0xAE, 0xFC,
    0xAE, 0xFC, 0xAE, 0xFC, 0xAE, 0xFC, 0xAE, 0xFC, 0xAE, 0xFC, 0xAE, 0xFC, 0xAE, 0xFC, 0xAE, 0xFC, 0xAE, 0xFC, 0xAE, 0xFC, 0xAE, 0xFC, 0xAE, 0xFC,
    0xAE, 0xFC, 0xAE, 0xFC, 0xAE, 0xFC, 0xAE, 0xFC, 0xC7, 0x3D, 0xD7, 0x9F, 0xCF, 0x5E, 0xCF, 0x5E, 0xCF, 0x5F, 0xCF, 0x5F, 0xCF, 0x5F, 0xCF, 0x5F,
    0xCF, 0x5E, 0xCF, 0x5E, 0xCF, 0x5E, 0xCF, 0x5E, 0xCF, 0x5E, 0xC7, 0x3E, 0xC7, 0x3E, 0xC7, 0x3E, 0xC7, 0x3E, 0xC7, 0x3E, 0xC7, 0x3E, 0xC7, 0x3E,
    0xC7, 0x3E, 0xC7, 0x3E, 0xC7, 0x3E, 0xC7, 0x3E, 0xC7, 0x3E, 0xC7, 0x5E, 0xCF, 0x5E, 0xC7, 0x5E, 0xC7, 0x5F, 0xCF, 0x5E, 0xCF, 0x5E, 0xCF, 0x5E,
    0xCF, 0x5E, 0xCF, 0x5E, 0xCF, 0x5E, 0xC7, 0x5E, 0xC7, 0x3E, 0xC7, 0x3E, 0xC7, 0x3E, 0xC7, 0x5E, 0xC7, 0x3E, 0xC7, 0x3E, 0xC7, 0x3E, 0xC7, 0x3E,
    0xC7, 0x3E, 0xC7, 0x3E, 0xC7, 0x3E, 0xC7, 0x3E, 0xC7, 0x3E, 0xC7, 0x3E, 0xC7, 0x3E, 0xC7, 0x3E, 0xC7, 0x3E, 0xC7, 0x3E, 0xC7, 0x3E, 0xC7, 0x3E,
    0xC7, 0x3E, 0xC7, 0x3E, 0xC7, 0x3E, 0xC7, 0x3E, 0xC7, 0x3E, 0xC7, 0x3E, 0xC7, 0x3E, 0xC7, 0x3E, 0xC7, 0x3E, 0xC7, 0x3E, 0xC7, 0x3E, 0xC7, 0x3E,
    0xC7, 0x3E, 0xC7, 0x3E, 0xC7, 0x3E, 0xC7, 0x3E, 0xC7, 0x3E, 0xC7, 0x3E, 0xC7, 0x3E, 0xC7, 0x3E, 0xC7, 0x3E, 0xC7, 0x3E, 0xC7, 0x3E, 0xC7, 0x5E,
    0xCF, 0x7F, 0xD7, 0x9F, 0xB6, 0xFD, 0xAE, 0xFC, 0xAE, 0xFC, 0xAE, 0xFC, 0xAE, 0xFC, 0xAE, 0xFC, 0xAE, 0xFC, 0xAE, 0xFC, 0xAE, 0xFC, 0xAE, 0xFC,
    0xAE, 0xFC, 0xAE, 0xFC, 0xAE, 0xFC, 0xAE, 0xFC, 0xAE, 0xFC, 0xAE, 0xFC, 0xAE, 0xFC, 0xAE, 0xFC, 0xAE, 0xFC, 0xAE, 0xFC, 0xAE, 0xFC, 0xAE, 0xFC,
    0xAE, 0xFC, 0xAE, 0xFC, 0xAE, 0xFC, 0xAE, 0xFC, 0xAE, 0xFC, 0xAE, 0xFC, 0xAE, 0xFC, 0xAE, 0xFC, 0xAE, 0xFC, 0xAE, 0xFC, 0xAE, 0xFC, 0xAE, 0xFC,
    0xAE, 0xFC, 0xAE, 0xFC, 0xAE, 0xFC, 0xAE, 0xFC, 0xAE, 0xFC, 0xAE, 0xFC, 0xAE, 0xFC, 0xAE, 0xFC, 0xAE, 0xFC, 0xAE, 0xFC, 0xAE, 0xFC, 0xAE, 0xFC,
    0xAE, 0xFC, 0xAE, 0xFC, 0xAE, 0xFC, 0xAE, 0xFC, 0xAE, 0xFC, 0xAE, 0xFC, 0xAE, 0xFC, 0xAE, 0xFC, 0xAE, 0xFC, 0xAE, 0xFC, 0xAE, 0xFC, 0xAE, 0xFC,
    0xAE, 0xFC, 0xAE, 0xFC, 0xAE, 0xFC, 0xAE, 0xFC, 0xAE, 0xFC, 0xAE, 0xFC, 0xAE, 0xFC, 0xAE, 0xFC, 0xAE, 0xFC, 0xAE, 0xFC, 0xAE, 0xFC, 0xAE, 0xFC,
    0xAE, 0xFC, 0xAE, 0xFC, 0xAE, 0xFC, 0xAE, 0xFC, 0xAE, 0xFC, 0xAE, 0xFC, 0xAE, 0xFC, 0xAE, 0xFC, 0xAE, 0xFC, 0xAE, 0xFC, 0xAE, 0xFC, 0xAE, 0xFC,
    0xAE, 0xFC, 0xAE, 0xFC, 0xAE, 0xFC, 0xAE, 0xFC, 0xAE, 0xFC, 0xAE, 0xFC, 0xAE, 0xFC, 0xAE, 0xFC, 0xAE, 0xFC, 0xAE, 0xFC, 0xAE, 0xFC, 0xAE, 0xFC,
    0xAE, 0xFC, 0xAE, 0xFC, 0xAE, 0xFC, 0xAE, 0xFC, 0xAE, 0xFC, 0xAE, 0xFC, 0xAE, 0xFC, 0xAE, 0xFC, 0xAE, 0xFC, 0xAE, 0xFC, 0xAE, 0xFC, 0xAE, 0xFC,
    0xAE, 0xFC, 0xAE, 0xFC, 0xAE, 0xFC, 0xAE, 0xFC, 0xAE, 0xFC, 0xAE, 0xFC, 0xAE, 0xFC, 0xAE, 0xFC, 0xAE, 0xFC, 0xAE, 0xFC, 0xAE, 0xFC, 0xAE, 0xFC,
    0xAE, 0xFC, 0xAE, 0xFC, 0xAE, 0xFC, 0xAE, 0xFC, 0xAE, 0xFC, 0xAE, 0xFC, 0xAE, 0xFC, 0xAE, 0xFC, 0xAE, 0xFC, 0xAE, 0xFC, 0xAE, 0xFC, 0xAE, 0xFC,
    0xAE, 0xFC, 0xAE, 0xFC, 0xAE, 0xFC, 0xAE, 0xFC, 0xAE, 0xFC, 0xAE, 0xFC, 0xAE, 0xFC, 0xAE, 0xFC, 0xAE, 0xFC, 0xAE, 0xFC, 0xAE, 0xFC, 0xAE, 0xFC,
    0xAE, 0xFC, 0xAE, 0xFC, 0xAE, 0xFC, 0xAE, 0xFC, 0xAE, 0xFC, 0xAE, 0xFC, 0xAE, 0xFC, 0xAE, 0xFC, 0xAE, 0xFC, 0xAE, 0xFC, 0xAE, 0xFC, 0xAE, 0xFC,
    0xAE, 0xFC, 0xAE, 0xFC, 0xAE, 0xFC, 0xAE, 0xFC, 0xAE, 0xFC, 0xE7, 0xBF, 0xD7, 0xDF, 0xCF, 0x5F, 0xCF, 0x5E, 0xCF, 0x5E, 0xCF, 0x5E, 0xCF, 0x5F,
    0xCF, 0x5E, 0xCF, 0x5E, 0xCF, 0x5E, 0xC7, 0x5E, 0xC7, 0x3E, 0xC7, 0x5E, 0xC7, 0x3E, 0xC7, 0x3E, 0xC7, 0x3E, 0xC7, 0x3E, 0xC7, 0x3E, 0xC7, 0x3E,
    0xC7, 0x3E, 0xC7, 0x3E, 0xC7, 0x5E, 0xC7, 0x5E, 0xC7, 0x3E, 0xCF, 0x5E, 0xC7, 0x5E, 0xCF, 0x5E, 0xC7, 0x5E, 0xCF, 0x5E, 0xCF, 0x5F, 0xCF, 0x5E,
    0xCF, 0x5E, 0xCF, 0x5E, 0xCF, 0x3E, 0xC7, 0x3E, 0xC7, 0x5E, 0xC7, 0x3E, 0xC7, 0x3E, 0xC7, 0x5E, 0xC7, 0x5E, 0xC7, 0x3E, 0xC7, 0x3E, 0xC7, 0x3E,
    0xC7, 0x3E, 0xC7, 0x3E, 0xC7, 0x3E, 0xC7, 0x3E, 0xC7, 0x3E, 0xC7, 0x3E, 0xC7, 0x3E, 0xC7, 0x3E, 0xC7, 0x3E, 0xC7, 0x3E, 0xC7, 0x3E, 0xC7, 0x3E,
    0xC7, 0x3E, 0xC7, 0x3E, 0xC7, 0x3E, 0xC7, 0x3E, 0xC7, 0x3E, 0xC7, 0x3E, 0xC7, 0x3E, 0xC7, 0x3E, 0xC7, 0x3E, 0xC7, 0x3E, 0xC7, 0x3E, 0xC7, 0x3E,
    0xC7, 0x3E, 0xC7, 0x3E, 0xC7, 0x3E, 0xC7, 0x3E, 0xC7, 0x3E, 0xC7, 0x3E, 0xC7, 0x3E, 0xC7, 0x3E, 0xC7, 0x3E, 0xC7, 0x3E, 0xC7, 0x3E, 0xC7, 0x5E,
    0xD7, 0xDF, 0xD7, 0x7E, 0xAE, 0xFC, 0xAE, 0xFC, 0xAE, 0xFC, 0xAE, 0xFC, 0xAE, 0xFC, 0xAE, 0xFC, 0xAE, 0xFC, 0xAE, 0xFC, 0xAE, 0xFC, 0xAE, 0xFC,
    0xAE, 0xFC, 0xAE, 0xFC, 0xAE, 0xFC, 0xAE, 0xFC, 0xAE, 0xFC, 0xAE, 0xFC, 0xAE, 0xFC, 0xAE, 0xFC, 0xAE, 0xFC, 0xAE, 0xFC, 0xAE, 0xFC, 0xAE, 0xFC,
    0xAE, 0xFC, 0xAE, 0xFC, 0xAE, 0xFC, 0xAE, 0xFC, 0xAE, 0xFC, 0xAE, 0xFC, 0xAE, 0xFC, 0xAE, 0xFC, 0xAE, 0xFC, 0xAE, 0xFC, 0xAE, 0xFC, 0xAE, 0xFC,
    0xAE, 0xFC, 0xAE, 0xFC, 0xAE, 0xFC, 0xAE, 0xFC, 0xAE, 0xFC, 0xAE, 0xFC, 0xAE, 0xFC, 0xAE, 0xFC, 0xAE, 0xFC, 0xAE, 0xFC, 0xAE, 0xFC, 0xAE, 0xFC,
    0xAE, 0xFC, 0xAE, 0xFC, 0xAE, 0xFC, 0xAE, 0xFC, 0xAE, 0xFC, 0xAE, 0xFC, 0xAE, 0xFC, 0xAE, 0xFC, 0xAE, 0xFC, 0xAE, 0xFC, 0xAE, 0xFC, 0xAE, 0xFC,
    0xAE, 0xFC, 0xAE, 0xFC, 0xAE, 0xFC, 0xAE, 0xFC, 0xAE, 0xFC, 0xAE, 0xFC, 0xAE, 0xFC, 0xAE, 0xFC, 0xAE, 0xFC, 0xAE, 0xFC, 0xAE, 0xFC, 0xAE, 0xFC,
    0xAE, 0xFC, 0xAE, 0xFC, 0xAE, 0xFC, 0xAE, 0xFC, 0xAE, 0xFC, 0xAE, 0xFC, 0xAE, 0xFC, 0xAE, 0xFC, 0xAE, 0xFC, 0xAE, 0xFC, 0xAE, 0xFC, 0xAE, 0xFC,
    0xAE, 0xFC, 0xAE, 0xFC, 0xAE, 0xFC, 0xAE, 0xFC, 0xAE, 0xFC, 0xAE, 0xFC, 0xAE, 0xFC, 0xAE, 0xFC, 0xAE, 0xFC, 0xAE, 0xFC, 0xAE, 0xFC, 0xAE, 0xFC,
    0xAE, 0xFC, 0xAE, 0xFC, 0xAE, 0xFC, 0xAE, 0xFC, 0xAE, 0xFC, 0xAE, 0xFC, 0xAE, 0xFC, 0xAE, 0xFC, 0xAE, 0xFC, 0xAE, 0xFC, 0xAE, 0xFC, 0xAE, 0xFC,
    0xAE, 0xFC, 0xAE, 0xFC, 0xAE, 0xFC, 0xAE, 0xFC, 0xAE, 0xFC, 0xAE, 0xFC, 0xAE, 0xFC, 0xAE, 0xFC, 0xAE, 0xFC, 0xAE, 0xFC, 0xAE, 0xFC, 0xAE, 0xFC,
    0xAE, 0xFC, 0xAE, 0xFC, 0xAE, 0xFC, 0xAE, 0xFC, 0xAE, 0xFC, 0xAE, 0xFC, 0xAE, 0xFC, 0xAE, 0xFC, 0xAE, 0xFC, 0xAE, 0xFC, 0xAE, 0xFC, 0xAE, 0xFC,
    0xAE, 0xFC, 0xAE, 0xFC, 0xAE, 0xFC, 0xAE, 0xFC, 0xAE, 0xFC, 0xAE, 0xFC, 0xAE, 0xFC, 0xAE, 0xFC, 0xAE, 0xFC, 0xAE, 0xFC, 0xAE, 0xFC, 0xAE, 0xFC,
    0xAE, 0xFC, 0xAE, 0xFC, 0xAE, 0xFC, 0xAE, 0xFC, 0xAE, 0xFC, 0xAE, 0xFC, 0xAE, 0xFC, 0xAE, 0xFC, 0xAE, 0xFC, 0xAE, 0xFC, 0xAE, 0xFC, 0xAE, 0xFC,
    0xAE, 0xFC, 0xAE, 0xFC, 0xAE, 0xFC, 0xAE, 0xFC, 0xAE, 0xFC, 0xB7, 0x1D, 0xDF, 0xFF, 0xD7, 0x9F, 0xCF, 0x5F, 0xCF, 0x5E, 0xC7, 0x5E, 0xC7, 0x5E,
    0xCF, 0x5E, 0xC7, 0x5E, 0xC7, 0x5E, 0xC7, 0x3E, 0xC7, 0x3E, 0xC7, 0x3E, 0xC7, 0x3E, 0xC7, 0x3E, 0xC7, 0x3E, 0xC7, 0x3E, 0xC7, 0x3E, 0xC7, 0x3E,
    0xC7, 0x3E, 0xC7, 0x3E, 0xC7, 0x3E, 0xC7, 0x3E, 0xC7, 0x3E, 0xC7, 0x3E, 0xC7, 0x5E, 0xC7, 0x5E, 0xC7, 0x5E, 0xC7, 0x5E, 0xC7, 0x5E, 0xC7, 0x5E,
    0xC7, 0x5E, 0xC7, 0x5E, 0xCF, 0x3E, 0xC7, 0x3E, 0xC7, 0x3E, 0xC7, 0x3E, 0xC7, 0x3E, 0xC7, 0x3E, 0xC7, 0x3E, 0xC7, 0x3E, 0xC7, 0x3E, 0xC7, 0x3E,
    0xC7, 0x3E, 0xC7, 0x3E, 0xC7, 0x3E, 0xC7, 0x3E, 0xC7, 0x3E, 0xC7, 0x3E, 0xC7, 0x3E, 0xC7, 0x3E, 0xC7, 0x3E, 0xC7, 0x3E, 0xC7, 0x3E, 0xC7, 0x3E,
    0xC7, 0x3E, 0xC7, 0x3E, 0xC7, 0x3E, 0xC7, 0x3E, 0xC7, 0x3E, 0xC7, 0x3E, 0xC7, 0x3E, 0xC7, 0x3E, 0xC7, 0x3E, 0xC7, 0x3E, 0xC7, 0x3E, 0xC7, 0x3E,
    0xC7, 0x3E, 0xC7, 0x3E, 0xC7, 0x3E, 0xC7, 0x3E, 0xC7, 0x3E, 0xC7, 0x3E, 0xC7, 0x3E, 0xC7, 0x3E, 0xC7, 0x3E, 0xC7, 0x3E, 0xC7, 0x3E, 0xD7, 0x9F,
    0xE7, 0xDF, 0xAF, 0x1C, 0xAE, 0xFC, 0xAE, 0xFC, 0xAE, 0xFC, 0xAE, 0xFC, 0xAE, 0xFC, 0xAE, 0xFC, 0xAE, 0xFC, 0xAE, 0xFC, 0xAE, 0xFC, 0xAE, 0xFC,
    0xAE, 0xFC, 0xAE, 0xFC, 0xAE, 0xFC, 0xAE, 0xFC, 0xAE, 0xFC, 0xAE, 0xFC, 0xAE, 0xFC, 0xAE, 0xFC, 0xAE, 0xFC, 0xAE, 0xFC, 0xAE, 0xFC, 0xAE, 0xFC,
    0xAE, 0xFC, 0xAE, 0xFC, 0xAE, 0xFC, 0xAE, 0xFC, 0xAE, 0xFC, 0xAE, 0xFC, 0xAE, 0xFC, 0xAE, 0xFC, 0xAE, 0xFC, 0xAE, 0xFC, 0xAE, 0xFC, 0xAE, 0xFC,
    0xAE, 0xFC, 0xAE, 0xFC, 0xAE, 0xFC, 0xAE, 0xFC, 0xAE, 0xFC, 0xAE, 0xFC, 0xAE, 0xFC, 0xAE, 0xFC, 0xAE, 0xFC, 0xAE, 0xFC, 0xAE, 0xFC, 0xAE, 0xFC,
    0xAE, 0xFC, 0xAE, 0xFC, 0xAE, 0xFC, 0xAE, 0xFC, 0xAE, 0xFC, 0xAE, 0xFC, 0xAE, 0xFC, 0xAE, 0xFC, 0xAE, 0xFC, 0xAE, 0xFC, 0xAE, 0xFC, 0xAE, 0xFC,
    0xAE, 0xFC, 0xAE, 0xFC, 0xAE, 0xFC, 0xAE, 0xFC, 0xAE, 0xFC, 0xAE, 0xFC, 0xAE, 0xFC, 0xAE, 0xFC, 0xAE, 0xFC, 0xAE, 0xFC, 0xAE, 0xFC, 0xAE, 0xFC,
    0xAE, 0xFC, 0xAE, 0xFC, 0xAE, 0xFC, 0xAE, 0xFC, 0xAE, 0xFC, 0xAE, 0xFC, 0xAE, 0xFC, 0xAE, 0xFC, 0xAE, 0xFC, 0xAE, 0xFC, 0xAE, 0xFC, 0xAE, 0xFC,
    0xAE, 0xFC, 0xAE, 0xFC, 0xAE, 0xFC, 0xAE, 0xFC, 0xAE, 0xFC, 0xAE, 0xFC, 0xAE, 0xFC, 0xAE, 0xFC, 0xAE, 0xFC, 0xAE, 0xFC, 0xAE, 0xFC, 0xAE, 0xFC,
    0xAE, 0xFC, 0xAE, 0xFC, 0xAE, 0xFC, 0xAE, 0xFC, 0xAE, 0xFC, 0xAE, 0xFC, 0xAE, 0xFC, 0xAE, 0xFC, 0xAE, 0xFC, 0xAE, 0xFC, 0xAE, 0xFC, 0xAE, 0xFC,
    0xAE, 0xFC, 0xAE, 0xFC, 0xAE, 0xFC, 0xAE, 0xFC, 0xAE, 0xFC, 0xAE, 0xFC, 0xAE, 0xFC, 0xAE, 0xFC, 0xAE, 0xFC, 0xAE, 0xFC, 0xAE, 0xFC, 0xAE, 0xFC,
    0xAE, 0xFC, 0xAE, 0xFC, 0xAE, 0xFC, 0xAE, 0xFC, 0xAE, 0xFC, 0xAE, 0xFC, 0xAE, 0xFC, 0xAE, 0xFC, 0xAE, 0xFC, 0xAE, 0xFC, 0xAE, 0xFC, 0xAE, 0xFC,
    0xAE, 0xFC, 0xAE, 0xFC, 0xAE, 0xFC, 0xAE, 0xFC, 0xAE, 0xFC, 0xAE, 0xFC, 0xAE, 0xFC, 0xAE, 0xFC, 0xAE, 0xFC, 0xAE, 0xFC, 0xAE, 0xFC, 0xAE, 0xFC,
    0xAE, 0xFC, 0xAE, 0xFC, 0xAE, 0xFC, 0xAE, 0xFC, 0xAE, 0xFC, 0xAE, 0xFC, 0xAE, 0xFC, 0xAE, 0xFC, 0xAE, 0xFC, 0xAE, 0xFC, 0xAE, 0xFC, 0xAE, 0xFC,
    0xAE, 0xFC, 0xAE, 0xFC, 0xAE, 0xFC, 0xAE, 0xFC, 0xAE, 0xFC, 0xAE, 0xFC, 0xBF, 0x3D, 0xDF, 0xFF, 0xD7, 0xBF, 0xCF, 0x5F, 0xC7, 0x3E, 0xC7, 0x5E,
    0xC7, 0x3E, 0xC7, 0x5E, 0xC7, 0x3E, 0xC7, 0x3E, 0xC7, 0x3E, 0xC7, 0x3E, 0xC7, 0x3E, 0xC7, 0x3E, 0xC7, 0x3E, 0xC7, 0x3E, 0xC7, 0x3E, 0xC7, 0x3E,
    0xC7, 0x3E, 0xC7, 0x3E, 0xC7, 0x3E, 0xC7, 0x3E, 0xC7, 0x3E, 0xC7, 0x3E, 0xC7, 0x5E, 0xC7, 0x5E, 0xC7, 0x5E, 0xC7, 0x5E, 0xC7, 0x5E, 0xC7, 0x5E,
    0xC7, 0x3E, 0xC7, 0x3E, 0xC7, 0x3E, 0xC7, 0x5E, 0xC7, 0x3E, 0xC7, 0x3E, 0xC7, 0x3E, 0xC7, 0x3E, 0xC7, 0x3E, 0xC7, 0x3E, 0xC7, 0x3E, 0xC7, 0x3E,
    0xC7, 0x3E, 0xC7, 0x3E, 0xC7, 0x3E, 0xC7, 0x3E, 0xC7, 0x3E, 0xC7, 0x3E, 0xC7, 0x3E, 0xC7, 0x3E, 0xC7, 0x3E, 0xC7, 0x3E, 0xC7, 0x3E, 0xC7, 0x3E,
    0xC7, 0x3E, 0xC7, 0x3E, 0xC7, 0x3E, 0xC7, 0x3E, 0xC7, 0x3E, 0xC7, 0x3E, 0xC7, 0x3E, 0xC7, 0x3E, 0xC7, 0x3E, 0xC7, 0x3E, 0xC7, 0x3E, 0xC7, 0x3E,
    0xC7, 0x3E, 0xC7, 0x3E, 0xC7, 0x3E, 0xC7, 0x3E, 0xC7, 0x3E, 0xC7, 0x3E, 0xC7, 0x3E, 0xC7, 0x3E, 0xC7, 0x3E, 0xC7, 0x5E, 0xD7, 0x9F, 0xDF, 0xDF,
    0xBF, 0x1D, 0xAE, 0xFC, 0xAE, 0xFC, 0xAE, 0xFC, 0xAE, 0xFC, 0xAE, 0xFC, 0xAE, 0xFC, 0xAE, 0xFC, 0xAE, 0xFC, 0xAE, 0xFC, 0xAE, 0xFC, 0xAE, 0xFC,
    0xAE, 0xFC, 0xAE, 0xFC, 0xAE, 0xFC, 0xAE, 0xFC, 0xAE, 0xFC, 0xAE, 0xFC, 0xAE, 0xFC, 0xAE, 0xFC, 0xAE, 0xFC, 0xAE, 0xFC, 0xAE, 0xFC, 0xAE, 0xFC,
    0xAE, 0xFC, 0xAE, 0xFC, 0xAE, 0xFC, 0xAE, 0xFC, 0xAE, 0xFC, 0xAE, 0xFC, 0xAE, 0xFC, 0xAE, 0xFC, 0xAE, 0xFC, 0xAE, 0xFC, 0xAE, 0xFC, 0xAE, 0xFC,
    0xAE, 0xFC, 0xAE, 0xFC, 0xAE, 0xFC, 0xAE, 0xFC, 0xAE, 0xFC, 0xAE, 0xFC, 0xAE, 0xFC, 0xAE, 0xFC, 0xAE, 0xFC, 0xAE, 0xFC, 0xAE, 0xFC, 0xAE, 0xFC,
    0xAE, 0xFC, 0xAE, 0xFC, 0xAE, 0xFC, 0xAE, 0xFC, 0xAE, 0xFC, 0xAE, 0xFC, 0xAE, 0xFC, 0xAE, 0xFC, 0xAE, 0xFC, 0xAE, 0xFC, 0xAE, 0xFC, 0xAE, 0xFC,
    0xAE, 0xFC, 0xAE, 0xFC, 0xAE, 0xFC, 0xAE, 0xFC, 0xAE, 0xFC, 0xAE, 0xFC, 0xAE, 0xFC, 0xAE, 0xFC, 0xAE, 0xFC, 0xAE, 0xFC, 0xAE, 0xFC, 0xAE, 0xFC,
    0xAE, 0xFC, 0xAE, 0xFC, 0xAE, 0xFC, 0xAE, 0xFC, 0xAE, 0xFC, 0xAE, 0xFC, 0xAE, 0xFC, 0xAE, 0xFC, 0xAE, 0xFC, 0xAE, 0xFC, 0xAE, 0xFC, 0xAE, 0xFC,
    0xAE, 0xFC, 0xAE, 0xFC, 0xAE, 0xFC, 0xAE, 0xFC, 0xAE, 0xFC, 0xAE, 0xFC, 0xAE, 0xFC, 0xAE, 0xFC, 0xAE, 0xFC, 0xAE, 0xFC, 0xAE, 0xFC, 0xAE, 0xFC,
    0xAE, 0xFC, 0xAE, 0xFC, 0xAE, 0xFC, 0xAE, 0xFC, 0xAE, 0xFC, 0xAE, 0xFC, 0xAE, 0xFC, 0xAE, 0xFC, 0xAE, 0xFC, 0xAE, 0xFC, 0xAE, 0xFC, 0xAE, 0xFC,
    0xAE, 0xFC, 0xAE, 0xFC, 0xAE, 0xFC, 0xAE, 0xFC, 0xAE, 0xFC, 0xAE, 0xFC, 0xAE, 0xFC, 0xAE, 0xFC, 0xAE, 0xFC, 0xAE, 0xFC, 0xAE, 0xFC, 0xAE, 0xFC,
    0xAE, 0xFC, 0xAE, 0xFC, 0xAE, 0xFC, 0xAE, 0xFC, 0xAE, 0xFC, 0xAE, 0xFC, 0xAE, 0xFC, 0xAE, 0xFC, 0xAE, 0xFC, 0xAE, 0xFC, 0xAE, 0xFC, 0xAE, 0xFC,
    0xAE, 0xFC, 0xAE, 0xFC, 0xAE, 0xFC, 0xAE, 0xFC, 0xAE, 0xFC, 0xAE, 0xFC, 0xAE, 0xFC, 0xAE, 0xFC, 0xAE, 0xFC, 0xAE, 0xFC, 0xAE, 0xFC, 0xAE, 0xFC,
    0xAE, 0xFC, 0xAE, 0xFC, 0xAE, 0xFC, 0xAE, 0xFC, 0xAE, 0xFC, 0xAE, 0xFC, 0xAE, 0xFC, 0xAE, 0xFC, 0xAE, 0xFC, 0xAE, 0xFC, 0xAE, 0xFC, 0xAE, 0xFC,
    0xAE, 0xFC, 0xAE, 0xFC, 0xAE, 0xFC, 0xAE, 0xFC, 0xAE, 0xFC, 0xAE, 0xFC, 0xAE, 0xFC, 0xBF, 0x1D, 0xEF, 0xBF, 0xD7, 0xBF, 0xCF, 0x7F, 0xC7, 0x3E,
    0xCF, 0x5F, 0xCF, 0x5E, 0xCF, 0x5E, 0xCF, 0x5E, 0xCF, 0x5E, 0xCF, 0x5E, 0xCF, 0x5E, 0xCF, 0x5E, 0xCF, 0x5E, 0xCF, 0x5E, 0xCF, 0x5E, 0xCF, 0x5E,
    0xCF, 0x5E, 0xCF, 0x5E, 0xCF, 0x5E, 0xCF, 0x5E, 0xCF, 0x5E, 0xCF, 0x5E, 0xCF, 0x5F, 0xCF, 0x5E, 0xCF, 0x5E, 0xCF, 0x5E, 0xCF, 0x5F, 0xCF, 0x5E,
    0xCF, 0x5E, 0xCF, 0x5E, 0xCF, 0x5E, 0xCF, 0x5F, 0xCF, 0x5E, 0xCF, 0x5E, 0xCF, 0x5E, 0xC7, 0x5E, 0xC7, 0x5E, 0xC7, 0x3E, 0xC7, 0x3E, 0xC7, 0x3E,
    0xC7, 0x3E, 0xC7, 0x3E, 0xC7, 0x3E, 0xC7, 0x3E, 0xC7, 0x3E, 0xC7, 0x5E, 0xC7, 0x5E, 0xC7, 0x5E, 0xC7, 0x5E, 0xC7, 0x3E, 0xC7, 0x3E, 0xC7, 0x3E,
    0xC7, 0x3E, 0xC7, 0x3E, 0xC7, 0x3E, 0xC7, 0x3E, 0xC7, 0x3E, 0xC7, 0x3E, 0xC7, 0x5E, 0xC7, 0x3E, 0xCF, 0x3E, 0xCF, 0x3E, 0xCF, 0x3E, 0xC7, 0x3E,
    0xC7, 0x5E, 0xC7, 0x5E, 0xC7, 0x3E, 0xC7, 0x5E, 0xC7, 0x5E, 0xCF, 0x3E, 0xCF, 0x5E, 0xC7, 0x3E, 0xCF, 0x5F, 0xD7, 0xDF, 0xEF, 0xDF, 0xBF, 0x1D,
    0xAE, 0xFC, 0xAE, 0xFC, 0xAE, 0xFC, 0xAE, 0xFC, 0xAE, 0xFC, 0xAE, 0xFC, 0xAE, 0xFC, 0xAE, 0xFC, 0xAE, 0xFC, 0xAE, 0xFC, 0xAE, 0xFC, 0xAE, 0xFC,
    0xAE, 0xFC, 0xAE, 0xFC, 0xAE, 0xFC, 0xAE, 0xFC, 0xAE, 0xFC, 0xAE, 0xFC, 0xAE, 0xFC, 0xAE, 0xFC, 0xAE, 0xFC, 0xAE, 0xFC, 0xAE, 0xFC, 0xAE, 0xFC,
    0xAE, 0xFC, 0xAE, 0xFC, 0xAE, 0xFC, 0xAE, 0xFC, 0xAE, 0xFC, 0xAE, 0xFC, 0xAE, 0xFC, 0xAE, 0xFC, 0xAE, 0xFC, 0xAE, 0xFC, 0xAE, 0xFC, 0xAE, 0xFC,
    0xAE, 0xFC, 0xAE, 0xFC, 0xAE, 0xFC, 0xAE, 0xFC, 0xAE, 0xFC, 0xAE, 0xFC, 0xAE, 0xFC, 0xAE, 0xFC, 0xAE, 0xFC, 0xAE, 0xFC, 0xAE, 0xFC, 0xAE, 0xFC,
    0xAE, 0xFC, 0xAE, 0xFC, 0xAE, 0xFC, 0xAE, 0xFC, 0xAE, 0xFC, 0xAE, 0xFC, 0xAE, 0xFC, 0xAE, 0xFC, 0xAE, 0xFC, 0xAE, 0xFC, 0xAE, 0xFC, 0xAE, 0xFC,
    0xAE, 0xFC, 0xAE, 0xFC, 0xAE, 0xFC, 0xAE, 0xFC, 0xAE, 0xFC, 0xAE, 0xFC, 0xAE, 0xFC, 0xAE, 0xFC, 0xAE, 0xFC, 0xAE, 0xFC, 0xAE, 0xFC, 0xAE, 0xFC,
    0xAE, 0xFC, 0xAE, 0xFC, 0xAE, 0xFC, 0xAE, 0xFC, 0xAE, 0xFC, 0xAE, 0xFC, 0xAE, 0xFC, 0xAE, 0xFC, 0xAE, 0xFC, 0xAE, 0xFC, 0xAE, 0xFC, 0xAE, 0xFC,
    0xAE, 0xFC, 0xAE, 0xFC, 0xAE, 0xFC, 0xAE, 0xFC, 0xAE, 0xFC, 0xAE, 0xFC, 0xAE, 0xFC, 0xAE, 0xFC, 0xAE, 0xFC, 0xAE, 0xFC, 0xAE, 0xFC, 0xAE, 0xFC,
    0xAE, 0xFC, 0xAE, 0xFC, 0xAE, 0xFC, 0xAE, 0xFC, 0xAE, 0xFC, 0xAE, 0xFC, 0xAE, 0xFC, 0xAE, 0xFC, 0xAE, 0xFC, 0xAE, 0xFC, 0xAE, 0xFC, 0xAE, 0xFC,
    0xAE, 0xFC, 0xAE, 0xFC, 0xAE, 0xFC, 0xAE, 0xFC, 0xAE, 0xFC, 0xAE, 0xFC, 0xAE, 0xFC, 0xAE, 0xFC, 0xAE, 0xFC, 0xAE, 0xFC, 0xAE, 0xFC, 0xAE, 0xFC,
    0xAE, 0xFC, 0xAE, 0xFC, 0xAE, 0xFC, 0xAE, 0xFC, 0xAE, 0xFC, 0xAE, 0xFC, 0xAE, 0xFC, 0xAE, 0xFC, 0xAE, 0xFC, 0xAE, 0xFC, 0xAE, 0xFC, 0xAE, 0xFC,
    0xAE, 0xFC, 0xAE, 0xFC, 0xAE, 0xFC, 0xAE, 0xFC, 0xAE, 0xFC, 0xAE, 0xFC, 0xAE, 0xFC, 0xAE, 0xFC, 0xAE, 0xFC, 0xAE, 0xFC, 0xAE, 0xFC, 0xAE, 0xFC,
    0xAE, 0xFC, 0xAE, 0xFC, 0xAE, 0xFC, 0xAE, 0xFC, 0xAE, 0xFC, 0xAE, 0xFC, 0xAE, 0xFC, 0xAE, 0xFC, 0xAE, 0xFC, 0xAE, 0xFC, 0xAE, 0xFC, 0xAE, 0xFC,
    0xAE, 0xFC, 0xAE, 0xFC, 0xAE, 0xFC, 0xAE, 0xFC, 0xAE, 0xFC, 0xAE, 0xFC, 0xAE, 0xFC, 0xAE, 0xFC, 0xAE, 0xFC, 0xCF, 0x5E, 0xE7, 0xDF, 0xCF, 0x5F,
    0xD7, 0xBF, 0xD7, 0xBF, 0xD7, 0xBF, 0xD7, 0xBF, 0xD7, 0xBF, 0xD7, 0xBF, 0xD7, 0xBF, 0xD7, 0xBF, 0xD7, 0xBF, 0xD7, 0xBF, 0xD7, 0xBF, 0xD7, 0xBF,
    0xD7, 0xBF, 0xD7, 0xBF, 0xD7, 0xBF, 0xD7, 0xBF, 0xD7, 0xBF, 0xD7, 0xBF, 0xD7, 0xBF, 0xD7, 0xBF, 0xD7, 0xBF, 0xD7, 0xBF, 0xD7, 0xBF, 0xD7, 0xBF,
    0xD7, 0xBF, 0xD7, 0xBF, 0xD7, 0xBF, 0xD7, 0xBF, 0xD7, 0xBF, 0xD7, 0xBF, 0xD7, 0xBF, 0xD7, 0xBF, 0xD7, 0xBF, 0xD7, 0xBF, 0xD7, 0xBF, 0xD7, 0xBF,
    0xD7, 0xBF, 0xD7, 0xBF, 0xD7, 0xBF, 0xD7, 0xBF, 0xD7, 0xBF, 0xD7, 0xBF, 0xD7, 0xBF, 0xD7, 0xBF, 0xD7, 0xBF, 0xD7, 0xBF, 0xD7, 0xBF, 0xD7, 0xBF,
    0xD7, 0xBF, 0xD7, 0xBF, 0xD7, 0xBF, 0xD7, 0xBF, 0xD7, 0xBF, 0xD7, 0xBF, 0xD7, 0xBF, 0xD7, 0xBF, 0xD7, 0xBF, 0xD7, 0xBF, 0xD7, 0xBF, 0xD7, 0xBF,
    0xD7, 0xBF, 0xD7, 0xBF, 0xD7, 0xBF, 0xD7, 0xBF, 0xD7, 0xBF, 0xD7, 0xBF, 0xD7, 0xBF, 0xCF, 0x7F, 0xDF, 0xDF, 0xD7, 0x7E, 0xAE, 0xFC, 0xAE, 0xFC,
    0xAE, 0xFC, 0xAE, 0xFC, 0xAE, 0xFC, 0xAE, 0xFC, 0xAE, 0xFC, 0xAE, 0xFC, 0xAE, 0xFC, 0xAE, 0xFC, 0xAE, 0xFC, 0xAE, 0xFC, 0xAE, 0xFC, 0xAE, 0xFC,
    0xAE, 0xFC, 0xAE, 0xFC, 0xAE, 0xFC, 0xAE, 0xFC, 0xAE, 0xFC, 0xAE, 0xFC, 0xAE, 0xFC, 0xAE, 0xFC, 0xAE, 0xFC, 0xAE, 0xFC, 0xAE, 0xFC, 0xAE, 0xFC,
    0xAE, 0xFC, 0xAE, 0xFC, 0xAE, 0xFC, 0xAE, 0xFC, 0xAE, 0xFC, 0xAE, 0xFC, 0xAE, 0xFC, 0xAE, 0xFC, 0xAE, 0xFC, 0xAE, 0xFC, 0xAE, 0xFC, 0xAE, 0xFC,
    0xAE, 0xFC, 0xAE, 0xFC, 0xAE, 0xFC, 0xAE, 0xFC, 0xAE, 0xFC, 0xAE, 0xFC, 0xAE, 0xFC, 0xAE, 0xFC, 0xAE, 0xFC, 0xAE, 0xFC, 0xAE, 0xFC, 0xAE, 0xFC,
    0xAE, 0xFC, 0xAE, 0xFC, 0xAE, 0xFC, 0xAE, 0xFC, 0xAE, 0xFC, 0xAE, 0xFC, 0xAE, 0xFC, 0xAE, 0xFC, 0xAE, 0xFC, 0xAE, 0xFC, 0xAE, 0xFC, 0xAE, 0xFC,
    0xAE, 0xFC, 0xAE, 0xFC, 0xAE, 0xFC, 0xAE, 0xFC, 0xAE, 0xFC, 0xAE, 0xFC, 0xAE, 0xFC, 0xAE, 0xFC, 0xAE, 0xFC, 0xAE, 0xFC, 0xAE, 0xFC, 0xAE, 0xFC,
    0xAE, 0xFC, 0xAE, 0xFC, 0xAE, 0xFC, 0xAE, 0xFC, 0xAE, 0xFC, 0xAE, 0xFC, 0xAE, 0xFC, 0xAE, 0xFC, 0xAE, 0xFC, 0xAE, 0xFC, 0xAE, 0xFC, 0xAE, 0xFC,
    0xAE, 0xFC, 0xAE, 0xFC, 0xAE, 0xFC, 0xAE, 0xFC, 0xAE, 0xFC, 0xAE, 0xFC, 0xAE, 0xFC, 0xAE, 0xFC, 0xAE, 0xFC, 0xAE, 0xFC, 0xAE, 0xFC, 0xAE, 0xFC,
    0xAE, 0xFC, 0xAE, 0xFC, 0xAE, 0xFC, 0xAE, 0xFC, 0xAE, 0xFC, 0xAE, 0xFC, 0xAE, 0xFC, 0xAE, 0xFC, 0xAE, 0xFC, 0xAE, 0xFC, 0xAE, 0xFC, 0xAE, 0xFC,
    0xAE, 0xFC, 0xAE, 0xFC, 0xAE, 0xFC, 0xAE, 0xFC, 0xAE, 0xFC, 0xAE, 0xFC, 0xAE, 0xFC, 0xAE, 0xFC, 0xAE, 0xFC, 0xAE, 0xFC, 0xAE, 0xFC, 0xAE, 0xFC,
    0xAE, 0xFC, 0xAE, 0xFC, 0xAE, 0xFC, 0xAE, 0xFC, 0xAE, 0xFC, 0xAE, 0xFC, 0xAE, 0xFC, 0xAE, 0xFC, 0xAE, 0xFC, 0xAE, 0xFC, 0xAE, 0xFC, 0xAE, 0xFC,
    0xAE, 0xFC, 0xAE, 0xFC, 0xAE, 0xFC, 0xAE, 0xFC, 0xAE, 0xFC, 0xAE, 0xFC, 0xAE, 0xFC, 0xAE, 0xFC, 0xAE, 0xFC, 0xAE, 0xFC, 0xAE, 0xFC, 0xAE, 0xFC,
    0xAE, 0xFC, 0xAE, 0xFC, 0xAE, 0xFC, 0xAE, 0xFC, 0xAE, 0xFC, 0xAE, 0xFC, 0xAE, 0xFC, 0xAE, 0xFC, 0xAE, 0xFC, 0xAE, 0xFC, 0xAE, 0xFC, 0xAE, 0xFC,
    0xAE, 0xFC, 0xAE, 0xFC, 0xAE, 0xFC, 0xAE, 0xFC, 0xAE, 0xFC, 0xAE, 0xFC, 0xAE, 0xFC, 0xAE, 0xFC, 0xAE, 0xFC, 0xAE, 0xFC, 0xAE, 0xDC, 0xBF, 0x3D,
    0xCF, 0x7E, 0xD7, 0x7E, 0xD7, 0x7E, 0xD7, 0x7E, 0xD7, 0x7E, 0xD7, 0x7E, 0xD7, 0x7E, 0xD7, 0x7E, 0xD7, 0x7E, 0xD7, 0x7E, 0xD7, 0x7E, 0xD7, 0x7E,
    0xD7, 0x7E, 0xD7, 0x7E, 0xD7, 0x7E, 0xD7, 0x7E, 0xD7, 0x7E, 0xD7, 0x7E, 0xD7, 0x7E, 0xD7, 0x7E, 0xD7, 0x7E, 0xD7, 0x7E, 0xD7, 0x7E, 0xD7, 0x7E,
    0xD7, 0x7E, 0xD7, 0x7E, 0xD7, 0x7E, 0xD7, 0x7E, 0xD7, 0x7E, 0xD7, 0x7E, 0xD7, 0x7E, 0xD7, 0x7E, 0xD7, 0x7E, 0xD7, 0x7E, 0xD7, 0x7E, 0xD7, 0x7E,
    0xD7, 0x7E, 0xD7, 0x7E, 0xD7, 0x7E, 0xD7, 0x7E, 0xD7, 0x7E, 0xD7, 0x7E, 0xD7, 0x7E, 0xD7, 0x7E, 0xD7, 0x7E, 0xD7, 0x7E, 0xD7, 0x7E, 0xD7, 0x7E,
    0xD7, 0x7E, 0xD7, 0x7E, 0xD7, 0x7E, 0xD7, 0x7E, 0xD7, 0x7E, 0xD7, 0x7E, 0xD7, 0x7E, 0xD7, 0x7E, 0xD7, 0x7E, 0xD7, 0x7E, 0xD7, 0x7E, 0xD7, 0x7E,
    0xD7, 0x7E, 0xD7, 0x7E, 0xD7, 0x7E, 0xD7, 0x7E, 0xD7, 0x7E, 0xD7, 0x7E, 0xCF, 0x7E, 0xC7, 0x3D, 0xB7, 0x1C, 0xAE, 0xFC, 0xAE, 0xFC, 0xAE, 0xFC,
    0xAE, 0xFC, 0xAE, 0xFC, 0xAE, 0xFC, 0xAE, 0xFC, 0xAE, 0xFC, 0xAE, 0xFC, 0xAE, 0xFC, 0xAE, 0xFC, 0xAE, 0xFC, 0xAE, 0xFC, 0xAE, 0xFC, 0xAE, 0xFC,
    0xAE, 0xFC, 0xAE, 0xFC, 0xAE, 0xFC, 0xAE, 0xFC, 0xAE, 0xFC, 0xAE, 0xFC, 0xAE, 0xFC, 0xAE, 0xFC, 0xAE, 0xFC, 0xAE, 0xFC, 0xAE, 0xFC, 0xAE, 0xFC,
    0xAE, 0xFC, 0xAE, 0xFC, 0xAE, 0xFC, 0xAE, 0xFC, 0xAE, 0xFC, 0xAE, 0xFC, 0xAE, 0xFC, 0xAE, 0xFC, 0xAE, 0xFC, 0xAE, 0xFC, 0xAE, 0xFC, 0xAE, 0xFC,
    0xAE, 0xFC, 0xAE, 0xFC, 0xAE, 0xFC, 0xAE, 0xFC, 0xAE, 0xFC, 0xAE, 0xFC, 0xAE, 0xFC, 0xAE, 0xFC, 0xAE, 0xFC, 0xAE, 0xFC, 0xAE, 0xFC, 0xAE, 0xFC,
    0xAE, 0xFC, 0xAE, 0xFC, 0xAE, 0xFC, 0xAE, 0xFC, 0xAE, 0xFC, 0xAE, 0xFC, 0xAE, 0xFC, 0xAE, 0xFC, 0xAE, 0xFC, 0xAE, 0xFC, 0xAE, 0xFC, 0xAE, 0xFC,
    0xAE, 0xFC, 0xAE, 0xFC, 0xAE, 0xFC, 0xAE, 0xFC, 0xAE, 0xFC, 0xAE, 0xFC, 0xAE, 0xFC, 0xAE, 0xFC, 0xAE, 0xFC, 0xAE, 0xFC, 0xAE, 0xFC, 0xAE, 0xFC,
    0xAE, 0xFC, 0xAE, 0xFC, 0xAE, 0xFC, 0xAE, 0xFC, 0xAE, 0xFC, 0xAE, 0xFC, 0xAE, 0xFC, 0xAE, 0xFC, 0xAE, 0xFC, 0xAE, 0xFC, 0xAE, 0xFC, 0xAE, 0xFC,
    0xAE, 0xFC, 0xAE, 0xFC, 0xAE, 0xFC, 0xAE, 0xFC, 0xAE, 0xFC, 0xAE, 0xFC, 0xAE, 0xFC, 0xAE, 0xFC, 0xAE, 0xFC, 0xAE, 0xFC, 0xAE, 0xFC, 0xAE, 0xFC,
    0xAE, 0xFC, 0xAE, 0xFC, 0xAE, 0xFC, 0xAE, 0xFC, 0xAE, 0xFC, 0xAE, 0xFC, 0xAE, 0xFC, 0xAE, 0xFC, 0xAE, 0xFC, 0xAE, 0xFC, 0xAE, 0xFC, 0xAE, 0xFC,
    0xAE, 0xFC, 0xAE, 0xFC, 0xAE, 0xFC, 0xAE, 0xFC, 0xAE, 0xFC, 0xAE, 0xFC, 0xAE, 0xFC, 0xAE, 0xFC, 0xAE, 0xFC, 0xAE, 0xFC, 0xAE, 0xFC, 0xAE, 0xFC,
    0xAE, 0xFC, 0xAE, 0xFC, 0xAE, 0xFC, 0xAE, 0xFC, 0xAE, 0xFC, 0xAE, 0xFC, 0xAE, 0xFC, 0xAE, 0xFC, 0xAE, 0xFC, 0xAE, 0xFC, 0xAE, 0xFC, 0xAE, 0xFC,
    0xAE, 0xFC, 0xAE, 0xFC, 0xAE, 0xFC, 0xAE, 0xFC, 0xAE, 0xFC, 0xAE, 0xFC, 0xAE, 0xFC, 0xAE, 0xFC, 0xAE, 0xFC, 0xAE, 0xFC, 0xAE, 0xFC, 0xAE, 0xFC,
    0xAE, 0xFC, 0xAE, 0xFC, 0xAE, 0xFC, 0xAE, 0xFC, 0xAE, 0xFC, 0xAE, 0xFC, 0xAE, 0xFC, 0xAE, 0xFC, 0xAE, 0xFC, 0xAE, 0xFC, 0xAE, 0xFC, 0xAE, 0xFC,
    0xAE, 0xFC, 0xAE, 0xFC, 0xAE, 0xFC, 0xAE, 0xFC, 0xAE, 0xFC, 0xAE, 0xFC, 0xAE, 0xFC, 0xAE, 0xFC, 0xAE, 0xFC, 0xAE, 0xFC, 0xAE, 0xFC, 0xAE, 0xFC,
    0xAE, 0xFC, 0xAE, 0xFC, 0xAE, 0xFC, 0xAE, 0xFC, 0xAE, 0xFC, 0xAE, 0xFC, 0xAE, 0xFC, 0xAE, 0xFC, 0xAE, 0xFC, 0xAE, 0xFC, 0xAE, 0xFC, 0xAE, 0xFC,
    0xAE, 0xFC, 0xAE, 0xFC, 0xAE, 0xFC, 0xAE, 0xFC, 0xAE, 0xFC, 0xAE, 0xFC, 0xAE, 0xFC, 0xAE, 0xFC, 0xAE, 0xFC, 0xAE, 0xFC, 0xAE, 0xFC, 0xAE, 0xFC,
    0xAE, 0xFC, 0xAE, 0xFC, 0xAE, 0xFC, 0xAE, 0xFC, 0xAE, 0xFC, 0xAE, 0xFC, 0xAE, 0xFC, 0xAE, 0xFC, 0xAE, 0xFC, 0xAE, 0xFC, 0xAE, 0xFC, 0xAE, 0xFC,
    0xAE, 0xFC, 0xAE, 0xFC, 0xAE, 0xFC, 0xAE, 0xFC, 0xAE, 0xFC, 0xAE, 0xFC, 0xAE, 0xFC, 0xAE, 0xFC, 0xAE, 0xFC, 0xAE, 0xFC, 0xAE, 0xFC, 0xAE, 0xFC,
    0xAE, 0xFC, 0xAE, 0xFC, 0xAE, 0xFC, 0xAE, 0xFC, 0xAE, 0xFC, 0xAE, 0xFC, 0xAE, 0xFC, 0xAE, 0xFC, 0xAE, 0xFC, 0xAE, 0xFC, 0xAE, 0xFC, 0xAE, 0xFC,
    0xAE, 0xFC, 0xAE, 0xFC, 0xAE, 0xFC, 0xAE, 0xFC, 0xAE, 0xFC, 0xAE, 0xFC, 0xAE, 0xFC, 0xAE, 0xFC, 0xAE, 0xFC, 0xAE, 0xFC, 0xAE, 0xFC, 0xAE, 0xFC,
    0xAE, 0xFC, 0xAE, 0xFC, 0xAE, 0xFC, 0xAE, 0xFC, 0xAE, 0xFC, 0xAE, 0xFC, 0xAE, 0xFC, 0xAE, 0xFC, 0xAE, 0xFC, 0xAE, 0xFC, 0xAE, 0xFC, 0xAE, 0xFC,
    0xAE, 0xFC, 0xAE, 0xFC, 0xAE, 0xFC, 0xAE, 0xFC, 0xAE, 0xFC, 0xAE, 0xFC, 0xAE, 0xFC, 0xAE, 0xFC, 0xAE, 0xFC, 0xAE, 0xFC, 0xAE, 0xFC, 0xAE, 0xFC,
    0xAE, 0xFC, 0xAE, 0xFC, 0xAE, 0xFC, 0xAE, 0xFC, 0xAE, 0xFC, 0xAE, 0xFC, 0xAE, 0xFC, 0xAE, 0xFC, 0xAE, 0xFC, 0xAE, 0xFC, 0xAE, 0xFC, 0xAE, 0xFC,
    0xAE, 0xFC, 0xAE, 0xFC, 0xAE, 0xFC, 0xAE, 0xFC, 0xAE, 0xFC, 0xAE, 0xFC, 0xAE, 0xFC, 0xAE, 0xFC, 0xAE, 0xFC, 0xAE, 0xFC, 0xAE, 0xFC, 0xAE, 0xFC,
    0xAE, 0xFC, 0xAE, 0xFC, 0xAE, 0xFC, 0xAE, 0xFC, 0xAE, 0xFC, 0xAE, 0xFC, 0xAE, 0xFC, 0xAE, 0xFC, 0xAE, 0xFC, 0xAE, 0xFC, 0xAE, 0xFC, 0xAE, 0xFC,
    0xAE, 0xFC, 0xAE, 0xFC, 0xAE, 0xFC, 0xAE, 0xFC, 0xAE, 0xFC, 0xAE, 0xFC, 0xAE, 0xFC, 0xAE, 0xFC, 0xAE, 0xFC, 0xAE, 0xFC, 0xAE, 0xFC, 0xAE, 0xFC,
    0xAE, 0xFC, 0xAE, 0xFC, 0xAE, 0xFC, 0xAE, 0xFC, 0xAE, 0xFC, 0xAE, 0xFC, 0xAE, 0xFC, 0xAE, 0xFC, 0xAE, 0xFC, 0xAE, 0xFC, 0xAE, 0xFC, 0xAE, 0xFC,
    0xAE, 0xFC, 0xAE, 0xFC, 0xAE, 0xFC, 0xAE, 0xFC, 0xAE, 0xFC, 0xAE, 0xFC, 0xAE, 0xFC, 0xAE, 0xFC, 0xAE, 0xFC, 0xAE, 0xFC, 0xAE, 0xFC, 0xAE, 0xFC,
    0xAE, 0xFC, 0xAE, 0xFC, 0xAE, 0xFC, 0xAE, 0xFC, 0xAE, 0xFC, 0xAE, 0xFC, 0xAE, 0xFC, 0xAE, 0xFC, 0xAE, 0xFC, 0xAE, 0xFC, 0xAE, 0xFC, 0xAE, 0xFC,
    0xAE, 0xFC, 0xAE, 0xFC, 0xAE, 0xFC, 0xAE, 0xFC, 0xAE, 0xFC, 0xAE, 0xFC, 0xAE, 0xFC, 0xAE, 0xFC, 0xAE, 0xFC, 0xAE, 0xFC, 0xAE, 0xFC, 0xAE, 0xFC,
    0xAE, 0xFC, 0xAE, 0xFC, 0xAE, 0xFC, 0xAE, 0xFC, 0xAE, 0xFC, 0xAE, 0xFC, 0xAE, 0xFC, 0xAE, 0xFC, 0xAE, 0xFC, 0xAE, 0xFC, 0xAE, 0xFC, 0xAE, 0xFC,
    0xAE, 0xFC, 0xAE, 0xFC, 0xAE, 0xFC, 0xAE, 0xFC, 0xAE, 0xFC, 0xAE, 0xFC, 0xAE, 0xFC, 0xAE, 0xFC, 0xAE, 0xFC, 0xAE, 0xFC, 0xAE, 0xFC, 0xAE, 0xFC,
    0xAE, 0xFC, 0xAE, 0xFC, 0xAE, 0xFC, 0xAE, 0xFC, 0xAE, 0xFC, 0xAE, 0xFC, 0xAE, 0xFC, 0xAE, 0xFC, 0xAE, 0xFC, 0xAE, 0xFC, 0xAE, 0xFC, 0xAE, 0xFC,
    0xAE, 0xFC, 0xAE, 0xFC, 0xAE, 0xFC, 0xAE, 0xFC, 0xAE, 0xFC, 0xAE, 0xFC, 0xAE, 0xFC, 0xAE, 0xFC, 0xAE, 0xFC, 0xAE, 0xFC, 0xAE, 0xFC, 0xAE, 0xFC,
    0xAE, 0xFC, 0xAE, 0xFC, 0xAE, 0xFC, 0xAE, 0xFC, 0xAE, 0xFC, 0xAE, 0xFC, 0xAE, 0xFC, 0xAE, 0xFC, 0xAE, 0xFC, 0xAE, 0xFC, 0xAE, 0xFC, 0xAE, 0xFC,
    0xAE, 0xFC, 0xAE, 0xFC, 0xAE, 0xFC, 0xAE, 0xFC, 0xAE, 0xFC, 0xAE, 0xFC, 0xAE, 0xFC, 0xAE, 0xFC, 0xAE, 0xFC, 0xAE, 0xFC, 0xAE, 0xFC, 0xAE, 0xFC,
    0xAE, 0xFC, 0xAE, 0xFC, 0xAE, 0xFC, 0xAE, 0xFC, 0xAE, 0xFC, 0xAE, 0xFC, 0xAE, 0xFC, 0xAE, 0xFC, 0xAE, 0xFC, 0xAE, 0xFC, 0xAE, 0xFC, 0xAE, 0xFC,
    0xAE, 0xFC, 0xAE, 0xFC, 0xAE, 0xFC, 0xAE, 0xFC, 0xAE, 0xFC, 0xAE, 0xFC, 0xAE, 0xFC, 0xAE, 0xFC, 0xAE, 0xFC, 0xAE, 0xFC, 0xAE, 0xFC, 0xAE, 0xFC,
    0xAE, 0xFC, 0xAE, 0xFC, 0xAE, 0xFC, 0xAE, 0xFC, 0xAE, 0xFC, 0xAE, 0xFC, 0xAE, 0xFC, 0xAE, 0xFC, 0xAE, 0xFC, 0xAE, 0xFC, 0xAE, 0xFC, 0xAE, 0xFC,
    0xAE, 0xFC, 0xAE, 0xFC, 0xAE, 0xFC, 0xAE, 0xFC, 0xAE, 0xFC, 0xAE, 0xFC, 0xAE, 0xFC, 0xAE, 0xFC, 0xAE, 0xFC, 0xAE, 0xFC, 0xAE, 0xFC, 0xAE, 0xFC,
    0xAE, 0xFC, 0xAE, 0xFC, 0xAE, 0xFC, 0xAE, 0xFC, 0xAE, 0xFC, 0xAE, 0xFC, 0xAE, 0xFC, 0xAE, 0xFC, 0xAE, 0xFC, 0xAE, 0xFC, 0xAE, 0xFC, 0xAE, 0xFC,
    0xAE, 0xFC, 0xAE, 0xFC, 0xAE, 0xFC, 0xAE, 0xFC, 0xAE, 0xFC, 0xAE, 0xFC, 0xAE, 0xFC, 0xAE, 0xFC, 0xAE, 0xFC, 0xAE, 0xFC, 0xAE, 0xFC, 0xAE, 0xFC,
    0xAE, 0xFC, 0xAE, 0xFC, 0xAE, 0xFC, 0xAE, 0xFC, 0xAE, 0xFC, 0xAE, 0xFC, 0xAE, 0xFC, 0xAE, 0xFC, 0xAE, 0xFC, 0xAE, 0xFC, 0xAE, 0xFC, 0xAE, 0xFC,
    0xAE, 0xFC, 0xAE, 0xFC, 0xAE, 0xFC, 0xAE, 0xFC, 0xAE, 0xFC, 0xAE, 0xFC, 0xAE, 0xFC, 0xAE, 0xFC, 0xAE, 0xFC, 0xAE, 0xFC, 0xAE, 0xFC, 0xAE, 0xFC,
    0xAE, 0xFC, 0xAE, 0xFC, 0xAE, 0xFC, 0xAE, 0xFC, 0xAE, 0xFC, 0xAE, 0xFC, 0xAE, 0xFC, 0xAE, 0xFC, 0xAE, 0xFC, 0xAE, 0xFC, 0xAE, 0xFC, 0xAE, 0xFC,
    0xAE, 0xFC, 0xAE, 0xFC, 0xAE, 0xFC, 0xAE, 0xFC, 0xAE, 0xFC, 0xAE, 0xFC, 0xAE, 0xFC, 0xAE, 0xFC, 0xAE, 0xFC, 0xAE, 0xFC, 0xAE, 0xFC, 0xAE, 0xFC,
    0xAE, 0xFC, 0xAE, 0xFC, 0xAE, 0xFC, 0xAE, 0xFC, 0xAE, 0xFC, 0xAE, 0xFC, 0xAE, 0xFC, 0xAE, 0xFC, 0xAE, 0xFC, 0xAE, 0xFC, 0xAE, 0xFC, 0xAE, 0xFC,
    0xAE, 0xFC, 0xAE, 0xFC, 0xAE, 0xFC, 0xAE, 0xFC, 0xAE, 0xFC, 0xAE, 0xFC, 0xAE, 0xFC, 0xAE, 0xFC, 0xAE, 0xFC, 0xAE, 0xFC, 0xAE, 0xFC, 0xAE, 0xFC,
    0xAE, 0xFC, 0xAE, 0xFC, 0xAE, 0xFC, 0xAE, 0xFC, 0xAE, 0xFC, 0xAE, 0xFC, 0xAE, 0xFC, 0xAE, 0xFC, 0xAE, 0xFC, 0xAE, 0xFC, 0xAE, 0xFC, 0xAE, 0xFC,
    0xAE, 0xFC, 0xAE, 0xFC, 0xAE, 0xFC, 0xAE, 0xFC, 0xAE, 0xFC, 0xAE, 0xFC, 0xAE, 0xFC, 0xAE, 0xFC, 0xAE, 0xFC, 0xAE, 0xFC, 0xAE, 0xFC, 0xAE, 0xFC,
    0xAE, 0xFC, 0xAE, 0xFC, 0xAE, 0xFC, 0xAE, 0xFC, 0xAE, 0xFC, 0xAE, 0xFC, 0xAE, 0xFC, 0xAE, 0xFC, 0xAE, 0xFC, 0xAE, 0xFC, 0xAE, 0xFC, 0xAE, 0xFC,
    0xAE, 0xFC, 0xAE, 0xFC, 0xAE, 0xFC, 0xAE, 0xFC, 0xAE, 0xFC, 0xAE, 0xFC, 0xAE, 0xFC, 0xAE, 0xFC, 0xAE, 0xFC, 0xAE, 0xFC, 0xAE, 0xFC, 0xAE, 0xFC,
    0xAE, 0xFC, 0xAE, 0xFC, 0xAE, 0xFC, 0xAE, 0xFC, 0xAE, 0xFC, 0xAE, 0xFC, 0xAE, 0xFC, 0xAE, 0xFC, 0xAE, 0xFC, 0xAE, 0xFC, 0xAE, 0xFC, 0xAE, 0xFC,
    0xAE, 0xFC, 0xAE, 0xFC, 0xAE, 0xFC, 0xAE, 0xFC, 0xAE, 0xFC, 0xAE, 0xFC, 0xAE, 0xFC, 0xAE, 0xFC, 0xAE, 0xFC, 0xAE, 0xFC, 0xAE, 0xFC, 0xAE, 0xFC,
    0xAE, 0xFC, 0xAE, 0xFC, 0xAE, 0xFC, 0xAE, 0xFC, 0xAE, 0xFC, 0xAE, 0xFC, 0xAE, 0xFC, 0xAE, 0xFC, 0xAE, 0xFC, 0xAE, 0xFC, 0xAE, 0xFC, 0xAE, 0xFC,
    0xAE, 0xFC, 0xAE, 0xFC, 0xAE, 0xFC, 0xAE, 0xFC, 0xAE, 0xFC, 0xAE, 0xFC, 0xAE, 0xFC, 0xAE, 0xFC, 0xAE, 0xFC, 0xAE, 0xFC, 0xAE, 0xFC, 0xAE, 0xFC,
    0xAE, 0xFC, 0xAE, 0xFC, 0xAE, 0xFC, 0xAE, 0xFC, 0xAE, 0xFC, 0xAE, 0xFC, 0xAE, 0xFC, 0xAE, 0xFC, 0xAE, 0xFC, 0xAE, 0xFC, 0xAE, 0xFC, 0xAE, 0xFC,
    0xAE, 0xFC, 0xAE, 0xFC, 0xAE, 0xFC, 0xAE, 0xFC, 0xAE, 0xFC, 0xAE, 0xFC, 0xAE, 0xFC, 0xAE, 0xFC, 0xAE, 0xFC, 0xAE, 0xFC, 0xAE, 0xFC, 0xAE, 0xFC,
    0xAE, 0xFC, 0xAE, 0xFC, 0xAE, 0xFC, 0xAE, 0xFC, 0xAE, 0xFC, 0xAE, 0xFC, 0xAE, 0xFC, 0xAE, 0xFC, 0xAE, 0xFC, 0xAE, 0xFC, 0xAE, 0xFC, 0xAE, 0xFC,
    0xAE, 0xFC, 0xAE, 0xFC, 0xAE, 0xFC, 0xAE, 0xFC, 0xAE, 0xFC, 0xAE, 0xFC, 0xAE, 0xFC, 0xAE, 0xFC, 0xAE, 0xFC, 0xAE, 0xFC, 0xAE, 0xFC, 0xAE, 0xFC,
    0xAE, 0xFC, 0xAE, 0xFC, 0xAE, 0xFC, 0xAE, 0xFC, 0xAE, 0xFC, 0xAE, 0xFC, 0xAE, 0xFC, 0xAE, 0xFC, 0xAE, 0xFC, 0xAE, 0xFC, 0xAE, 0xFC, 0xAE, 0xFC,
    0xAE, 0xFC, 0xAE, 0xFC, 0xAE, 0xFC, 0xAE, 0xFC, 0xAE, 0xFC, 0xAE, 0xFC, 0xAE, 0xFC, 0xAF, 0x1C, 0xAE, 0xFC, 0xAE, 0xFC, 0xAE, 0xFC, 0xAE, 0xFC,
    0xAE, 0xFC, 0xAE, 0xFC, 0xAE, 0xFC, 0xAE, 0xFC, 0xAE, 0xFC, 0xAE, 0xFC, 0xAE, 0xFC, 0xAE, 0xFC, 0xAE, 0xFC, 0xAE, 0xFC, 0xAE, 0xFC, 0xAE, 0xFC,
    0xAE, 0xFC, 0xAE, 0xFC, 0xAE, 0xFC, 0xAE, 0xFC, 0xAE, 0xFC, 0xAE, 0xFC, 0xAE, 0xFC, 0xAE, 0xFC, 0xAE, 0xFC, 0xAE, 0xFC, 0xAE, 0xFC, 0xAE, 0xFC,
    0xAE, 0xFC, 0xAE, 0xFC, 0xAE, 0xFC, 0xAE, 0xFC, 0xAE, 0xFC, 0xAE, 0xFC, 0xAE, 0xFC, 0xAE, 0xFC, 0xAE, 0xFC, 0xAE, 0xFC, 0xAE, 0xFC, 0xAE, 0xFC,
    0xAE, 0xFC, 0xAE, 0xFC, 0xAE, 0xFC, 0xAE, 0xFC, 0xAE, 0xFC, 0xAE, 0xFC, 0xAE, 0xFC, 0xAE, 0xFC, 0xAE, 0xFC, 0xAE, 0xFC, 0xAE, 0xFC, 0xAE, 0xFC,
    0xAE, 0xFC, 0xAE, 0xFC, 0xAE, 0xFC, 0xAE, 0xFC, 0xAE, 0xFC, 0xAE, 0xFC, 0xAE, 0xFC, 0xAE, 0xFC, 0xAE, 0xFC, 0xAE, 0xFC, 0xAE, 0xFC, 0xAE, 0xFC,
    0xAE, 0xFC, 0xAE, 0xFC, 0xAE, 0xFC, 0xAE, 0xFC, 0xAE, 0xFC, 0xAE, 0xFC, 0xAE, 0xFC, 0xAE, 0xFC, 0xAE, 0xFC, 0xAE, 0xFC, 0xAE, 0xFC, 0xAE, 0xFC,
    0xAE, 0xFC, 0xAE, 0xFC, 0xAE, 0xFC, 0xAE, 0xFC, 0xAE, 0xFC, 0xAE, 0xFC, 0xAE, 0xFC, 0xAE, 0xFC, 0xAE, 0xFC, 0xAE, 0xFC, 0xAE, 0xFC, 0xAE, 0xFC,
    0xAE, 0xFC, 0xAE, 0xFC, 0xAE, 0xFC, 0xAE, 0xFC, 0xAE, 0xFC, 0xAE, 0xFC, 0xAE, 0xFC, 0xAE, 0xFC, 0xAE, 0xFC, 0xAE, 0xFC, 0xAE, 0xFC, 0xAE, 0xFC,
    0xAE, 0xFC, 0xAE, 0xFC, 0xAE, 0xFC, 0xAE, 0xFC, 0xAE, 0xFC, 0xAE, 0xFC, 0xAE, 0xFC, 0xAE, 0xFC, 0xAE, 0xFC, 0xAE, 0xFC, 0xAE, 0xFC, 0xAE, 0xFC,
    0xAE, 0xFC, 0xAE, 0xFC, 0xAE, 0xFC, 0xAE, 0xFC, 0xAE, 0xFC, 0xAE, 0xFC, 0xAE, 0xFC, 0xAE, 0xFC, 0xAE, 0xFC, 0xAE, 0xFC, 0xAE, 0xFC, 0xAE, 0xFC,
    0xAE, 0xFC, 0xAE, 0xFC, 0xAE, 0xFC, 0xAE, 0xFC, 0xAE, 0xFC, 0xAE, 0xFC, 0xAE, 0xFC, 0xAE, 0xFC, 0xAE, 0xFC, 0xAE, 0xFC, 0xAE, 0xFC, 0xAE, 0xFC,
    0xAE, 0xFC, 0xAE, 0xFC, 0xAE, 0xFC, 0xAE, 0xFC, 0xAE, 0xFC, 0xAE, 0xFC, 0xAE, 0xFC, 0xAE, 0xFC, 0xAE, 0xFC, 0xAE, 0xFC, 0xAE, 0xFC, 0xAE, 0xFC,
    0xAE, 0xFC, 0xAE, 0xFC, 0xAE, 0xFC, 0xAE, 0xFC, 0xAE, 0xFC, 0xAE, 0xFC, 0xAE, 0xFC, 0xAE, 0xFC, 0xAE, 0xFC, 0xAE, 0xFC, 0xAE, 0xFC, 0xAE, 0xFC,
    0xAE, 0xFC, 0xAE, 0xFC, 0xAE, 0xFC, 0xAE, 0xFC, 0xAE, 0xFC, 0xAE, 0xFC, 0xAE, 0xFC, 0xAE, 0xFC, 0xAE, 0xFC, 0xAE, 0xFC, 0xAE, 0xFC, 0xAE, 0xFC,
    0xAE, 0xFC, 0xAE, 0xFC, 0xAE, 0xFC, 0xAE, 0xFC, 0xAE, 0xFC, 0xAE, 0xFC, 0xAE, 0xFC, 0xAE, 0xFC, 0xAE, 0xFC, 0xAE, 0xFC, 0xAE, 0xFC, 0xAE, 0xFC,
    0xAE, 0xFC, 0xAE, 0xFC, 0xAE, 0xFC, 0xAE, 0xFC, 0xAE, 0xFC, 0xAE, 0xFC, 0xAE, 0xFC, 0xAE, 0xFC, 0xAE, 0xFC, 0xAE, 0xFC, 0xAE, 0xFC, 0xAE, 0xFC,
    0xAE, 0xFC, 0xAE, 0xFC, 0xAE, 0xFC, 0xAE, 0xFC, 0xAE, 0xFC, 0xAE, 0xFC, 0xAE, 0xFC, 0xAE, 0xFC, 0xAE, 0xFC, 0xAE, 0xFC, 0xAE, 0xFC, 0xAE, 0xFC,
    0xAE, 0xFC, 0xAE, 0xFC, 0xAE, 0xFC, 0xAE, 0xFC, 0xAE, 0xFC, 0xAE, 0xFC, 0xAE, 0xFC, 0xAE, 0xFC, 0xAE, 0xFC, 0xAE, 0xFC, 0xAE, 0xFC, 0xAE, 0xFC,
    0xAE, 0xFC, 0xAE, 0xFC, 0xAE, 0xFC, 0xAE, 0xFC, 0xAE, 0xFC, 0xAE, 0xFC, 0xAE, 0xFC, 0xAE, 0xFC, 0xB7, 0x1C, 0xBF, 0x3D, 0xCF, 0x5D, 0xD7, 0x7E,
    0xD7, 0x7E, 0xD7, 0x7E, 0xD7, 0x7E, 0xCF, 0x7E, 0xC7, 0x3D, 0xB7, 0x1D, 0xAE, 0xFC, 0xAE, 0xFC, 0xAE, 0xFC, 0xAE, 0xFC, 0xAE, 0xFC, 0xAE, 0xFC,
    0xAE, 0xFC, 0xAE, 0xFC, 0xAE, 0xFC, 0xAE, 0xFC, 0xAE, 0xFC, 0xAE, 0xFC, 0xAE, 0xFC, 0xAE, 0xFC, 0xAE, 0xFC, 0xAE, 0xFC, 0xAE, 0xFC, 0xAE, 0xFC,
    0xAE, 0xFC, 0xAE, 0xFC, 0xAE, 0xFC, 0xAE, 0xFC, 0xAE, 0xFC, 0xAE, 0xFC, 0xAE, 0xFC, 0xAE, 0xFC, 0xAE, 0xFC, 0xAE, 0xFC, 0xAE, 0xFC, 0xAE, 0xFC,
    0xAE, 0xFC, 0xAE, 0xFC, 0xAE, 0xFC, 0xAE, 0xFC, 0xAE, 0xFC, 0xAE, 0xFC, 0xAE, 0xFC, 0xAE, 0xFC, 0xAE, 0xFC, 0xAE, 0xFC, 0xAE, 0xFC, 0xAE, 0xFC,
    0xAE, 0xFC, 0xAE, 0xFC, 0xAE, 0xFC, 0xAE, 0xFC, 0xAE, 0xFC, 0xAE, 0xFC, 0xAE, 0xFC, 0xAE, 0xFC, 0xAE, 0xFC, 0xAE, 0xFC, 0xAE, 0xFC, 0xAE, 0xFC,
    0xAE, 0xFC, 0xAE, 0xFC, 0xAE, 0xFC, 0xAE, 0xFC, 0xAE, 0xFC, 0xAE, 0xFC, 0xAE, 0xFC, 0xAE, 0xFC, 0xAE, 0xFC, 0xAE, 0xFC, 0xAE, 0xFC, 0xAE, 0xFC,
    0xAE, 0xFC, 0xAE, 0xFC, 0xAE, 0xFC, 0xAE, 0xFC, 0xAE, 0xFC, 0xAE, 0xFC, 0xAE, 0xFC, 0xAE, 0xFC, 0xAE, 0xFC, 0xAE, 0xFC, 0xAE, 0xFC, 0xAE, 0xFC,
    0xAE, 0xFC, 0xAE, 0xFC, 0xAE, 0xFC, 0xAE, 0xFC, 0xAE, 0xFC, 0xAE, 0xFC, 0xAE, 0xFC, 0xAE, 0xFC, 0xAE, 0xFC, 0xAE, 0xFC, 0xAE, 0xFC, 0xAE, 0xFC,
    0xAE, 0xFC, 0xAE, 0xFC, 0xAE, 0xFC, 0xAE, 0xFC, 0xAE, 0xFC, 0xAE, 0xFC, 0xAE, 0xFC, 0xAE, 0xFC, 0xAE, 0xFC, 0xAE, 0xFC, 0xAE, 0xFC, 0xAE, 0xFC,
    0xAE, 0xFC, 0xAE, 0xFC, 0xAE, 0xFC, 0xAE, 0xFC, 0xAE, 0xFC, 0xAE, 0xFC, 0xAE, 0xFC, 0xAE, 0xFC, 0xAE, 0xFC, 0xAE, 0xFC, 0xAE, 0xFC, 0xAE, 0xFC,
    0xAE, 0xFC, 0xAE, 0xFC, 0xAE, 0xFC, 0xAE, 0xFC, 0xAE, 0xFC, 0xAE, 0xFC, 0xAE, 0xFC, 0xAE, 0xFC, 0xAE, 0xFC, 0xAE, 0xFC, 0xAE, 0xFC, 0xAE, 0xFC,
    0xAE, 0xFC, 0xAE, 0xFC, 0xAE, 0xFC, 0xAE, 0xFC, 0xAE, 0xFC, 0xAE, 0xFC, 0xAE, 0xFC, 0xAE, 0xFC, 0xAE, 0xFC, 0xAE, 0xFC, 0xAE, 0xFC, 0xAE, 0xFC,
    0xAE, 0xFC, 0xAE, 0xFC, 0xAE, 0xFC, 0xAE, 0xFC, 0xAE, 0xFC, 0xAE, 0xFC, 0xAE, 0xFC, 0xAE, 0xFC, 0xAE, 0xFC, 0xAE, 0xFC, 0xAE, 0xFC, 0xAE, 0xFC,
    0xAE, 0xFC, 0xAE, 0xFC, 0xAE, 0xFC, 0xAE, 0xFC, 0xAE, 0xFC, 0xAE, 0xFC, 0xAE, 0xFC, 0xAE, 0xFC, 0xAE, 0xFC, 0xAE, 0xFC, 0xAE, 0xFC, 0xAE, 0xFC,
    0xAE, 0xFC, 0xAE, 0xFC, 0xAE, 0xFC, 0xAE, 0xFC, 0xAE, 0xFC, 0xAE, 0xFC, 0xAE, 0xFC, 0xAE, 0xFC, 0xAE, 0xFC, 0xAE, 0xFC, 0xAE, 0xFC, 0xAE, 0xFC,
    0xAE, 0xFC, 0xAE, 0xFC, 0xAE, 0xFC, 0xAE, 0xFC, 0xAE, 0xFC, 0xAE, 0xFC, 0xAE, 0xFC, 0xAE, 0xFC, 0xAE, 0xFC, 0xAE, 0xFC, 0xAE, 0xFC, 0xAE, 0xFC,
    0xAE, 0xFC, 0xAE, 0xFC, 0xAE, 0xFC, 0xAE, 0xFC, 0xAE, 0xFC, 0xAE, 0xFC, 0xAE, 0xFC, 0xAE, 0xFC, 0xAE, 0xFC, 0xAE, 0xFC, 0xAE, 0xFC, 0xAE, 0xFC,
    0xAE, 0xFC, 0xAE, 0xFC, 0xAE, 0xFC, 0xAE, 0xFC, 0xAE, 0xFC, 0xAE, 0xFC, 0xAE, 0xFC, 0xAE, 0xFC, 0xAE, 0xFC, 0xAE, 0xFC, 0xAE, 0xFC, 0xAE, 0xFC,
    0xAE, 0xFC, 0xAE, 0xFC, 0xAE, 0xFC, 0xAE, 0xFC, 0xAE, 0xFC, 0xAE, 0xFC, 0xAE, 0xFC, 0xAE, 0xFC, 0xAE, 0xFC, 0xAE, 0xFC, 0xAE, 0xFC, 0xAE, 0xFC,
    0xAE, 0xFC, 0xAE, 0xFC, 0xAE, 0xFC, 0xAE, 0xFC, 0xAE, 0xFC, 0xAE, 0xFC, 0xBF, 0x3D, 0xDF, 0x9E, 0xDF, 0xDF, 0xC7, 0x3E, 0xCF, 0x9F, 0xCF, 0x9F,
    0xCF, 0x9F, 0xCF, 0x9F, 0xCF, 0xBF, 0xCF, 0x9F, 0xCF, 0x5E, 0xCF, 0x9F, 0xEF, 0xBF, 0xCF, 0x5E, 0xB7, 0x1C, 0xAE, 0xFC, 0xAE, 0xFC, 0xAE, 0xFC,
    0xAE, 0xFC, 0xAE, 0xFC, 0xAE, 0xFC, 0xAE, 0xFC, 0xAE, 0xFC, 0xAE, 0xFC, 0xAE, 0xFC, 0xAE, 0xFC, 0xAE, 0xFC, 0xAE, 0xFC, 0xAE, 0xFC, 0xAE, 0xFC,
    0xAE, 0xFC, 0xAE, 0xFC, 0xAE, 0xFC, 0xAE, 0xFC, 0xAE, 0xFC, 0xAE, 0xFC, 0xAE, 0xFC, 0xAE, 0xFC, 0xAE, 0xFC, 0xAE, 0xFC, 0xAE, 0xFC, 0xAE, 0xFC,
    0xAE, 0xFC, 0xAE, 0xFC, 0xAE, 0xFC, 0xAE, 0xFC, 0xAE, 0xFC, 0xAE, 0xFC, 0xAE, 0xFC, 0xAE, 0xFC, 0xAE, 0xFC, 0xAE, 0xFC, 0xAE, 0xFC, 0xAE, 0xFC,
    0xAE, 0xFC, 0xAE, 0xFC, 0xAE, 0xFC, 0xAE, 0xFC, 0xAE, 0xFC, 0xAE, 0xFC, 0xAE, 0xFC, 0xAE, 0xFC, 0xAE, 0xFC, 0xAE, 0xFC, 0xAE, 0xFC, 0xAE, 0xFC,
    0xAE, 0xFC, 0xAE, 0xFC, 0xAE, 0xFC, 0xAE, 0xFC, 0xAE, 0xFC, 0xAE, 0xFC, 0xAE, 0xFC, 0xAE, 0xFC, 0xAE, 0xFC, 0xAE, 0xFC, 0xAE, 0xFC, 0xAE, 0xFC,
    0xAE, 0xFC, 0xAE, 0xFC, 0xAE, 0xFC, 0xAE, 0xFC, 0xAE, 0xFC, 0xAE, 0xFC, 0xAE, 0xFC, 0xAE, 0xFC, 0xAE, 0xFC, 0xAE, 0xFC, 0xAE, 0xFC, 0xAE, 0xFC,
    0xAE, 0xFC, 0xAE, 0xFC, 0xAE, 0xFC, 0xAE, 0xFC, 0xAE, 0xFC, 0xAE, 0xFC, 0xAE, 0xFC, 0xAE, 0xFC, 0xAE, 0xFC, 0xAE, 0xFC, 0xAE, 0xFC, 0xAE, 0xFC,
    0xAE, 0xFC, 0xAE, 0xFC, 0xAE, 0xFC, 0xAE, 0xFC, 0xAE, 0xFC, 0xAE, 0xFC, 0xAE, 0xFC, 0xAE, 0xFC, 0xAE, 0xFC, 0xAE, 0xFC, 0xAE, 0xFC, 0xAE, 0xFC,
    0xAE, 0xFC, 0xAE, 0xFC, 0xAE, 0xFC, 0xAE, 0xFC, 0xAE, 0xFC, 0xAE, 0xFC, 0xAE, 0xFC, 0xAE, 0xFC, 0xAE, 0xFC, 0xAE, 0xFC, 0xAE, 0xFC, 0xAE, 0xFC,
    0xAE, 0xFC, 0xAE, 0xFC, 0xAE, 0xFC, 0xAE, 0xFC, 0xAE, 0xFC, 0xAE, 0xFC, 0xAE, 0xFC, 0xAE, 0xFC, 0xAE, 0xFC, 0xAE, 0xFC, 0xAE, 0xFC, 0xAE, 0xFC,
    0xAE, 0xFC, 0xAE, 0xFC, 0xAE, 0xFC, 0xAE, 0xFC, 0xAE, 0xFC, 0xAE, 0xFC, 0xAE, 0xFC, 0xAE, 0xFC, 0xAE, 0xFC, 0xAE, 0xFC, 0xAE, 0xFC, 0xAE, 0xFC,
    0xAE, 0xFC, 0xAE, 0xFC, 0xAE, 0xFC, 0xAE, 0xFC, 0xAE, 0xFC, 0xAE, 0xFC, 0xAE, 0xFC, 0xAE, 0xFC, 0xAE, 0xFC, 0xAE, 0xFC, 0xAE, 0xFC, 0xAE, 0xFC,
    0xAE, 0xFC, 0xAE, 0xFC, 0xAE, 0xFC, 0xAE, 0xFC, 0xAE, 0xFC, 0xAE, 0xFC, 0xAE, 0xFC, 0xAE, 0xFC, 0xAE, 0xFC, 0xAE, 0xFC, 0xAE, 0xFC, 0xAE, 0xFC,
    0xAE, 0xFC, 0xAE, 0xFC, 0xAE, 0xFC, 0xAE, 0xFC, 0xAE, 0xFC, 0xAE, 0xFC, 0xAE, 0xFC, 0xAE, 0xFC, 0xAE, 0xFC, 0xAE, 0xFC, 0xAE, 0xFC, 0xAE, 0xFC,
    0xAE, 0xFC, 0xAE, 0xFC, 0xAE, 0xFC, 0xAE, 0xFC, 0xAE, 0xFC, 0xAE, 0xFC, 0xAE, 0xFC, 0xAE, 0xFC, 0xAE, 0xFC, 0xAE, 0xFC, 0xAE, 0xFC, 0xAE, 0xFC,
    0xAE, 0xFC, 0xAE, 0xFC, 0xAE, 0xFC, 0xAE, 0xFC, 0xAE, 0xFC, 0xAE, 0xFC, 0xAE, 0xFC, 0xAE, 0xFC, 0xAE, 0xFC, 0xAE, 0xFC, 0xAE, 0xFC, 0xAE, 0xFC,
    0xAE, 0xFC, 0xAE, 0xFC, 0xAE, 0xFC, 0xAE, 0xFC, 0xAE, 0xFC, 0xAE, 0xFC, 0xAE, 0xFC, 0xAE, 0xFC, 0xAE, 0xFC, 0xAE, 0xFC, 0xAE, 0xFC, 0xAE, 0xFC,
    0xAE, 0xFC, 0xAE, 0xFC, 0xAE, 0xFC, 0xAE, 0xFC, 0xAE, 0xFC, 0xAE, 0xFC, 0xAE, 0xFC, 0xAE, 0xFC, 0xAE, 0xFC, 0xAE, 0xFC, 0xAE, 0xFC, 0xAE, 0xFC,
    0xAE, 0xFC, 0xAE, 0xFC, 0xAE, 0xFC, 0xAE, 0xFC, 0xC7, 0x3D, 0xEF, 0xBF, 0xC7, 0x3E, 0xCF, 0x9F, 0xC7, 0x5F, 0xBF, 0x1E, 0xC7, 0x1E, 0xC7, 0x3E,
    0xC7, 0x3E, 0xC7, 0x3E, 0xC7, 0x3E, 0xC7, 0x3E, 0xBF, 0x1D, 0xC7, 0x3E, 0xCF, 0x7F, 0xCF, 0x9F, 0xDF, 0xDF, 0xD7, 0x7E, 0xAE, 0xFC, 0xAE, 0xFC,
    0xAF, 0x1C, 0xAE, 0xFC, 0xAE, 0xFC, 0xAE, 0xFC, 0xAE, 0xFC, 0xAE, 0xFC, 0xAE, 0xFC, 0xAE, 0xFC, 0xAE, 0xFC, 0xAE, 0xFC, 0xAE, 0xFC, 0xAE, 0xFC,
    0xAE, 0xFC, 0xAE, 0xFC, 0xAE, 0xFC, 0xAE, 0xFC, 0xAE, 0xFC, 0xAE, 0xFC, 0xAE, 0xFC, 0xAE, 0xFC, 0xAE, 0xFC, 0xAE, 0xFC, 0xAE, 0xFC, 0xAE, 0xFC,
    0xAE, 0xFC, 0xAE, 0xFC, 0xAE, 0xFC, 0xAE, 0xFC, 0xAE, 0xFC, 0xAE, 0xFC, 0xAE, 0xFC, 0xAE, 0xFC, 0xAE, 0xFC, 0xAE, 0xFC, 0xAE, 0xFC, 0xAE, 0xFC,
    0xAE, 0xFC, 0xAE, 0xFC, 0xAE, 0xFC, 0xAE, 0xFC, 0xAE, 0xFC, 0xAE, 0xFC, 0xAE, 0xFC, 0xAE, 0xFC, 0xAE, 0xFC, 0xAE, 0xFC, 0xAE, 0xFC, 0xAE, 0xFC,
    0xAE, 0xFC, 0xAE, 0xFC, 0xAE, 0xFC, 0xAE, 0xFC, 0xAE, 0xFC, 0xAE, 0xFC, 0xAE, 0xFC, 0xAE, 0xFC, 0xAE, 0xFC, 0xAE, 0xFC, 0xAE, 0xFC, 0xAE, 0xFC,
    0xAE, 0xFC, 0xAE, 0xFC, 0xAE, 0xFC, 0xAE, 0xFC, 0xAE, 0xFC, 0xAE, 0xFC, 0xAE, 0xFC, 0xAE, 0xFC, 0xAE, 0xFC, 0xAE, 0xFC, 0xAE, 0xFC, 0xAE, 0xFC,
    0xAE, 0xFC, 0xAE, 0xFC, 0xAE, 0xFC, 0xAE, 0xFC, 0xAE, 0xFC, 0xAE, 0xFC, 0xAE, 0xFC, 0xAE, 0xFC, 0xAE, 0xFC, 0xAE, 0xFC, 0xAE, 0xFC, 0xAE, 0xFC,
    0xAE, 0xFC, 0xAE, 0xFC, 0xAE, 0xFC, 0xAE, 0xFC, 0xAE, 0xFC, 0xAE, 0xFC, 0xAE, 0xFC, 0xAE, 0xFC, 0xAE, 0xFC, 0xAE, 0xFC, 0xAE, 0xFC, 0xAE, 0xFC,
    0xAE, 0xFC, 0xAE, 0xFC, 0xAE, 0xFC, 0xAE, 0xFC, 0xAE, 0xFC, 0xAE, 0xFC, 0xAE, 0xFC, 0xAE, 0xFC, 0xAE, 0xFC, 0xAE, 0xFC, 0xAE, 0xFC, 0xAE, 0xFC,
    0xAE, 0xFC, 0xAE, 0xFC, 0xAE, 0xFC, 0xAE, 0xFC, 0xAE, 0xFC, 0xAE, 0xFC, 0xAE, 0xFC, 0xAE, 0xFC, 0xAE, 0xFC, 0xAE, 0xFC, 0xAE, 0xFC, 0xAE, 0xFC,
    0xAE, 0xFC, 0xAE, 0xFC, 0xAE, 0xFC, 0xAE, 0xFC, 0xAE, 0xFC, 0xAE, 0xFC, 0xAE, 0xFC, 0xAE, 0xFC, 0xAE, 0xFC, 0xAE, 0xFC, 0xAE, 0xFC, 0xAE, 0xFC,
    0xAE, 0xFC, 0xAE, 0xFC, 0xAE, 0xFC, 0xAE, 0xFC, 0xAE, 0xFC, 0xAE, 0xFC, 0xAF, 0x1C, 0xAF, 0x1C, 0xAE, 0xFC, 0xAE, 0xFC, 0xAE, 0xFC, 0xAE, 0xFC,
    0xAF, 0x1C, 0xAF, 0x1C, 0xAE, 0xFC, 0xAE, 0xFC, 0xAE, 0xFC, 0xAE, 0xFC, 0xAE, 0xFC, 0xAE, 0xFC, 0xAE, 0xFC, 0xAE, 0xFC, 0xAE, 0xFC, 0xAE, 0xFC,
    0xAE, 0xFC, 0xAE, 0xFC, 0xAE, 0xFC, 0xAE, 0xFC, 0xAE, 0xFC, 0xAE, 0xFC, 0xAE, 0xFC, 0xAE, 0xFC, 0xAE, 0xFC, 0xAE, 0xFC, 0xAE, 0xFC, 0xAE, 0xFC,
    0xAE, 0xFC, 0xAE, 0xFC, 0xAE, 0xFC, 0xAE, 0xFC, 0xAE, 0xFC, 0xAE, 0xFC, 0xAE, 0xFC, 0xAE, 0xFC, 0xAE, 0xFC, 0xAE, 0xFC, 0xAE, 0xFC, 0xAE, 0xFC,
    0xAE, 0xFC, 0xAE, 0xFC, 0xAE, 0xFC, 0xAE, 0xFC, 0xAE, 0xFC, 0xAE, 0xFC, 0xAE, 0xFC, 0xAE, 0xFC, 0xAE, 0xFC, 0xAE, 0xFC, 0xAE, 0xFC, 0xAE, 0xFC,
    0xAE, 0xFC, 0xAE, 0xFC, 0xAE, 0xFC, 0xAE, 0xFC, 0xAE, 0xFC, 0xAE, 0xFC, 0xAE, 0xFC, 0xAE, 0xFC, 0xAE, 0xFC, 0xAE, 0xFC, 0xAE, 0xFC, 0xAE, 0xFC,
    0xAE, 0xFC, 0xAE, 0xFC, 0xAE, 0xFC, 0xAE, 0xFC, 0xAE, 0xFC, 0xAE, 0xFC, 0xAE, 0xFC, 0xAE, 0xFC, 0xAE, 0xFC, 0xAE, 0xFC, 0xAE, 0xFC, 0xAE, 0xFC,
    0xAE, 0xFC, 0xAE, 0xFC, 0xB7, 0x1C, 0xDF, 0x9E, 0xCF, 0x5E, 0xCF, 0x7F, 0xC7, 0x1E, 0xC7, 0x3E, 0xBF, 0x1E, 0xBF, 0x1E, 0xBF, 0x1E, 0xBF, 0x1E,
    0xC7, 0x1E, 0xC7, 0x1D, 0xC7, 0x1E, 0xC7, 0x1E, 0xC7, 0x1D, 0xBF, 0x1D, 0xC7, 0x1E, 0xBF, 0x1E, 0xC7, 0x5E, 0xCF, 0x9F, 0xEF, 0xDF, 0xBF, 0x3D,
    0xAE, 0xFC, 0xAE, 0xFC, 0xAE, 0xFC, 0xAE, 0xFC, 0xAE, 0xFC, 0xAE, 0xFC, 0xAE, 0xFC, 0xAE, 0xFC, 0xAE, 0xFC, 0xAE, 0xFC, 0xAE, 0xFC, 0xAE, 0xFC,
    0xAE, 0xFC, 0xAE, 0xFC, 0xAE, 0xFC, 0xAE, 0xFC, 0xAE, 0xFC, 0xAE, 0xFC, 0xAE, 0xFC, 0xAE, 0xFC, 0xAE, 0xFC, 0xAE, 0xFC, 0xAE, 0xFC, 0xAE, 0xFC,
    0xAE, 0xFC, 0xAE, 0xFC, 0xAE, 0xFC, 0xAE, 0xFC, 0xAE, 0xFC, 0xAE, 0xFC, 0xAE, 0xFC, 0xAE, 0xFC, 0xAE, 0xFC, 0xAE, 0xFC, 0xAE, 0xFC, 0xAE, 0xFC,
    0xAE, 0xFC, 0xAE, 0xFC, 0xAE, 0xFC, 0xAE, 0xFC, 0xAE, 0xFC, 0xAE, 0xFC, 0xAE, 0xFC, 0xAE, 0xFC, 0xAE, 0xFC, 0xAE, 0xFC, 0xAE, 0xFC, 0xAE, 0xFC,
    0xAE, 0xFC, 0xAE, 0xFC, 0xAE, 0xFC, 0xAE, 0xFC, 0xAE, 0xFC, 0xAE, 0xFC, 0xAE, 0xFC, 0xAE, 0xFC, 0xAE, 0xFC, 0xAE, 0xFC, 0xAE, 0xFC, 0xAE, 0xFC,
    0xAE, 0xFC, 0xAE, 0xFC, 0xAE, 0xFC, 0xAE, 0xFC, 0xAE, 0xFC, 0xAE, 0xFC, 0xAE, 0xFC, 0xAE, 0xFC, 0xAE, 0xFC, 0xAE, 0xFC, 0xAE, 0xFC, 0xAE, 0xFC,
    0xAE, 0xFC, 0xAE, 0xFC, 0xAE, 0xFC, 0xAE, 0xFC, 0xAE, 0xFC, 0xAE, 0xFC, 0xAE, 0xFC, 0xAE, 0xFC, 0xAE, 0xFC, 0xAE, 0xFC, 0xAE, 0xFC, 0xAE, 0xFC,
    0xAE, 0xFC, 0xAE, 0xFC, 0xAE, 0xFC, 0xAE, 0xFC, 0xAE, 0xFC, 0xAE, 0xFC, 0xAE, 0xFC, 0xAE, 0xFC, 0xAE, 0xFC, 0xAE, 0xFC, 0xAE, 0xFC, 0xAE, 0xFC,
    0xAE, 0xFC, 0xAE, 0xFC, 0xAE, 0xFC, 0xAE, 0xFC, 0xAE, 0xFC, 0xAE, 0xFC, 0xAE, 0xFC, 0xAE, 0xFC, 0xAE, 0xFC, 0xAE, 0xFC, 0xAE, 0xFC, 0xAE, 0xFC,
    0xAE, 0xFC, 0xAE, 0xFC, 0xAE, 0xFC, 0xAE, 0xFC, 0xAE, 0xFC, 0xAE, 0xFC, 0xAE, 0xFC, 0xAE, 0xFC, 0xAE, 0xFC, 0xAE, 0xFC, 0xAE, 0xFC, 0xAE, 0xFC,
    0xAE, 0xFC, 0xAE, 0xFC, 0xAE, 0xFC, 0xAE, 0xFC, 0xAE, 0xFC, 0xAE, 0xFC, 0xAE, 0xFC, 0xAE, 0xFC, 0xAE, 0xFC, 0xAE, 0xFC, 0xAE, 0xFC, 0xAE, 0xFC,
    0xAE, 0xFC, 0xAE, 0xFC, 0xAE, 0xFC, 0xB6, 0xFC, 0xAE, 0xFC, 0xAE, 0xFC, 0xAE, 0xFC, 0xAE, 0xFC, 0xAE, 0xFC, 0xAE, 0xFC, 0xAE, 0xFC, 0xAE, 0xFC,
    0xAE, 0xFC, 0xAE, 0xFC, 0xAE, 0xFC, 0xAE, 0xFC, 0xB7, 0x1C, 0xB6, 0xFC, 0xAE, 0xFC, 0xAE, 0xFC, 0xAE, 0xFC, 0xAE, 0xFC, 0xAE, 0xFC, 0xAE, 0xFC,
    0xAE, 0xFC, 0xAE, 0xFC, 0xAE, 0xFC, 0xAE, 0xFC, 0xAE, 0xFC, 0xAE, 0xFC, 0xAE, 0xFC, 0xAE, 0xFC, 0xAE, 0xFC, 0xAE, 0xFC, 0xAE, 0xFC, 0xAE, 0xFC,
    0xAE, 0xFC, 0xAE, 0xFC, 0xAE, 0xFC, 0xAE, 0xFC, 0xAE, 0xFC, 0xAE, 0xFC, 0xAE, 0xFC, 0xAE, 0xFC, 0xAE, 0xFC, 0xAE, 0xFC, 0xAE, 0xFC, 0xAE, 0xFC,
    0xAE, 0xFC, 0xAE, 0xFC, 0xAE, 0xFC, 0xAE, 0xFC, 0xAE, 0xFC, 0xAE, 0xFC, 0xAE, 0xFC, 0xAE, 0xFC, 0xAE, 0xFC, 0xAE, 0xFC, 0xAE, 0xFC, 0xAE, 0xFC,
    0xAE, 0xFC, 0xAE, 0xFC, 0xAE, 0xFC, 0xAE, 0xFC, 0xAE, 0xFC, 0xAE, 0xFC, 0xAE, 0xFC, 0xAE, 0xFC, 0xAE, 0xFC, 0xAE, 0xFC, 0xAE, 0xFC, 0xAE, 0xFC,
    0xAE, 0xFC, 0xAE, 0xFC, 0xAE, 0xFC, 0xAE, 0xFC, 0xAE, 0xFC, 0xAE, 0xFC, 0xAE, 0xFC, 0xAE, 0xFC, 0xAE, 0xFC, 0xAE, 0xFC, 0xAE, 0xFC, 0xB6, 0xFC,
    0xAE, 0xFC, 0xBF, 0x1D, 0xEF, 0xDF, 0xD7, 0xBF, 0xC7, 0x3E, 0xC7, 0x1E, 0xC7, 0x1E, 0xC7, 0x1E, 0xC7, 0x1D, 0xC7, 0x1E, 0xC7, 0x1E, 0xC7, 0x1E,
    0xC7, 0x1E, 0xC7, 0x1E, 0xC7, 0x1E, 0xC7, 0x1E, 0xC7, 0x1E, 0xC7, 0x1E, 0xBF, 0x1E, 0xC7, 0x1E, 0xC7, 0x1E, 0xC7, 0x3E, 0xCF, 0x7F, 0xCF, 0x7F,
    0xCF, 0x7E, 0xAE, 0xFC, 0xB7, 0x1C, 0xAE, 0xFC, 0xAE, 0xFC, 0xAE, 0xFC, 0xAE, 0xFC, 0xAE, 0xFC, 0xAE, 0xFC, 0xAE, 0xFC, 0xAE, 0xFC, 0xAE, 0xFC,
    0xAE, 0xFC, 0xAE, 0xFC, 0xAE, 0xFC, 0xAE, 0xFC, 0xAE, 0xFC, 0xAE, 0xFC, 0xAE, 0xFC, 0xAE, 0xFC, 0xAE, 0xFC, 0xAE, 0xFC, 0xAE, 0xFC, 0xAE, 0xFC,
    0xAE, 0xFC, 0xAE, 0xFC, 0xAE, 0xFC, 0xAE, 0xFC, 0xAE, 0xFC, 0xAE, 0xFC, 0xAE, 0xFC, 0xAE, 0xFC, 0xAE, 0xFC, 0xAE, 0xFC, 0xAE, 0xFC, 0xAE, 0xFC,
    0xAE, 0xFC, 0xAE, 0xFC, 0xAE, 0xFC, 0xAE, 0xFC, 0xAE, 0xFC, 0xAE, 0xFC, 0xAE, 0xFC, 0xAE, 0xFC, 0xAE, 0xFC, 0xAE, 0xFC, 0xAE, 0xFC, 0xAE, 0xFC,
    0xAE, 0xFC, 0xAE, 0xFC, 0xAE, 0xFC, 0xAE, 0xFC, 0xAE, 0xFC, 0xAE, 0xFC, 0xAE, 0xFC, 0xAE, 0xFC, 0xAE, 0xFC, 0xAE, 0xFC, 0xAE, 0xFC, 0xAE, 0xFC,
    0xAE, 0xFC, 0xAE, 0xFC, 0xAE, 0xFC, 0xAE, 0xFC, 0xAE, 0xFC, 0xAE, 0xFC, 0xAE, 0xFC, 0xAE, 0xFC, 0xAE, 0xFC, 0xAE, 0xFC, 0xAE, 0xFC, 0xAE, 0xFC,
    0xAE, 0xFC, 0xAE, 0xFC, 0xAE, 0xFC, 0xAE, 0xFC, 0xAE, 0xFC, 0xAE, 0xFC, 0xAE, 0xFC, 0xAE, 0xFC, 0xAE, 0xFC, 0xAE, 0xFC, 0xAE, 0xFC, 0xAE, 0xFC,
    0xAE, 0xFC, 0xAE, 0xFC, 0xAE, 0xFC, 0xAE, 0xFC, 0xAE, 0xFC, 0xAE, 0xFC, 0xAE, 0xFC, 0xAE, 0xFC, 0xAE, 0xFC, 0xAE, 0xFC, 0xAE, 0xFC, 0xAE, 0xFC,
    0xAE, 0xFC, 0xAE, 0xFC, 0xAE, 0xFC, 0xAE, 0xFC, 0xAE, 0xFC, 0xAE, 0xFC, 0xAE, 0xFC, 0xAE, 0xFC, 0xAE, 0xFC, 0xAE, 0xFC, 0xAE, 0xFC, 0xAE, 0xFC,
    0xAE, 0xFC, 0xAE, 0xFC, 0xAE, 0xFC, 0xAE, 0xFC, 0xAE, 0xFC, 0xAE, 0xFC, 0xAE, 0xFC, 0xAE, 0xFC, 0xAE, 0xFC, 0xAE, 0xFC, 0xAE, 0xFC, 0xAE, 0xFC,
    0xAE, 0xFC, 0xAE, 0xFC, 0xAE, 0xFC, 0xAE, 0xFC, 0xAE, 0xFC, 0xAE, 0xFC, 0xAE, 0xFC, 0xAE, 0xFC, 0xAE, 0xFC, 0xAE, 0xFC, 0xAE, 0xFC, 0xAE, 0xFC,
    0xAE, 0xFC, 0xB6, 0xFC, 0xAE, 0xFC, 0xAE, 0xFC, 0xAE, 0xFC, 0xBF, 0x1D, 0xCF, 0x5D, 0xDF, 0x9E, 0xE7, 0xBE, 0xE7, 0xDF, 0xE7, 0xDF, 0xE7, 0xBE,
    0xDF, 0x9E, 0xCF, 0x5E, 0xBF, 0x3D, 0xB6, 0xFC, 0xAE, 0xFC, 0xAE, 0xFC, 0xB6, 0xFC, 0xAE, 0xFC, 0xAE, 0xFC, 0xAE, 0xFC, 0xAE, 0xFC, 0xAE, 0xFC,
    0xAE, 0xFC, 0xAE, 0xFC, 0xAE, 0xFC, 0xAE, 0xFC, 0xAE, 0xFC, 0xAE, 0xFC, 0xAE, 0xFC, 0xAE, 0xFC, 0xAE, 0xFC, 0xAE, 0xFC, 0xAE, 0xFC, 0xAE, 0xFC,
    0xAE, 0xFC, 0xAE, 0xFC, 0xAE, 0xFC, 0xAE, 0xFC, 0xAE, 0xFC, 0xAE, 0xFC, 0xAE, 0xFC, 0xAE, 0xFC, 0xAE, 0xFC, 0xAE, 0xFC, 0xAE, 0xFC, 0xAE, 0xFC,
    0xAE, 0xFC, 0xAE, 0xFC, 0xAE, 0xFC, 0xAE, 0xFC, 0xAE, 0xFC, 0xAE, 0xFC, 0xAE, 0xFC, 0xAE, 0xFC, 0xAE, 0xFC, 0xAE, 0xFC, 0xAE, 0xFC, 0xAE, 0xFC,
    0xAE, 0xFC, 0xAE, 0xFC, 0xAE, 0xFC, 0xAE, 0xFC, 0xAE, 0xFC, 0xAE, 0xFC, 0xAE, 0xFC, 0xAE, 0xFC, 0xAE, 0xFC, 0xAE, 0xFC, 0xAE, 0xFC, 0xAE, 0xFC,
    0xAE, 0xFC, 0xAE, 0xFC, 0xAE, 0xFC, 0xAE, 0xFC, 0xAE, 0xFC, 0xAE, 0xFC, 0xAE, 0xFC, 0xAE, 0xFC, 0xAE, 0xFC, 0xAE, 0xFC, 0xB6, 0xFC, 0xAE, 0xFC,
    0xBF, 0x3D, 0xDF, 0xDF, 0xCF, 0x9F, 0xC7, 0x3E, 0xC7, 0x1E, 0xC7, 0x3E, 0xC7, 0x3E, 0xC7, 0x1E, 0xC7, 0x1E, 0xC7, 0x1E, 0xC7, 0x1E, 0xC7, 0x1E,
    0xC7, 0x1E, 0xC7, 0x1E, 0xC7, 0x1E, 0xC7, 0x1E, 0xC7, 0x1E, 0xC7, 0x3E, 0xC7, 0x1E, 0xC7, 0x3E, 0xC7, 0x3D, 0xC7, 0x3E, 0xC7, 0x3E, 0xC7, 0x3E,
    0xD7, 0x9F, 0xD7, 0x7E, 0xAE, 0xFC, 0xB7, 0x1C, 0xAE, 0xFC, 0xAE, 0xFC, 0xAE, 0xFC, 0xAE, 0xFC, 0xAE, 0xFC, 0xAE, 0xFC, 0xAE, 0xFC, 0xAE, 0xFC,
    0xAE, 0xFC, 0xAE, 0xFC, 0xAE, 0xFC, 0xAE, 0xFC, 0xAE, 0xFC, 0xAE, 0xFC, 0xAE, 0xFC, 0xAE, 0xFC, 0xAE, 0xFC, 0xAE, 0xFC, 0xAE, 0xFC, 0xAE, 0xFC,
    0xAE, 0xFC, 0xAE, 0xFC, 0xAE, 0xFC, 0xAE, 0xFC, 0xAE, 0xFC, 0xAE, 0xFC, 0xAE, 0xFC, 0xAE, 0xFC, 0xAE, 0xFC, 0xAE, 0xFC, 0xAE, 0xFC, 0xAE, 0xFC,
    0xAE, 0xFC, 0xAE, 0xFC, 0xAE, 0xFC, 0xAE, 0xFC, 0xAE, 0xFC, 0xAE, 0xFC, 0xAE, 0xFC, 0xAE, 0xFC, 0xAE, 0xFC, 0xAE, 0xFC, 0xAE, 0xFC, 0xAE, 0xFC,
    0xAE, 0xFC, 0xAE, 0xFC, 0xAE, 0xFC, 0xAE, 0xFC, 0xAE, 0xFC, 0xAE, 0xFC, 0xAE, 0xFC, 0xAE, 0xFC, 0xAE, 0xFC, 0xAE, 0xFC, 0xAE, 0xFC, 0xAE, 0xFC,
    0xAE, 0xFC, 0xAE, 0xFC, 0xAE, 0xFC, 0xAE, 0xFC, 0xAE, 0xFC, 0xAE, 0xFC, 0xAE, 0xFC, 0xAE, 0xFC, 0xAE, 0xFC, 0xAE, 0xFC, 0xAE, 0xFC, 0xAE, 0xFC,
    0xAE, 0xFC, 0xAE, 0xFC, 0xAE, 0xFC, 0xAE, 0xFC, 0xAE, 0xFC, 0xAE, 0xFC, 0xAE, 0xFC, 0xAE, 0xFC, 0xAE, 0xFC, 0xAE, 0xFC, 0xAE, 0xFC, 0xAE, 0xFC,
    0xAE, 0xFC, 0xAE, 0xFC, 0xAE, 0xFC, 0xAE, 0xFC, 0xAE, 0xFC, 0xAE, 0xFC, 0xAE, 0xFC, 0xAE, 0xFC, 0xAE, 0xFC, 0xAE, 0xFC, 0xAE, 0xFC, 0xAE, 0xFC,
    0xAE, 0xFC, 0xAE, 0xFC, 0xAE, 0xFC, 0xAE, 0xFC, 0xAE, 0xFC, 0xAE, 0xFC, 0xAE, 0xFC, 0xAE, 0xFC, 0xAE, 0xFC, 0xAE, 0xFC, 0xAE, 0xFC, 0xAE, 0xFC,
    0xAE, 0xFC, 0xAE, 0xFC, 0xAE, 0xFC, 0xAE, 0xFC, 0xAE, 0xFC, 0xAE, 0xFC, 0xAE, 0xFC, 0xAE, 0xFC, 0xAE, 0xFC, 0xAE, 0xFC, 0xAE, 0xFC, 0xAE, 0xFC,
    0xAE, 0xFC, 0xAE, 0xFC, 0xAE, 0xFC, 0xAE, 0xFC, 0xAE, 0xFC, 0xAE, 0xFC, 0xAE, 0xFC, 0xAE, 0xFC, 0xAE, 0xFC, 0xAE, 0xFC, 0xAE, 0xFC, 0xAE, 0xFC,
    0xB6, 0xFC, 0xAE, 0xFC, 0xB7, 0x1C, 0xCF, 0x5E, 0xEF, 0xBF, 0xCF, 0x5E, 0xCF, 0x7F, 0xCF, 0x9F, 0xCF, 0x7F, 0xC7, 0x7E, 0xC7, 0x7E, 0xCF, 0x7F,
    0xCF, 0x9F, 0xCF, 0x9F, 0xC7, 0x1D, 0xE7, 0xDF, 0xD7, 0x7E, 0xBF, 0x1D, 0xAE, 0xFC, 0xAE, 0xFC, 0xB6, 0xFC, 0xAE, 0xFC, 0xAE, 0xFC, 0xAE, 0xFC,
    0xAE, 0xFC, 0xAE, 0xFC, 0xAE, 0xFC, 0xAE, 0xFC, 0xAE, 0xFC, 0xAE, 0xFC, 0xAE, 0xFC, 0xAE, 0xFC, 0xAE, 0xFC, 0xAE, 0xFC, 0xAE, 0xFC, 0xAE, 0xFC,
    0xAE, 0xFC, 0xAE, 0xFC, 0xAE, 0xFC, 0xAE, 0xFC, 0xAE, 0xFC, 0xAE, 0xFC, 0xAE, 0xFC, 0xAE, 0xFC, 0xAE, 0xFC, 0xAE, 0xFC, 0xAE, 0xFC, 0xAE, 0xFC,
    0xAE, 0xFC, 0xAE, 0xFC, 0xAE, 0xFC, 0xAE, 0xFC, 0xAE, 0xFC, 0xAE, 0xFC, 0xAE, 0xFC, 0xAE, 0xFC, 0xAE, 0xFC, 0xAE, 0xFC, 0xAE, 0xFC, 0xAE, 0xFC,
    0xAE, 0xFC, 0xAE, 0xFC, 0xAE, 0xFC, 0xAE, 0xFC, 0xAE, 0xFC, 0xAE, 0xFC, 0xAE, 0xFC, 0xAE, 0xFC, 0xAE, 0xFC, 0xAE, 0xFC, 0xAE, 0xFC, 0xAE, 0xFC,
    0xAE, 0xFC, 0xAE, 0xFC, 0xAE, 0xFC, 0xAE, 0xFC, 0xAE, 0xFC, 0xAE, 0xFC, 0xAE, 0xFC, 0xAE, 0xFC, 0xAE, 0xFC, 0xB6, 0xFC, 0xAE, 0xFC, 0xB7, 0x1D,
    0xDF, 0xDF, 0xCF, 0x9F, 0xC7, 0x3E, 0xC7, 0x1E, 0xC7, 0x1E, 0xC7, 0x1E, 0xC7, 0x1E, 0xC7, 0x1E, 0xC7, 0x3D, 0xC7, 0x1E, 0xC7, 0x1E, 0xC7, 0x3E,
    0xC7, 0x3E, 0xC7, 0x3D, 0xC7, 0x3E, 0xC7, 0x3E, 0xC7, 0x3E, 0xC7, 0x3E, 0xC7, 0x3E, 0xC7, 0x3E, 0xC7, 0x3E, 0xC7, 0x3E, 0xC7, 0x3E, 0xC7, 0x1E,
    0xC7, 0x5F, 0xD7, 0x9F, 0xD7, 0x7E, 0xAE, 0xFC, 0xB7, 0x1C, 0xAE, 0xFC, 0xAE, 0xFC, 0xAE, 0xFC, 0xAE, 0xFC, 0xAE, 0xFC, 0xAE, 0xFC, 0xAE, 0xFC,
    0xAE, 0xFC, 0xAE, 0xFC, 0xAE, 0xFC, 0xAE, 0xFC, 0xAE, 0xFC, 0xAE, 0xFC, 0xAE, 0xFC, 0xAE, 0xFC, 0xAE, 0xFC, 0xAE, 0xFC, 0xAE, 0xFC, 0xAE, 0xFC,
    0xAE, 0xFC, 0xAE, 0xFC, 0xAE, 0xFC, 0xAE, 0xFC, 0xAE, 0xFC, 0xAE, 0xFC, 0xAE, 0xFC, 0xAE, 0xFC, 0xAE, 0xFC, 0xAE, 0xFC, 0xAE, 0xFC, 0xAE, 0xFC,
    0xAE, 0xFC, 0xAE, 0xFC, 0xAE, 0xFC, 0xAE, 0xFC, 0xAE, 0xFC, 0xAE, 0xFC, 0xAE, 0xFC, 0xAE, 0xFC, 0xAE, 0xFC, 0xAE, 0xFC, 0xAE, 0xFC, 0xAE, 0xFC,
    0xAE, 0xFC, 0xAE, 0xFC, 0xAE, 0xFC, 0xAE, 0xFC, 0xAE, 0xFC, 0xAE, 0xFC, 0xAE, 0xFC, 0xAE, 0xFC, 0xAE, 0xFC, 0xAE, 0xFC, 0xAE, 0xFC, 0xAE, 0xFC,
    0xAE, 0xFC, 0xAE, 0xFC, 0xAE, 0xFC, 0xAE, 0xFC, 0xAE, 0xFC, 0xAE, 0xFC, 0xAE, 0xFC, 0xAE, 0xFC, 0xAE, 0xFC, 0xAE, 0xFC, 0xAE, 0xFC, 0xAE, 0xFC,
    0xB7, 0x1C, 0xB7, 0x1C, 0xB7, 0x1C, 0xB7, 0x1C, 0xB7, 0x1C, 0xB7, 0x1C, 0xB7, 0x1C, 0xB7, 0x1C, 0xB7, 0x1C, 0xB7, 0x1C, 0xB7, 0x1C, 0xB7, 0x1C,
    0xB7, 0x1C, 0xB7, 0x1C, 0xB7, 0x1C, 0xB7, 0x1C, 0xB7, 0x1C, 0xB7, 0x1C, 0xB7, 0x1C, 0xB7, 0x1C, 0xB7, 0x1C, 0xB7, 0x1C, 0xB7, 0x1C, 0xB7, 0x1C,
    0xB7, 0x1C, 0xB7, 0x1C, 0xB7, 0x1C, 0xB7, 0x1C, 0xB7, 0x1C, 0xB7, 0x1C, 0xB7, 0x1C, 0xB7, 0x1C, 0xB7, 0x1C, 0xB7, 0x1C, 0xB7, 0x1C, 0xB7, 0x1C,
    0xB7, 0x1C, 0xB7, 0x1C, 0xB7, 0x1C, 0xB7, 0x1C, 0xB7, 0x1C, 0xB7, 0x1C, 0xB7, 0x1C, 0xB7, 0x1C, 0xB7, 0x1C, 0xB7, 0x1C, 0xB7, 0x1C, 0xB7, 0x1C,
    0xB7, 0x1C, 0xB7, 0x1C, 0xB7, 0x1C, 0xB7, 0x1C, 0xB7, 0x1C, 0xB7, 0x1C, 0xB7, 0x1C, 0xB7, 0x1C, 0xB7, 0x1C, 0xB7, 0x1C, 0xB7, 0x1C, 0xB7, 0x1C,
    0xB7, 0x1C, 0xCF, 0x5D, 0xE7, 0xDF, 0xCF, 0x9F, 0xCF, 0x7F, 0xBF, 0x1E, 0xC7, 0x3D, 0xC7, 0x3E, 0xC7, 0x1E, 0xC7, 0x1E, 0xC7, 0x3E, 0xC7, 0x1E,
    0xC7, 0x3E, 0xC7, 0x3E, 0xC7, 0x1D, 0xC7, 0x5F, 0xCF, 0x9F, 0xD7, 0x9F, 0xDF, 0x9E, 0xB7, 0x1C, 0xB7, 0x1C, 0xB7, 0x1C, 0xB7, 0x1C, 0xB7, 0x1C,
    0xB7, 0x1C, 0xB7, 0x1C, 0xB7, 0x1C, 0xB7, 0x1C, 0xB7, 0x1C, 0xB7, 0x1C, 0xB7, 0x1C, 0xB7, 0x1C, 0xB7, 0x1C, 0xB7, 0x1C, 0xB7, 0x1C, 0xB7, 0x1C,
    0xB7, 0x1C, 0xB7, 0x1C, 0xB7, 0x1C, 0xB7, 0x1C, 0xB7, 0x1C, 0xB7, 0x1C, 0xB7, 0x1C, 0xB7, 0x1C, 0xB7, 0x1C, 0xB7, 0x1C, 0xB7, 0x1C, 0xB7, 0x1C,
    0xB7, 0x1C, 0xB7, 0x1C, 0xB7, 0x1C, 0xB7, 0x1C, 0xB7, 0x1C, 0xB7, 0x1C, 0xB7, 0x1C, 0xB7, 0x1C, 0xB7, 0x1C, 0xB7, 0x1C, 0xB7, 0x1C, 0xB7, 0x1C,
    0xB7, 0x1C, 0xB7, 0x1C, 0xB7, 0x1C, 0xB7, 0x1C, 0xB7, 0x1C, 0xB7, 0x1C, 0xB7, 0x1C, 0xB7, 0x1C, 0xB7, 0x1C, 0xB7, 0x1C, 0xB7, 0x1C, 0xB7, 0x1C,
    0xB7, 0x1C, 0xB7, 0x1C, 0xB7, 0x1C, 0xB7, 0x1C, 0xB7, 0x1C, 0xB7, 0x1C, 0xB7, 0x1C, 0xB7, 0x1C, 0xB7, 0x1C, 0xB7, 0x1C, 0xB7, 0x1C, 0xEF, 0xDF,
    0xCF, 0x9F, 0xC7, 0x3E, 0xC7, 0x3D, 0xC7, 0x1E, 0xC7, 0x1E, 0xC7, 0x3E, 0xC7, 0x1E, 0xC7, 0x3E, 0xC7, 0x1E, 0xC7, 0x1E, 0xC7, 0x3E, 0xC7, 0x3E,
    0xC7, 0x3E, 0xC7, 0x3E, 0xC7, 0x3E, 0xC7, 0x3E, 0xC7, 0x3E, 0xC7, 0x3E, 0xC7, 0x3E, 0xC7, 0x3E, 0xC7, 0x3E, 0xC7, 0x3E, 0xC7, 0x3E, 0xC7, 0x3E,
    0xC7, 0x1D, 0xC7, 0x5E, 0xCF, 0x5E, 0xC7, 0x5D, 0xB7, 0x1C, 0xB7, 0x1C, 0xB7, 0x1C, 0xB7, 0x1C, 0xB7, 0x1C, 0xB7, 0x1C, 0xB7, 0x1C, 0xB7, 0x1C,
    0xB7, 0x1C, 0xB7, 0x1C, 0xB7, 0x1C, 0xB7, 0x1C, 0xB7, 0x1C, 0xB7, 0x1C, 0xB7, 0x1C, 0xB7, 0x1C, 0xB7, 0x1C, 0xB7, 0x1C, 0xB7, 0x1C, 0xB7, 0x1C,
    0xB7, 0x1C, 0xB7, 0x1C, 0xB7, 0x1C, 0xB7, 0x1C, 0xB7, 0x1C, 0xB7, 0x1C, 0xB7, 0x1C, 0xB7, 0x1C, 0xB7, 0x1C, 0xB7, 0x1C, 0xB7, 0x1C, 0xB7, 0x1C,
    0xB7, 0x1C, 0xB7, 0x1C, 0xB7, 0x1C, 0xB7, 0x1C, 0xB7, 0x1C, 0xB7, 0x1C, 0xB7, 0x1C, 0xB7, 0x1C, 0xB7, 0x1C, 0xB7, 0x1C, 0xB7, 0x1C, 0xB7, 0x1C,
    0xB7, 0x1C, 0xB7, 0x1C, 0xB7, 0x1C, 0xB7, 0x1C, 0xB7, 0x1C, 0xB7, 0x1C, 0xB7, 0x1C, 0xB7, 0x1C, 0xB7, 0x1C, 0xB7, 0x1C, 0xB7, 0x1C, 0xB7, 0x1C,
    0xB7, 0x1C, 0xB7, 0x1C, 0xB7, 0x1C, 0xB7, 0x1C, 0xB7, 0x1C, 0xB7, 0x1C, 0xB7, 0x1C, 0xB7, 0x1C, 0xB7, 0x1C, 0xB7, 0x1C, 0xB7, 0x1C, 0xB7, 0x1C,
    0xB7, 0x1C, 0xB7, 0x1C, 0xB7, 0x1C, 0xB7, 0x1C, 0xB7, 0x1C, 0xB7, 0x1C, 0xB7, 0x1C, 0xB7, 0x1C, 0xB7, 0x1C, 0xB7, 0x1C, 0xB7, 0x1C, 0xB7, 0x1C,
    0xB7, 0x1C, 0xB7, 0x1C, 0xB7, 0x1C, 0xB7, 0x1C, 0xB7, 0x1C, 0xB7, 0x1C, 0xB7, 0x1C, 0xB7, 0x1C, 0xB7, 0x1C, 0xB7, 0x1C, 0xB7, 0x1C, 0xB7, 0x1C,
    0xB7, 0x1C, 0xB7, 0x1C, 0xB7, 0x1C, 0xB7, 0x1C, 0xB7, 0x1C, 0xB7, 0x1C, 0xB7, 0x1C, 0xB7, 0x1C, 0xB7, 0x1C, 0xB7, 0x1C, 0xB7, 0x1C, 0xB7, 0x1C,
    0xB7, 0x1C, 0xB7, 0x1C, 0xB7, 0x1C, 0xB7, 0x1C, 0xB7, 0x1C, 0xB7, 0x1C, 0xB7, 0x1C, 0xB7, 0x1C, 0xB7, 0x1C, 0xB7, 0x1C, 0xB7, 0x1C, 0xB7, 0x1C,
    0xB7, 0x1C, 0xB7, 0x1C, 0xB7, 0x1C, 0xB7, 0x1C, 0xB7, 0x1C, 0xB7, 0x1C, 0xB7, 0x1C, 0xB7, 0x1C, 0xB7, 0x1C, 0xB7, 0x1C, 0xB7, 0x1C, 0xB7, 0x1C,
    0xE7, 0x9E, 0xCF, 0x7F, 0xC7, 0x5E, 0xC7, 0x3E, 0xC7, 0x3E, 0xC7, 0x1D, 0xC7, 0x1E, 0xC7, 0x1D, 0xC7, 0x1E, 0xC7, 0x1E, 0xC7, 0x1D, 0xC7, 0x1D,
    0xC7, 0x1E, 0xC7, 0x1D, 0xC7, 0x1E, 0xC7, 0x1E, 0xC7, 0x3E, 0xC7, 0x3E, 0xD7, 0x9F, 0xE7, 0xDF, 0xC7, 0x5D, 0xB7, 0x1C, 0xB7, 0x1C, 0xB7, 0x1C,
    0xB7, 0x1C, 0xB7, 0x1C, 0xB7, 0x1C, 0xB7, 0x1C, 0xB7, 0x1C, 0xB7, 0x1C, 0xB7, 0x1C, 0xB7, 0x1C, 0xB7, 0x1C, 0xB7, 0x1C, 0xB7, 0x1C, 0xB7, 0x1C,
    0xB7, 0x1C, 0xB7, 0x1C, 0xB7, 0x1C, 0xB7, 0x1C, 0xB7, 0x1C, 0xB7, 0x1C, 0xB7, 0x1C, 0xB7, 0x1C, 0xB7, 0x1C, 0xB7, 0x1C, 0xB7, 0x1C, 0xB7, 0x1C,
    0xB7, 0x1C, 0xB7, 0x1C, 0xB7, 0x1C, 0xB7, 0x1C, 0xB7, 0x1C, 0xB7, 0x1C, 0xB7, 0x1C, 0xB7, 0x1C, 0xB7, 0x1C, 0xB7, 0x1C, 0xB7, 0x1C, 0xB7, 0x1C,
    0xB7, 0x1C, 0xB7, 0x1C, 0xB7, 0x1C, 0xB7, 0x1C, 0xB7, 0x1C, 0xB7, 0x1C, 0xB7, 0x1C, 0xB7, 0x1C, 0xB7, 0x1C, 0xB7, 0x1C, 0xB7, 0x1C, 0xB7, 0x1C,
    0xB7, 0x1C, 0xB7, 0x1C, 0xB7, 0x1C, 0xB7, 0x1C, 0xB7, 0x1C, 0xB7, 0x1C, 0xB7, 0x1C, 0xB7, 0x1C, 0xB7, 0x1C, 0xB7, 0x1C, 0xDF, 0x9E, 0xD7, 0xBF,
    0xC7, 0x3E, 0xC7, 0x3E, 0xC7, 0x3E, 0xC7, 0x3E, 0xC7, 0x3E, 0xC7, 0x3E, 0xC7, 0x3E, 0xC7, 0x3E, 0xC7, 0x3E, 0xC7, 0x3E, 0xC7, 0x3E, 0xC7, 0x3E,
    0xC7, 0x1E, 0xC7, 0x1E, 0xC7, 0x3E, 0xC7, 0x3E, 0xC7, 0x3E, 0xC7, 0x3E, 0xC7, 0x3E, 0xC7, 0x3E, 0xC7, 0x3E, 0xC7, 0x3E, 0xC7, 0x3E, 0xC7, 0x3E,
    0xC7, 0x3E, 0xC7, 0x1E, 0xC7, 0x5F, 0xD7, 0xDF, 0xB7, 0x1C, 0xB7, 0x1C, 0xB7, 0x1C, 0xB7, 0x1C, 0xB7, 0x1C, 0xB7, 0x1C, 0xB7, 0x1C, 0xB7, 0x1C,
    0xB7, 0x1C, 0xB7, 0x1C, 0xB7, 0x1C, 0xB7, 0x1C, 0xB7, 0x1C, 0xB7, 0x1C, 0xB7, 0x1C, 0xB7, 0x1C, 0xB7, 0x1C, 0xB7, 0x1C, 0xB7, 0x1C, 0xB7, 0x1C,
    0xB7, 0x1C, 0xB7, 0x1C, 0xB7, 0x1C, 0xB7, 0x1C, 0xB7, 0x1C, 0xB7, 0x1C, 0xB7, 0x1C, 0xB7, 0x1C, 0xB7, 0x1C, 0xB7, 0x1C, 0xB7, 0x1C, 0xB7, 0x1C,
    0xB7, 0x1C, 0xB7, 0x1C, 0xB7, 0x1C, 0xB7, 0x1C, 0xB7, 0x1C, 0xB7, 0x1C, 0xB7, 0x1C, 0xB7, 0x1C, 0xB7, 0x1C, 0xB7, 0x1C, 0xB7, 0x1C, 0xB7, 0x1C,
    0xB7, 0x1C, 0xB7, 0x1C, 0xB7, 0x1C, 0xB7, 0x1C, 0xB7, 0x1C, 0xB7, 0x1C, 0xB7, 0x1C, 0xB7, 0x1C, 0xB7, 0x1C, 0xB7, 0x1C, 0xB7, 0x1C, 0xB7, 0x1C,
    0xB7, 0x1C, 0xB7, 0x1C, 0xB7, 0x1C, 0xB7, 0x1C, 0xB7, 0x1C, 0xB7, 0x1C, 0xB7, 0x1C, 0xB7, 0x1C, 0xB7, 0x1C, 0xB7, 0x1C, 0xB7, 0x1C, 0xB7, 0x1C,
    0xB7, 0x1C, 0xB7, 0x1C, 0xB7, 0x1C, 0xB7, 0x1C, 0xB7, 0x1C, 0xB7, 0x1C, 0xB7, 0x1C, 0xB7, 0x1C, 0xB7, 0x1C, 0xB7, 0x1C, 0xB7, 0x1C, 0xB7, 0x1C,
    0xB7, 0x1C, 0xB7, 0x1C, 0xB7, 0x1C, 0xB7, 0x1C, 0xB7, 0x1C, 0xB7, 0x1C, 0xB7, 0x1C, 0xB7, 0x1C, 0xB7, 0x1C, 0xB7, 0x1C, 0xB7, 0x1C, 0xB7, 0x1C,
    0xB7, 0x1C, 0xB7, 0x1C, 0xB7, 0x1C, 0xB7, 0x1C, 0xB7, 0x1C, 0xB7, 0x1C, 0xB7, 0x1C, 0xB7, 0x1C, 0xB7, 0x1C, 0xB7, 0x1C, 0xB7, 0x1C, 0xB7, 0x1C,
    0xB7, 0x1C, 0xB7, 0x1C, 0xB7, 0x1C, 0xB7, 0x1C, 0xB7, 0x1C, 0xB7, 0x1C, 0xB7, 0x1C, 0xB7, 0x1C, 0xB7, 0x1C, 0xB7, 0x1C, 0xB7, 0x1C, 0xB7, 0x1C,
    0xB7, 0x1C, 0xB7, 0x1C, 0xB7, 0x1C, 0xB7, 0x1C, 0xB7, 0x1C, 0xB7, 0x1C, 0xB7, 0x1C, 0xB7, 0x1C, 0xB7, 0x1C, 0xB7, 0x1C, 0xBF, 0x1D, 0xEF, 0xDF,
    0xD7, 0xBF, 0xC7, 0x3E, 0xC7, 0x1D, 0xC7, 0x1E, 0xC7, 0x1E, 0xC7, 0x1E, 0xC7, 0x1E, 0xC7, 0x3E, 0xC7, 0x3D, 0xC7, 0x3E, 0xC7, 0x1E, 0xC7, 0x3E,
    0xC7, 0x1E, 0xC7, 0x1E, 0xC7, 0x1E, 0xC7, 0x1E, 0xC7, 0x1E, 0xC7, 0x1E, 0xC7, 0x3E, 0xC7, 0x7F, 0xCF, 0x5E, 0xD7, 0x7E, 0xB7, 0x1C, 0xB7, 0x1C,
    0xB7, 0x1C, 0xB7, 0x1C, 0xB7, 0x1C, 0xB7, 0x1C, 0xB7, 0x1C, 0xB7, 0x1C, 0xB7, 0x1C, 0xB7, 0x1C, 0xB7, 0x1C, 0xB7, 0x1C, 0xB7, 0x1C, 0xB7, 0x1C,
    0xB7, 0x1C, 0xB7, 0x1C, 0xB7, 0x1C, 0xB7, 0x1C, 0xB7, 0x1C, 0xB7, 0x1C, 0xB7, 0x1C, 0xB7, 0x1C, 0xB7, 0x1C, 0xB7, 0x1C, 0xB7, 0x1C, 0xB7, 0x1C,
    0xB7, 0x1C, 0xB7, 0x1C, 0xB7, 0x1C, 0xB7, 0x1C, 0xB7, 0x1C, 0xB7, 0x1C, 0xB7, 0x1C, 0xB7, 0x1C, 0xB7, 0x1C, 0xB7, 0x1C, 0xB7, 0x1C, 0xB7, 0x1C,
    0xB7, 0x1C, 0xB7, 0x1C, 0xB7, 0x1C, 0xB7, 0x1C, 0xB7, 0x1C, 0xB7, 0x1C, 0xB7, 0x1C, 0xB7, 0x1C, 0xAE, 0xFC, 0xB7, 0x1C, 0xB7, 0x1C, 0xB7, 0x1C,
    0xB7, 0x1C, 0xB7, 0x1C, 0xB7, 0x1C, 0xB7, 0x1C, 0xB7, 0x1C, 0xB7, 0x1C, 0xB7, 0x1C, 0xB7, 0x1C, 0xB7, 0x1C, 0xBF, 0x3D, 0xC7, 0x5E, 0xC7, 0x3E,
    0xC7, 0x1D, 0xC7, 0x1E, 0xC7, 0x3E, 0xC7, 0x3E, 0xC7, 0x3E, 0xC7, 0x3E, 0xC7, 0x3E, 0xC7, 0x3E, 0xC7, 0x3E, 0xC7, 0x3E, 0xC7, 0x3E, 0xC7, 0x3E,
    0xC7, 0x3E, 0xC7, 0x3E, 0xC7, 0x3E, 0xC7, 0x3E, 0xC7, 0x3E, 0xC7, 0x3E, 0xC7, 0x3E, 0xC7, 0x3E, 0xC7, 0x3E, 0xC7, 0x3E, 0xC7, 0x3E, 0xC7, 0x3E,
    0xC7, 0x3E, 0xC7, 0x3E, 0xC7, 0x3E, 0xD7, 0xBF, 0xDF, 0x9E, 0xB7, 0x1C, 0xB7, 0x1C, 0xB7, 0x1C, 0xB7, 0x1C, 0xB7, 0x1C, 0xB7, 0x1C, 0xBF, 0x3D,
    0xBF, 0x3D, 0xBF, 0x3D, 0xB7, 0x1C, 0xB7, 0x1C, 0xB7, 0x1C, 0xB7, 0x1C, 0xB7, 0x1C, 0xB7, 0x1C, 0xB7, 0x1C, 0xB7, 0x1C, 0xB7, 0x1C, 0xB7, 0x1C,
    0xB7, 0x1C, 0xB7, 0x1C, 0xB7, 0x1C, 0xB7, 0x1C, 0xB7, 0x1C, 0xB7, 0x1C, 0xB7, 0x1C, 0xB7, 0x1C, 0xB7, 0x1C, 0xB7, 0x1C, 0xB7, 0x1C, 0xB7, 0x1C,
    0xB7, 0x1C, 0xB7, 0x1C, 0xB7, 0x1C, 0xB7, 0x1C, 0xB7, 0x1C, 0xB7, 0x1C, 0xB7, 0x1C, 0xB7, 0x1C, 0xB7, 0x1C, 0xB7, 0x1C, 0xB7, 0x1C, 0xB7, 0x1C,
    0xB7, 0x1C, 0xB7, 0x1C, 0xB7, 0x1C, 0xB7, 0x1C, 0xB7, 0x1C, 0xB7, 0x1C, 0xB7, 0x1C, 0xB7, 0x1C, 0xB7, 0x1C, 0xB7, 0x1C, 0xB7, 0x1C, 0xB7, 0x1C,
    0xB7, 0x1C, 0xB7, 0x1C, 0xB7, 0x1C, 0xB7, 0x1C, 0xB7, 0x1C, 0xB7, 0x1C, 0xB7, 0x1C, 0xB7, 0x1C, 0xB7, 0x1C, 0xB7, 0x1C, 0xB7, 0x1C, 0xB7, 0x1C,
    0xB7, 0x1C, 0xB7, 0x1C, 0xB7, 0x1C, 0xB7, 0x1C, 0xB7, 0x1C, 0xB7, 0x1C, 0xB7, 0x1C, 0xB7, 0x1C, 0xB7, 0x1C, 0xB7, 0x1C, 0xB7, 0x1C, 0xB7, 0x1C,
    0xB7, 0x1C, 0xB7, 0x1C, 0xB7, 0x1C, 0xB7, 0x1C, 0xB7, 0x1C, 0xB7, 0x1C, 0xB7, 0x1C, 0xB7, 0x1C, 0xB7, 0x1C, 0xB7, 0x1C, 0xB7, 0x1C, 0xB7, 0x1C,
    0xB7, 0x1C, 0xB7, 0x1C, 0xB7, 0x1C, 0xB7, 0x1C, 0xB7, 0x1C, 0xB7, 0x1C, 0xB7, 0x1C, 0xB7, 0x1C, 0xB7, 0x1C, 0xB7, 0x1C, 0xB7, 0x1C, 0xB7, 0x1C,
    0xB7, 0x1C, 0xB7, 0x1C, 0xB7, 0x1C, 0xB7, 0x1C, 0xB7, 0x1C, 0xB7, 0x1C, 0xB7, 0x1C, 0xB7, 0x1C, 0xB7, 0x1C, 0xB7, 0x1C, 0xB7, 0x1C, 0xB7, 0x1C,
    0xB7, 0x1C, 0xB7, 0x1C, 0xB7, 0x1C, 0xB7, 0x1C, 0xB7, 0x1C, 0xB7, 0x1C, 0xB7, 0x1C, 0xB7, 0x1C, 0xB7, 0x1C, 0xBF, 0x1D, 0xE7, 0xDF, 0xCF, 0x9F,
    0xC7, 0x3E, 0xC7, 0x1E, 0xC7, 0x1E, 0xC7, 0x1E, 0xC7, 0x3E, 0xC7, 0x3E, 0xC7, 0x3D, 0xC7, 0x1E, 0xC7, 0x3E, 0xC7, 0x3E, 0xC7, 0x3E, 0xC7, 0x3E,
    0xC7, 0x3D, 0xC7, 0x3D, 0xC7, 0x1E, 0xC7, 0x1E, 0xC7, 0x1E, 0xC7, 0x3E, 0xC7, 0x1E, 0xC7, 0x1D, 0xC7, 0x3E, 0xD7, 0x9F, 0xDF, 0x9E, 0xB7, 0x1C,
    0xB7, 0x1C, 0xB7, 0x1C, 0xB7, 0x1C, 0xB7, 0x1C, 0xB7, 0x1C, 0xB7, 0x1C, 0xB7, 0x1C, 0xB7, 0x1C, 0xB7, 0x1C, 0xB7, 0x1C, 0xB7, 0x1C, 0xB7, 0x1C,
    0xB7, 0x1C, 0xB7, 0x1C, 0xB7, 0x1C, 0xB7, 0x1C, 0xB7, 0x1C, 0xB7, 0x1C, 0xB7, 0x1C, 0xB7, 0x1C, 0xB7, 0x1C, 0xB7, 0x1C, 0xB7, 0x1C, 0xB7, 0x1C,
    0xB7, 0x1C, 0xB7, 0x1C, 0xB7, 0x1C, 0xB7, 0x1C, 0xB7, 0x1C, 0xB7, 0x1C, 0xB7, 0x1C, 0xB7, 0x1C, 0xB7, 0x1C, 0xB7, 0x1C, 0xB7, 0x1C, 0xB7, 0x1C,
    0xB7, 0x1C, 0xB7, 0x1C, 0xB7, 0x1C, 0xB7, 0x1C, 0xB7, 0x1C, 0xB7, 0x1C, 0xB7, 0x1C, 0xB7, 0x1C, 0xB7, 0x1C, 0xB7, 0x1C, 0xB7, 0x1C, 0xBF, 0x3D,
    0xCF, 0x7D, 0xDF, 0x9E, 0xDF, 0x9E, 0xDF, 0x9E, 0xDF, 0x7E, 0xCF, 0x5D, 0xBF, 0x3D, 0xB7, 0x1C, 0xB7, 0x1C, 0xE7, 0xBE, 0xCF, 0x9F, 0xC7, 0x3D,
    0xC7, 0x1E, 0xC7, 0x3E, 0xC7, 0x3E, 0xC7, 0x3E, 0xC7, 0x3E, 0xC7, 0x3E, 0xC7, 0x3E, 0xC7, 0x3E, 0xC7, 0x3E, 0xC7, 0x3D, 0xC7, 0x3E, 0xC7, 0x3E,
    0xC7, 0x3E, 0xC7, 0x3E, 0xC7, 0x3E, 0xC7, 0x3E, 0xC7, 0x3E, 0xC7, 0x3E, 0xC7, 0x3E, 0xC7, 0x3E, 0xC7, 0x3E, 0xC7, 0x3E, 0xC7, 0x3E, 0xC7, 0x3E,
    0xC7, 0x3E, 0xC7, 0x3E, 0xC7, 0x3E, 0xC7, 0x5E, 0xCF, 0x7F, 0xBF, 0x1D, 0xB7, 0x1C, 0xB7, 0x1C, 0xCF, 0x7D, 0xEF, 0xBF, 0xD7, 0xBF, 0xC7, 0x1E,
    0xC7, 0x1E, 0xC7, 0x1E, 0xD7, 0x9F, 0xEF, 0xDF, 0xD7, 0x7E, 0xBF, 0x3D, 0xB7, 0x1C, 0xB7, 0x1C, 0xB7, 0x1C, 0xB7, 0x1C, 0xB7, 0x1C, 0xB7, 0x1C,
    0xB7, 0x1C, 0xB7, 0x1C, 0xB7, 0x1C, 0xB7, 0x1C, 0xB7, 0x1C, 0xB7, 0x1C, 0xB7, 0x1C, 0xB7, 0x1C, 0xB7, 0x1C, 0xB7, 0x1C, 0xB7, 0x1C, 0xB7, 0x1C,
    0xB7, 0x1C, 0xB7, 0x1C, 0xB7, 0x1C, 0xB7, 0x1C, 0xB7, 0x1C, 0xB7, 0x1C, 0xB7, 0x1C, 0xB7, 0x1C, 0xB7, 0x1C, 0xB7, 0x1C, 0xB7, 0x1C, 0xB7, 0x1C,
    0xB7, 0x1C, 0xB7, 0x1C, 0xB7, 0x1C, 0xB7, 0x1C, 0xB7, 0x1C, 0xB7, 0x1C, 0xB7, 0x1C, 0xB7, 0x1C, 0xB7, 0x1C, 0xB7, 0x1C, 0xB7, 0x1C, 0xB7, 0x1C,
    0xB7, 0x1C, 0xB7, 0x1C, 0xB7, 0x1C, 0xB7, 0x1C, 0xB7, 0x1C, 0xB7, 0x1C, 0xB7, 0x1C, 0xB7, 0x1C, 0xB7, 0x1C, 0xB7, 0x1C, 0xB7, 0x1C, 0xB7, 0x1C,
    0xB7, 0x1C, 0xB7, 0x1C, 0xB7, 0x1C, 0xB7, 0x1C, 0xB7, 0x1C, 0xB7, 0x1C, 0xB7, 0x1C, 0xB7, 0x1C, 0xB7, 0x1C, 0xB7, 0x1C, 0xB7, 0x1C, 0xB7, 0x1C,
    0xB7, 0x1C, 0xB7, 0x1C, 0xB7, 0x1C, 0xB7, 0x1C, 0xB7, 0x1C, 0xB7, 0x1C, 0xB7, 0x1C, 0xB7, 0x1C, 0xB7, 0x1C, 0xB7, 0x1C, 0xB7, 0x1C, 0xB7, 0x1C,
    0xB7, 0x1C, 0xB7, 0x1C, 0xB7, 0x1C, 0xB7, 0x1C, 0xB7, 0x1C, 0xB7, 0x1C, 0xB7, 0x1C, 0xB7, 0x1C, 0xB7, 0x1C, 0xB7, 0x1C, 0xB7, 0x1C, 0xB7, 0x1C,
    0xB7, 0x1C, 0xB7, 0x1C, 0xB7, 0x1C, 0xB7, 0x1C, 0xB7, 0x1C, 0xB7, 0x1C, 0xB7, 0x1C, 0xB7, 0x1C, 0xB7, 0x1C, 0xB7, 0x1C, 0xB7, 0x1C, 0xB7, 0x1C,
    0xB7, 0x1C, 0xB7, 0x1C, 0xB7, 0x1C, 0xB7, 0x1C, 0xB7, 0x1C, 0xB7, 0x1C, 0xB7, 0x1C, 0xB7, 0x1C, 0xB7, 0x1C, 0xEF, 0xDF, 0xD7, 0xBF, 0xC7, 0x5E,
    0xC7, 0x3E, 0xC7, 0x3E, 0xC7, 0x1E, 0xC7, 0x3E, 0xC7, 0x3E, 0xC7, 0x3E, 0xC7, 0x3E, 0xC7, 0x3E, 0xC7, 0x3E, 0xC7, 0x3E, 0xC7, 0x3E, 0xC7, 0x3E,
    0xC7, 0x3E, 0xC7, 0x3E, 0xC7, 0x3E, 0xC7, 0x1E, 0xC7, 0x3E, 0xC7, 0x3E, 0xC7, 0x1E, 0xC7, 0x1E, 0xBF, 0x1E, 0xC7, 0x3E, 0xD7, 0x9F, 0xD7, 0x7D,
    0xB7, 0x1C, 0xB7, 0x1C, 0xB7, 0x1C, 0xB7, 0x1C, 0xB7, 0x1C, 0xB7, 0x1C, 0xB7, 0x1C, 0xB7, 0x1C, 0xB7, 0x1C, 0xB7, 0x1C, 0xB7, 0x1C, 0xB7, 0x1C,
    0xB7, 0x1C, 0xB7, 0x1C, 0xB7, 0x1C, 0xB7, 0x1C, 0xB7, 0x1C, 0xB7, 0x1C, 0xB7, 0x1C, 0xB7, 0x1C, 0xB7, 0x1C, 0xB7, 0x1C, 0xB7, 0x1C, 0xB7, 0x1C,
    0xB7, 0x1C, 0xB7, 0x1C, 0xB7, 0x1C, 0xB7, 0x1C, 0xB7, 0x1C, 0xB7, 0x1C, 0xB7, 0x1C, 0xB7, 0x1C, 0xB7, 0x1C, 0xB7, 0x1C, 0xB7, 0x1C, 0xB7, 0x1C,
    0xB7, 0x1C, 0xB7, 0x1C, 0xB7, 0x1C, 0xB7, 0x1C, 0xB7, 0x1C, 0xB7, 0x1C, 0xB7, 0x1C, 0xB7, 0x1C, 0xB7, 0x1C, 0xD7, 0x7D, 0xEF, 0xDF, 0xC7, 0x3E,
    0xCF, 0x9F, 0xD7, 0xBF, 0xCF, 0xBF, 0xD7, 0x9F, 0xD7, 0xBF, 0xCF, 0x7F, 0xCF, 0x5E, 0xEF, 0xBE, 0xCF, 0x5D, 0xCF, 0x7E, 0xC7, 0x3E, 0xC7, 0x1D,
    0xC7, 0x3E, 0xC7, 0x3E, 0xC7, 0x3E, 0xC7, 0x3E, 0xC7, 0x3E, 0xC7, 0x3E, 0xC7, 0x3E, 0xC7, 0x3E, 0xC7, 0x3E, 0xC7, 0x3E, 0xC7, 0x3E, 0xC7, 0x3E,
    0xC7, 0x3E, 0xC7, 0x3E, 0xC7, 0x3E, 0xC7, 0x3E, 0xC7, 0x3E, 0xC7, 0x3E, 0xC7, 0x3E, 0xC7, 0x3E, 0xC7, 0x3E, 0xC7, 0x3E, 0xC7, 0x3E, 0xC7, 0x3E,
    0xC7, 0x3E, 0xC7, 0x3E, 0xC7, 0x3E, 0xC7, 0x3E, 0xD7, 0xBF, 0xD7, 0x7E, 0xCF, 0x5D, 0xE7, 0xDF, 0xCF, 0x9F, 0xCF, 0x7F, 0xC7, 0x5F, 0xC7, 0x3E,
    0xC7, 0x1E, 0xC7, 0x1E, 0xC7, 0x5E, 0xCF, 0x7F, 0xCF, 0xBF, 0xCF, 0x9F, 0xDF, 0x9E, 0xBF, 0x3C, 0xB7, 0x1C, 0xB7, 0x1C, 0xB7, 0x1C, 0xB7, 0x1C,
    0xB7, 0x1C, 0xB7, 0x1C, 0xB7, 0x1C, 0xB7, 0x1C, 0xB7, 0x1C, 0xB7, 0x1C, 0xB7, 0x1C, 0xB7, 0x1C, 0xB7, 0x1C, 0xB7, 0x1C, 0xB7, 0x1C, 0xB7, 0x1C,
    0xB7, 0x1C, 0xB7, 0x1C, 0xB7, 0x1C, 0xB7, 0x1C, 0xB7, 0x1C, 0xB7, 0x1C, 0xB7, 0x1C, 0xB7, 0x1C, 0xB7, 0x1C, 0xB7, 0x1C, 0xB7, 0x1C, 0xB7, 0x1C,
    0xB7, 0x1C, 0xB7, 0x1C, 0xB7, 0x1C, 0xB7, 0x1C, 0xB7, 0x1C, 0xB7, 0x1C, 0xB7, 0x1C, 0xB7, 0x1C, 0xB7, 0x1C, 0xB7, 0x1C, 0xB7, 0x1C, 0xB7, 0x1C,
    0xB7, 0x1C, 0xB7, 0x1C, 0xB7, 0x1C, 0xB7, 0x1C, 0xB7, 0x1C, 0xB7, 0x1C, 0xB7, 0x1C, 0xB7, 0x1C, 0xB7, 0x1C, 0xB7, 0x1C, 0xB7, 0x1C, 0xB7, 0x1C,
    0xB7, 0x1C, 0xB7, 0x1C, 0xB7, 0x1C, 0xB7, 0x1C, 0xB7, 0x1C, 0xB7, 0x1C, 0xB7, 0x1C, 0xB7, 0x1C, 0xB7, 0x1C, 0xB7, 0x1C, 0xB7, 0x1C, 0xB7, 0x1C,
    0xB7, 0x1C, 0xB7, 0x1C, 0xB7, 0x1C, 0xB7, 0x1C, 0xB7, 0x1C, 0xB7, 0x1C, 0xB7, 0x1C, 0xB7, 0x1C, 0xB7, 0x1C, 0xB7, 0x1C, 0xB7, 0x1C, 0xB7, 0x1C,
    0xB7, 0x1C, 0xB7, 0x1C, 0xB7, 0x1C, 0xB7, 0x1C, 0xB7, 0x1C, 0xB7, 0x1C, 0xB7, 0x1C, 0xB7, 0x1C, 0xB7, 0x1C, 0xB7, 0x1C, 0xB7, 0x1C, 0xB7, 0x1C,
    0xB7, 0x1C, 0xB7, 0x1C, 0xB7, 0x1C, 0xB7, 0x1C, 0xB7, 0x1C, 0xB7, 0x1C, 0xB7, 0x1C, 0xB7, 0x1C, 0xB7, 0x1C, 0xB7, 0x1C, 0xB7, 0x1C, 0xB7, 0x1C,
    0xB7, 0x1C, 0xB7, 0x1C, 0xB7, 0x1C, 0xB7, 0x1C, 0xB7, 0x1C, 0xB7, 0x1C, 0xB7, 0x1C, 0xB7, 0x1C, 0xDF, 0x9E, 0xD7, 0xDF, 0xC7, 0x3F, 0xC7, 0x3E,
    0xC7, 0x3E, 0xC7, 0x3E, 0xC7, 0x3E, 0xC7, 0x3E, 0xC7, 0x3E, 0xC7, 0x3E, 0xC7, 0x3E, 0xC7, 0x3E, 0xC7, 0x3E, 0xC7, 0x3E, 0xC7, 0x3E, 0xC7, 0x3E,
    0xC7, 0x3E, 0xC7, 0x3E, 0xC7, 0x3E, 0xC7, 0x3E, 0xC7, 0x3E, 0xC7, 0x3E, 0xC7, 0x3E, 0xC7, 0x1E, 0xC7, 0x1E, 0xC7, 0x1D, 0xC7, 0x3F, 0xCF, 0x5E,
    0xC7, 0x3D, 0xB7, 0x1C, 0xB7, 0x1C, 0xB7, 0x1C, 0xB6, 0xFC, 0xB7, 0x1C, 0xB7, 0x1C, 0xB7, 0x1C, 0xB7, 0x1C, 0xB7, 0x1C, 0xB7, 0x1C, 0xB7, 0x1C,
    0xB7, 0x1C, 0xB7, 0x1C, 0xB7, 0x1C, 0xB7, 0x1C, 0xB7, 0x1C, 0xB7, 0x1C, 0xB7, 0x1C, 0xB7, 0x1C, 0xB7, 0x1C, 0xB7, 0x1C, 0xB7, 0x1C, 0xB7, 0x1C,
    0xB7, 0x1C, 0xB7, 0x1C, 0xB7, 0x1C, 0xB7, 0x1C, 0xB7, 0x1C, 0xB7, 0x1C, 0xB7, 0x1C, 0xB7, 0x1C, 0xB7, 0x1C, 0xB7, 0x1C, 0xB7, 0x1C, 0xB7, 0x1C,
    0xB7, 0x1C, 0xB7, 0x1C, 0xB7, 0x1C, 0xB7, 0x1C, 0xB7, 0x1C, 0xB7, 0x1C, 0xB7, 0x1C, 0xC7, 0x5D, 0xEF, 0xDF, 0xCF, 0x9F, 0xCF, 0x7F, 0xC7, 0x3E,
    0xC7, 0x3E, 0xC7, 0x3E, 0xC7, 0x3E, 0xC7, 0x3E, 0xC7, 0x3E, 0xC7, 0x3E, 0xC7, 0x3E, 0xCF, 0x7F, 0xCF, 0x7F, 0xC7, 0x3E, 0xC7, 0x1E, 0xC7, 0x3D,
    0xC7, 0x3E, 0xC7, 0x3E, 0xC7, 0x3E, 0xC7, 0x3E, 0xC7, 0x3D, 0xC7, 0x3E, 0xC7, 0x3E, 0xC7, 0x3E, 0xC7, 0x3E, 0xC7, 0x3E, 0xC7, 0x3E, 0xC7, 0x3E,
    0xC7, 0x3E, 0xC7, 0x3E, 0xC7, 0x3E, 0xC7, 0x3E, 0xC7, 0x3E, 0xC7, 0x3E, 0xC7, 0x3E, 0xC7, 0x3E, 0xC7, 0x3E, 0xC7, 0x3E, 0xC7, 0x3E, 0xC7, 0x3E,
    0xC7, 0x3E, 0xC7, 0x3E, 0xC7, 0x3E, 0xC7, 0x3E, 0xC7, 0x3E, 0xC7, 0x5E, 0xCF, 0x5F, 0xCF, 0x7F, 0xC7, 0x3E, 0xC7, 0x3E, 0xBF, 0x1E, 0xC7, 0x1E,
    0xBF, 0x1E, 0xC7, 0x1E, 0xC7, 0x1E, 0xC7, 0x3E, 0xC7, 0x3E, 0xC7, 0x3E, 0xCF, 0xBF, 0xD7, 0xBF, 0xD7, 0x7D, 0xB7, 0x1C, 0xB7, 0x1C, 0xB7, 0x1C,
    0xB7, 0x1C, 0xB7, 0x1C, 0xB7, 0x1C, 0xB7, 0x1C, 0xB7, 0x1C, 0xB7, 0x1C, 0xB7, 0x1C, 0xB7, 0x1C, 0xB7, 0x1C, 0xB7, 0x1C, 0xB7, 0x1C, 0xB7, 0x1C,
    0xB7, 0x1C, 0xB7, 0x1C, 0xB7, 0x1C, 0xB7, 0x1C, 0xB7, 0x1C, 0xB7, 0x1C, 0xB7, 0x1C, 0xB7, 0x1C, 0xB7, 0x1C, 0xB7, 0x1C, 0xB7, 0x1C, 0xB7, 0x1C,
    0xB7, 0x1C, 0xB7, 0x1C, 0xB7, 0x1C, 0xB7, 0x1C, 0xB7, 0x1C, 0xB7, 0x1C, 0xB7, 0x1C, 0xB7, 0x1C, 0xB7, 0x1C, 0xB7, 0x1C, 0xB7, 0x1C, 0xB7, 0x1C,
    0xB7, 0x1C, 0xB7, 0x1C, 0xB7, 0x1C, 0xB7, 0x1C, 0xB7, 0x1C, 0xB7, 0x1C, 0xB7, 0x1C, 0xB7, 0x1C, 0xB7, 0x1C, 0xB7, 0x1C, 0xB7, 0x1C, 0xB7, 0x1C,
    0xB7, 0x1C, 0xB7, 0x1C, 0xB7, 0x1C, 0xB7, 0x1C, 0xB7, 0x1C, 0xB7, 0x1C, 0xB7, 0x1C, 0xB7, 0x1C, 0xB7, 0x1C, 0xB7, 0x1C, 0xB7, 0x1C, 0xB7, 0x1C,
    0xB7, 0x1C, 0xB7, 0x1C, 0xB7, 0x1C, 0xB7, 0x1C, 0xB7, 0x1C, 0xB7, 0x1C, 0xB7, 0x1C, 0xB7, 0x1C, 0xB7, 0x1C, 0xB7, 0x1C, 0xB7, 0x1C, 0xB7, 0x1C,
    0xB7, 0x1C, 0xB7, 0x1C, 0xB7, 0x1C, 0xB7, 0x1C, 0xB7, 0x1C, 0xB7, 0x1C, 0xB7, 0x1C, 0xB7, 0x1C, 0xB7, 0x1C, 0xB7, 0x1C, 0xB7, 0x1C, 0xB7, 0x1C,
    0xB7, 0x1C, 0xB7, 0x1C, 0xB7, 0x1C, 0xB7, 0x1C, 0xB7, 0x1C, 0xB7, 0x1C, 0xB7, 0x1C, 0xB7, 0x1C, 0xB7, 0x1C, 0xB7, 0x1C, 0xB7, 0x1C, 0xB7, 0x1C,
    0xB7, 0x1C, 0xB7, 0x1C, 0xB7, 0x1C, 0xB7, 0x1C, 0xB7, 0x1C, 0xB7, 0x1C, 0xB7, 0x1C, 0xC7, 0x3D, 0xCF, 0x5E, 0xC7, 0x5E, 0xC7, 0x3E, 0xC7, 0x3E,
    0xC7, 0x3E, 0xC7, 0x3E, 0xC7, 0x3E, 0xC7, 0x3E, 0xC7, 0x3E, 0xC7, 0x3E, 0xC7, 0x3E, 0xC7, 0x3E, 0xC7, 0x3E, 0xC7, 0x3E, 0xC7, 0x3E, 0xC7, 0x3E,
    0xC7, 0x3E, 0xC7, 0x3E, 0xC7, 0x3E, 0xC7, 0x3E, 0xC7, 0x3E, 0xC7, 0x3E, 0xC7, 0x3E, 0xC7, 0x3E, 0xC7, 0x3E, 0xC7, 0x3E, 0xC7, 0x3E, 0xCF, 0x7F,
    0xE7, 0xDF, 0xB7, 0x1C, 0xB7, 0x1C, 0xB7, 0x1C, 0xB7, 0x1C, 0xB7, 0x1C, 0xB7, 0x1C, 0xB7, 0x1C, 0xB7, 0x1C, 0xB7, 0x1C, 0xB7, 0x1C, 0xB7, 0x1C,
    0xB7, 0x1C, 0xB7, 0x1C, 0xB7, 0x1C, 0xB7, 0x1C, 0xB7, 0x1C, 0xB7, 0x1C, 0xB7, 0x1C, 0xB7, 0x1C, 0xB7, 0x1C, 0xB7, 0x1C, 0xB7, 0x1C, 0xB7, 0x1C,
    0xB7, 0x1C, 0xB7, 0x1C, 0xB7, 0x1C, 0xB7, 0x1C, 0xB7, 0x1C, 0xB7, 0x1C, 0xB7, 0x1C, 0xB7, 0x1C, 0xB7, 0x1C, 0xB7, 0x1C, 0xB7, 0x1C, 0xB7, 0x1C,
    0xB7, 0x1C, 0xB7, 0x1C, 0xB7, 0x1C, 0xB7, 0x1C, 0xB7, 0x1C, 0xB7, 0x1C, 0xD7, 0x7E, 0xCF, 0x5E, 0xCF, 0x7F, 0xC7, 0x3E, 0xC7, 0x3E, 0xC7, 0x3E,
    0xC7, 0x3E, 0xC7, 0x3E, 0xC7, 0x3E, 0xC7, 0x3E, 0xC7, 0x3E, 0xC7, 0x3E, 0xC7, 0x1E, 0xC7, 0x3E, 0xC7, 0x3E, 0xC7, 0x3E, 0xC7, 0x3E, 0xC7, 0x3D,
    0xC7, 0x3E, 0xC7, 0x3E, 0xC7, 0x3E, 0xC7, 0x3E, 0xC7, 0x3E, 0xC7, 0x3E, 0xC7, 0x3E, 0xC7, 0x3E, 0xC7, 0x3E, 0xC7, 0x3E, 0xC7, 0x3E, 0xC7, 0x3E,
    0xC7, 0x3E, 0xC7, 0x3E, 0xC7, 0x3E, 0xC7, 0x3E, 0xC7, 0x3E, 0xC7, 0x3E, 0xC7, 0x3E, 0xC7, 0x3E, 0xC7, 0x3E, 0xC7, 0x3E, 0xC7, 0x3D, 0xC7, 0x3E,
    0xC7, 0x3E, 0xC7, 0x3E, 0xC7, 0x3E, 0xC7, 0x3E, 0xC7, 0x3E, 0xC7, 0x3E, 0xC7, 0x1E, 0xC7, 0x3E, 0xC7, 0x3E, 0xC7, 0x1E, 0xC7, 0x3E, 0xC7, 0x1E,
    0xC7, 0x1E, 0xC7, 0x3E, 0xC7, 0x3E, 0xC7, 0x3E, 0xC7, 0x3E, 0xC7, 0x1E, 0xC7, 0x3E, 0xC7, 0x3E, 0xD7, 0xBF, 0xE7, 0x9E, 0xB7, 0x1C, 0xB7, 0x1C,
    0xB7, 0x1C, 0xB7, 0x1C, 0xB7, 0x1C, 0xB7, 0x1C, 0xB7, 0x1C, 0xB7, 0x1C, 0xB7, 0x1C, 0xB7, 0x1C, 0xB7, 0x1C, 0xB7, 0x1C, 0xB7, 0x1C, 0xB7, 0x1C,
    0xB7, 0x1C, 0xB7, 0x1C, 0xB7, 0x1C, 0xB7, 0x1C, 0xB7, 0x1C, 0xB7, 0x1C, 0xB7, 0x1C, 0xB7, 0x1C, 0xB7, 0x1C, 0xB7, 0x1C, 0xB7, 0x1C, 0xB7, 0x1C,
    0xB7, 0x1C, 0xB7, 0x1C, 0xB7, 0x1C, 0xB7, 0x1C, 0xB7, 0x1C, 0xB7, 0x1C, 0xB7, 0x1C, 0xB7, 0x1C, 0xB7, 0x1C, 0xB7, 0x1C, 0xB7, 0x1C, 0xB7, 0x1C,
    0xB7, 0x1C, 0xB7, 0x1C, 0xB7, 0x1C, 0xB7, 0x1C, 0xB7, 0x1C, 0xB7, 0x1C, 0xB7, 0x1C, 0xB7, 0x1C, 0xB7, 0x1C, 0xB7, 0x1C, 0xB7, 0x1C, 0xB7, 0x1C,
    0xB7, 0x1C, 0xB7, 0x1C, 0xB7, 0x1C, 0xB7, 0x1C, 0xB7, 0x1C, 0xB7, 0x1C, 0xB7, 0x1C, 0xB7, 0x1C, 0xB7, 0x1C, 0xB7, 0x1C, 0xB7, 0x1C, 0xB7, 0x1C,
    0xB7, 0x1C, 0xB7, 0x1C, 0xB7, 0x1C, 0xB7, 0x1C, 0xB7, 0x1C, 0xB7, 0x1C, 0xB7, 0x1C, 0xB7, 0x1C, 0xB7, 0x1C, 0xB7, 0x1C, 0xB7, 0x1C, 0xB7, 0x1C,
    0xB7, 0x1C, 0xB7, 0x1C, 0xB7, 0x1C, 0xB7, 0x1C, 0xB7, 0x1C, 0xB7, 0x1C, 0xB7, 0x1C, 0xB7, 0x1C, 0xB7, 0x1C, 0xB7, 0x1C, 0xB7, 0x1C, 0xB7, 0x1C,
    0xB7, 0x1C, 0xB7, 0x1C, 0xB7, 0x1C, 0xB7, 0x1C, 0xB7, 0x1C, 0xB7, 0x1C, 0xB7, 0x1C, 0xB7, 0x1C, 0xB7, 0x1C, 0xB7, 0x1C, 0xC7, 0x3D, 0xCF, 0x5D,
    0xD7, 0x7E, 0xD7, 0x7E, 0xCF, 0x5D, 0xC7, 0x3D, 0xB7, 0x1C, 0xB7, 0x1C, 0xB7, 0x1C, 0xEF, 0xDF, 0xCF, 0x9F, 0xC7, 0x3E, 0xC7, 0x3E, 0xC7, 0x3E,
    0xC7, 0x3E, 0xC7, 0x3E, 0xC7, 0x3E, 0xC7, 0x3E, 0xC7, 0x3E, 0xC7, 0x3E, 0xC7, 0x3E, 0xC7, 0x3D, 0xC7, 0x3E, 0xC7, 0x3E, 0xC7, 0x3E, 0xC7, 0x3E,
    0xC7, 0x3E, 0xC7, 0x3E, 0xC7, 0x3E, 0xC7, 0x3E, 0xC7, 0x3E, 0xC7, 0x3E, 0xC7, 0x3E, 0xC7, 0x3E, 0xC7, 0x3E, 0xC7, 0x3E, 0xC7, 0x3E, 0xC7, 0x3E,
    0xCF, 0x9F, 0xCF, 0x5D, 0xB7, 0x1C, 0xB7, 0x1C, 0xB6, 0xFC, 0xC7, 0x5D, 0xDF, 0x9E, 0xE7, 0xBE, 0xEF, 0xBF, 0xEF, 0xBF, 0xE7, 0xBE, 0xD7, 0x7E,
    0xC7, 0x3D, 0xB7, 0x1C, 0xB7, 0x1C, 0xB7, 0x1C, 0xB7, 0x1C, 0xB7, 0x1C, 0xB7, 0x1C, 0xB7, 0x1C, 0xB7, 0x1C, 0xB7, 0x1C, 0xB7, 0x1C, 0xB7, 0x1C,
    0xB7, 0x1C, 0xB7, 0x1C, 0xB7, 0x1C, 0xB7, 0x1C, 0xB7, 0x1C, 0xB7, 0x1C, 0xB7, 0x1C, 0xB7, 0x1C, 0xB7, 0x1C, 0xB7, 0x1C, 0xB7, 0x1C, 0xB7, 0x1C,
    0xB7, 0x1C, 0xB7, 0x1C, 0xB7, 0x1C, 0xB7, 0x1C, 0xB7, 0x1C, 0xDF, 0x9E, 0xD7, 0xBF, 0xC7, 0x3E, 0xC7, 0x3E, 0xC7, 0x3E, 0xC7, 0x3E, 0xC7, 0x3E,
    0xC7, 0x3E, 0xC7, 0x3E, 0xC7, 0x3E, 0xC7, 0x3E, 0xC7, 0x3E, 0xC7, 0x3D, 0xC7, 0x3E, 0xC7, 0x3E, 0xC7, 0x3E, 0xC7, 0x3E, 0xC7, 0x3E, 0xC7, 0x3E,
    0xC7, 0x3E, 0xC7, 0x3E, 0xC7, 0x3E, 0xC7, 0x3E, 0xC7, 0x3E, 0xC7, 0x3E, 0xC7, 0x3E, 0xC7, 0x3E, 0xC7, 0x3E, 0xC7, 0x3E, 0xC7, 0x3E, 0xC7, 0x3E,
    0xC7, 0x3E, 0xC7, 0x3E, 0xC7, 0x3E, 0xC7, 0x3E, 0xC7, 0x3E, 0xC7, 0x3E, 0xC7, 0x3E, 0xC7, 0x3E, 0xC7, 0x3E, 0xC7, 0x3E, 0xC7, 0x3E, 0xC7, 0x3E,
    0xC7, 0x3E, 0xC7, 0x3E, 0xC7, 0x3E, 0xC7, 0x3E, 0xC7, 0x3E, 0xC7, 0x1E, 0xC7, 0x3E, 0xC7, 0x3E, 0xC7, 0x3E, 0xC7, 0x3E, 0xC7, 0x1E, 0xC7, 0x1E,
    0xC7, 0x3E, 0xC7, 0x1E, 0xC7, 0x3E, 0xC7, 0x3E, 0xC7, 0x3E, 0xC7, 0x1E, 0xC7, 0x3E, 0xC7, 0x1D, 0xC7, 0x3E, 0xD7, 0xBF, 0xEF, 0xBE, 0xB7, 0x1C,
    0xB7, 0x1C, 0xB7, 0x1C, 0xB7, 0x1C, 0xB7, 0x1C, 0xB7, 0x1C, 0xB7, 0x1C, 0xB7, 0x1C, 0xB7, 0x1C, 0xB7, 0x1C, 0xB7, 0x1C, 0xB7, 0x1C, 0xB7, 0x1C,
    0xB7, 0x1C, 0xB7, 0x1C, 0xB7, 0x1C, 0xB7, 0x1C, 0xB7, 0x1C, 0xB7, 0x1C, 0xB7, 0x1C, 0xB7, 0x1C, 0xB7, 0x1C, 0xB7, 0x1C, 0xB7, 0x1C, 0xB7, 0x1C,
    0xB7, 0x1C, 0xB7, 0x1C, 0xB7, 0x1C, 0xB7, 0x1C, 0xB7, 0x1C, 0xB7, 0x1C, 0xB7, 0x1C, 0xB7, 0x1C, 0xB7, 0x1C, 0xB7, 0x1C, 0xB7, 0x1C, 0xB7, 0x1C,
    0xB7, 0x1C, 0xB7, 0x1C, 0xB7, 0x1C, 0xB7, 0x1C, 0xB7, 0x1C, 0xB7, 0x1C, 0xB7, 0x1C, 0xB7, 0x1C, 0xB7, 0x1C, 0xB7, 0x1C, 0xB7, 0x1C, 0xB7, 0x1C,
    0xB7, 0x1C, 0xB7, 0x1C, 0xB7, 0x1C, 0xB7, 0x1C, 0xB7, 0x1C, 0xB7, 0x1C, 0xB7, 0x1C, 0xB7, 0x1C, 0xB7, 0x1C, 0xB7, 0x1C, 0xB7, 0x1C, 0xB7, 0x1C,
    0xB7, 0x1C, 0xB7, 0x1C, 0xB7, 0x1C, 0xB7, 0x1C, 0xB7, 0x1C, 0xB7, 0x1C, 0xB7, 0x1C, 0xB7, 0x1C, 0xB7, 0x1C, 0xB7, 0x1C, 0xB7, 0x1C, 0xB7, 0x1C,
    0xB7, 0x1C, 0xB7, 0x1C, 0xB7, 0x1C, 0xB7, 0x1C, 0xB7, 0x1C, 0xB7, 0x1C, 0xB7, 0x1C, 0xB7, 0x1C, 0xB7, 0x1C, 0xB7, 0x1C, 0xB7, 0x1C, 0xB7, 0x1C,
    0xB7, 0x1C, 0xB7, 0x1C, 0xB7, 0x1C, 0xB7, 0x1C, 0xB7, 0x1C, 0xB7, 0x1C, 0xB7, 0x1C, 0xC7, 0x3D, 0xDF, 0x9E, 0xDF, 0xDF, 0xC7, 0x3E, 0xCF, 0x7F,
    0xCF, 0x9F, 0xCF, 0x9F, 0xCF, 0x7F, 0xC7, 0x3D, 0xDF, 0xDF, 0xD7, 0x7E, 0xD7, 0x7D, 0xCF, 0x7F, 0xC7, 0x3F, 0xC7, 0x3E, 0xC7, 0x3E, 0xC7, 0x3E,
    0xC7, 0x3E, 0xC7, 0x3E, 0xC7, 0x3E, 0xC7, 0x3E, 0xC7, 0x3E, 0xC7, 0x3E, 0xC7, 0x3E, 0xC7, 0x3E, 0xC7, 0x3E, 0xC7, 0x3E, 0xC7, 0x3E, 0xC7, 0x3E,
    0xC7, 0x3E, 0xC7, 0x3E, 0xC7, 0x3E, 0xC7, 0x3E, 0xC7, 0x3E, 0xC7, 0x3E, 0xC7, 0x3E, 0xC7, 0x3E, 0xC7, 0x3E, 0xC7, 0x3E, 0xC7, 0x3E, 0xC7, 0x3E,
    0xCF, 0x7F, 0xE7, 0xDF, 0xB6, 0xFC, 0xCF, 0x5D, 0xEF, 0xDF, 0xCF, 0x7F, 0xD7, 0xBF, 0xCF, 0x9F, 0xCF, 0x9F, 0xCF, 0x9F, 0xCF, 0xBF, 0xCF, 0x9F,
    0xC7, 0x3E, 0xEF, 0xBF, 0xCF, 0x5D, 0xB7, 0x1C, 0xB7, 0x1C, 0xB7, 0x1C, 0xB7, 0x1C, 0xB7, 0x1C, 0xB7, 0x1C, 0xB7, 0x1C, 0xB7, 0x1C, 0xB7, 0x1C,
    0xB7, 0x1C, 0xB7, 0x1C, 0xB7, 0x1C, 0xB7, 0x1C, 0xB7, 0x1C, 0xB7, 0x1C, 0xB7, 0x1C, 0xB7, 0x1C, 0xB7, 0x1C, 0xB7, 0x1C, 0xB7, 0x1C, 0xB7, 0x1C,
    0xB7, 0x1C, 0xB7, 0x1C, 0xB7, 0x1C, 0xB7, 0x1C, 0xD7, 0x7D, 0xD7, 0xBF, 0xC7, 0x5F, 0xC7, 0x3E, 0xC7, 0x3E, 0xC7, 0x3E, 0xC7, 0x3E, 0xC7, 0x3E,
    0xC7, 0x3E, 0xC7, 0x3E, 0xC7, 0x3E, 0xC7, 0x3E, 0xC7, 0x3E, 0xC7, 0x3E, 0xC7, 0x3E, 0xC7, 0x3E, 0xC7, 0x3E, 0xC7, 0x3E, 0xC7, 0x3E, 0xC7, 0x3E,
    0xC7, 0x3E, 0xC7, 0x3E, 0xC7, 0x3E, 0xC7, 0x3E, 0xC7, 0x3E, 0xC7, 0x3E, 0xC7, 0x3E, 0xC7, 0x3E, 0xC7, 0x3E, 0xC7, 0x3E, 0xC7, 0x3E, 0xC7, 0x3E,
    0xC7, 0x3E, 0xC7, 0x3E, 0xC7, 0x3E, 0xC7, 0x3E, 0xC7, 0x3E, 0xC7, 0x3E, 0xC7, 0x3E, 0xC7, 0x3E, 0xC7, 0x3E, 0xC7, 0x3E, 0xC7, 0x3E, 0xC7, 0x3E,
    0xC7, 0x3E, 0xC7, 0x3E, 0xC7, 0x3E, 0xC7, 0x3E, 0xC7, 0x3E, 0xC7, 0x3E, 0xC7, 0x3E, 0xC7, 0x3E, 0xC7, 0x1E, 0xC7, 0x3E, 0xC7, 0x1E, 0xC7, 0x3E,
    0xC7, 0x1E, 0xC7, 0x1E, 0xC7, 0x3E, 0xC7, 0x3E, 0xC7, 0x3E, 0xC7, 0x3E, 0xC7, 0x3E, 0xC7, 0x3E, 0xC7, 0x1E, 0xC7, 0x3E, 0xD7, 0xBF, 0xE7, 0x9E,
    0xB7, 0x1C, 0xB7, 0x1C, 0xB7, 0x1C, 0xB7, 0x1C, 0xB7, 0x1C, 0xB7, 0x1C, 0xB7, 0x1C, 0xB7, 0x1C, 0xB7, 0x1C, 0xB7, 0x1C, 0xB7, 0x1C, 0xB7, 0x1C,
    0xB7, 0x1C, 0xB7, 0x1C, 0xB7, 0x1C, 0xB7, 0x1C, 0xB7, 0x1C, 0xB7, 0x1C, 0xB7, 0x1C, 0xB7, 0x1C, 0xB7, 0x1C, 0xB7, 0x1C, 0xB7, 0x1C, 0xB7, 0x1C,
    0xB7, 0x1C, 0xB7, 0x1C, 0xB7, 0x1C, 0xB7, 0x1C, 0xB7, 0x1C, 0xB7, 0x1C, 0xB7, 0x1C, 0xB7, 0x1C, 0xB7, 0x1C, 0xB7, 0x1C, 0xB7, 0x1C, 0xB7, 0x1C,
    0xB7, 0x1C, 0xB7, 0x1C, 0xB7, 0x1C, 0xB7, 0x1C, 0xB7, 0x1C, 0xB7, 0x1C, 0xB7, 0x1C, 0xB7, 0x1C, 0xB7, 0x1C, 0xB7, 0x1C, 0xB7, 0x1C, 0xB7, 0x1C,
    0xB7, 0x1C, 0xB7, 0x1C, 0xB7, 0x1C, 0xB7, 0x1C, 0xB7, 0x1C, 0xB7, 0x1C, 0xB7, 0x1C, 0xB7, 0x1C, 0xB7, 0x1C, 0xB7, 0x1C, 0xB7, 0x1C, 0xB7, 0x1C,
    0xB7, 0x1C, 0xB7, 0x1C, 0xB7, 0x1C, 0xB7, 0x1C, 0xB7, 0x1C, 0xB7, 0x1C, 0xB7, 0x1C, 0xB7, 0x1C, 0xB7, 0x1C, 0xB7, 0x1C, 0xB7, 0x1C, 0xB7, 0x1C,
    0xB7, 0x1C, 0xB7, 0x1C, 0xB7, 0x1C, 0xB7, 0x1C, 0xB7, 0x1C, 0xB7, 0x1C, 0xB7, 0x1C, 0xB7, 0x1C, 0xB7, 0x1C, 0xB7, 0x1C, 0xB7, 0x1C, 0xB7, 0x1C,
    0xB7, 0x1C, 0xB7, 0x1C, 0xB7, 0x1C, 0xB7, 0x1C, 0xB7, 0x1C, 0xB7, 0x1C, 0xDF, 0x9E, 0xCF, 0x5E, 0xCF, 0x9F, 0xC7, 0x3E, 0xBF, 0x1D, 0xC7, 0x1E,
    0xC7, 0x3E, 0xBF, 0x3E, 0xBF, 0x1E, 0xBF, 0x1E, 0xC7, 0x5F, 0xCF, 0x9F, 0xC7, 0x5E, 0xC7, 0x3E, 0xC7, 0x3E, 0xC7, 0x3E, 0xC7, 0x3E, 0xC7, 0x3E,
    0xC7, 0x3E, 0xC7, 0x3E, 0xC7, 0x3E, 0xC7, 0x3E, 0xC7, 0x3E, 0xC7, 0x3E, 0xC7, 0x3E, 0xC7, 0x3E, 0xC7, 0x3E, 0xC7, 0x3E, 0xC7, 0x3E, 0xC7, 0x3E,
    0xC7, 0x3E, 0xC7, 0x3E, 0xC7, 0x3E, 0xC7, 0x3E, 0xC7, 0x3E, 0xC7, 0x3E, 0xC7, 0x3E, 0xC7, 0x3E, 0xC7, 0x3E, 0xC7, 0x3E, 0xC7, 0x3E, 0xC7, 0x3E,
    0xC7, 0x3E, 0xC7, 0x3E, 0xEF, 0xDF, 0xCF, 0x7F, 0xCF, 0x9F, 0xC7, 0x3E, 0xC7, 0x3E, 0xC7, 0x3E, 0xC7, 0x3E, 0xC7, 0x3E, 0xC7, 0x3E, 0xC7, 0x3E,
    0xBF, 0x3E, 0xCF, 0x7F, 0xCF, 0x9F, 0xEF, 0xBF, 0xC7, 0x3D, 0xB7, 0x1C, 0xB7, 0x1C, 0xB7, 0x1C, 0xB7, 0x1C, 0xB7, 0x1C, 0xB7, 0x1C, 0xB7, 0x1C,
    0xB7, 0x1C, 0xB7, 0x1C, 0xB7, 0x1C, 0xB7, 0x1C, 0xB7, 0x1C, 0xB7, 0x1C, 0xB7, 0x1C, 0xB7, 0x1C, 0xB7, 0x1C, 0xB7, 0x1C, 0xB7, 0x1C, 0xB7, 0x1C,
    0xB7, 0x1C, 0xB7, 0x1C, 0xB7, 0x1C, 0xBF, 0x3C, 0xD7, 0x9F, 0xCF, 0x7F, 0xC7, 0x3E, 0xC7, 0x3E, 0xC7, 0x3E, 0xC7, 0x3E, 0xC7, 0x3E, 0xC7, 0x3E,
    0xC7, 0x3E, 0xC7, 0x3E, 0xC7, 0x3E, 0xC7, 0x3E, 0xC7, 0x3E, 0xC7, 0x3E, 0xC7, 0x3E, 0xC7, 0x3E, 0xC7, 0x3E, 0xC7, 0x3E, 0xC7, 0x3E, 0xC7, 0x3E,
    0xC7, 0x3E, 0xC7, 0x3E, 0xC7, 0x3E, 0xC7, 0x3E, 0xC7, 0x3E, 0xC7, 0x3E, 0xC7, 0x3E, 0xC7, 0x3E, 0xC7, 0x3E, 0xC7, 0x3E, 0xC7, 0x3E, 0xC7, 0x3E,
    0xC7, 0x3E, 0xC7, 0x3E, 0xC7, 0x3E, 0xC7, 0x3E, 0xC7, 0x3E, 0xC7, 0x3E, 0xC7, 0x3E, 0xC7, 0x3E, 0xC7, 0x3E, 0xC7, 0x3E, 0xC7, 0x3E, 0xC7, 0x3E,
    0xC7, 0x3E, 0xC7, 0x3E, 0xC7, 0x3E, 0xC7, 0x3E, 0xC7, 0x3E, 0xC7, 0x3E, 0xC7, 0x3E, 0xC7, 0x3E, 0xC7, 0x3E, 0xC7, 0x3E, 0xC7, 0x3E, 0xC7, 0x3E,
    0xC7, 0x1E, 0xC7, 0x3E, 0xC7, 0x3E, 0xC7, 0x3E, 0xC7, 0x3E, 0xC7, 0x3E, 0xC7, 0x3E, 0xC7, 0x3E, 0xC7, 0x3E, 0xC7, 0x3E, 0xC7, 0x5F, 0xD7, 0x9F,
    0xCF, 0x5D, 0xB7, 0x1C, 0xB7, 0x1C, 0xB7, 0x1C, 0xB7, 0x1C, 0xB7, 0x1C, 0xB7, 0x1C, 0xB7, 0x1C, 0xB7, 0x1C, 0xB7, 0x1C, 0xB7, 0x1C, 0xB7, 0x1C,
    0xB7, 0x1C, 0xB7, 0x1C, 0xB7, 0x1C, 0xB7, 0x1C, 0xB7, 0x1C, 0xB7, 0x1C, 0xB7, 0x1C, 0xB7, 0x1C, 0xB7, 0x1C, 0xB7, 0x1C, 0xB7, 0x1C, 0xB7, 0x1C,
    0xB7, 0x1C, 0xB7, 0x1C, 0xB7, 0x1C, 0xB7, 0x1C, 0xB7, 0x1C, 0xB7, 0x1C, 0xB7, 0x1C, 0xB7, 0x1C, 0xB7, 0x1C, 0xB7, 0x1C, 0xB7, 0x1C, 0xB7, 0x1C,
    0xB7, 0x1C, 0xB7, 0x1C, 0xB7, 0x1C, 0xB7, 0x1C, 0xB7, 0x1C, 0xB7, 0x1C, 0xB7, 0x1C, 0xB7, 0x1C, 0xB7, 0x1C, 0xB7, 0x1C, 0xB7, 0x1C, 0xB7, 0x1C,
    0xB7, 0x1C, 0xB7, 0x1C, 0xB7, 0x1C, 0xB7, 0x1C, 0xB7, 0x1C, 0xB7, 0x1C, 0xB7, 0x1C, 0xB7, 0x1C, 0xB7, 0x1C, 0xB7, 0x1C, 0xB7, 0x1C, 0xB7, 0x1C,
    0xB7, 0x1C, 0xB7, 0x1C, 0xB7, 0x1C, 0xB7, 0x1C, 0xB7, 0x1C, 0xB7, 0x1C, 0xB7, 0x1C, 0xB7, 0x1C, 0xB7, 0x1C, 0xB7, 0x1C, 0xB7, 0x1C, 0xB7, 0x1C,
    0xB7, 0x1C, 0xB7, 0x1C, 0xB7, 0x1C, 0xB7, 0x1C, 0xB7, 0x1C, 0xB7, 0x1C, 0xB7, 0x1C, 0xB7, 0x1C, 0xB7, 0x1C, 0xB7, 0x1C, 0xB7, 0x1C, 0xB7, 0x1C,
    0xB7, 0x1C, 0xB7, 0x1C, 0xB7, 0x1C, 0xB7, 0x1C, 0xBF, 0x3C, 0xE7, 0xDF, 0xCF, 0x9F, 0xBF, 0x1D, 0xC7, 0x3E, 0xC7, 0x1E, 0xBF, 0x1E, 0xBF, 0x1E,
    0xBF, 0x1D, 0xBF, 0x1E, 0xC7, 0x1E, 0xC7, 0x1E, 0xC7, 0x3E, 0xC7, 0x3E, 0xBF, 0x1E, 0xC7, 0x3E, 0xC7, 0x3E, 0xC7, 0x3E, 0xC7, 0x3E, 0xC7, 0x3E,
    0xC7, 0x3E, 0xC7, 0x3E, 0xC7, 0x3E, 0xC7, 0x3E, 0xC7, 0x3E, 0xC7, 0x3E, 0xC7, 0x3E, 0xC7, 0x3E, 0xC7, 0x3E, 0xC7, 0x3E, 0xC7, 0x3E, 0xC7, 0x3E,
    0xC7, 0x3E, 0xC7, 0x3E, 0xC7, 0x3E, 0xC7, 0x3E, 0xC7, 0x3E, 0xC7, 0x3E, 0xC7, 0x3E, 0xC7, 0x3E, 0xC7, 0x3E, 0xC7, 0x3E, 0xC7, 0x3E, 0xC7, 0x3E,
    0xC7, 0x3E, 0xC7, 0x3E, 0xCF, 0x7F, 0xC7, 0x3E, 0xC7, 0x1E, 0xC7, 0x3E, 0xC7, 0x3E, 0xC7, 0x3E, 0xC7, 0x3E, 0xC7, 0x3E, 0xC7, 0x3E, 0xC7, 0x3E,
    0xC7, 0x1E, 0xC7, 0x3E, 0xC7, 0x3E, 0xCF, 0x9F, 0xCF, 0x9F, 0xCF, 0x5D, 0xB7, 0x1C, 0xB7, 0x1C, 0xB7, 0x1C, 0xB7, 0x1C, 0xB7, 0x1C, 0xB7, 0x1C,
    0xB7, 0x1C, 0xB7, 0x1C, 0xB7, 0x1C, 0xB7, 0x1C, 0xB7, 0x1C, 0xB7, 0x1C, 0xB7, 0x1C, 0xB7, 0x1C, 0xB7, 0x1C, 0xB7, 0x1C, 0xB7, 0x1C, 0xB7, 0x1C,
    0xB7, 0x1C, 0xB7, 0x1C, 0xB7, 0x1C, 0xEF, 0xBE, 0xD7, 0xBF, 0xC7, 0x5E, 0xC7, 0x3E, 0xC7, 0x3E, 0xC7, 0x3E, 0xC7, 0x3E, 0xC7, 0x3E, 0xC7, 0x3E,
    0xC7, 0x3E, 0xC7, 0x3E, 0xC7, 0x3E, 0xC7, 0x3E, 0xC7, 0x3E, 0xC7, 0x3E, 0xC7, 0x3E, 0xC7, 0x3E, 0xC7, 0x3E, 0xC7, 0x3E, 0xC7, 0x3E, 0xC7, 0x3E,
    0xC7, 0x3E, 0xC7, 0x3E, 0xC7, 0x3E, 0xC7, 0x3E, 0xC7, 0x3E, 0xC7, 0x3E, 0xC7, 0x3E, 0xC7, 0x3E, 0xC7, 0x3E, 0xC7, 0x3E, 0xC7, 0x3E, 0xC7, 0x3E,
    0xC7, 0x3E, 0xC7, 0x3E, 0xC7, 0x3E, 0xC7, 0x3E, 0xC7, 0x3E, 0xC7, 0x3E, 0xC7, 0x3E, 0xC7, 0x3E, 0xC7, 0x3E, 0xC7, 0x3E, 0xC7, 0x3E, 0xC7, 0x3E,
    0xC7, 0x3E, 0xC7, 0x3E, 0xC7, 0x3E, 0xC7, 0x3E, 0xC7, 0x3E, 0xC7, 0x3E, 0xC7, 0x3E, 0xC7, 0x3E, 0xC7, 0x3E, 0xC7, 0x3E, 0xC7, 0x3E, 0xC7, 0x3E,
    0xC7, 0x3E, 0xC7, 0x3E, 0xC7, 0x3E, 0xC7, 0x3E, 0xC7, 0x3E, 0xC7, 0x3E, 0xC7, 0x3E, 0xC7, 0x3E, 0xC7, 0x3E, 0xC7, 0x3E, 0xC7, 0x3E, 0xCF, 0x7F,
    0xDF, 0xDF, 0xB7, 0x1C, 0xB7, 0x1C, 0xB7, 0x1C, 0xB7, 0x1C, 0xB7, 0x1C, 0xB7, 0x1C, 0xB7, 0x1C, 0xB7, 0x1C, 0xB7, 0x1C, 0xB7, 0x1C, 0xB7, 0x1C,
    0xB7, 0x1C, 0xB7, 0x1C, 0xB7, 0x1C, 0xB7, 0x1C, 0xB7, 0x1C, 0xB7, 0x1C, 0xB7, 0x1C, 0xB7, 0x1C, 0xB7, 0x1C, 0xB7, 0x1C, 0xB7, 0x1C, 0xB7, 0x1C,
    0xB7, 0x1C, 0xB7, 0x1C, 0xB7, 0x1C, 0xB7, 0x1C, 0xB7, 0x1C, 0xB7, 0x1C, 0xB7, 0x1C, 0xB7, 0x1C, 0xB7, 0x1C, 0xB7, 0x1C, 0xB7, 0x1C, 0xB7, 0x1C,
    0xB7, 0x1C, 0xB7, 0x1C, 0xB7, 0x1C, 0xB7, 0x1C, 0xB7, 0x1C, 0xB7, 0x1C, 0xB7, 0x1C, 0xB7, 0x1C, 0xB7, 0x1C, 0xB7, 0x1C, 0xB7, 0x1C, 0xB7, 0x1C,
    0xB7, 0x1C, 0xB7, 0x1C, 0xB7, 0x1C, 0xB7, 0x1C, 0xB7, 0x1C, 0xB7, 0x1C, 0xB7, 0x1C, 0xB7, 0x1C, 0xB7, 0x1C, 0xB7, 0x1C, 0xB7, 0x1C, 0xB7, 0x1C,
    0xB7, 0x1C, 0xB7, 0x1C, 0xB7, 0x1C, 0xB7, 0x1C, 0xB7, 0x1C, 0xB7, 0x1C, 0xB7, 0x1C, 0xB7, 0x1C, 0xB7, 0x1C, 0xB7, 0x1C, 0xB7, 0x1C, 0xB7, 0x1C,
    0xB7, 0x1C, 0xB7, 0x1C, 0xB7, 0x1C, 0xB7, 0x1C, 0xB7, 0x1C, 0xB7, 0x1C, 0xB7, 0x1C, 0xB7, 0x1C, 0xB7, 0x1C, 0xB7, 0x1C, 0xB7, 0x1C, 0xB7, 0x1C,
    0xB7, 0x1C, 0xB7, 0x1C, 0xB7, 0x1C, 0xBF, 0x3C, 0xD7, 0xDF, 0xCF, 0x7F, 0xC7, 0x3E, 0xBF, 0x1D, 0xBF, 0x1E, 0xC7, 0x1E, 0xC7, 0x3E, 0xBF, 0x1E,
    0xBF, 0x1E, 0xC7, 0x3E, 0xC7, 0x3E, 0xC7, 0x3E, 0xC7, 0x3E, 0xC7, 0x3E, 0xC7, 0x3E, 0xC7, 0x3E, 0xC7, 0x3E, 0xC7, 0x3E, 0xC7, 0x3E, 0xC7, 0x3E,
    0xC7, 0x3E, 0xC7, 0x3E, 0xC7, 0x3E, 0xC7, 0x3E, 0xC7, 0x3E, 0xC7, 0x3E, 0xC7, 0x3E, 0xC7, 0x3E, 0xC7, 0x3E, 0xC7, 0x3E, 0xC7, 0x3E, 0xC7, 0x3E,
    0xC7, 0x3E, 0xC7, 0x3E, 0xC7, 0x3E, 0xC7, 0x3E, 0xC7, 0x3E, 0xC7, 0x3E, 0xC7, 0x3E, 0xC7, 0x3E, 0xC7, 0x3E, 0xC7, 0x3E, 0xC7, 0x3E, 0xC7, 0x3E,
    0xC7, 0x3E, 0xC7, 0x3E, 0xC7, 0x3E, 0xC7, 0x3D, 0xC7, 0x1E, 0xC7, 0x3E, 0xC7, 0x3E, 0xC7, 0x3E, 0xC7, 0x3E, 0xC7, 0x3E, 0xC7, 0x3E, 0xC7, 0x3E,
    0xC7, 0x3E, 0xC7, 0x3E, 0xC7, 0x3E, 0xC7, 0x3E, 0xC7, 0x3E, 0xCF, 0x9F, 0xD7, 0x7D, 0xB7, 0x1C, 0xB7, 0x1C, 0xB7, 0x1C, 0xB7, 0x1C, 0xB7, 0x1C,
    0xB7, 0x1C, 0xB7, 0x1C, 0xB7, 0x1C, 0xB7, 0x1C, 0xB7, 0x1C, 0xB7, 0x1C, 0xB7, 0x1C, 0xB7, 0x1C, 0xB7, 0x1C, 0xB7, 0x1C, 0xB7, 0x1C, 0xB7, 0x1C,
    0xB7, 0x1C, 0xB7, 0x1C, 0xC7, 0x3C, 0xCF, 0x5E, 0xC7, 0x3E, 0xC7, 0x3E, 0xC7, 0x3E, 0xC7, 0x3E, 0xC7, 0x3E, 0xC7, 0x3E, 0xC7, 0x3E, 0xC7, 0x3E,
    0xC7, 0x3E, 0xC7, 0x3E, 0xC7, 0x3E, 0xC7, 0x3E, 0xC7, 0x3E, 0xC7, 0x3E, 0xC7, 0x3E, 0xC7, 0x3E, 0xC7, 0x3E, 0xC7, 0x3E, 0xC7, 0x3E, 0xC7, 0x3E,
    0xC7, 0x3E, 0xC7, 0x3E, 0xC7, 0x3E, 0xC7, 0x3E, 0xC7, 0x3E, 0xC7, 0x3E, 0xC7, 0x3E, 0xC7, 0x3E, 0xC7, 0x3E, 0xC7, 0x3E, 0xC7, 0x3E, 0xC7, 0x3E,
    0xC7, 0x3E, 0xC7, 0x3E, 0xC7, 0x3E, 0xC7, 0x3E, 0xC7, 0x3E, 0xC7, 0x3E, 0xC7, 0x3E, 0xC7, 0x3E, 0xC7, 0x3E, 0xC7, 0x3E, 0xC7, 0x3E, 0xC7, 0x3E,
    0xC7, 0x3E, 0xC7, 0x3E, 0xC7, 0x3E, 0xC7, 0x3E, 0xC7, 0x3E, 0xC7, 0x3E, 0xC7, 0x3E, 0xC7, 0x3E, 0xC7, 0x3E, 0xC7, 0x3E, 0xC7, 0x3E, 0xC7, 0x3E,
    0xC7, 0x3E, 0xC7, 0x3E, 0xC7, 0x3E, 0xC7, 0x3E, 0xC7, 0x3E, 0xC7, 0x3E, 0xC7, 0x3E, 0xC7, 0x3E, 0xC7, 0x3E, 0xC7, 0x3E, 0xC7, 0x3E, 0xC7, 0x3E,
    0xCF, 0x7F, 0xCF, 0x5D, 0xB7, 0x1C, 0xB7, 0x1C, 0xB7, 0x1C, 0xB7, 0x1C, 0xB7, 0x1C, 0xB7, 0x1C, 0xB7, 0x1C, 0xB7, 0x1C, 0xB7, 0x1C, 0xB7, 0x1C,
    0xB7, 0x1C, 0xB7, 0x1C, 0xB7, 0x1C, 0xB7, 0x1C, 0xB7, 0x1C, 0xB7, 0x1C, 0xB7, 0x1C, 0xB7, 0x1C, 0xB7, 0x1C, 0xB7, 0x1C, 0xB7, 0x1C, 0xB7, 0x1C,
    0xB7, 0x1C, 0xB7, 0x1C, 0xB7, 0x1C, 0xB7, 0x1C, 0xB7, 0x1C, 0xB7, 0x1C, 0xB7, 0x1C, 0xB7, 0x1C, 0xB7, 0x1C, 0xB7, 0x1C, 0xB7, 0x1C, 0xB7, 0x1C,
    0xB7, 0x1C, 0xB7, 0x1C, 0xB7, 0x1C, 0xB7, 0x1C, 0xB7, 0x1C, 0xB7, 0x1C, 0xB7, 0x1C, 0xB7, 0x1C, 0xB7, 0x1C, 0xB7, 0x1C, 0xB7, 0x1C, 0xB7, 0x1C,
    0xB7, 0x1C, 0xB7, 0x1C, 0xB7, 0x1C, 0xB7, 0x1C, 0xB7, 0x1C, 0xB7, 0x1C, 0xB7, 0x1C, 0xB7, 0x1C, 0xB7, 0x1C, 0xB7, 0x1C, 0xB7, 0x1C, 0xB7, 0x1C,
    0xB7, 0x1C, 0xB7, 0x1C, 0xB7, 0x1C, 0xB7, 0x1C, 0xB7, 0x1C, 0xB7, 0x1C, 0xB7, 0x1C, 0xB7, 0x1C, 0xB7, 0x1C, 0xB7, 0x1C, 0xB7, 0x1C, 0xB7, 0x1C,
    0xB7, 0x1C, 0xB7, 0x1C, 0xB7, 0x1C, 0xB7, 0x1C, 0xB7, 0x1C, 0xB7, 0x1C, 0xB7, 0x1C, 0xB7, 0x1C, 0xB7, 0x1C, 0xB7, 0x1C, 0xB7, 0x1C, 0xB7, 0x1C,
    0xB7, 0x1C, 0xB7, 0x1C, 0xBF, 0x1C, 0xE7, 0xDF, 0xCF, 0x9F, 0xC7, 0x3E, 0xC7, 0x1E, 0xBF, 0x1E, 0xC7, 0x1E, 0xC7, 0x1E, 0xC7, 0x3E, 0xC7, 0x3E,
    0xC7, 0x3E, 0xC7, 0x3E, 0xC7, 0x3E, 0xC7, 0x3E, 0xC7, 0x3E, 0xC7, 0x3E, 0xC7, 0x3E, 0xC7, 0x3E, 0xC7, 0x3E, 0xC7, 0x3E, 0xC7, 0x3E, 0xC7, 0x3E,
    0xC7, 0x3E, 0xC7, 0x3E, 0xC7, 0x3E, 0xC7, 0x3E, 0xC7, 0x3E, 0xC7, 0x3E, 0xC7, 0x3E, 0xC7, 0x3E, 0xC7, 0x3E, 0xC7, 0x3E, 0xC7, 0x3E, 0xC7, 0x3E,
    0xC7, 0x3E, 0xC7, 0x3E, 0xC7, 0x3E, 0xC7, 0x3E, 0xC7, 0x3E, 0xC7, 0x3E, 0xC7, 0x3E, 0xC7, 0x3E, 0xC7, 0x3E, 0xC7, 0x3E, 0xC7, 0x3E, 0xC7, 0x3E,
    0xC7, 0x3E, 0xC7, 0x3E, 0xC7, 0x3E, 0xC7, 0x3E, 0xC7, 0x3E, 0xC7, 0x3E, 0xC7, 0x3E, 0xC7, 0x3E, 0xC7, 0x3E, 0xC7, 0x3E, 0xC7, 0x3E, 0xC7, 0x3E,
    0xC7, 0x3E, 0xC7, 0x3E, 0xC7, 0x3E, 0xC7, 0x3E, 0xC7, 0x3E, 0xC7, 0x5E, 0xCF, 0x7F, 0xCF, 0x5D, 0xB7, 0x1C, 0xB7, 0x1C, 0xB7, 0x1C, 0xB7, 0x1C,
    0xB7, 0x1C, 0xB7, 0x1C, 0xB7, 0x1C, 0xB7, 0x1C, 0xB7, 0x1C, 0xB7, 0x1C, 0xB7, 0x1C, 0xB7, 0x1C, 0xB7, 0x1C, 0xB7, 0x1C, 0xB7, 0x1C, 0xB7, 0x1C,
    0xB7, 0x1C, 0xB7, 0x1C, 0xD7, 0x7D, 0xD7, 0xBF, 0xC7, 0x3E, 0xC7, 0x3E, 0xC7, 0x3E, 0xC7, 0x3E, 0xC7, 0x3E, 0xC7, 0x3E, 0xC7, 0x3E, 0xC7, 0x3E,
    0xC7, 0x3E, 0xC7, 0x3E, 0xC7, 0x3E, 0xC7, 0x3E, 0xC7, 0x3E, 0xC7, 0x3E, 0xC7, 0x3E, 0xC7, 0x3E, 0xC7, 0x3E, 0xC7, 0x3E, 0xC7, 0x3E, 0xC7, 0x3E,
    0xC7, 0x3E, 0xC7, 0x3E, 0xC7, 0x3E, 0xC7, 0x3E, 0xC7, 0x3E, 0xC7, 0x3E, 0xC7, 0x3E, 0xC7, 0x3E, 0xC7, 0x3E, 0xC7, 0x3E, 0xC7, 0x3E, 0xC7, 0x3E,
    0xC7, 0x3E, 0xC7, 0x3E, 0xC7, 0x3E, 0xC7, 0x3E, 0xC7, 0x3E, 0xC7, 0x3E, 0xC7, 0x3E, 0xC7, 0x3E, 0xC7, 0x3E, 0xC7, 0x3E, 0xC7, 0x3E, 0xC7, 0x3E,
    0xC7, 0x3E, 0xC7, 0x3E, 0xC7, 0x3E, 0xC7, 0x3E, 0xC7, 0x3E, 0xC7, 0x3E, 0xC7, 0x3E, 0xC7, 0x3E, 0xC7, 0x3E, 0xC7, 0x3E, 0xC7, 0x3E, 0xC7, 0x3E,
    0xC7, 0x3E, 0xC7, 0x3E, 0xC7, 0x3E, 0xC7, 0x3E, 0xC7, 0x3E, 0xC7, 0x3E, 0xC7, 0x3E, 0xC7, 0x3E, 0xC7, 0x3E, 0xC7, 0x3E, 0xC7, 0x3E, 0xCF, 0x3F,
    0xD7, 0xBF, 0xE7, 0x9E, 0xB7, 0x1C, 0xB7, 0x1C, 0xB7, 0x1C, 0xB7, 0x1C, 0xB7, 0x1C, 0xB7, 0x1C, 0xB7, 0x1C, 0xB7, 0x1C, 0xB7, 0x1C, 0xB7, 0x1C,
    0xB7, 0x1C, 0xB7, 0x1C, 0xB7, 0x1C, 0xB7, 0x1C, 0xB7, 0x1C, 0xB7, 0x1C, 0xB7, 0x1C, 0xB7, 0x1C, 0xB7, 0x1C, 0xB7, 0x1C, 0xB7, 0x1C, 0xB7, 0x1C,
    0xB7, 0x1C, 0xB7, 0x1C, 0xB7, 0x1C, 0xB7, 0x1C, 0xB7, 0x1C, 0xB7, 0x1C, 0xB7, 0x1C, 0xB7, 0x1C, 0xB7, 0x1C, 0xB7, 0x1C, 0xB7, 0x1C, 0xB7, 0x1C,
    0xB7, 0x1C, 0xB7, 0x1C, 0xB7, 0x1C, 0xB7, 0x1C, 0xB7, 0x1C, 0xB7, 0x1C, 0xB7, 0x1C, 0xB7, 0x1C, 0xB7, 0x1C, 0xB7, 0x1C, 0xB7, 0x1C, 0xB7, 0x1C,
    0xB7, 0x1C, 0xB7, 0x1C, 0xB7, 0x1C, 0xB7, 0x1C, 0xB7, 0x1C, 0xB7, 0x1C, 0xB7, 0x1C, 0xB7, 0x1C, 0xB7, 0x1C, 0xB7, 0x1C, 0xB7, 0x1C, 0xB7, 0x1C,
    0xB7, 0x1C, 0xB7, 0x1C, 0xB7, 0x1C, 0xB7, 0x1C, 0xB7, 0x1C, 0xB7, 0x1C, 0xB7, 0x1C, 0xB7, 0x1C, 0xB7, 0x1C, 0xB7, 0x1C, 0xB7, 0x1C, 0xB7, 0x1C,
    0xB7, 0x1C, 0xB7, 0x1C, 0xB7, 0x1C, 0xB7, 0x1C, 0xB7, 0x1C, 0xB7, 0x1C, 0xB7, 0x1C, 0xB7, 0x1C, 0xB7, 0x1C, 0xB7, 0x1C, 0xB7, 0x1C, 0xB7, 0x1C,
    0xB7, 0x1C, 0xB7, 0x1C, 0xDF, 0x9E, 0xD7, 0xBF, 0xC7, 0x3E, 0xC7, 0x3E, 0xC7, 0x3E, 0xC7, 0x1E, 0xC7, 0x3E, 0xC7, 0x3E, 0xC7, 0x3E, 0xC7, 0x3E,
    0xC7, 0x3E, 0xC7, 0x3E, 0xC7, 0x3E, 0xC7, 0x3E, 0xC7, 0x3E, 0xC7, 0x3E, 0xC7, 0x3E, 0xC7, 0x3E, 0xC7, 0x3E, 0xC7, 0x3E, 0xC7, 0x3E, 0xC7, 0x3E,
    0xC7, 0x3E, 0xC7, 0x3E, 0xC7, 0x3E, 0xC7, 0x3E, 0xC7, 0x3E, 0xC7, 0x3E, 0xC7, 0x3E, 0xC7, 0x3E, 0xC7, 0x3E, 0xC7, 0x3E, 0xC7, 0x3E, 0xC7, 0x3E,
    0xC7, 0x3E, 0xC7, 0x3E, 0xC7, 0x3E, 0xC7, 0x3E, 0xC7, 0x3D, 0xC7, 0x3E, 0xC7, 0x3E, 0xC7, 0x3E, 0xC7, 0x3E, 0xC7, 0x3E, 0xC7, 0x3E, 0xC7, 0x3E,
    0xC7, 0x3E, 0xC7, 0x3E, 0xC7, 0x3E, 0xC7, 0x3E, 0xC7, 0x3E, 0xC7, 0x3E, 0xC7, 0x3E, 0xC7, 0x3E, 0xC7, 0x3E, 0xC7, 0x3E, 0xC7, 0x3E, 0xC7, 0x3E,
    0xC7, 0x3E, 0xC7, 0x3E, 0xC7, 0x3E, 0xC7, 0x3E, 0xC7, 0x3E, 0xC7, 0x3E, 0xCF, 0x7F, 0xD7, 0xBF, 0xBF, 0x1C, 0xB7, 0x1C, 0xB7, 0x1C, 0xB7, 0x1C,
    0xB7, 0x1C, 0xB7, 0x1C, 0xB7, 0x1C, 0xB7, 0x1C, 0xB7, 0x1C, 0xB7, 0x1C, 0xB7, 0x1C, 0xB7, 0x1C, 0xB7, 0x1C, 0xB7, 0x1C, 0xB7, 0x1C, 0xB7, 0x1C,
    0xB7, 0x1C, 0xB7, 0x1C, 0xE7, 0x9E, 0xCF, 0x9F, 0xC7, 0x5E, 0xC7, 0x3E, 0xC7, 0x3E, 0xC7, 0x3E, 0xC7, 0x3E, 0xC7, 0x3E, 0xC7, 0x3E, 0xC7, 0x3E,
    0xC7, 0x3E, 0xC7, 0x3E, 0xC7, 0x3E, 0xC7, 0x3E, 0xC7, 0x3E, 0xC7, 0x3E, 0xC7, 0x3E, 0xC7, 0x3E, 0xC7, 0x3E, 0xC7, 0x3E, 0xC7, 0x3E, 0xC7, 0x3E,
    0xC7, 0x3E, 0xC7, 0x3E, 0xC7, 0x3E, 0xC7, 0x3E, 0xC7, 0x3E, 0xC7, 0x3E, 0xC7, 0x3E, 0xC7, 0x3E, 0xC7, 0x3E, 0xC7, 0x3E, 0xC7, 0x3E, 0xC7, 0x3E,
    0xC7, 0x3E, 0xC7, 0x3E, 0xC7, 0x3E, 0xC7, 0x3E, 0xC7, 0x3E, 0xC7, 0x3E, 0xC7, 0x3E, 0xC7, 0x3E, 0xC7, 0x3E, 0xC7, 0x3E, 0xC7, 0x3E, 0xC7, 0x3E,
    0xC7, 0x3E, 0xC7, 0x3E, 0xC7, 0x3E, 0xC7, 0x3E, 0xC7, 0x3E, 0xC7, 0x3E, 0xC7, 0x3E, 0xC7, 0x3E, 0xC7, 0x3E, 0xC7, 0x3E, 0xC7, 0x3E, 0xC7, 0x3E,
    0xC7, 0x3E, 0xC7, 0x3E, 0xC7, 0x3E, 0xC7, 0x3E, 0xC7, 0x3E, 0xC7, 0x5E, 0xC7, 0x3E, 0xC7, 0x3E, 0xC7, 0x3E, 0xC7, 0x3E, 0xC7, 0x3E, 0xC7, 0x3F,
    0xCF, 0x9F, 0xEF, 0xBF, 0xB7, 0x1C, 0xB7, 0x1C, 0xB7, 0x1C, 0xB7, 0x1C, 0xB7, 0x1C, 0xB7, 0x1C, 0xB7, 0x1C, 0xB7, 0x1C, 0xB7, 0x1C, 0xB7, 0x1C,
    0xB7, 0x1C, 0xB7, 0x1C, 0xB7, 0x1C, 0xB7, 0x1C, 0xB7, 0x1C, 0xB7, 0x1C, 0xB7, 0x1C, 0xB7, 0x1C, 0xB7, 0x1C, 0xB7, 0x1C, 0xB7, 0x1C, 0xB7, 0x1C,
    0xB7, 0x1C, 0xB7, 0x1C, 0xB7, 0x1C, 0xB7, 0x1C, 0xB7, 0x1C, 0xB7, 0x1C, 0xB7, 0x1C, 0xB7, 0x1C, 0xB7, 0x1C, 0xB7, 0x1C, 0xB7, 0x1C, 0xB7, 0x1C,
    0xB7, 0x1C, 0xB7, 0x1C, 0xB7, 0x1C, 0xB7, 0x1C, 0xB7, 0x1C, 0xB7, 0x1C, 0xB7, 0x1C, 0xB7, 0x1C, 0xB7, 0x1C, 0xB7, 0x1C, 0xB7, 0x1C, 0xB7, 0x1C,
    0xB7, 0x1C, 0xB7, 0x1C, 0xB7, 0x1C, 0xB7, 0x1C, 0xB7, 0x1C, 0xB7, 0x1C, 0xB7, 0x1C, 0xB7, 0x1C, 0xB7, 0x1C, 0xB7, 0x1C, 0xB7, 0x1C, 0xB7, 0x1C,
    0xB7, 0x1C, 0xB7, 0x1C, 0xB7, 0x1C, 0xB7, 0x1C, 0xB7, 0x1C, 0xB7, 0x1C, 0xB7, 0x1C, 0xB7, 0x1C, 0xB7, 0x1C, 0xB7, 0x1C, 0xB7, 0x1C, 0xB7, 0x1C,
    0xB7, 0x1C, 0xB7, 0x1C, 0xB7, 0x1C, 0xB7, 0x1C, 0xB7, 0x1C, 0xB7, 0x1C, 0xB7, 0x1C, 0xB7, 0x1C, 0xB7, 0x1C, 0xB7, 0x1C, 0xB7, 0x1C, 0xB7, 0x1C,
    0xB7, 0x1C, 0xBF, 0x3C, 0xCF, 0x7F, 0xC7, 0x5E, 0xC7, 0x1E, 0xC7, 0x3E, 0xC7, 0x3E, 0xC7, 0x3E, 0xC7, 0x3E, 0xC7, 0x3E, 0xC7, 0x3E, 0xC7, 0x3E,
    0xC7, 0x3E, 0xC7, 0x3E, 0xC7, 0x3E, 0xC7, 0x3E, 0xC7, 0x3E, 0xC7, 0x3E, 0xC7, 0x3E, 0xC7, 0x3E, 0xC7, 0x3E, 0xC7, 0x3E, 0xC7, 0x3E, 0xC7, 0x3E,
    0xC7, 0x3E, 0xC7, 0x3E, 0xC7, 0x3E, 0xC7, 0x3E, 0xC7, 0x3E, 0xC7, 0x3E, 0xC7, 0x3E, 0xC7, 0x3E, 0xC7, 0x3E, 0xC7, 0x3E, 0xC7, 0x3E, 0xC7, 0x3E,
    0xC7, 0x3E, 0xC7, 0x3E, 0xC7, 0x3E, 0xC7, 0x3E, 0xC7, 0x3E, 0xC7, 0x3E, 0xC7, 0x3E, 0xC7, 0x3E, 0xC7, 0x3E, 0xC7, 0x3E, 0xC7, 0x3E, 0xC7, 0x3E,
    0xC7, 0x3E, 0xC7, 0x3E, 0xC7, 0x3E, 0xC7, 0x3E, 0xC7, 0x3E, 0xC7, 0x3E, 0xC7, 0x3E, 0xC7, 0x3E, 0xC7, 0x3E, 0xC7, 0x3E, 0xC7, 0x3E, 0xC7, 0x3E,
    0xC7, 0x3E, 0xC7, 0x3E, 0xC7, 0x3E, 0xC7, 0x3E, 0xC7, 0x3E, 0xC7, 0x3E, 0xC7, 0x3E, 0xD7, 0xBF, 0xE7, 0x9E, 0xB7, 0x1C, 0xB7, 0x1C, 0xB7, 0x1C,
    0xB7, 0x1C, 0xB7, 0x1C, 0xB7, 0x1C, 0xB7, 0x1C, 0xB7, 0x1C, 0xB7, 0x1C, 0xB7, 0x1C, 0xB7, 0x1C, 0xB7, 0x1C, 0xB7, 0x1C, 0xB7, 0x1C, 0xB7, 0x1C,
    0xB7, 0x1C, 0xB7, 0x1C, 0xE7, 0xBE, 0xCF, 0x9F, 0xC7, 0x5E, 0xC7, 0x3E, 0xC7, 0x3E, 0xC7, 0x3E, 0xC7, 0x3E, 0xC7, 0x3E, 0xC7, 0x3E, 0xC7, 0x3E,
    0xC7, 0x3E, 0xC7, 0x3E, 0xC7, 0x3E, 0xC7, 0x3E, 0xC7, 0x3E, 0xC7, 0x3E, 0xC7, 0x3E, 0xC7, 0x3E, 0xC7, 0x3E, 0xC7, 0x3E, 0xC7, 0x3E, 0xC7, 0x3E,
    0xC7, 0x3E, 0xC7, 0x3E, 0xC7, 0x3E, 0xC7, 0x3E, 0xC7, 0x3E, 0xC7, 0x3E, 0xC7, 0x3E, 0xC7, 0x3E, 0xC7, 0x3E, 0xC7, 0x3E, 0xC7, 0x3E, 0xC7, 0x3E,
    0xC7, 0x3E, 0xC7, 0x3D, 0xC7, 0x3E, 0xC7, 0x3E, 0xC7, 0x3E, 0xC7, 0x3E, 0xC7, 0x3E, 0xC7, 0x3E, 0xC7, 0x3E, 0xC7, 0x3E, 0xC7, 0x3E, 0xC7, 0x3E,
    0xC7, 0x3E, 0xC7, 0x3E, 0xC7, 0x3E, 0xC7, 0x3E, 0xC7, 0x3E, 0xC7, 0x3E, 0xC7, 0x3E, 0xC7, 0x3E, 0xC7, 0x3E, 0xC7, 0x3E, 0xC7, 0x3E, 0xC7, 0x3E,
    0xC7, 0x3E, 0xC7, 0x3E, 0xC7, 0x3E, 0xC7, 0x3E, 0xC7, 0x3E, 0xC7, 0x3E, 0xC7, 0x3E, 0xC7, 0x3E, 0xC7, 0x3E, 0xC7, 0x3E, 0xC7, 0x3E, 0xC7, 0x3E,
    0xCF, 0x9F, 0xEF, 0xBF, 0xB7, 0x1C, 0xB7, 0x1C, 0xB7, 0x1C, 0xB7, 0x1C, 0xB7, 0x1C, 0xB7, 0x1C, 0xB7, 0x1C, 0xB7, 0x1C, 0xB7, 0x1C, 0xB7, 0x1C,
    0xB7, 0x1C, 0xB7, 0x1C, 0xB7, 0x1C, 0xB7, 0x1C, 0xB7, 0x1C, 0xB7, 0x1C, 0xB7, 0x1C, 0xB7, 0x1C, 0xB7, 0x1C, 0xB7, 0x1C, 0xB7, 0x1C, 0xB7, 0x1C,
    0xB7, 0x1C, 0xB7, 0x1C, 0xB7, 0x1C, 0xB7, 0x1C, 0xB7, 0x1C, 0xB7, 0x1C, 0xB7, 0x1C, 0xB7, 0x1C, 0xB7, 0x1C, 0xB7, 0x1C, 0xB7, 0x1C, 0xB7, 0x1C,
    0xB7, 0x1C, 0xB7, 0x1C, 0xB7, 0x1C, 0xB7, 0x1C, 0xB7, 0x1C, 0xB7, 0x1C, 0xB7, 0x1C, 0xB7, 0x1C, 0xB7, 0x1C, 0xB7, 0x1C, 0xB7, 0x1C, 0xB7, 0x1C,
    0xB7, 0x1C, 0xB7, 0x1C, 0xB7, 0x1C, 0xB7, 0x1C, 0xB7, 0x1C, 0xB7, 0x1C, 0xB7, 0x1C, 0xB7, 0x1C, 0xB7, 0x1C, 0xB7, 0x1C, 0xB7, 0x1C, 0xB7, 0x1C,
    0xB7, 0x1C, 0xB7, 0x1C, 0xB7, 0x1C, 0xB7, 0x1C, 0xB7, 0x1C, 0xB7, 0x1C, 0xB7, 0x1C, 0xB7, 0x1C, 0xB7, 0x1C, 0xB7, 0x1C, 0xB7, 0x1C, 0xB7, 0x1C,
    0xB7, 0x1C, 0xB7, 0x1C, 0xB7, 0x1C, 0xB7, 0x1C, 0xB7, 0x1C, 0xB7, 0x1C, 0xB7, 0x1C, 0xB7, 0x1C, 0xB7, 0x1C, 0xB7, 0x1C, 0xB7, 0x1C, 0xB7, 0x1C,
    0xB7, 0x1C, 0xDF, 0x7D, 0xD7, 0xDF, 0xC7, 0x3E, 0xC7, 0x3E, 0xC7, 0x3E, 0xC7, 0x3E, 0xC7, 0x3E, 0xC7, 0x3E, 0xC7, 0x3E, 0xC7, 0x3E, 0xC7, 0x3E,
    0xC7, 0x3E, 0xC7, 0x3E, 0xC7, 0x3E, 0xC7, 0x3E, 0xC7, 0x3E, 0xC7, 0x3E, 0xC7, 0x3E, 0xC7, 0x3E, 0xC7, 0x3E, 0xC7, 0x3E, 0xC7, 0x3E, 0xC7, 0x3E,
    0xC7, 0x3E, 0xC7, 0x3E, 0xC7, 0x3E, 0xC7, 0x3E, 0xC7, 0x3E, 0xC7, 0x3E, 0xC7, 0x3E, 0xC7, 0x3E, 0xC7, 0x3E, 0xC7, 0x3E, 0xC7, 0x3E, 0xC7, 0x3E,
    0xC7, 0x3E, 0xC7, 0x3E, 0xC7, 0x3E, 0xC7, 0x3E, 0xC7, 0x3E, 0xC7, 0x3E, 0xC7, 0x3E, 0xC7, 0x3E, 0xC7, 0x3E, 0xC7, 0x3E, 0xC7, 0x3E, 0xC7, 0x3E,
    0xC7, 0x3E, 0xC7, 0x3E, 0xC7, 0x3E, 0xC7, 0x3E, 0xC7, 0x3E, 0xC7, 0x3E, 0xC7, 0x3E, 0xC7, 0x3E, 0xC7, 0x3E, 0xC7, 0x3E, 0xC7, 0x3E, 0xC7, 0x3E,
    0xC7, 0x5E, 0xC7, 0x5E, 0xC7, 0x3E, 0xC7, 0x3E, 0xC7, 0x3E, 0xC7, 0x3E, 0xC7, 0x3E, 0xC7, 0x5F, 0xCF, 0x7F, 0xBF, 0x1C, 0xB7, 0x1C, 0xB7, 0x1C,
    0xB7, 0x1C, 0xB7, 0x1C, 0xB7, 0x1C, 0xB7, 0x1C, 0xB7, 0x1C, 0xB7, 0x1C, 0xB7, 0x1C, 0xB7, 0x1C, 0xB7, 0x1C, 0xB7, 0x1C, 0xB7, 0x1C, 0xB7, 0x1C,
    0xB7, 0x1C, 0xB7, 0x1C, 0xE7, 0x9E, 0xD7, 0xBF, 0xCF, 0x5E, 0xC7, 0x3E, 0xC7, 0x3E, 0xC7, 0x3E, 0xC7, 0x3E, 0xC7, 0x3E, 0xC7, 0x3E, 0xC7, 0x3E,
    0xC7, 0x3E, 0xC7, 0x3E, 0xC7, 0x3E, 0xC7, 0x3E, 0xC7, 0x3E, 0xC7, 0x3E, 0xC7, 0x3E, 0xC7, 0x3E, 0xC7, 0x3E, 0xC7, 0x3E, 0xC7, 0x3E, 0xC7, 0x3E,
    0xC7, 0x3E, 0xC7, 0x3E, 0xC7, 0x3E, 0xC7, 0x3E, 0xC7, 0x3E, 0xC7, 0x3E, 0xC7, 0x3E, 0xC7, 0x3E, 0xC7, 0x3E, 0xC7, 0x3E, 0xC7, 0x3E, 0xC7, 0x3E,
    0xC7, 0x3E, 0xC7, 0x3E, 0xC7, 0x3E, 0xC7, 0x3E, 0xC7, 0x3E, 0xC7, 0x3E, 0xC7, 0x3E, 0xC7, 0x3E, 0xC7, 0x3E, 0xC7, 0x3E, 0xC7, 0x3E, 0xC7, 0x3E,
    0xC7, 0x3E, 0xC7, 0x3E, 0xC7, 0x3E, 0xC7, 0x3E, 0xC7, 0x3E, 0xC7, 0x3E, 0xC7, 0x3E, 0xC7, 0x3E, 0xC7, 0x3E, 0xC7, 0x3E, 0xC7, 0x3E, 0xC7, 0x3E,
    0xC7, 0x3E, 0xC7, 0x3E, 0xC7, 0x3E, 0xC7, 0x3E, 0xC7, 0x3E, 0xC7, 0x3E, 0xC7, 0x3E, 0xC7, 0x3E, 0xC7, 0x3E, 0xC7, 0x3E, 0xC7, 0x3E, 0xCF, 0x3F,
    0xD7, 0x9F, 0xEF, 0xBE, 0xB7, 0x1C, 0xB7, 0x1C, 0xB7, 0x1C, 0xB7, 0x1C, 0xB7, 0x1C, 0xB7, 0x1C, 0xB7, 0x1C, 0xB7, 0x1C, 0xB7, 0x1C, 0xB7, 0x1C,
    0xB7, 0x1C, 0xB7, 0x1C, 0xB7, 0x1C, 0xB7, 0x1C, 0xB7, 0x1C, 0xB7, 0x1C, 0xB7, 0x1C, 0xB7, 0x1C, 0xB7, 0x1C, 0xB7, 0x1C, 0xB7, 0x1C, 0xB7, 0x1C,
    0xB7, 0x1C, 0xB7, 0x1C, 0xB7, 0x1C, 0xB7, 0x1C, 0xB7, 0x1C, 0xB7, 0x1C, 0xB7, 0x1C, 0xB7, 0x1C, 0xB7, 0x1C, 0xB7, 0x1C, 0xB7, 0x1C, 0xB7, 0x1C,
    0xB7, 0x1C, 0xB7, 0x1C, 0xB7, 0x1C, 0xB7, 0x1C, 0xB7, 0x1C, 0xB7, 0x1C, 0xB7, 0x1C, 0xB7, 0x1C, 0xB7, 0x1C, 0xB7, 0x1C, 0xB7, 0x1C, 0xB7, 0x1C,
    0xB7, 0x1C, 0xB7, 0x1C, 0xB7, 0x1C, 0xB7, 0x1C, 0xB7, 0x1C, 0xB7, 0x1C, 0xB7, 0x1C, 0xB7, 0x1C, 0xB7, 0x1C, 0xB7, 0x1C, 0xB7, 0x1C, 0xB7, 0x1C,
    0xB7, 0x1C, 0xB7, 0x1C, 0xB7, 0x1C, 0xB7, 0x1C, 0xB7, 0x1C, 0xB7, 0x1C, 0xB7, 0x1C, 0xB7, 0x1C, 0xB7, 0x1C, 0xB7, 0x1C, 0xB7, 0x1C, 0xB7, 0x1C,
    0xB7, 0x1C, 0xB7, 0x1C, 0xB7, 0x1C, 0xB7, 0x1C, 0xB7, 0x1C, 0xB7, 0x1C, 0xB7, 0x1C, 0xB7, 0x1C, 0xB7, 0x1C, 0xB7, 0x1C, 0xB7, 0x1C, 0xBF, 0x1C,
    0xB7, 0x1C, 0xEF, 0xBE, 0xCF, 0x9F, 0xC7, 0x5E, 0xC7, 0x3E, 0xC7, 0x3E, 0xC7, 0x3E, 0xC7, 0x3E, 0xC7, 0x3E, 0xC7, 0x3E, 0xC7, 0x3E, 0xC7, 0x3E,
    0xC7, 0x3E, 0xC7, 0x3E, 0xC7, 0x3E, 0xC7, 0x3E, 0xC7, 0x3E, 0xC7, 0x3E, 0xC7, 0x3E, 0xC7, 0x3E, 0xC7, 0x3E, 0xC7, 0x3E, 0xC7, 0x3E, 0xC7, 0x3E,
    0xC7, 0x3E, 0xC7, 0x3E, 0xC7, 0x3E, 0xC7, 0x3E, 0xC7, 0x3E, 0xC7, 0x3E, 0xC7, 0x3E, 0xC7, 0x3E, 0xC7, 0x3E, 0xC7, 0x3E, 0xC7, 0x3E, 0xC7, 0x3E,
    0xC7, 0x3E, 0xC7, 0x3E, 0xC7, 0x3E, 0xC7, 0x3E, 0xC7, 0x3E, 0xC7, 0x3E, 0xC7, 0x3E, 0xC7, 0x3E, 0xC7, 0x3E, 0xC7, 0x3E, 0xC7, 0x3E, 0xC7, 0x3E,
    0xC7, 0x3E, 0xC7, 0x3E, 0xC7, 0x3E, 0xC7, 0x3E, 0xC7, 0x3E, 0xC7, 0x3E, 0xC7, 0x3E, 0xC7, 0x3E, 0xC7, 0x3E, 0xC7, 0x3E, 0xC7, 0x3E, 0xC7, 0x3E,
    0xC7, 0x3E, 0xC7, 0x5E, 0xC7, 0x3E, 0xC7, 0x3E, 0xC7, 0x5E, 0xC7, 0x5E, 0xC7, 0x5E, 0xC7, 0x3F, 0xCF, 0x9F, 0xCF, 0x5D, 0xB7, 0x1C, 0xBF, 0x1C,
    0xB7, 0x1C, 0xB7, 0x1C, 0xB7, 0x1C, 0xB7, 0x1C, 0xB7, 0x1C, 0xB7, 0x1C, 0xB7, 0x1C, 0xB7, 0x1C, 0xB7, 0x1C, 0xB7, 0x1C, 0xB7, 0x1C, 0xB7, 0x1C,
    0xBF, 0x1C, 0xB7, 0x1C, 0xD7, 0x5D, 0xD7, 0x9F, 0xC7, 0x3E, 0xC7, 0x3E, 0xC7, 0x3E, 0xC7, 0x3E, 0xC7, 0x3E, 0xC7, 0x3E, 0xC7, 0x3E, 0xC7, 0x3E,
    0xC7, 0x3E, 0xC7, 0x3E, 0xC7, 0x3E, 0xC7, 0x3E, 0xC7, 0x3E, 0xC7, 0x3E, 0xC7, 0x3E, 0xC7, 0x3E, 0xC7, 0x3E, 0xC7, 0x3E, 0xC7, 0x3E, 0xC7, 0x3E,
    0xC7, 0x3E, 0xC7, 0x3E, 0xC7, 0x3E, 0xC7, 0x3E, 0xC7, 0x3E, 0xC7, 0x3E, 0xC7, 0x3E, 0xC7, 0x3E, 0xC7, 0x3E, 0xC7, 0x3E, 0xC7, 0x3E, 0xC7, 0x1E,
    0xC7, 0x3E, 0xC7, 0x3E, 0xC7, 0x3E, 0xC7, 0x3E, 0xC7, 0x3E, 0xC7, 0x3E, 0xC7, 0x3E, 0xC7, 0x3E, 0xC7, 0x3E, 0xC7, 0x3E, 0xC7, 0x3E, 0xC7, 0x3E,
    0xC7, 0x3E, 0xC7, 0x3E, 0xC7, 0x3E, 0xC7, 0x3E, 0xC7, 0x3E, 0xC7, 0x3E, 0xC7, 0x3E, 0xC7, 0x3E, 0xC7, 0x3E, 0xC7, 0x3E, 0xC7, 0x3E, 0xC7, 0x3E,
    0xC7, 0x3E, 0xC7, 0x3E, 0xC7, 0x3E, 0xC7, 0x3E, 0xC7, 0x3E, 0xC7, 0x3E, 0xC7, 0x3E, 0xC7, 0x3E, 0xC7, 0x3E, 0xC7, 0x5E, 0xC7, 0x5E, 0xCF, 0x5F,
    0xD7, 0xBF, 0xDF, 0x7E, 0xB7, 0x1C, 0xBF, 0x1C, 0xB7, 0x1C, 0xB7, 0x1C, 0xB7, 0x1C, 0xB7, 0x1C, 0xB7, 0x1C, 0xB7, 0x1C, 0xB7, 0x1C, 0xB7, 0x1C,
    0xB7, 0x1C, 0xB7, 0x1C, 0xB7, 0x1C, 0xB7, 0x1C, 0xB7, 0x1C, 0xB7, 0x1C, 0xB7, 0x1C, 0xB7, 0x1C, 0xB7, 0x1C, 0xB7, 0x1C, 0xB7, 0x1C, 0xB7, 0x1C,
    0xB7, 0x1C, 0xB7, 0x1C, 0xB7, 0x1C, 0xB7, 0x1C, 0xB7, 0x1C, 0xB7, 0x1C, 0xB7, 0x1C, 0xB7, 0x1C, 0xB7, 0x1C, 0xB7, 0x1C, 0xB7, 0x1C, 0xB7, 0x1C,
    0xB7, 0x1C, 0xB7, 0x1C, 0xB7, 0x1C, 0xB7, 0x1C, 0xB7, 0x1C, 0xB7, 0x1C, 0xB7, 0x1C, 0xB7, 0x1C, 0xB7, 0x1C, 0xB7, 0x1C, 0xB7, 0x1C, 0xB7, 0x1C,
    0xB7, 0x1C, 0xB7, 0x1C, 0xB7, 0x1C, 0xB7, 0x1C, 0xB7, 0x1C, 0xB7, 0x1C, 0xB7, 0x1C, 0xB7, 0x1C, 0xB7, 0x1C, 0xB7, 0x1C, 0xB7, 0x1C, 0xB7, 0x1C,
    0xB7, 0x1C, 0xB7, 0x1C, 0xB7, 0x1C, 0xB7, 0x1C, 0xB7, 0x1C, 0xB7, 0x1C, 0xB7, 0x1C, 0xB7, 0x1C, 0xB7, 0x1C, 0xB7, 0x1C, 0xB7, 0x1C, 0xB7, 0x1C,
    0xB7, 0x1C, 0xB7, 0x1C, 0xB7, 0x1C, 0xB7, 0x1C, 0xB7, 0x1C, 0xB7, 0x1C, 0xB7, 0x1C, 0xB7, 0x1C, 0xB7, 0x1C, 0xB7, 0x1C, 0xB7, 0x1C, 0xB7, 0x1C,
    0xB7, 0x1C, 0xE7, 0xDF, 0xCF, 0x9F, 0xC7, 0x5E, 0xC7, 0x3E, 0xC7, 0x3E, 0xC7, 0x3E, 0xC7, 0x3E, 0xC7, 0x3E, 0xC7, 0x3E, 0xC7, 0x3E, 0xC7, 0x3E,
    0xC7, 0x3E, 0xC7, 0x3E, 0xC7, 0x3E, 0xC7, 0x3E, 0xC7, 0x3E, 0xC7, 0x3E, 0xC7, 0x3E, 0xC7, 0x3E, 0xC7, 0x3E, 0xC7, 0x3E, 0xC7, 0x3E, 0xC7, 0x3E,
    0xC7, 0x3E, 0xC7, 0x3E, 0xC7, 0x3E, 0xC7, 0x3E, 0xC7, 0x3E, 0xC7, 0x3E, 0xC7, 0x3E, 0xC7, 0x3E, 0xC7, 0x3E, 0xC7, 0x3E, 0xC7, 0x3E, 0xC7, 0x3E,
    0xC7, 0x3E, 0xC7, 0x3E, 0xC7, 0x3E, 0xC7, 0x3E, 0xC7, 0x3E, 0xC7, 0x3E, 0xC7, 0x3E, 0xC7, 0x3E, 0xC7, 0x3E, 0xC7, 0x3E, 0xC7, 0x3E, 0xC7, 0x3E,
    0xC7, 0x3E, 0xC7, 0x3E, 0xC7, 0x3E, 0xC7, 0x3E, 0xC7, 0x3E, 0xC7, 0x3E, 0xC7, 0x3E, 0xC7, 0x3E, 0xC7, 0x3E, 0xC7, 0x3E, 0xC7, 0x3E, 0xC7, 0x5E,
    0xC7, 0x3E, 0xC7, 0x3E, 0xC7, 0x3E, 0xC7, 0x3E, 0xC7, 0x3E, 0xC7, 0x3E, 0xC7, 0x3E, 0xCF, 0x5F, 0xD7, 0xBF, 0xD7, 0x7D, 0xB7, 0x1C, 0xBF, 0x1C,
    0xB7, 0x1C, 0xB7, 0x1C, 0xB7, 0x1C, 0xB7, 0x1C, 0xB7, 0x1C, 0xB7, 0x1C, 0xB7, 0x1C, 0xB7, 0x1C, 0xB7, 0x1C, 0xB7, 0x1C, 0xB7, 0x1C, 0xB7, 0x1C,
    0xB7, 0x1C, 0xB7, 0x1C, 0xBF, 0x1C, 0xD7, 0xBF, 0xCF, 0x7F, 0xC7, 0x3E, 0xC7, 0x5E, 0xC7, 0x3E, 0xC7, 0x3E, 0xC7, 0x3E, 0xC7, 0x3E, 0xC7, 0x3E,
    0xC7, 0x3E, 0xC7, 0x3E, 0xC7, 0x3E, 0xC7, 0x3E, 0xC7, 0x3E, 0xC7, 0x3E, 0xC7, 0x3E, 0xC7, 0x3E, 0xC7, 0x3E, 0xC7, 0x3E, 0xC7, 0x3E, 0xC7, 0x3E,
    0xC7, 0x3E, 0xC7, 0x3E, 0xC7, 0x3E, 0xC7, 0x3E, 0xC7, 0x3E, 0xC7, 0x3E, 0xC7, 0x3E, 0xC7, 0x3E, 0xC7, 0x3E, 0xC7, 0x3E, 0xC7, 0x1E, 0xC7, 0x3E,
    0xC7, 0x3E, 0xC7, 0x3E, 0xC7, 0x3E, 0xC7, 0x3E, 0xC7, 0x3E, 0xC7, 0x3E, 0xC7, 0x3E, 0xC7, 0x3E, 0xC7, 0x3E, 0xC7, 0x3E, 0xC7, 0x3E, 0xC7, 0x3E,
    0xC7, 0x3E, 0xC7, 0x3E, 0xC7, 0x3E, 0xC7, 0x3E, 0xC7, 0x3E, 0xC7, 0x3E, 0xC7, 0x3E, 0xC7, 0x3E, 0xC7, 0x3E, 0xC7, 0x3E, 0xC7, 0x3E, 0xC7, 0x3E,
    0xC7, 0x3E, 0xC7, 0x3E, 0xC7, 0x3E, 0xC7, 0x3E, 0xC7, 0x3E, 0xC7, 0x3E, 0xC7, 0x3E, 0xC7, 0x3E, 0xC7, 0x3E, 0xC7, 0x3E, 0xC7, 0x3E, 0xCF, 0x5E,
    0xCF, 0x5E, 0xC7, 0x3C, 0xB7, 0x1C, 0xBF, 0x1C, 0xB7, 0x1C, 0xB7, 0x1C, 0xB7, 0x1C, 0xB7, 0x1C, 0xB7, 0x1C, 0xB7, 0x1C, 0xB7, 0x1C, 0xB7, 0x1C,
    0xB7, 0x1C, 0xB7, 0x1C, 0xB7, 0x1C, 0xB7, 0x1C, 0xB7, 0x1C, 0xB7, 0x1C, 0xB7, 0x1C, 0xB7, 0x1C, 0xB7, 0x1C, 0xB7, 0x1C, 0xB7, 0x1C, 0xB7, 0x1C,
    0xB7, 0x1C, 0xB7, 0x1C, 0xB7, 0x1C, 0xB7, 0x1C, 0xB7, 0x1C, 0xB7, 0x1C, 0xB7, 0x1C, 0xB7, 0x1C, 0xB7, 0x1C, 0xB7, 0x1C, 0xB7, 0x1C, 0xB7, 0x1C,
    0xB7, 0x1C, 0xB7, 0x1C, 0xB7, 0x1C, 0xB7, 0x1C, 0xB7, 0x1C, 0xB7, 0x1C, 0xB7, 0x1C, 0xB7, 0x1C, 0xB7, 0x1C, 0xB7, 0x1C, 0xB7, 0x1C, 0xB7, 0x1C,
    0xBF, 0x1C, 0xBF, 0x1C, 0xBF, 0x1C, 0xBF, 0x1C, 0xBF, 0x1C, 0xBF, 0x1C, 0xBF, 0x1C, 0xBF, 0x1C, 0xBF, 0x1C, 0xBF, 0x1C, 0xBF, 0x1C, 0xBF, 0x1C,
    0xBF, 0x1C, 0xBF, 0x1C, 0xBF, 0x1C, 0xBF, 0x1C, 0xBF, 0x1C, 0xBF, 0x1C, 0xBF, 0x1C, 0xBF, 0x1C, 0xBF, 0x1C, 0xBF, 0x1C, 0xBF, 0x1C, 0xBF, 0x1C,
    0xBF, 0x1C, 0xBF, 0x1C, 0xBF, 0x1C, 0xBF, 0x1C, 0xBF, 0x1C, 0xBF, 0x1C, 0xBF, 0x1C, 0xBF, 0x1C, 0xBF, 0x1C, 0xBF, 0x1C, 0xBF, 0x1C, 0xBF, 0x1C,
    0xBF, 0x1C, 0xEF, 0xDF, 0xCF, 0x9F, 0xC7, 0x5E, 0xC7, 0x3E, 0xC7, 0x5E, 0xC7, 0x3E, 0xC7, 0x3E, 0xC7, 0x3E, 0xC7, 0x3E, 0xC7, 0x3E, 0xC7, 0x3E,
    0xC7, 0x3E, 0xC7, 0x3E, 0xC7, 0x3E, 0xC7, 0x3E, 0xC7, 0x3E, 0xC7, 0x3E, 0xC7, 0x3E, 0xC7, 0x3E, 0xC7, 0x3E, 0xC7, 0x3E, 0xC7, 0x3E, 0xC7, 0x3E,
    0xC7, 0x3E, 0xC7, 0x3E, 0xC7, 0x3E, 0xC7, 0x3E, 0xC7, 0x3E, 0xC7, 0x3E, 0xC7, 0x3E, 0xC7, 0x3E, 0xC7, 0x3E, 0xC7, 0x3E, 0xC7, 0x3E, 0xC7, 0x3E,
    0xC7, 0x3E, 0xC7, 0x3E, 0xC7, 0x3E, 0xC7, 0x3E, 0xC7, 0x3E, 0xC7, 0x3E, 0xC7, 0x3E, 0xC7, 0x3E, 0xC7, 0x3E, 0xC7, 0x3E, 0xC7, 0x3E, 0xC7, 0x5E,
    0xC7, 0x5E, 0xC7, 0x3E, 0xC7, 0x3E, 0xC7, 0x5E, 0xC7, 0x5E, 0xC7, 0x5E, 0xC7, 0x3E, 0xC7, 0x3E, 0xC7, 0x3E, 0xC7, 0x5E, 0xC7, 0x3E, 0xC7, 0x3E,
    0xC7, 0x3E, 0xC7, 0x5E, 0xC7, 0x3E, 0xC7, 0x3E, 0xC7, 0x3E, 0xC7, 0x5E, 0xC7, 0x3E, 0xCF, 0x5F, 0xD7, 0xBF, 0xD7, 0x5D, 0xBF, 0x1C, 0xBF, 0x1C,
    0xBF, 0x1C, 0xBF, 0x1C, 0xBF, 0x1C, 0xBF, 0x1C, 0xBF, 0x1C, 0xBF, 0x1C, 0xBF, 0x1C, 0xBF, 0x1C, 0xBF, 0x1C, 0xBF, 0x1C, 0xBF, 0x1C, 0xBF, 0x1C,
    0xBF, 0x1C, 0xBF, 0x1C, 0xBF, 0x1C, 0xDF, 0x7D, 0xD7, 0xDF, 0xC7, 0x5E, 0xC7, 0x5E, 0xC7, 0x3E, 0xC7, 0x3E, 0xC7, 0x3E, 0xC7, 0x3E, 0xC7, 0x3E,
    0xC7, 0x3E, 0xC7, 0x3E, 0xC7, 0x3E, 0xC7, 0x3E, 0xC7, 0x5E, 0xC7, 0x3E, 0xC7, 0x3E, 0xC7, 0x3E, 0xC7, 0x3E, 0xC7, 0x3E, 0xC7, 0x3E, 0xC7, 0x3E,
    0xC7, 0x3E, 0xC7, 0x3E, 0xC7, 0x3E, 0xC7, 0x3E, 0xC7, 0x3E, 0xC7, 0x3E, 0xC7, 0x3E, 0xC7, 0x3E, 0xC7, 0x3E, 0xC7, 0x3D, 0xC7, 0x3E, 0xC7, 0x3E,
    0xC7, 0x3E, 0xC7, 0x3E, 0xC7, 0x3E, 0xC7, 0x3E, 0xC7, 0x3D, 0xC7, 0x3E, 0xC7, 0x3E, 0xC7, 0x3E, 0xC7, 0x3E, 0xC7, 0x3E, 0xC7, 0x3E, 0xC7, 0x3E,
    0xC7, 0x3E, 0xC7, 0x3E, 0xC7, 0x3E, 0xC7, 0x3D, 0xC7, 0x3E, 0xC7, 0x3E, 0xC7, 0x3E, 0xC7, 0x3E, 0xC7, 0x3E, 0xC7, 0x3E, 0xC7, 0x3D, 0xC7, 0x3E,
    0xC7, 0x3E, 0xC7, 0x3E, 0xC7, 0x3E, 0xC7, 0x3E, 0xC7, 0x3E, 0xC7, 0x3E, 0xC7, 0x3E, 0xC7, 0x3E, 0xC7, 0x3E, 0xC7, 0x3E, 0xCF, 0x5F, 0xD7, 0xDF,
    0xE7, 0x9E, 0xBF, 0x1C, 0xBF, 0x1C, 0xBF, 0x1C, 0xBF, 0x1C, 0xBF, 0x1C, 0xBF, 0x1C, 0xBF, 0x1C, 0xBF, 0x1C, 0xBF, 0x1C, 0xBF, 0x1C, 0xBF, 0x1C,
    0xBF, 0x1C, 0xBF, 0x1C, 0xBF, 0x1C, 0xBF, 0x1C, 0xBF, 0x1C, 0xBF, 0x1C, 0xBF, 0x1C, 0xBF, 0x1C, 0xBF, 0x1C, 0xBF, 0x1C, 0xBF, 0x1C, 0xBF, 0x1C,
    0xBF, 0x1C, 0xBF, 0x1C, 0xBF, 0x1C, 0xBF, 0x1C, 0xBF, 0x1C, 0xBF, 0x1C, 0xBF, 0x1C, 0xBF, 0x1C, 0xBF, 0x1C, 0xBF, 0x1C, 0xBF, 0x1C, 0xBF, 0x1C,
    0xBF, 0x1C, 0xBF, 0x1C, 0xBF, 0x1C, 0xBF, 0x1C, 0xBF, 0x1C, 0xBF, 0x1C, 0xBF, 0x1C, 0xBF, 0x1C, 0xBF, 0x1C, 0xBF, 0x1C, 0xBF, 0x1C, 0xBF, 0x1C,
    0xBF, 0x1C, 0xBF, 0x1C, 0xBF, 0x1C, 0xBF, 0x1C, 0xBF, 0x1C, 0xBF, 0x1C, 0xBF, 0x1C, 0xBF, 0x1C, 0xBF, 0x1C, 0xBF, 0x1C, 0xBF, 0x1C, 0xBF, 0x1C,
    0xBF, 0x1C, 0xBF, 0x1C, 0xBF, 0x1C, 0xBF, 0x1C, 0xBF, 0x1C, 0xBF, 0x1C, 0xBF, 0x1C, 0xBF, 0x1C, 0xBF, 0x1C, 0xBF, 0x1C, 0xBF, 0x1C, 0xBF, 0x1C,
    0xBF, 0x1C, 0xBF, 0x1C, 0xBF, 0x1C, 0xBF, 0x1C, 0xBF, 0x1C, 0xBF, 0x1C, 0xBF, 0x1C, 0xBF, 0x1C, 0xBF, 0x1C, 0xBF, 0x1C, 0xBF, 0x1C, 0xBF, 0x1C,
    0xBF, 0x1C, 0xE7, 0xBE, 0xD7, 0xBF, 0xC7, 0x5F, 0xC7, 0x3E, 0xC7, 0x3E, 0xC7, 0x3E, 0xC7, 0x3E, 0xC7, 0x3E, 0xC7, 0x3E, 0xC7, 0x3E, 0xC7, 0x3E,
    0xC7, 0x3E, 0xC7, 0x3E, 0xC7, 0x3E, 0xC7, 0x3E, 0xC7, 0x3E, 0xC7, 0x3E, 0xC7, 0x3E, 0xC7, 0x3E, 0xC7, 0x3E, 0xC7, 0x3E, 0xC7, 0x3E, 0xC7, 0x3E,
    0xC7, 0x3E, 0xC7, 0x3E, 0xC7, 0x3E, 0xC7, 0x3E, 0xC7, 0x3E, 0xC7, 0x3E, 0xC7, 0x3E, 0xC7, 0x3E, 0xC7, 0x3E, 0xC7, 0x3E, 0xC7, 0x3E, 0xC7, 0x3E,
    0xC7, 0x3E, 0xC7, 0x3E, 0xC7, 0x3E, 0xC7, 0x3E, 0xC7, 0x3E, 0xC7, 0x3E, 0xC7, 0x3E, 0xC7, 0x3E, 0xC7, 0x3E, 0xC7, 0x3E, 0xC7, 0x3E, 0xC7, 0x3E,
    0xC7, 0x3E, 0xC7, 0x5E, 0xC7, 0x5E, 0xC7, 0x3E, 0xC7, 0x3E, 0xC7, 0x3E, 0xC7, 0x3E, 0xC7, 0x3E, 0xC7, 0x3E, 0xC7, 0x3E, 0xC7, 0x3E, 0xC7, 0x3E,
    0xC7, 0x3E, 0xC7, 0x3E, 0xC7, 0x5E, 0xC7, 0x3F, 0xC7, 0x3F, 0xC7, 0x5E, 0xC7, 0x3E, 0xC7, 0x3E, 0xCF, 0x7F, 0xCF, 0x3C, 0xBF, 0x1C, 0xBF, 0x1C,
    0xBF, 0x1C, 0xBF, 0x1C, 0xBF, 0x1C, 0xBF, 0x1C, 0xBF, 0x1C, 0xBF, 0x1C, 0xBF, 0x1C, 0xBF, 0x1C, 0xBF, 0x1C, 0xBF, 0x1C, 0xBF, 0x1C, 0xBF, 0x1C,
    0xBF, 0x1C, 0xBF, 0x1C, 0xBF, 0x1C, 0xBF, 0x1C, 0xEF, 0xDF, 0xD7, 0xBF, 0xC7, 0x5E, 0xC7, 0x3E, 0xC7, 0x3E, 0xC7, 0x3E, 0xC7, 0x3E, 0xC7, 0x3E,
    0xC7, 0x3E, 0xC7, 0x3E, 0xC7, 0x3E, 0xC7, 0x3E, 0xC7, 0x3E, 0xC7, 0x3E, 0xC7, 0x3E, 0xC7, 0x3E, 0xC7, 0x3E, 0xC7, 0x3E, 0xC7, 0x3E, 0xC7, 0x3E,
    0xC7, 0x3E, 0xC7, 0x3E, 0xC7, 0x3E, 0xC7, 0x3E, 0xC7, 0x3E, 0xC7, 0x3E, 0xC7, 0x3E, 0xC7, 0x3E, 0xC7, 0x3E, 0xC7, 0x3E, 0xC7, 0x3E, 0xC7, 0x3E,
    0xC7, 0x3E, 0xC7, 0x3E, 0xC7, 0x3E, 0xC7, 0x3E, 0xC7, 0x3E, 0xC7, 0x3E, 0xC7, 0x3E, 0xC7, 0x3E, 0xC7, 0x3E, 0xC7, 0x3E, 0xC7, 0x3E, 0xC7, 0x3E,
    0xC7, 0x3E, 0xC7, 0x3E, 0xC7, 0x3E, 0xC7, 0x3E, 0xC7, 0x3E, 0xC7, 0x3E, 0xC7, 0x3E, 0xC7, 0x3E, 0xC7, 0x3E, 0xC7, 0x3E, 0xC7, 0x3E, 0xC7, 0x3E,
    0xC7, 0x3E, 0xC7, 0x3E, 0xC7, 0x3E, 0xC7, 0x3E, 0xC7, 0x3E, 0xC7, 0x3E, 0xC7, 0x3E, 0xC7, 0x3E, 0xC7, 0x3E, 0xCF, 0x5E, 0xD7, 0x9F, 0xDF, 0xFF,
    0xBF, 0x1C, 0xBF, 0x1C, 0xBF, 0x1C, 0xBF, 0x1C, 0xBF, 0x1C, 0xBF, 0x1C, 0xBF, 0x1C, 0xBF, 0x1C, 0xBF, 0x1C, 0xBF, 0x1C, 0xBF, 0x1C, 0xBF, 0x1C,
    0xBF, 0x1C, 0xBF, 0x1C, 0xBF, 0x1C, 0xBF, 0x1C, 0xBF, 0x1C, 0xBF, 0x1C, 0xBF, 0x1C, 0xBF, 0x1C, 0xBF, 0x1C, 0xBF, 0x1C, 0xBF, 0x1C, 0xBF, 0x1C,
    0xBF, 0x1C, 0xBF, 0x1C, 0xBF, 0x1C, 0xBF, 0x1C, 0xBF, 0x1C, 0xBF, 0x1C, 0xBF, 0x1C, 0xBF, 0x1C, 0xBF, 0x1C, 0xBF, 0x1C, 0xBF, 0x1C, 0xBF, 0x1C,
    0xBF, 0x1C, 0xBF, 0x1C, 0xBF, 0x1C, 0xBF, 0x1C, 0xBF, 0x1C, 0xBF, 0x1C, 0xBF, 0x1C, 0xBF, 0x1C, 0xBF, 0x1C, 0xBF, 0x1C, 0xBF, 0x1C, 0xBF, 0x1C,
    0xBF, 0x1C, 0xBF, 0x1C, 0xBF, 0x1C, 0xBF, 0x1C, 0xBF, 0x1C, 0xBF, 0x1C, 0xBF, 0x1C, 0xBF, 0x1C, 0xBF, 0x1C, 0xBF, 0x1C, 0xBF, 0x1C, 0xBF, 0x1C,
    0xBF, 0x1C, 0xBF, 0x1C, 0xBF, 0x1C, 0xBF, 0x1C, 0xBF, 0x1C, 0xBF, 0x1C, 0xBF, 0x1C, 0xBF, 0x1C, 0xBF, 0x1C, 0xBF, 0x1C, 0xBF, 0x1C, 0xBF, 0x1C,
    0xBF, 0x1C, 0xBF, 0x1C, 0xBF, 0x1C, 0xBF, 0x1C, 0xBF, 0x1C, 0xBF, 0x1C, 0xBF, 0x1C, 0xBF, 0x1C, 0xBF, 0x1C, 0xBF, 0x1C, 0xBF, 0x1C, 0xBF, 0x1C,
    0xBF, 0x1C, 0xCF, 0x5D, 0xD7, 0xBF, 0xC7, 0x5E, 0xC7, 0x3E, 0xC7, 0x3E, 0xC7, 0x3E, 0xC7, 0x3E, 0xC7, 0x3E, 0xC7, 0x3E, 0xC7, 0x3E, 0xC7, 0x3E,
    0xC7, 0x3E, 0xC7, 0x3E, 0xC7, 0x3E, 0xC7, 0x3E, 0xC7, 0x3E, 0xC7, 0x3E, 0xC7, 0x3E, 0xC7, 0x3E, 0xC7, 0x3E, 0xC7, 0x3E, 0xC7, 0x3E, 0xC7, 0x3E,
    0xC7, 0x3E, 0xC7, 0x3E, 0xC7, 0x3E, 0xC7, 0x3E, 0xC7, 0x3E, 0xC7, 0x3E, 0xC7, 0x3E, 0xC7, 0x3E, 0xC7, 0x3E, 0xC7, 0x3E, 0xC7, 0x3E, 0xC7, 0x3E,
    0xC7, 0x3E, 0xC7, 0x3E, 0xC7, 0x3E, 0xC7, 0x3E, 0xC7, 0x3E, 0xC7, 0x3E, 0xC7, 0x3E, 0xC7, 0x3E, 0xC7, 0x3E, 0xC7, 0x3E, 0xC7, 0x3E, 0xC7, 0x3E,
    0xC7, 0x3E, 0xC7, 0x3E, 0xC7, 0x3E, 0xC7, 0x3E, 0xC7, 0x3E, 0xC7, 0x3E, 0xC7, 0x3E, 0xC7, 0x3E, 0xC7, 0x5E, 0xC7, 0x3F, 0xC7, 0x3E, 0xC7, 0x3E,
    0xC7, 0x5E, 0xC7, 0x3F, 0xC7, 0x3E, 0xC7, 0x3E, 0xC7, 0x5E, 0xC7, 0x3E, 0xC7, 0x3E, 0xCF, 0x7F, 0xD7, 0xBF, 0xBF, 0x1C, 0xBF, 0x1C, 0xB6, 0xFB,
    0xBF, 0x1C, 0xBF, 0x1C, 0xBF, 0x1C, 0xBF, 0x1C, 0xBF, 0x1C, 0xBF, 0x1C, 0xBF, 0x1C, 0xBF, 0x1C, 0xBF, 0x1C, 0xBF, 0x1C, 0xBF, 0x1C, 0xBF, 0x1C,
    0xBF, 0x1C, 0xBF, 0x1C, 0xBF, 0x1C, 0xBF, 0x1C, 0xBF, 0x1C, 0xEF, 0xDF, 0xD7, 0xDF, 0xC7, 0x3E, 0xC7, 0x3E, 0xC7, 0x3E, 0xC7, 0x3E, 0xC7, 0x3E,
    0xC7, 0x3E, 0xC7, 0x3E, 0xC7, 0x3E, 0xC7, 0x3E, 0xC7, 0x3E, 0xC7, 0x3E, 0xC7, 0x3E, 0xC7, 0x3E, 0xC7, 0x3E, 0xC7, 0x3E, 0xC7, 0x3E, 0xC7, 0x3E,
    0xC7, 0x3E, 0xC7, 0x3E, 0xC7, 0x3E, 0xC7, 0x3E, 0xC7, 0x3E, 0xC7, 0x3E, 0xC7, 0x3E, 0xC7, 0x3D, 0xC7, 0x3E, 0xC7, 0x3E, 0xC7, 0x3E, 0xC7, 0x1D,
    0xC7, 0x1D, 0xC7, 0x1E, 0xC7, 0x3D, 0xC7, 0x3E, 0xC7, 0x3E, 0xC7, 0x3E, 0xC7, 0x3E, 0xC7, 0x3E, 0xC7, 0x3E, 0xC7, 0x3E, 0xC7, 0x3E, 0xC7, 0x3E,
    0xC7, 0x3D, 0xC7, 0x3E, 0xC7, 0x1E, 0xC7, 0x3E, 0xC7, 0x3E, 0xC7, 0x3E, 0xC7, 0x1E, 0xC7, 0x3E, 0xC7, 0x3D, 0xC7, 0x3E, 0xC7, 0x3E, 0xC7, 0x3D,
    0xC7, 0x3E, 0xC7, 0x1E, 0xC7, 0x3E, 0xC7, 0x3D, 0xC7, 0x3E, 0xC7, 0x3E, 0xC7, 0x3D, 0xC7, 0x3E, 0xCF, 0x5E, 0xD7, 0xBF, 0xDF, 0xFF, 0xC7, 0x3C,
    0xBF, 0x1C, 0xBF, 0x1C, 0xBF, 0x1C, 0xBF, 0x1C, 0xBF, 0x1C, 0xBF, 0x1C, 0xBF, 0x1C, 0xBF, 0x1C, 0xBF, 0x1C, 0xBF, 0x1C, 0xBF, 0x1C, 0xBF, 0x1C,
    0xBF, 0x1C, 0xBF, 0x1C, 0xBF, 0x1C, 0xBF, 0x1C, 0xBF, 0x1C, 0xBF, 0x1C, 0xBF, 0x1C, 0xBF, 0x1C, 0xBF, 0x1C, 0xBF, 0x1C, 0xBF, 0x1C, 0xBF, 0x1C,
    0xBF, 0x1C, 0xBF, 0x1C, 0xBF, 0x1C, 0xBF, 0x1C, 0xBF, 0x1C, 0xBF, 0x1C, 0xBF, 0x1C, 0xBF, 0x1C, 0xBF, 0x1C, 0xBF, 0x1C, 0xBF, 0x1C, 0xBF, 0x1C,
    0xBF, 0x1C, 0xBF, 0x1C, 0xBF, 0x1C, 0xBF, 0x1C, 0xBF, 0x1C, 0xBF, 0x1C, 0xBF, 0x1C, 0xBF, 0x1C, 0xBF, 0x1C, 0xBF, 0x1C, 0xBF, 0x1C, 0xBF, 0x1C,
    0xBF, 0x1C, 0xBF, 0x1C, 0xBF, 0x1C, 0xBF, 0x1C, 0xBF, 0x1C, 0xBF, 0x1C, 0xBF, 0x1C, 0xBF, 0x1C, 0xBF, 0x1C, 0xBF, 0x1C, 0xBF, 0x1C, 0xBF, 0x1C,
    0xBF, 0x1C, 0xBF, 0x1C, 0xBF, 0x1C, 0xBF, 0x1C, 0xBF, 0x1C, 0xBF, 0x1C, 0xBF, 0x1C, 0xBF, 0x1C, 0xBF, 0x1C, 0xBF, 0x1C, 0xBF, 0x1C, 0xBF, 0x1C,
    0xBF, 0x1C, 0xBF, 0x1C, 0xBF, 0x1C, 0xBF, 0x1C, 0xBF, 0x1C, 0xBF, 0x1C, 0xBF, 0x1C, 0xBF, 0x1C, 0xBF, 0x1C, 0xBF, 0x1C, 0xBF, 0x1C, 0xBE, 0xFB,
    0xBF, 0x1C, 0xBF, 0x1C, 0xE7, 0xDF, 0xCF, 0x9F, 0xC7, 0x3E, 0xC7, 0x3E, 0xC7, 0x3E, 0xC7, 0x3E, 0xC7, 0x3E, 0xC7, 0x3E, 0xC7, 0x3E, 0xC7, 0x3E,
    0xC7, 0x3E, 0xC7, 0x3E, 0xC7, 0x3E, 0xC7, 0x3E, 0xC7, 0x3E, 0xC7, 0x3E, 0xC7, 0x3E, 0xC7, 0x3E, 0xC7, 0x3E, 0xC7, 0x3E, 0xC7, 0x3E, 0xC7, 0x3E,
    0xC7, 0x3E, 0xC7, 0x3E, 0xC7, 0x3E, 0xC7, 0x3E, 0xC7, 0x3E, 0xC7, 0x3E, 0xC7, 0x3E, 0xC7, 0x3E, 0xC7, 0x3E, 0xC7, 0x3E, 0xC7, 0x3E, 0xC7, 0x3E,
    0xC7, 0x3E, 0xC7, 0x3E, 0xC7, 0x3E, 0xC7, 0x3E, 0xC7, 0x3E, 0xC7, 0x3E, 0xC7, 0x3E, 0xC7, 0x3E, 0xC7, 0x3E, 0xC7, 0x3E, 0xC7, 0x3E, 0xC7, 0x3E,
    0xC7, 0x3E, 0xC7, 0x3E, 0xC7, 0x3E, 0xC7, 0x3E, 0xC7, 0x3E, 0xC7, 0x3E, 0xC7, 0x3E, 0xC7, 0x3E, 0xC7, 0x3E, 0xC7, 0x5E, 0xC7, 0x3E, 0xC7, 0x3E,
    0xC7, 0x3E, 0xC7, 0x3E, 0xC7, 0x3E, 0xC7, 0x3E, 0xC7, 0x5E, 0xC7, 0x3E, 0xC7, 0x5E, 0xD7, 0xDF, 0xDF, 0x7D, 0xBF, 0x1C, 0xBF, 0x1C, 0xBF, 0x1C,
    0xBF, 0x1C, 0xBF, 0x1C, 0xBF, 0x1C, 0xBF, 0x1C, 0xBF, 0x1C, 0xBF, 0x1C, 0xBF, 0x1C, 0xBF, 0x1C, 0xBF, 0x1C, 0xBF, 0x1C, 0xBF, 0x1C, 0xBF, 0x1C,
    0xBF, 0x1C, 0xBF, 0x1C, 0xBF, 0x1C, 0xBF, 0x1C, 0xBF, 0x1C, 0xBF, 0x1C, 0xEF, 0xBE, 0xCF, 0x9F, 0xD7, 0xBF, 0xCF, 0x7F, 0xC7, 0x5E, 0xC7, 0x5E,
    0xC7, 0x5E, 0xC7, 0x5E, 0xC7, 0x5E, 0xC7, 0x5E, 0xC7, 0x5E, 0xC7, 0x5E, 0xC7, 0x5E, 0xC7, 0x3E, 0xC7, 0x3E, 0xC7, 0x5E, 0xC7, 0x5E, 0xC7, 0x5E,
    0xCF, 0x5E, 0xCF, 0x5E, 0xC7, 0x5E, 0xC7, 0x5E, 0xC7, 0x5E, 0xC7, 0x5E, 0xC7, 0x3E, 0xC7, 0x5E, 0xC7, 0x3E, 0xC7, 0x3E, 0xC7, 0x3E, 0xC7, 0x3E,
    0xC7, 0x3E, 0xC7, 0x3E, 0xC7, 0x5E, 0xC7, 0x5E, 0xCF, 0x5E, 0xCF, 0x5E, 0xCF, 0x5E, 0xCF, 0x5E, 0xC7, 0x5E, 0xC7, 0x5E, 0xC7, 0x5E, 0xC7, 0x5E,
    0xC7, 0x3E, 0xC7, 0x3E, 0xC7, 0x3E, 0xC7, 0x3E, 0xC7, 0x3E, 0xC7, 0x3E, 0xC7, 0x3E, 0xC7, 0x3E, 0xC7, 0x3E, 0xC7, 0x3E, 0xC7, 0x3E, 0xC7, 0x3E,
    0xC7, 0x3E, 0xC7, 0x3E, 0xC7, 0x3E, 0xC7, 0x3E, 0xC7, 0x3E, 0xC7, 0x3E, 0xCF, 0x5E, 0xCF, 0x9F, 0xD7, 0x9F, 0xEF, 0xBE, 0xC7, 0x3C, 0xBF, 0x1C,
    0xBF, 0x1C, 0xBF, 0x1C, 0xBF, 0x1C, 0xBF, 0x1C, 0xBF, 0x1C, 0xBF, 0x1C, 0xBF, 0x1C, 0xBF, 0x1C, 0xBF, 0x1C, 0xBF, 0x1C, 0xBF, 0x1C, 0xBF, 0x1C,
    0xBF, 0x1C, 0xBF, 0x1C, 0xBF, 0x1C, 0xBF, 0x1C, 0xBF, 0x1C, 0xBF, 0x1C, 0xBF, 0x1C, 0xBF, 0x1C, 0xBF, 0x1C, 0xBF, 0x1C, 0xBF, 0x1C, 0xBF, 0x1C,
    0xBF, 0x1C, 0xBF, 0x1C, 0xBF, 0x1C, 0xBF, 0x1C, 0xBF, 0x1C, 0xBF, 0x1C, 0xBF, 0x1C, 0xBF, 0x1C, 0xBF, 0x1C, 0xBF, 0x1C, 0xBF, 0x1C, 0xBF, 0x1C,
    0xBF, 0x1C, 0xBF, 0x1C, 0xBF, 0x1C, 0xBF, 0x1C, 0xBF, 0x1C, 0xBF, 0x1C, 0xBF, 0x1C, 0xBF, 0x1C, 0xBF, 0x1C, 0xBF, 0x1C, 0xBF, 0x1C, 0xBF, 0x1C,
    0xBF, 0x1B, 0xBF, 0x1B, 0xBF, 0x1B, 0xBF, 0x1B, 0xBF, 0x1B, 0xBF, 0x1B, 0xBF, 0x1B, 0xBF, 0x1B, 0xBF, 0x1B, 0xBF, 0x1B, 0xBF, 0x1B, 0xBF, 0x1B,
    0xBF, 0x1B, 0xBF, 0x1B, 0xBF, 0x1B, 0xBF, 0x1B, 0xBF, 0x1B, 0xBF, 0x1B, 0xBF, 0x1B, 0xBF, 0x1B, 0xBF, 0x1B, 0xBF, 0x1B, 0xBF, 0x1B, 0xBF, 0x1B,
    0xBF, 0x1B, 0xBF, 0x1B, 0xBF, 0x1B, 0xBF, 0x1B, 0xBF, 0x1B, 0xBF, 0x1B, 0xBF, 0x1B, 0xBF, 0x1B, 0xBF, 0x1B, 0xBF, 0x1B, 0xBF, 0x1B, 0xBF, 0x1B,
    0xBF, 0x1B, 0xBF, 0x1B, 0xCF, 0x3C, 0xCF, 0x5E, 0xC7, 0x5E, 0xC7, 0x3E, 0xC7, 0x3E, 0xC7, 0x3E, 0xC7, 0x3E, 0xC7, 0x3E, 0xC7, 0x3E, 0xC7, 0x3E,
    0xC7, 0x3E, 0xC7, 0x3E, 0xC7, 0x3E, 0xC7, 0x3E, 0xC7, 0x3E, 0xC7, 0x3E, 0xC7, 0x3E, 0xC7, 0x3E, 0xC7, 0x3E, 0xC7, 0x3E, 0xC7, 0x3E, 0xC7, 0x3E,
    0xC7, 0x3E, 0xC7, 0x3E, 0xC7, 0x3E, 0xC7, 0x3E, 0xC7, 0x3E, 0xC7, 0x3E, 0xC7, 0x3E, 0xC7, 0x3D, 0xC7, 0x3E, 0xC7, 0x3E, 0xC7, 0x3E, 0xC7, 0x3E,
    0xC7, 0x3E, 0xC7, 0x3E, 0xC7, 0x3E, 0xC7, 0x3E, 0xC7, 0x3E, 0xC7, 0x3E, 0xC7, 0x3E, 0xC7, 0x3E, 0xC7, 0x3E, 0xC7, 0x3E, 0xC7, 0x3E, 0xC7, 0x3E,
    0xC7, 0x3E, 0xC7, 0x3E, 0xC7, 0x3E, 0xC7, 0x5E, 0xC7, 0x3E, 0xC7, 0x3E, 0xC7, 0x3E, 0xC7, 0x3E, 0xC7, 0x3E, 0xC7, 0x5E, 0xC7, 0x5E, 0xC7, 0x3E,
    0xC7, 0x5E, 0xC7, 0x3E, 0xC7, 0x3E, 0xC7, 0x5E, 0xC7, 0x5E, 0xC7, 0x5F, 0xCF, 0xBF, 0xE7, 0xDF, 0xBF, 0x1C, 0xBF, 0x1B, 0xBF, 0x1B, 0xBF, 0x1B,
    0xBF, 0x1B, 0xBF, 0x1B, 0xBF, 0x1B, 0xBF, 0x1B, 0xBF, 0x1B, 0xBF, 0x1B, 0xBF, 0x1B, 0xBF, 0x1B, 0xBF, 0x1B, 0xBF, 0x1B, 0xBF, 0x1B, 0xBF, 0x1B,
    0xBF, 0x1B, 0xBF, 0x1B, 0xBF, 0x1B, 0xBF, 0x1B, 0xBF, 0x1B, 0xBF, 0x1B, 0xBF, 0x1B, 0xCF, 0x5D, 0xE7, 0xBE, 0xDF, 0xDF, 0xCF, 0x9F, 0xCF, 0x5E,
    0xCF, 0x5E, 0xCF, 0x5E, 0xCF, 0x5E, 0xC7, 0x3E, 0xCF, 0x3E, 0xCF, 0x3E, 0xC7, 0x3E, 0xC7, 0x1D, 0xC6, 0xFD, 0xC7, 0x1D, 0xCF, 0x3E, 0xCF, 0x3E,
    0xCF, 0x5E, 0xCF, 0x5E, 0xCF, 0x5E, 0xCF, 0x5E, 0xCF, 0x5E, 0xCF, 0x5E, 0xCF, 0x5E, 0xCF, 0x5E, 0xCF, 0x3E, 0xCF, 0x3E, 0xCF, 0x5E, 0xCF, 0x5E,
    0xCF, 0x5E, 0xCF, 0x5F, 0xCF, 0x7F, 0xCF, 0x7F, 0xCF, 0x7F, 0xD7, 0x7F, 0xD7, 0x7F, 0xCF, 0x7E, 0xCF, 0x5E, 0xCF, 0x5E, 0xCF, 0x5E, 0xCF, 0x5E,
    0xCF, 0x3E, 0xC7, 0x3D, 0xCF, 0x3E, 0xCF, 0x3E, 0xCF, 0x3E, 0xC7, 0x3D, 0xCF, 0x3E, 0xCF, 0x3E, 0xCF, 0x5E, 0xCF, 0x5E, 0xCF, 0x5E, 0xCF, 0x7E,
    0xCF, 0x5E, 0xCF, 0x5E, 0xCF, 0x5E, 0xCF, 0x5E, 0xCF, 0x5E, 0xD7, 0x7F, 0xDF, 0xDF, 0xEF, 0xBE, 0xD7, 0x5D, 0xBF, 0x1B, 0xBF, 0x1B, 0xBF, 0x1B,
    0xBF, 0x1B, 0xBF, 0x1B, 0xBF, 0x1B, 0xBF, 0x1B, 0xBF, 0x1B, 0xBF, 0x1B, 0xBF, 0x1B, 0xBF, 0x1B, 0xBF, 0x1B, 0xBF, 0x1B, 0xBF, 0x1B, 0xBF, 0x1B,
    0xBF, 0x1B, 0xBF, 0x1B, 0xBF, 0x1B, 0xBF, 0x1B, 0xBF, 0x1B, 0xBF, 0x1B, 0xBF, 0x1B, 0xBF, 0x1B, 0xBF, 0x1B, 0xBF, 0x1B, 0xBF, 0x1B, 0xBF, 0x1B,
    0xBF, 0x1B, 0xBF, 0x1B, 0xBF, 0x1B, 0xBF, 0x1B, 0xBF, 0x1B, 0xBF, 0x1B, 0xBF, 0x1B, 0xBF, 0x1B, 0xBF, 0x1B, 0xBF, 0x1B, 0xBF, 0x1B, 0xBF, 0x1B,
    0xBF, 0x1B, 0xBF, 0x1B, 0xBF, 0x1B, 0xBF, 0x1B, 0xBF, 0x1B, 0xBF, 0x1B, 0xBF, 0x1B, 0xBF, 0x1B, 0xBF, 0x1B, 0xBF, 0x1B, 0xBF, 0x1B, 0xBF, 0x1B,
    0xBF, 0x1B, 0xBF, 0x1B, 0xBF, 0x1B, 0xBF, 0x1B, 0xBF, 0x1B, 0xBF, 0x1B, 0xBF, 0x1B, 0xBF, 0x1B, 0xBF, 0x1B, 0xBF, 0x1B, 0xBF, 0x1B, 0xBF, 0x1B,
    0xBF, 0x1B, 0xBF, 0x1B, 0xBF, 0x1B, 0xBF, 0x1B, 0xBF, 0x1B, 0xBF, 0x1B, 0xBF, 0x1B, 0xBF, 0x1B, 0xBF, 0x1B, 0xBF, 0x1B, 0xBF, 0x1B, 0xBF, 0x1B,
    0xBF, 0x1B, 0xBF, 0x1B, 0xBF, 0x1B, 0xBF, 0x1B, 0xBF, 0x1B, 0xBF, 0x1B, 0xBF, 0x1B, 0xBF, 0x1B, 0xBF, 0x1B, 0xBF, 0x1B, 0xBF, 0x1B, 0xBF, 0x1B,
    0xBF, 0x1B, 0xBF, 0x1B, 0xBF, 0x1B, 0xD7, 0x7D, 0xCF, 0x7E, 0xCF, 0x7F, 0xC7, 0x3E, 0xC7, 0x3E, 0xC7, 0x3D, 0xC7, 0x3D, 0xC7, 0x1E, 0xC7, 0x1E,
    0xC7, 0x1E, 0xC7, 0x1E, 0xC7, 0x1E, 0xC7, 0x3E, 0xC7, 0x3E, 0xC7, 0x3E, 0xC7, 0x3E, 0xC7, 0x3E, 0xC7, 0x3E, 0xC7, 0x3E, 0xC7, 0x3E, 0xC7, 0x3E,
    0xC7, 0x3E, 0xC7, 0x3E, 0xC7, 0x3D, 0xC7, 0x3E, 0xC7, 0x3E, 0xC7, 0x3D, 0xC7, 0x3E, 0xC7, 0x3D, 0xC7, 0x3D, 0xC7, 0x3D, 0xC7, 0x3D, 0xC7, 0x1E,
    0xC7, 0x3E, 0xC7, 0x3E, 0xC7, 0x3E, 0xC7, 0x3E, 0xC7, 0x3E, 0xC7, 0x3E, 0xC7, 0x3E, 0xC7, 0x3E, 0xC7, 0x3E, 0xC7, 0x3E, 0xC7, 0x3E, 0xC7, 0x3E,
    0xC7, 0x3E, 0xC7, 0x3E, 0xC7, 0x3E, 0xC7, 0x3E, 0xC7, 0x3E, 0xC7, 0x3E, 0xC7, 0x3E, 0xC7, 0x3E, 0xC7, 0x3E, 0xC7, 0x3E, 0xC7, 0x3E, 0xC7, 0x3E,
    0xC7, 0x3E, 0xC7, 0x3E, 0xC7, 0x5E, 0xC7, 0x5E, 0xC7, 0x5F, 0xCF, 0xBF, 0xDF, 0xFF, 0xC7, 0x3C, 0xBF, 0x1B, 0xBF, 0x1B, 0xBF, 0x1B, 0xBF, 0x1B,
    0xBF, 0x1B, 0xBF, 0x1B, 0xBF, 0x1B, 0xBF, 0x1B, 0xBF, 0x1B, 0xBF, 0x1B, 0xBF, 0x1B, 0xBF, 0x1B, 0xBF, 0x1B, 0xBF, 0x1B, 0xBF, 0x1B, 0xBF, 0x1B,
    0xBF, 0x1B, 0xBF, 0x1B, 0xBF, 0x1B, 0xBF, 0x1B, 0xBF, 0x1B, 0xBF, 0x1B, 0xBF, 0x1B, 0xBF, 0x1B, 0xBF, 0x1B, 0xBF, 0x1C, 0xC7, 0x1C, 0xC7, 0x1C,
    0xC7, 0x1C, 0xC7, 0x3C, 0xC7, 0x3C, 0xC7, 0x3C, 0xC7, 0x3C, 0xC7, 0x3C, 0xC7, 0x3C, 0xC7, 0x3C, 0xC7, 0x3C, 0xC7, 0x3C, 0xC7, 0x3C, 0xC7, 0x3C,
    0xC7, 0x1C, 0xC7, 0x3C, 0xC7, 0x1C, 0xC7, 0x1C, 0xC7, 0x3C, 0xC7, 0x1C, 0xC7, 0x1C, 0xC7, 0x1C, 0xC7, 0x3C, 0xC7, 0x3C, 0xC7, 0x1C, 0xC7, 0x3C,
    0xC7, 0x1C, 0xC7, 0x1C, 0xC7, 0x1C, 0xC7, 0x1C, 0xC7, 0x1C, 0xC7, 0x1C, 0xC7, 0x1C, 0xC7, 0x1C, 0xC7, 0x1C, 0xC7, 0x1C, 0xC7, 0x3C, 0xC7, 0x1C,
    0xC7, 0x3C, 0xC7, 0x3C, 0xC7, 0x1C, 0xC7, 0x3C, 0xC7, 0x3C, 0xC7, 0x3C, 0xC7, 0x3C, 0xC7, 0x1C, 0xC7, 0x1C, 0xC7, 0x1C, 0xC7, 0x1C, 0xC7, 0x1C,
    0xC7, 0x1C, 0xC7, 0x1C, 0xC7, 0x1C, 0xC7, 0x1C, 0xC7, 0x1C, 0xC7, 0x1C, 0xBF, 0x1C, 0xBF, 0x1B, 0xBF, 0x1B, 0xBF, 0x1B, 0xBF, 0x1B, 0xBF, 0x1B,
    0xBF, 0x1B, 0xBF, 0x1B, 0xBF, 0x1B, 0xBF, 0x1B, 0xBF, 0x1B, 0xBF, 0x1B, 0xBF, 0x1B, 0xBF, 0x1B, 0xBF, 0x1B, 0xBF, 0x1B, 0xBF, 0x1B, 0xBF, 0x1B,
    0xBF, 0x1B, 0xBF, 0x1B, 0xBF, 0x1B, 0xBF, 0x1B, 0xBF, 0x1B, 0xBF, 0x1B, 0xBF, 0x1B, 0xBF, 0x1B, 0xBF, 0x1B, 0xBF, 0x1B, 0xBF, 0x1B, 0xBF, 0x1B,
    0xBF, 0x1B, 0xBF, 0x1B, 0xBF, 0x1B, 0xBF, 0x1B, 0xBF, 0x1B, 0xBF, 0x1B, 0xBF, 0x1B, 0xBF, 0x1B, 0xBF, 0x1B, 0xBF, 0x1B, 0xBF, 0x1B, 0xBF, 0x1B,
    0xBF, 0x1B, 0xBF, 0x1B, 0xBF, 0x1B, 0xBF, 0x1B, 0xBF, 0x1B, 0xBF, 0x1B, 0xBF, 0x1B, 0xBF, 0x1B, 0xBF, 0x1B, 0xBF, 0x1B, 0xBF, 0x1B, 0xBF, 0x1B,
    0xBF, 0x1B, 0xBF, 0x1B, 0xBF, 0x1B, 0xBF, 0x1B, 0xBF, 0x1B, 0xBF, 0x1B, 0xBF, 0x1B, 0xBF, 0x1B, 0xBF, 0x1B, 0xBF, 0x1B, 0xBF, 0x1B, 0xBF, 0x1B,
    0xBF, 0x1B, 0xBF, 0x1B, 0xBF, 0x1B, 0xBF, 0x1B, 0xBF, 0x1B, 0xBF, 0x1B, 0xBF, 0x1B, 0xBF, 0x1B, 0xBF, 0x1B, 0xBF, 0x1B, 0xBF, 0x1B, 0xBF, 0x1B,
    0xBF, 0x1B, 0xBF, 0x1B, 0xBF, 0x1B, 0xBF, 0x1B, 0xBF, 0x1B, 0xBF, 0x1B, 0xBF, 0x1B, 0xBF, 0x1B, 0xBF, 0x1B, 0xBF, 0x1B, 0xBF, 0x1B, 0xBF, 0x1B,
    0xBF, 0x1B, 0xBF, 0x1B, 0xBF, 0x1C, 0xBF, 0x1B, 0xCF, 0x5D, 0xE7, 0xDF, 0xD7, 0x9F, 0xCF, 0x9F, 0xC7, 0x5E, 0xC7, 0x3E, 0xC7, 0x5E, 0xC7, 0x5E,
    0xC7, 0x3E, 0xC7, 0x3E, 0xC7, 0x5E, 0xC7, 0x5E, 0xC7, 0x5E, 0xC7, 0x5E, 0xC7, 0x5E, 0xC7, 0x5E, 0xC7, 0x5E, 0xCF, 0x5E, 0xCF, 0x5E, 0xCF, 0x5E,
    0xCF, 0x5E, 0xCF, 0x5E, 0xCF, 0x5E, 0xCF, 0x5E, 0xCF, 0x5E, 0xCF, 0x5E, 0xCF, 0x5E, 0xCF, 0x5E, 0xCF, 0x5E, 0xC7, 0x5E, 0xCF, 0x5E, 0xC7, 0x5E,
    0xC7, 0x5E, 0xC7, 0x5E, 0xC7, 0x5E, 0xC7, 0x5E, 0xC7, 0x5E, 0xC7, 0x5F, 0xC7, 0x5E, 0xC7, 0x5F, 0xC7, 0x5E, 0xCF, 0x5E, 0xCF, 0x5E, 0xCF, 0x5E,
    0xCF, 0x5F, 0xCF, 0x5F, 0xCF, 0x5E, 0xCF, 0x5F, 0xCF, 0x5E, 0xCF, 0x5E, 0xCF, 0x5E, 0xCF, 0x5F, 0xCF, 0x7F, 0xCF, 0x5F, 0xCF, 0x7F, 0xCF, 0x7E,
    0xCF, 0x7F, 0xCF, 0x5F, 0xCF, 0x7F, 0xCF, 0xBF, 0xD7, 0x9F, 0xEF, 0xBE, 0xC7, 0x3C, 0xBF, 0x1B, 0xBF, 0x1B, 0xBF, 0x1B, 0xBF, 0x1B, 0xBF, 0x1B,
    0xBF, 0x1B, 0xBF, 0x1B, 0xBF, 0x1B, 0xBF, 0x1B, 0xBF, 0x1B, 0xBF, 0x1B, 0xBF, 0x1B, 0xBF, 0x1B, 0xBF, 0x1B, 0xBF, 0x1B, 0xBF, 0x1B, 0xBF, 0x1B,
    0xBF, 0x1B, 0xBF, 0x1B, 0xBF, 0x1B, 0xBF, 0x1B, 0xBF, 0x1B, 0xBF, 0x1B, 0xBF, 0x1B, 0xBF, 0x1B, 0xBF, 0x1B, 0xBF, 0x1B, 0xBF, 0x1B, 0xBF, 0x1B,
    0xBF, 0x1B, 0xBF, 0x1B, 0xBF, 0x1B, 0xBF, 0x1B, 0xBF, 0x1B, 0xBF, 0x1B, 0xBF, 0x1B, 0xBF, 0x1B, 0xBF, 0x1B, 0xBF, 0x1B, 0xBF, 0x1B, 0xBF, 0x1B,
    0xBF, 0x1B, 0xBF, 0x1B, 0xBF, 0x1B, 0xBF, 0x1B, 0xBF, 0x1B, 0xBF, 0x1B, 0xBF, 0x1B, 0xBF, 0x1B, 0xBF, 0x1B, 0xBF, 0x1B, 0xBF, 0x1B, 0xBF, 0x1B,
    0xBF, 0x1B, 0xBF, 0x1B, 0xBF, 0x1B, 0xBF, 0x1B, 0xBF, 0x1B, 0xBF, 0x1B, 0xBF, 0x1B, 0xBF, 0x1B, 0xBF, 0x1B, 0xBF, 0x1B, 0xBF, 0x1B, 0xBF, 0x1B,
    0xBF, 0x1B, 0xBF, 0x1B, 0xBF, 0x1B, 0xBF, 0x1B, 0xBF, 0x1B, 0xBF, 0x1B, 0xBF, 0x1B, 0xBF, 0x1B, 0xBF, 0x1B, 0xBF, 0x1B, 0xBF, 0x1B, 0xBF, 0x1B,
    0xBF, 0x1B, 0xBF, 0x1B, 0xBF, 0x1B, 0xBF, 0x1B, 0xBF, 0x1B, 0xBF, 0x1B, 0xBF, 0x1B, 0xBF, 0x1B, 0xBF, 0x1B, 0xBF, 0x1B, 0xBF, 0x1B, 0xBF, 0x1B,
    0xBF, 0x1B, 0xBF, 0x1B, 0xBF, 0x1B, 0xBF, 0x1B, 0xBF, 0x1B, 0xBF, 0x1B, 0xBF, 0x1B, 0xBF, 0x1B, 0xBF, 0x1B, 0xBF, 0x1B, 0xBF, 0x1B, 0xBF, 0x1B,
    0xBF, 0x1B, 0xBF, 0x1B, 0xBF, 0x1B, 0xBF, 0x1B, 0xBF, 0x1B, 0xBF, 0x1B, 0xBF, 0x1B, 0xBF, 0x1B, 0xBF, 0x1B, 0xBF, 0x1B, 0xBF, 0x1B, 0xBF, 0x1B,
    0xBF, 0x1B, 0xBF, 0x1B, 0xBF, 0x1B, 0xBF, 0x1B, 0xBF, 0x1B, 0xBF, 0x1B, 0xBF, 0x1B, 0xBF, 0x1B, 0xBF, 0x1B, 0xBF, 0x1B, 0xBF, 0x1B, 0xBF, 0x1B,
    0xBF, 0x1B, 0xBF, 0x1B, 0xBF, 0x1B, 0xBF, 0x1B, 0xBF, 0x1B, 0xBF, 0x1B, 0xBF, 0x1B, 0xBF, 0x1B, 0xBF, 0x1B, 0xBF, 0x1B, 0xBF, 0x1B, 0xBF, 0x1B,
    0xBF, 0x1B, 0xBF, 0x1B, 0xBF, 0x1B, 0xBF, 0x1B, 0xBF, 0x1B, 0xBF, 0x1B, 0xBF, 0x1B, 0xBF, 0x1B, 0xBF, 0x1B, 0xBF, 0x1B, 0xBF, 0x1B, 0xBF, 0x1B,
    0xBF, 0x1B, 0xBF, 0x1B, 0xBF, 0x1B, 0xBF, 0x1B, 0xBF, 0x1B, 0xBF, 0x1B, 0xBF, 0x1B, 0xBF, 0x1B, 0xBF, 0x1B, 0xBF, 0x1B, 0xBF, 0x1B, 0xBF, 0x1B,
    0xBF, 0x1B, 0xBF, 0x1B, 0xBF, 0x1B, 0xBF, 0x1B, 0xBF, 0x1B, 0xBF, 0x1B, 0xBF, 0x1B, 0xBF, 0x1B, 0xBF, 0x1B, 0xBF, 0x1B, 0xBF, 0x1B, 0xBF, 0x1B,
    0xBF, 0x1B, 0xBF, 0x1B, 0xBF, 0x1B, 0xBF, 0x1B, 0xBF, 0x1B, 0xBF, 0x1C, 0xD7, 0x7D, 0xEF, 0xBE, 0xDF, 0xDF, 0xD7, 0xBF, 0xD7, 0x9F, 0xD7, 0x9F,
    0xD7, 0x9F, 0xD7, 0x9F, 0xD7, 0x9F, 0xD7, 0x9F, 0xD7, 0x9F, 0xD7, 0x9F, 0xD7, 0x9F, 0xD7, 0x9F, 0xD7, 0x9F, 0xD7, 0x9F, 0xD7, 0x9F, 0xD7, 0x9F,
    0xD7, 0xBF, 0xD7, 0x9F, 0xD7, 0x9F, 0xD7, 0x9F, 0xD7, 0xBF, 0xD7, 0xBF, 0xD7, 0xBF, 0xD7, 0x9F, 0xD7, 0x9F, 0xD7, 0x9F, 0xD7, 0x9F, 0xD7, 0x9F,
    0xD7, 0x9F, 0xD7, 0x9F, 0xD7, 0x9F, 0xD7, 0x9F, 0xD7, 0xBF, 0xD7, 0x9F, 0xD7, 0xBF, 0xD7, 0x9F, 0xD7, 0xBF, 0xD7, 0x9F, 0xD7, 0xBF, 0xD7, 0xBF,
    0xD7, 0xBF, 0xD7, 0xBF, 0xD7, 0xBF, 0xD7, 0xBF, 0xD7, 0x9F, 0xD7, 0xBF, 0xD7, 0xBF, 0xD7, 0xBF, 0xD7, 0xBF, 0xD7, 0xBF, 0xD7, 0xBF, 0xD7, 0xBF,
    0xD7, 0xBF, 0xD7, 0xBF, 0xE7, 0xDF, 0xEF, 0xBE, 0xD7, 0x5D, 0xBF, 0x1B, 0xBF, 0x1B, 0xBF, 0x1B, 0xBF, 0x1B, 0xBF, 0x1B, 0xBF, 0x1B, 0xBF, 0x1B,
    0xBF, 0x1B, 0xBF, 0x1B, 0xBF, 0x1B, 0xBF, 0x1B, 0xBF, 0x1B, 0xBF, 0x1B, 0xBF, 0x1B, 0xBF, 0x1B, 0xBF, 0x1B, 0xBF, 0x1B, 0xBF, 0x1B, 0xBF, 0x1B,
    0xBF, 0x1B, 0xBF, 0x1B, 0xBF, 0x1B, 0xBF, 0x1B, 0xBF, 0x1B, 0xBF, 0x1B, 0xBF, 0x1B, 0xBF, 0x1B, 0xBF, 0x1B, 0xBF, 0x1B, 0xBF, 0x1B, 0xBF, 0x1B,
    0xBF, 0x1B, 0xBF, 0x1B, 0xBF, 0x1B, 0xBF, 0x1B, 0xBF, 0x1B, 0xBF, 0x1B, 0xBF, 0x1B, 0xBF, 0x1B, 0xBF, 0x1B, 0xBF, 0x1B, 0xBF, 0x1B, 0xBF, 0x1B,
    0xBF, 0x1B, 0xBF, 0x1B, 0xBF, 0x1B, 0xBF, 0x1B, 0xBF, 0x1B, 0xBF, 0x1B, 0xBF, 0x1B, 0xBF, 0x1B, 0xBF, 0x1B, 0xBF, 0x1B, 0xBF, 0x1B, 0xBF, 0x1B,
    0xBF, 0x1B, 0xBF, 0x1B, 0xBF, 0x1B, 0xBF, 0x1B, 0xBF, 0x1B, 0xBF, 0x1B, 0xBF, 0x1B, 0xBF, 0x1B, 0xBF, 0x1B, 0xBF, 0x1B, 0xBF, 0x1B, 0xBF, 0x1B,
    0xBF, 0x1B, 0xBF, 0x1B, 0xBF, 0x1B, 0xBF, 0x1B, 0xBF, 0x1B, 0xBF, 0x1B, 0xBF, 0x1B, 0xBF, 0x1B, 0xBF, 0x1B, 0xBF, 0x1B, 0xBF, 0x1B, 0xBF, 0x1B,
    0xBF, 0x1B, 0xBF, 0x1B, 0xBF, 0x1B, 0xBF, 0x1B, 0xBF, 0x1B, 0xBF, 0x1B, 0xBF, 0x1B, 0xBF, 0x1B, 0xBF, 0x1B, 0xBF, 0x1B, 0xBF, 0x1B, 0xBF, 0x1B,
    0xBF, 0x1B, 0xBF, 0x1B, 0xBF, 0x1B, 0xBF, 0x1B, 0xBF, 0x1B, 0xBF, 0x1B, 0xBF, 0x1B, 0xBF, 0x1B, 0xBF, 0x1B, 0xBF, 0x1B, 0xBF, 0x1B, 0xBF, 0x1B,
    0xBF, 0x1B, 0xBF, 0x1B, 0xBF, 0x1B, 0xBF, 0x1B, 0xBF, 0x1B, 0xBF, 0x1B, 0xBF, 0x1B, 0xBF, 0x1B, 0xBF, 0x1B, 0xBF, 0x1B, 0xBF, 0x1B, 0xBF, 0x1B,
    0xBF, 0x1B, 0xBF, 0x1B, 0xBF, 0x1B, 0xBF, 0x1B, 0xBF, 0x1B, 0xBF, 0x1B, 0xBF, 0x1B, 0xBF, 0x1B, 0xBF, 0x1B, 0xBF, 0x1B, 0xBF, 0x1B, 0xBF, 0x1B,
    0xBF, 0x1B, 0xBF, 0x1B, 0xBF, 0x1B, 0xBF, 0x1B, 0xBF, 0x1B, 0xBF, 0x1B, 0xBF, 0x1B, 0xBF, 0x1B, 0xBF, 0x1B, 0xBF, 0x1B, 0xBF, 0x1B, 0xBF, 0x1B,
    0xBF, 0x1B, 0xBF, 0x1B, 0xBF, 0x1B, 0xBF, 0x1B, 0xBF, 0x1B, 0xBF, 0x1B, 0xBF, 0x1B, 0xBF, 0x1B, 0xBF, 0x1B, 0xBF, 0x1B, 0xBF, 0x1B, 0xBF, 0x1B,
    0xBF, 0x1B, 0xBF, 0x1B, 0xBF, 0x1B, 0xBF, 0x1B, 0xBF, 0x1B, 0xBF, 0x1B, 0xBF, 0x1B, 0xBF, 0x1B, 0xBF, 0x1B, 0xBF, 0x1B, 0xBF, 0x1B, 0xBF, 0x1B,
    0xBF, 0x1B, 0xBF, 0x1B, 0xBF, 0x1B, 0xBF, 0x1B, 0xBF, 0x1B, 0xBF, 0x1B, 0xBF, 0x1B, 0xBF, 0x1B, 0xBF, 0x1B, 0xBF, 0x1B, 0xBF, 0x1B, 0xBF, 0x1B,
    0xBF, 0x1B, 0xBF, 0x1B, 0xBF, 0x1B, 0xBF, 0x1B, 0xBF, 0x1B, 0xBF, 0x1B, 0xBF, 0x1B, 0xBF, 0x1B, 0xBF, 0x1B, 0xC7, 0x1C, 0xC7, 0x1C, 0xC7, 0x1C,
    0xC7, 0x1C, 0xC7, 0x1C, 0xC7, 0x1C, 0xC7, 0x1C, 0xC7, 0x1C, 0xC7, 0x1C, 0xC7, 0x1C, 0xC7, 0x1C, 0xC7, 0x1C, 0xC7, 0x1C, 0xC7, 0x1C, 0xC7, 0x1C,
    0xC7, 0x1C, 0xC7, 0x1C, 0xC7, 0x1C, 0xC7, 0x1C, 0xC7, 0x1C, 0xC7, 0x1C, 0xC7, 0x1C, 0xC7, 0x1C, 0xC7, 0x1C, 0xC7, 0x1C, 0xC7, 0x1C, 0xC7, 0x1C,
    0xC7, 0x1C, 0xC7, 0x1C, 0xC7, 0x1C, 0xC7, 0x1C, 0xC7, 0x1C, 0xC7, 0x1C, 0xC7, 0x1C, 0xC7, 0x1C, 0xC7, 0x1C, 0xC7, 0x1C, 0xC7, 0x1C, 0xC7, 0x1C,
    0xC7, 0x1C, 0xC7, 0x1C, 0xC7, 0x1C, 0xC7, 0x1C, 0xC7, 0x1C, 0xC7, 0x1C, 0xC7, 0x1C, 0xC7, 0x1C, 0xC7, 0x1C, 0xC7, 0x1C, 0xC7, 0x1C, 0xC7, 0x1C,
    0xC7, 0x1C, 0xC7, 0x1C, 0xBF, 0x1B, 0xBF, 0x1B, 0xBF, 0x1B, 0xBF, 0x1B, 0xBF, 0x1B, 0xBF, 0x1B, 0xBF, 0x1B, 0xBF, 0x1B, 0xBF, 0x1B, 0xBF, 0x1B,
    0xBF, 0x1B, 0xBF, 0x1B, 0xBF, 0x1B, 0xBF, 0x1B, 0xBF, 0x1B, 0xBF, 0x1B, 0xBF, 0x1B, 0xBF, 0x1B, 0xBF, 0x1B, 0xBF, 0x1B, 0xBF, 0x1B, 0xBF, 0x1B,
    0xBF, 0x1B, 0xBF, 0x1B, 0xBF, 0x1B, 0xBF, 0x1B, 0xBF, 0x1B, 0xBF, 0x1B, 0xBF, 0x1B, 0xBF, 0x1B, 0xBF, 0x1B, 0xBF, 0x1B, 0xBF, 0x1B, 0xBF, 0x1B,
    0xBF, 0x1B, 0xBF, 0x1B, 0xBF, 0x1B, 0xBF, 0x1B, 0xBF, 0x1B, 0xBF, 0x1B, 0xBF, 0x1B, 0xBF, 0x1B, 0xBF, 0x1B, 0xBF, 0x1B, 0xBF, 0x1B, 0xBF, 0x1B,
    0xBF, 0x1B, 0xBF, 0x1B, 0xBF, 0x1B, 0xBF, 0x1B, 0xBF, 0x1B, 0xBF, 0x1B, 0xBF, 0x1B, 0xBF, 0x1B, 0xBF, 0x1B, 0xBF, 0x1B, 0xBF, 0x1B, 0xBF, 0x1B,
    0xBF, 0x1B, 0xBF, 0x1B, 0xBF, 0x1B, 0xBF, 0x1B, 0xBF, 0x1B, 0xBF, 0x1B, 0xBF, 0x1B, 0xBF, 0x1B, 0xBF, 0x1B, 0xBF, 0x1B, 0xBF, 0x1B, 0xBF, 0x1B,
    0xBF, 0x1B, 0xBF, 0x1B, 0xBF, 0x1B, 0xBF, 0x1B, 0xBF, 0x1B, 0xBF, 0x1B, 0xBF, 0x1B, 0xBF, 0x1B, 0xBF, 0x1B, 0xBF, 0x1B, 0xBF, 0x1B, 0xBF, 0x1B,
    0xBF, 0x1B, 0xBF, 0x1B, 0xBF, 0x1B, 0xBF, 0x1B, 0xBF, 0x1B, 0xBF, 0x1B, 0xBF, 0x1B, 0xBF, 0x1B, 0xBF, 0x1B, 0xBF, 0x1B, 0xBF, 0x1B, 0xBF, 0x1B,
    0xBF, 0x1B, 0xBF, 0x1B, 0xBF, 0x1B, 0xBF, 0x1B, 0xBF, 0x1B, 0xBF, 0x1B, 0xBF, 0x1B, 0xBF, 0x1B, 0xBF, 0x1B, 0xBF, 0x1B, 0xBF, 0x1B, 0xBF, 0x1B,
    0xBF, 0x1B, 0xBF, 0x1B, 0xBF, 0x1B, 0xBF, 0x1B, 0xBF, 0x1B, 0xBF, 0x1B, 0xBF, 0x1B, 0xBF, 0x1B, 0xBF, 0x1B, 0xBF, 0x1B, 0xBF, 0x1B, 0xBF, 0x1B,
    0xBF, 0x1B, 0xBF, 0x1B, 0xBF, 0x1B, 0xBF, 0x1B, 0xBF, 0x1B, 0xBF, 0x1B, 0xBF, 0x1B, 0xBF, 0x1B, 0xBF, 0x1B, 0xBF, 0x1B, 0xBF, 0x1B, 0xBF, 0x1B,
    0xBF, 0x1B, 0xBF, 0x1B, 0xBF, 0x1B, 0xBF, 0x1B, 0xBF, 0x1B, 0xBF, 0x1B, 0xBF, 0x1B, 0xBF, 0x1B, 0xBF, 0x1B, 0xBF, 0x1B, 0xBF, 0x1B, 0xBF, 0x1B,
    0xBF, 0x1B, 0xBF, 0x1B, 0xBF, 0x1B, 0xBF, 0x1B, 0xBF, 0x1B, 0xBF, 0x1B, 0xBF, 0x1B, 0xBF, 0x1B, 0xBF, 0x1B, 0xBF, 0x1B, 0xBF, 0x1B, 0xBF, 0x1B,
    0xBF, 0x1B, 0xBF, 0x1B, 0xBF, 0x1B, 0xBF, 0x1B, 0xBF, 0x1B, 0xBF, 0x1B, 0xBF, 0x1B, 0xBF, 0x1B, 0xBF, 0x1B, 0xBF, 0x1B, 0xBF, 0x1B, 0xBF, 0x1B,
    0xBF, 0x1B, 0xBF, 0x1B, 0xBF, 0x1B, 0xBF, 0x1B, 0xBF, 0x1B, 0xBF, 0x1B, 0xBF, 0x1B, 0xBF, 0x1B, 0xBF, 0x1B, 0xBF, 0x1B, 0xBF, 0x1B, 0xBF, 0x1B,
    0xBF, 0x1B, 0xBF, 0x1B, 0xBF, 0x1B, 0xBF, 0x1B, 0xBF, 0x1B, 0xBF, 0x1B, 0xBF, 0x1B, 0xBF, 0x1B, 0xBF, 0x1B, 0xBF, 0x1B, 0xBF, 0x1B, 0xBF, 0x1B,
    0xBF, 0x1B, 0xBF, 0x1B, 0xBF, 0x1B, 0xBF, 0x1B, 0xBF, 0x1B, 0xBF, 0x1B, 0xBF, 0x1B, 0xBF, 0x1B, 0xBF, 0x1B, 0xBF, 0x1B, 0xBF, 0x1B, 0xBF, 0x1B,
    0xBF, 0x1B, 0xBF, 0x1B, 0xBF, 0x1B, 0xBF, 0x1B, 0xBF, 0x1B, 0xBF, 0x1B, 0xBF, 0x1B, 0xBF, 0x1B, 0xBF, 0x1B, 0xBF, 0x1B, 0xBF, 0x1B, 0xBF, 0x1B,
    0xBF, 0x1B, 0xBF, 0x1B, 0xBF, 0x1B, 0xBF, 0x1B, 0xBF, 0x1B, 0xBF, 0x1B, 0xBF, 0x1B, 0xBF, 0x1B, 0xBF, 0x1B, 0xBF, 0x1B, 0xBF, 0x1B, 0xBF, 0x1B,
    0xBF, 0x1B, 0xBF, 0x1B, 0xBF, 0x1B, 0xBF, 0x1B, 0xBF, 0x1B, 0xBF, 0x1B, 0xBF, 0x1B, 0xBF, 0x1B, 0xBF, 0x1B, 0xBF, 0x1B, 0xBF, 0x1B, 0xBF, 0x1B,
    0xBF, 0x1B, 0xBF, 0x1B, 0xBF, 0x1B, 0xBF, 0x1B, 0xBF, 0x1B, 0xBF, 0x1B, 0xBF, 0x1B, 0xBF, 0x1B, 0xBF, 0x1B, 0xBF, 0x1B, 0xBF, 0x1B, 0xBF, 0x1B,
    0xBF, 0x1B, 0xBF, 0x1B, 0xBF, 0x1B, 0xBF, 0x1B, 0xBF, 0x1B, 0xBF, 0x1B, 0xBF, 0x1B, 0xBF, 0x1B, 0xBF, 0x1B, 0xBF, 0x1B, 0xBF, 0x1B, 0xBF, 0x1B,
    0xBF, 0x1B, 0xBF, 0x1B, 0xBF, 0x1B, 0xBF, 0x1B, 0xBF, 0x1B, 0xBF, 0x1B, 0xBF, 0x1B, 0xBF, 0x1B, 0xBF, 0x1B, 0xBF, 0x1B, 0xBF, 0x1B, 0xBF, 0x1B,
    0xBF, 0x1B, 0xBF, 0x1B, 0xBF, 0x1B, 0xBF, 0x1B, 0xBF, 0x1B, 0xBF, 0x1B, 0xBF, 0x1B, 0xBF, 0x1B, 0xBF, 0x1B, 0xBF, 0x1B, 0xBF, 0x1B, 0xBF, 0x1B,
    0xBF, 0x1B, 0xBF, 0x1B, 0xBF, 0x1B, 0xBF, 0x1B, 0xBF, 0x1B, 0xBF, 0x1B, 0xBF, 0x1B, 0xBF, 0x1B, 0xBF, 0x1B, 0xBF, 0x1B, 0xBF, 0x1B, 0xBF, 0x1B,
    0xBF, 0x1B, 0xBF, 0x1B, 0xBF, 0x1B, 0xBF, 0x1B, 0xBF, 0x1B, 0xBF, 0x1B, 0xBF, 0x1B, 0xBF, 0x1B, 0xBF, 0x1B, 0xBF, 0x1B, 0xBF, 0x1B, 0xBF, 0x1B,
    0xBF, 0x1B, 0xBF, 0x1B, 0xBF, 0x1B, 0xBF, 0x1B, 0xBF, 0x1B, 0xBF, 0x1B, 0xBF, 0x1B, 0xBF, 0x1B, 0xBF, 0x1B, 0xBF, 0x1B, 0xBF, 0x1B, 0xBF, 0x1B,
    0xBF, 0x1B, 0xBF, 0x1B, 0xBF, 0x1B, 0xBF, 0x1B, 0xBF, 0x1B, 0xBF, 0x1B, 0xBF, 0x1B, 0xBF, 0x1B, 0xBF, 0x1B, 0xBF, 0x1B, 0xBF, 0x1B, 0xBF, 0x1B,
    0xBF, 0x1B, 0xBF, 0x1B, 0xBF, 0x1B, 0xBF, 0x1B, 0xBF, 0x1B, 0xBF, 0x1B, 0xBF, 0x1B, 0xBF, 0x1B, 0xBF, 0x1B, 0xBF, 0x1B, 0xBF, 0x1B, 0xBF, 0x1B,
    0xBF, 0x1B, 0xBF, 0x1B, 0xBF, 0x1B, 0xBF, 0x1B, 0xBF, 0x1B, 0xBF, 0x1B, 0xBF, 0x1B, 0xBF, 0x1B, 0xBF, 0x1B, 0xBF, 0x1B, 0xBF, 0x1B, 0xBF, 0x1B,
    0xBF, 0x1B, 0xBF, 0x1B, 0xBF, 0x1B, 0xBF, 0x1B, 0xBF, 0x1B, 0xBF, 0x1B, 0xBF, 0x1B, 0xBF, 0x1B, 0xBF, 0x1B, 0xBF, 0x1B, 0xBF, 0x1B, 0xBF, 0x1B,
    0xBF, 0x1B, 0xBF, 0x1B, 0xBF, 0x1B, 0xBF, 0x1B, 0xBF, 0x1B, 0xBF, 0x1B, 0xBF, 0x1B, 0xBF, 0x1B, 0xBF, 0x1B, 0xBF, 0x1B, 0xBF, 0x1B, 0xBF, 0x1B,
    0xBF, 0x1B, 0xBF, 0x1B, 0xBF, 0x1B, 0xBF, 0x1B, 0xBF, 0x1B, 0xBF, 0x1B, 0xBF, 0x1B, 0xBF, 0x1B, 0xBF, 0x1B, 0xBF, 0x1B, 0xBF, 0x1B, 0xBF, 0x1B,
    0xBF, 0x1B, 0xBF, 0x1B, 0xBF, 0x1B, 0xBF, 0x1B, 0xBF, 0x1B, 0xBF, 0x1B, 0xBF, 0x1B, 0xBF, 0x1B, 0xBF, 0x1B, 0xBF, 0x1B, 0xBF, 0x1B, 0xBF, 0x1B,
    0xBF, 0x1B, 0xBF, 0x1B, 0xBF, 0x1B, 0xBF, 0x1B, 0xBF, 0x1B, 0xBF, 0x1B, 0xBF, 0x1B, 0xBF, 0x1B, 0xBF, 0x1B, 0xBF, 0x1B, 0xBF, 0x1B, 0xBF, 0x1B,
    0xBF, 0x1B, 0xBF, 0x1B, 0xBF, 0x1B, 0xBF, 0x1B, 0xBF, 0x1B, 0xBF, 0x1B, 0xBF, 0x1B, 0xBF, 0x1B, 0xBF, 0x1B, 0xBF, 0x1B, 0xBF, 0x1B, 0xBF, 0x1B,
    0xBF, 0x1B, 0xBF, 0x1B, 0xBF, 0x1B, 0xBF, 0x1B, 0xBF, 0x1B, 0xBF, 0x1B, 0xBF, 0x1B, 0xBF, 0x1B, 0xBF, 0x1B, 0xBF, 0x1B, 0xBF, 0x1B, 0xBF, 0x1B,
    0xBF, 0x1B, 0xBF, 0x1B, 0xBF, 0x1B, 0xBF, 0x1B, 0xBF, 0x1B, 0xBF, 0x1B, 0xBF, 0x1B, 0xBF, 0x1B, 0xBF, 0x1B, 0xBF, 0x1B, 0xBF, 0x1B, 0xBF, 0x1B,
    0xBF, 0x1B, 0xBF, 0x1B, 0xBF, 0x1B, 0xBF, 0x1B, 0xBF, 0x1B, 0xBF, 0x1B, 0xBF, 0x1B, 0xBF, 0x1B, 0xBF, 0x1B, 0xBF, 0x1B, 0xBF, 0x1B, 0xBF, 0x1B,
    0xBF, 0x1B, 0xBF, 0x1B, 0xBF, 0x1B, 0xBF, 0x1B, 0xBF, 0x1B, 0xBF, 0x1B, 0xBF, 0x1B, 0xBF, 0x1B, 0xBF, 0x1B, 0xBF, 0x1B, 0xBF, 0x1B, 0xBF, 0x1B,
    0xBF, 0x1B, 0xBF, 0x1B, 0xBF, 0x1B, 0xBF, 0x1B, 0xBF, 0x1B, 0xBF, 0x1B, 0xBF, 0x1B, 0xBF, 0x1B, 0xBF, 0x1B, 0xBF, 0x1B, 0xBF, 0x1B, 0xBF, 0x1B,
    0xBF, 0x1B, 0xBF, 0x1B, 0xBF, 0x1B, 0xBF, 0x1B, 0xBF, 0x1B, 0xBF, 0x1B, 0xBF, 0x1B, 0xBF, 0x1B, 0xBF, 0x1B, 0xBF, 0x1B, 0xBF, 0x1B, 0xBF, 0x1B,
    0xBF, 0x1B, 0xBF, 0x1B, 0xBF, 0x1B, 0xBF, 0x1B, 0xBF, 0x1B, 0xBF, 0x1B, 0xBF, 0x1B, 0xBF, 0x1B, 0xBF, 0x1B, 0xBF, 0x1B, 0xBF, 0x1B, 0xBF, 0x1B,
    0xBF, 0x1B, 0xBF, 0x1B, 0xBF, 0x1B, 0xBF, 0x1B, 0xBF, 0x1B, 0xBF, 0x1B, 0xBF, 0x1B, 0xBF, 0x1B, 0xBF, 0x1B, 0xBF, 0x1B, 0xBF, 0x1B, 0xBF, 0x1B,
    0xBF, 0x1B, 0xBF, 0x1B, 0xBF, 0x1B, 0xBF, 0x1B, 0xBF, 0x1B, 0xBF, 0x1B, 0xBF, 0x1B, 0xBF, 0x1B, 0xBF, 0x1B, 0xBF, 0x1B, 0xBF, 0x1B, 0xBF, 0x1B,
    0xBF, 0x1B, 0xBF, 0x1B, 0xBF, 0x1B, 0xBF, 0x1B, 0xBF, 0x1B, 0xBF, 0x1B, 0xBF, 0x1B, 0xBF, 0x1B, 0xBF, 0x1B, 0xBF, 0x1B, 0xBF, 0x1B, 0xBF, 0x1B,
    0xBF, 0x1B, 0xBF, 0x1B, 0xBF, 0x1B, 0xBF, 0x1B, 0xBF, 0x1B, 0xBF, 0x1B, 0xBF, 0x1B, 0xBF, 0x1B, 0xBF, 0x1B, 0xBF, 0x1B, 0xBF, 0x1B, 0xBF, 0x1B,
    0xBF, 0x1B, 0xBF, 0x1B, 0xBF, 0x1B, 0xBF, 0x1B, 0xBF, 0x1B, 0xBF, 0x1B, 0xBF, 0x1B, 0xBF, 0x1B, 0xBF, 0x1B, 0xBF, 0x1B, 0xBF, 0x1B, 0xBF, 0x1B,
    0xBF, 0x1B, 0xBF, 0x1B, 0xBF, 0x1B, 0xBF, 0x1B, 0xBF, 0x1B, 0xBF, 0x1B, 0xBF, 0x1B, 0xBF, 0x1B, 0xBF, 0x1B, 0xBF, 0x1B, 0xBF, 0x1B, 0xBF, 0x1B,
    0xBF, 0x1B, 0xBF, 0x1B, 0xBF, 0x1B, 0xBF, 0x1B, 0xBF, 0x1B, 0xBF, 0x1B, 0xBF, 0x1B, 0xBF, 0x1B, 0xBF, 0x1B, 0xBF, 0x1B, 0xBF, 0x1B, 0xBF, 0x1B,
    0xBF, 0x1B, 0xBF, 0x1B, 0xBF, 0x1B, 0xBF, 0x1B, 0xBF, 0x1B, 0xBF, 0x1B, 0xBF, 0x1B, 0xBF, 0x1B, 0xBF, 0x1B, 0xBF, 0x1B, 0xBF, 0x1B, 0xBF, 0x1B,
    0xBF, 0x1B, 0xBF, 0x1B, 0xBF, 0x1B, 0xBF, 0x1B, 0xBF, 0x1B, 0xBF, 0x1B, 0xBF, 0x1B, 0xBF, 0x1B, 0xBF, 0x1B, 0xBF, 0x1B, 0xBF, 0x1B, 0xBF, 0x1B,
    0xBF, 0x1B, 0xBF, 0x1B, 0xBF, 0x1B, 0xBF, 0x1B, 0xBF, 0x1B, 0xBF, 0x1B, 0xBF, 0x1B, 0xBF, 0x1B, 0xBF, 0x1B, 0xBF, 0x1B, 0xBF, 0x1B, 0xBF, 0x1B,
    0xBF, 0x1B, 0xBF, 0x1B, 0xBF, 0x1B, 0xBF, 0x1B, 0xBF, 0x1B, 0xBF, 0x1B, 0xBF, 0x1B, 0xBF, 0x1B, 0xBF, 0x1B, 0xBF, 0x1B, 0xBF, 0x1B, 0xBF, 0x1B,
    0xBF, 0x1B, 0xBF, 0x1B, 0xBF, 0x1B, 0xBF, 0x1B, 0xBF, 0x1B, 0xBF, 0x1B, 0xBF, 0x1B, 0xBF, 0x1B, 0xBF, 0x1B, 0xBF, 0x1B, 0xBF, 0x1B, 0xBF, 0x1B,
    0xBF, 0x1B, 0xBF, 0x1B, 0xBF, 0x1B, 0xBF, 0x1B, 0xBF, 0x1B, 0xBF, 0x1B, 0xBF, 0x1B, 0xBF, 0x1B, 0xBF, 0x1B, 0xBF, 0x1B, 0xBF, 0x1B, 0xBF, 0x1B,
    0xBF, 0x1B, 0xBF, 0x1B, 0xBF, 0x1B, 0xBF, 0x1B, 0xBF, 0x1B, 0xBF, 0x1B, 0xBF, 0x1B, 0xBF, 0x1B, 0xBF, 0x1B, 0xBF, 0x1B, 0xBF, 0x1B, 0xBF, 0x1B,
    0xBF, 0x1B, 0xBF, 0x1B, 0xBF, 0x1B, 0xBF, 0x1B, 0xBF, 0x1B, 0xBF, 0x1B, 0xBF, 0x1B, 0xBF, 0x1B, 0xBF, 0x1B, 0xBF, 0x1B, 0xBF, 0x1B, 0xBF, 0x1B,
    0xBF, 0x1B, 0xBF, 0x1B, 0xBF, 0x1B, 0xBF, 0x1B, 0xBF, 0x1B, 0xBF, 0x1B, 0xBF, 0x1B, 0xBF, 0x1B, 0xBF, 0x1B, 0xBF, 0x1B, 0xBF, 0x1B, 0xBF, 0x1B,
    0xBF, 0x1B, 0xBF, 0x1B, 0xBF, 0x1B, 0xBF, 0x1B, 0xBF, 0x1B, 0xBF, 0x1B, 0xBF, 0x1B, 0xBF, 0x1B, 0xBF, 0x1B, 0xBF, 0x1B, 0xBF, 0x1B, 0xBF, 0x1B,
    0xBF, 0x1B, 0xBF, 0x1B, 0xBF, 0x1B, 0xBF, 0x1B, 0xBF, 0x1B, 0xBF, 0x1B, 0xBF, 0x1B, 0xBF, 0x1B, 0xBF, 0x1B, 0xBF, 0x1B, 0xBF, 0x1B, 0xBF, 0x1B,
    0xBF, 0x1B, 0xBF, 0x1B, 0xBF, 0x1B, 0xBF, 0x1B, 0xBF, 0x1B, 0xBF, 0x1B, 0xBF, 0x1B, 0xBF, 0x1B, 0xBF, 0x1B, 0xBF, 0x1B, 0xBF, 0x1B, 0xBF, 0x1B,
    0xBF, 0x1B, 0xBF, 0x1B, 0xBF, 0x1B, 0xBF, 0x1B, 0xBF, 0x1B, 0xBF, 0x1B, 0xBF, 0x1B, 0xBF, 0x1B, 0xBF, 0x1B, 0xBF, 0x1B, 0xBF, 0x1B, 0xBF, 0x1B,
    0xBF, 0x1B, 0xBF, 0x1B, 0xBF, 0x1B, 0xBF, 0x1B, 0xBF, 0x1B, 0xBF, 0x1B, 0xBF, 0x1B, 0xBF, 0x1B, 0xBF, 0x1B, 0xBF, 0x1B, 0xBF, 0x1B, 0xBF, 0x1B,
    0xBF, 0x1B, 0xBF, 0x1B, 0xBF, 0x1B, 0xBF, 0x1B, 0xBF, 0x1B, 0xBF, 0x1B, 0xBF, 0x1B, 0xBF, 0x1B, 0xBF, 0x1B, 0xBF, 0x1B, 0xBF, 0x1B, 0xBF, 0x1B,
    0xBF, 0x1B, 0xBF, 0x1B, 0xBF, 0x1B, 0xBF, 0x1B, 0xBF, 0x1B, 0xBF, 0x1B, 0xBF, 0x1B, 0xBF, 0x1B, 0xBF, 0x1B, 0xBF, 0x1B, 0xBF, 0x1B, 0xBF, 0x1B,
    0xBF, 0x1B, 0xBF, 0x1B, 0xBF, 0x1B, 0xBF, 0x1B, 0xBF, 0x1B, 0xBF, 0x1B, 0xBF, 0x1B, 0xBF, 0x1B, 0xBF, 0x1B, 0xBF, 0x1B, 0xBF, 0x1B, 0xBF, 0x1B,
    0xBF, 0x1B, 0xBF, 0x1B, 0xBF, 0x1B, 0xBF, 0x1B, 0xBF, 0x1B, 0xBF, 0x1B, 0xBF, 0x1B, 0xBF, 0x1B, 0xBF, 0x1B, 0xBF, 0x1B, 0xBF, 0x1B, 0xBF, 0x1B,
    0xBF, 0x1B, 0xBF, 0x1B, 0xBF, 0x1B, 0xBF, 0x1B, 0xBF, 0x1B, 0xBF, 0x1B, 0xBF, 0x1B, 0xBF, 0x1B, 0xBF, 0x1B, 0xBF, 0x1B, 0xBF, 0x1B, 0xBF, 0x1B,
    0xBF, 0x1B, 0xBF, 0x1B, 0xBF, 0x1B, 0xBF, 0x1B, 0xBF, 0x1B, 0xBF, 0x1B, 0xBF, 0x1B, 0xBF, 0x1B, 0xBF, 0x1B, 0xBF, 0x1B, 0xBF, 0x1B, 0xBF, 0x1B,
    0xBF, 0x1B, 0xBF, 0x1B, 0xBF, 0x1B, 0xBF, 0x1B, 0xBF, 0x1B, 0xBF, 0x1B, 0xBF, 0x1B, 0xBF, 0x1B, 0xBF, 0x1B, 0xBF, 0x1B, 0xBF, 0x1B, 0xBF, 0x1B,
    0xBF, 0x1B, 0xBF, 0x1B, 0xBF, 0x1B, 0xBF, 0x1B, 0xBF, 0x1B, 0xBF, 0x1B, 0xBF, 0x1B, 0xBF, 0x1B, 0xBF, 0x1B, 0xBF, 0x1B, 0xBF, 0x1B, 0xBF, 0x1B,
    0xBF, 0x1B, 0xBF, 0x1B, 0xBF, 0x1B, 0xBF, 0x1B, 0xBF, 0x1B, 0xBF, 0x1B, 0xBF, 0x1B, 0xBF, 0x1B, 0xBF, 0x1B, 0xBF, 0x1B, 0xBF, 0x1B, 0xBF, 0x1B,
    0xBF, 0x1B, 0xBF, 0x1B, 0xBF, 0x1B, 0xBF, 0x1B, 0xBF, 0x1B, 0xBF, 0x1B, 0xBF, 0x1B, 0xBF, 0x1B, 0xBF, 0x1B, 0xBF, 0x1B, 0xBF, 0x1B, 0xBF, 0x1B,
    0xBF, 0x1B, 0xBF, 0x1B, 0xBF, 0x1B, 0xBF, 0x1B, 0xBF, 0x1B, 0xBF, 0x1B, 0xBF, 0x1B, 0xBF, 0x1B, 0xBF, 0x1B, 0xBF, 0x1B, 0xBF, 0x1B, 0xBF, 0x1B,
    0xBF, 0x1B, 0xBF, 0x1B, 0xBF, 0x1B, 0xBF, 0x1B, 0xBF, 0x1B, 0xBF, 0x1B, 0xBF, 0x1B, 0xBF, 0x1B, 0xBF, 0x1B, 0xBF, 0x1B, 0xBF, 0x1B, 0xBF, 0x1B,
    0xBF, 0x1B, 0xBF, 0x1B, 0xBF, 0x1B, 0xBF, 0x1B, 0xBF, 0x1B, 0xBF, 0x1B, 0xBF, 0x1B, 0xBF, 0x1B, 0xBF, 0x1B, 0xBF, 0x1B, 0xBF, 0x1B, 0xBF, 0x1B,
    0xBF, 0x1B, 0xBF, 0x1B, 0xBF, 0x1B, 0xBF, 0x1B, 0xBF, 0x1B, 0xBF, 0x1B, 0xBF, 0x1B, 0xBF, 0x1B, 0xBF, 0x1B, 0xBF, 0x1B, 0xBF, 0x1B, 0xBF, 0x1B,
    0xBF, 0x1B, 0xBF, 0x1B, 0xBF, 0x1B, 0xBF, 0x1B, 0xBF, 0x1B, 0xBF, 0x1B, 0xBF, 0x1B, 0xBF, 0x1B, 0xBF, 0x1B, 0xBF, 0x1B, 0xBF, 0x1B, 0xBF, 0x1B,
    0xBF, 0x1B, 0xBF, 0x1B, 0xBF, 0x1B, 0xBF, 0x1B, 0xBF, 0x1B, 0xBF, 0x1B, 0xBF, 0x1B, 0xBF, 0x1B, 0xBF, 0x1B, 0xBF, 0x1B, 0xBF, 0x1B, 0xBF, 0x1B,
    0xBF, 0x1B, 0xBF, 0x1B, 0xBF, 0x1B, 0xBF, 0x1B, 0xBF, 0x1B, 0xBF, 0x1B, 0xBF, 0x1B, 0xBF, 0x1B, 0xBF, 0x1B, 0xBF, 0x1B, 0xBF, 0x1B, 0xBF, 0x1B,
    0xBF, 0x1B, 0xBF, 0x1B, 0xBF, 0x1B, 0xBF, 0x1B, 0xBF, 0x1B, 0xBF, 0x1B, 0xBF, 0x1B, 0xBF, 0x1B, 0xBF, 0x1B, 0xBF, 0x1B, 0xBF, 0x1B, 0xBF, 0x1B,
    0xBF, 0x1B, 0xBF, 0x1B, 0xBF, 0x1B, 0xBF, 0x1B, 0xBF, 0x1B, 0xBF, 0x1B, 0xBF, 0x1B, 0xBF, 0x1B, 0xBF, 0x1B, 0xBF, 0x1B, 0xBF, 0x1B, 0xBF, 0x1B,
    0xBF, 0x1B, 0xBF, 0x1B, 0xBF, 0x1B, 0xBF, 0x1B, 0xBF, 0x1B, 0xBF, 0x1B, 0xBF, 0x1B, 0xBF, 0x1B, 0xBF, 0x1B, 0xBF, 0x1B, 0xBF, 0x1B, 0xBF, 0x1B,
    0xBF, 0x1B, 0xBF, 0x1B, 0xBF, 0x1B, 0xBF, 0x1B, 0xBF, 0x1B, 0xBF, 0x1B, 0xBF, 0x1B, 0xBF, 0x1B, 0xBF, 0x1B, 0xBF, 0x1B, 0xBF, 0x1B, 0xBF, 0x1B,
    0xBF, 0x1B, 0xBF, 0x1B, 0xBF, 0x1B, 0xBF, 0x1B, 0xBF, 0x1B, 0xBF, 0x1B, 0xBF, 0x1B, 0xBF, 0x1B, 0xBF, 0x1B, 0xBF, 0x1B, 0xBF, 0x1B, 0xBF, 0x1B,
    0xBF, 0x1B, 0xBF, 0x1B, 0xBF, 0x1B, 0xBF, 0x1B, 0xBF, 0x1B, 0xBF, 0x1B, 0xBF, 0x1B, 0xBF, 0x1B, 0xBF, 0x1B, 0xBF, 0x1B, 0xBF, 0x1B, 0xBF, 0x1B,
    0xBF, 0x1B, 0xBF, 0x1B, 0xBF, 0x1B, 0xBF, 0x1B, 0xBF, 0x1B, 0xBF, 0x1B, 0xBF, 0x1B, 0xBF, 0x1B, 0xBF, 0x1B, 0xBF, 0x1B, 0xBF, 0x1B, 0xBF, 0x1B,
    0xBF, 0x1B, 0xBF, 0x1B, 0xBF, 0x1B, 0xBF, 0x1B, 0xBF, 0x1B, 0xBF, 0x1B, 0xBF, 0x1B, 0xBF, 0x1B, 0xBF, 0x1B, 0xBF, 0x1B, 0xBF, 0x1B, 0xBF, 0x1B,
    0xBF, 0x1B, 0xBF, 0x1B, 0xBF, 0x1B, 0xBF, 0x1B, 0xBF, 0x1B, 0xBF, 0x1B, 0xBF, 0x1B, 0xBF, 0x1B, 0xBF, 0x1B, 0xBF, 0x1B, 0xBF, 0x1B, 0xBF, 0x1B,
    0xBF, 0x1B, 0xBF, 0x1B, 0xBF, 0x1B, 0xBF, 0x1B, 0xBF, 0x1B, 0xBF, 0x1B, 0xBF, 0x1B, 0xBF, 0x1B, 0xBF, 0x1B, 0xBF, 0x1B, 0xBF, 0x1B, 0xBF, 0x1B,
    0xBF, 0x1B, 0xBF, 0x1B, 0xBF, 0x1B, 0xBF, 0x1B, 0xBF, 0x1B, 0xBF, 0x1B, 0xBF, 0x1B, 0xBF, 0x1B, 0xBF, 0x1B, 0xBF, 0x1B, 0xBF, 0x1B, 0xBF, 0x1B,
    0xBF, 0x1B, 0xBF, 0x1B, 0xBF, 0x1B, 0xBF, 0x1B, 0xBF, 0x1B, 0xBF, 0x1B, 0xBF, 0x1B, 0xBF, 0x1B, 0xBF, 0x1B, 0xBF, 0x1B, 0xBF, 0x1B, 0xBF, 0x1B,
    0xBF, 0x1B, 0xBF, 0x1B, 0xBF, 0x1B, 0xBF, 0x1B, 0xBF, 0x1B, 0xBF, 0x1B, 0xBF, 0x1B, 0xBF, 0x1B, 0xBF, 0x1B, 0xBF, 0x1B, 0xBF, 0x1B, 0xBF, 0x1B,
    0xBF, 0x1B, 0xBF, 0x1B, 0xBF, 0x1B, 0xBF, 0x1B, 0xBF, 0x1B, 0xBF, 0x1B, 0xBF, 0x1B, 0xBF, 0x1B, 0xBF, 0x1B, 0xBF, 0x1B, 0xBF, 0x1B, 0xBF, 0x1B,
    0xBF, 0x1B, 0xBF, 0x1B, 0xBF, 0x1B, 0xBF, 0x1B, 0xBF, 0x1B, 0xBF, 0x1B, 0xBF, 0x1B, 0xBF, 0x1B, 0xBF, 0x1B, 0xBF, 0x1B, 0xBF, 0x1B, 0xBF, 0x1B,
    0xBF, 0x1B, 0xBF, 0x1B, 0xBF, 0x1B, 0xBF, 0x1B, 0xBF, 0x1B, 0xBF, 0x1B, 0xBF, 0x1B, 0xBF, 0x1B, 0xBF, 0x1B, 0xBF, 0x1B, 0xBF, 0x1B, 0xBF, 0x1B,
    0xBF, 0x1B, 0xBF, 0x1B, 0xBF, 0x1B, 0xBF, 0x1B, 0xBF, 0x1B, 0xBF, 0x1B, 0xBF, 0x1B, 0xBF, 0x1B, 0xBF, 0x1B, 0xBF, 0x1B, 0xBF, 0x1B, 0xBF, 0x1B,
    0xBF, 0x1B, 0xBF, 0x1B, 0xBF, 0x1B, 0xBF, 0x1B, 0xBF, 0x1B, 0xBF, 0x1B, 0xBF, 0x1B, 0xBF, 0x1B, 0xBF, 0x1B, 0xBF, 0x1B, 0xBF, 0x1B, 0xBF, 0x1B,
    0xBF, 0x1B, 0xBF, 0x1B, 0xBF, 0x1B, 0xBF, 0x1B, 0xBF, 0x1B, 0xBF, 0x1B, 0xBF, 0x1B, 0xBF, 0x1B, 0xBF, 0x1B, 0xBF, 0x1B, 0xBF, 0x1B, 0xBF, 0x1B,
    0xBF, 0x1B, 0xBF, 0x1B, 0xBF, 0x1B, 0xBF, 0x1B, 0xBF, 0x1B, 0xBF, 0x1B, 0xBF, 0x1B, 0xBF, 0x1B, 0xBF, 0x1B, 0xBF, 0x1B, 0xBF, 0x1B, 0xBF, 0x1B,
    0xBF, 0x1B, 0xBF, 0x1B, 0xBF, 0x1B, 0xBF, 0x1B, 0xBF, 0x1B, 0xBF, 0x1B, 0xBF, 0x1B, 0xBF, 0x1B, 0xBF, 0x1B, 0xBF, 0x1B, 0xBF, 0x1B, 0xBF, 0x1B,
    0xBF, 0x1B, 0xBF, 0x1B, 0xBF, 0x1B, 0xBF, 0x1B, 0xBF, 0x1B, 0xBF, 0x1B, 0xBF, 0x1B, 0xBF, 0x1B, 0xBF, 0x1B, 0xBF, 0x1B, 0xBF, 0x1B, 0xBF, 0x1B,
    0xBF, 0x1B, 0xBF, 0x1B, 0xBF, 0x1B, 0xBF, 0x1B, 0xBF, 0x1B, 0xBF, 0x1B, 0xBF, 0x1B, 0xBF, 0x1B, 0xBF, 0x1B, 0xBF, 0x1B, 0xBF, 0x1B, 0xBF, 0x1B,
    0xBF, 0x1B, 0xBF, 0x1B, 0xBF, 0x1B, 0xBF, 0x1B, 0xBF, 0x1B, 0xBF, 0x1B, 0xBF, 0x1B, 0xBF, 0x1B, 0xBF, 0x1B, 0xBF, 0x1B, 0xBF, 0x1B, 0xBF, 0x1B,
    0xBF, 0x1B, 0xBF, 0x1B, 0xBF, 0x1B, 0xBF, 0x1B, 0xBF, 0x1B, 0xBF, 0x1B, 0xBF, 0x1B, 0xBF, 0x1B, 0xBF, 0x1B, 0xBF, 0x1B, 0xBF, 0x1B, 0xBF, 0x1B,
    0xBF, 0x1B, 0xBF, 0x1B, 0xBF, 0x1B, 0xBF, 0x1B, 0xBF, 0x1B, 0xBF, 0x1B, 0xBF, 0x1B, 0xBF, 0x1B, 0xBF, 0x1B, 0xBF, 0x1B, 0xBF, 0x1B, 0xBF, 0x1B,
    0xBF, 0x1B, 0xBF, 0x1B, 0xBF, 0x1B, 0xBF, 0x1B, 0xBF, 0x1B, 0xBF, 0x1B, 0xBF, 0x1B, 0xBF, 0x1B, 0xBF, 0x1B, 0xBF, 0x1B, 0xBF, 0x1B, 0xBF, 0x1B,
    0xBF, 0x1B, 0xBF, 0x1B, 0xBF, 0x1B, 0xBF, 0x1B, 0xBF, 0x1B, 0xBF, 0x1B, 0xBF, 0x1B, 0xBF, 0x1B, 0xBF, 0x1B, 0xBF, 0x1B, 0xBF, 0x1B, 0xBF, 0x1B,
    0xBF, 0x1B, 0xBF, 0x1B, 0xBF, 0x1B, 0xBF, 0x1B, 0xBF, 0x1B, 0xBF, 0x1B, 0xBF, 0x1B, 0xBF, 0x1B, 0xBF, 0x1B, 0xBF, 0x1B, 0xBF, 0x1B, 0xBF, 0x1B,
    0xBF, 0x1B, 0xBF, 0x1B, 0xBF, 0x1B, 0xBF, 0x1B, 0xBF, 0x1B, 0xBF, 0x1B, 0xBF, 0x1B, 0xBF, 0x1B, 0xBF, 0x1B, 0xBF, 0x1B, 0xBF, 0x1B, 0xBF, 0x1B,
    0xBF, 0x1B, 0xBF, 0x1B, 0xBF, 0x1B, 0xBF, 0x1B, 0xBF, 0x1B, 0xBF, 0x1B, 0xBF, 0x1B, 0xBF, 0x1B, 0xBF, 0x1B, 0xBF, 0x1B, 0xBF, 0x1B, 0xBF, 0x1B,
    0xBF, 0x1B, 0xBF, 0x1B, 0xBF, 0x1B, 0xBF, 0x1B, 0xBF, 0x1B, 0xBF, 0x1B, 0xBF, 0x1B, 0xBF, 0x1B, 0xBF, 0x1B, 0xBF, 0x1B, 0xBF, 0x1B, 0xBF, 0x1B,
    0xBF, 0x1B, 0xBF, 0x1B, 0xBF, 0x1B, 0xBF, 0x1B, 0xBF, 0x1B, 0xBF, 0x1B, 0xBF, 0x1B, 0xBF, 0x1B, 0xBF, 0x1B, 0xBF, 0x1B, 0xBF, 0x1B, 0xBF, 0x1B,
    0xBF, 0x1B, 0xBF, 0x1B, 0xBF, 0x1B, 0xBF, 0x1B, 0xBF, 0x1B, 0xBF, 0x1B, 0xBF, 0x1B, 0xBF, 0x1B, 0xBF, 0x1B, 0xBF, 0x1B, 0xBF, 0x1B, 0xBF, 0x1B,
    0xBF, 0x1B, 0xBF, 0x1B, 0xBF, 0x1B, 0xBF, 0x1B, 0xBF, 0x1B, 0xBF, 0x1B, 0xBF, 0x1B, 0xBF, 0x1B, 0xBF, 0x1B, 0xBF, 0x1B, 0xBF, 0x1B, 0xBF, 0x1B,
    0xBF, 0x1B, 0xBF, 0x1B, 0xBF, 0x1B, 0xBF, 0x1B, 0xBF, 0x1B, 0xBF, 0x1B, 0xBF, 0x1B, 0xBF, 0x1B, 0xBF, 0x1B, 0xBF, 0x1B, 0xBF, 0x1B, 0xBF, 0x1B,
    0xBF, 0x1B, 0xBF, 0x1B, 0xBF, 0x1B, 0xBF, 0x1B, 0xBF, 0x1B, 0xBF, 0x1B, 0xBF, 0x1B, 0xBF, 0x1B, 0xBF, 0x1B, 0xBF, 0x1B, 0xBF, 0x1B, 0xBF, 0x1B,
    0xBF, 0x1B, 0xBF, 0x1B, 0xBF, 0x1B, 0xBF, 0x1B, 0xBF, 0x1B, 0xBF, 0x1B, 0xBF, 0x1B, 0xBF, 0x1B, 0xBF, 0x1B, 0xBF, 0x1B, 0xBF, 0x1B, 0xBF, 0x1B,
    0xBF, 0x1B, 0xBF, 0x1B, 0xBF, 0x1B, 0xBF, 0x1B, 0xBF, 0x1B, 0xBF, 0x1B, 0xBF, 0x1B, 0xBF, 0x1B, 0xBF, 0x1B, 0xBF, 0x1B, 0xBF, 0x1B, 0xBF, 0x1B,
    0xBF, 0x1B, 0xBF, 0x1B, 0xBF, 0x1B, 0xBF, 0x1B, 0xBF, 0x1B, 0xBF, 0x1B, 0xBF, 0x1B, 0xBF, 0x1B, 0xBF, 0x1B, 0xBF, 0x1B, 0xBF, 0x1B, 0xBF, 0x1B,
    0xBF, 0x1B, 0xBF, 0x1B, 0xBF, 0x1B, 0xBF, 0x1B, 0xBF, 0x1B, 0xBF, 0x1B, 0xBF, 0x1B, 0xBF, 0x1B, 0xBF, 0x1B, 0xBF, 0x1B, 0xBF, 0x1B, 0xBF, 0x1B,
    0xBF, 0x1B, 0xBF, 0x1B, 0xBF, 0x1B, 0xBF, 0x1B, 0xBF, 0x1B, 0xBF, 0x1B, 0xBF, 0x1B, 0xBF, 0x1B, 0xBF, 0x1B, 0xBF, 0x1B, 0xBF, 0x1B, 0xBF, 0x1B,
    0xBF, 0x1B, 0xBF, 0x1B, 0xBF, 0x1B, 0xBF, 0x1B, 0xBF, 0x1B, 0xBF, 0x1B, 0xBF, 0x1B, 0xBF, 0x1B, 0xBF, 0x1B, 0xBF, 0x1B, 0xBF, 0x1B, 0xBF, 0x1B,
    0xBF, 0x1B, 0xBF, 0x1B, 0xBF, 0x1B, 0xBF, 0x1B, 0xBF, 0x1B, 0xBF, 0x1B, 0xBF, 0x1B, 0xBF, 0x1B, 0xBF, 0x1B, 0xBF, 0x1B, 0xBF, 0x1B, 0xBF, 0x1B,
    0xBF, 0x1B, 0xBF, 0x1B, 0xBF, 0x1B, 0xBF, 0x1B, 0xBF, 0x1B, 0xBF, 0x1B, 0xBF, 0x1B, 0xBF, 0x1B, 0xBF, 0x1B, 0xBF, 0x1B, 0xBF, 0x1B, 0xBF, 0x1B,
    0xBF, 0x1B, 0xBF, 0x1B, 0xBF, 0x1B, 0xBF, 0x1B, 0xBF, 0x1B, 0xBF, 0x1B, 0xBF, 0x1B, 0xBF, 0x1B, 0xBF, 0x1B, 0xBF, 0x1B, 0xBF, 0x1B, 0xBF, 0x1B,
    0xBF, 0x1B, 0xBF, 0x1B, 0xBF, 0x1B, 0xBF, 0x1B, 0xBF, 0x1B, 0xBF, 0x1B, 0xBF, 0x1B, 0xBF, 0x1B, 0xBF, 0x1B, 0xBF, 0x1B, 0xBF, 0x1B, 0xBF, 0x1B,
    0xBF, 0x1B, 0xBF, 0x1B, 0xBF, 0x1B, 0xBF, 0x1B, 0xBF, 0x1B, 0xBF, 0x1B, 0xBF, 0x1B, 0xBF, 0x1B, 0xBF, 0x1B, 0xBF, 0x1B, 0xBF, 0x1B, 0xBF, 0x1B,
    0xBF, 0x1B, 0xBF, 0x1B, 0xBF, 0x1B, 0xBF, 0x1B, 0xBF, 0x1B, 0xBF, 0x1B, 0xBF, 0x1B, 0xBF, 0x1B, 0xBF, 0x1B, 0xBF, 0x1B, 0xBF, 0x1B, 0xBF, 0x1B,
    0xBF, 0x1B, 0xBF, 0x1B, 0xBF, 0x1B, 0xBF, 0x1B, 0xBF, 0x1B, 0xBF, 0x1B, 0xBF, 0x1B, 0xBF, 0x1B, 0xBF, 0x1B, 0xBF, 0x1B, 0xBF, 0x1B, 0xBF, 0x1B,
    0xBF, 0x1B, 0xBF, 0x1B, 0xBF, 0x1B, 0xBF, 0x1B, 0xBF, 0x1B, 0xBF, 0x1B, 0xBF, 0x1B, 0xBF, 0x1B, 0xBF, 0x1B, 0xBF, 0x1B, 0xBF, 0x1B, 0xBF, 0x1B,
    0xBF, 0x1B, 0xBF, 0x1B, 0xBF, 0x1B, 0xBF, 0x1B, 0xBF, 0x1B, 0xBF, 0x1B, 0xBF, 0x1B, 0xBF, 0x1B, 0xBF, 0x1B, 0xBF, 0x1B, 0xBF, 0x1B, 0xBF, 0x1B,
    0xBF, 0x1B, 0xBF, 0x1B, 0xBF, 0x1B, 0xBF, 0x1B, 0xBF, 0x1B, 0xBF, 0x1B, 0xBF, 0x1B, 0xBF, 0x1B, 0xBF, 0x1B, 0xBF, 0x1B, 0xBF, 0x1B, 0xBF, 0x1B,
    0xBF, 0x1B, 0xBF, 0x1B, 0xBF, 0x1B, 0xBF, 0x1B, 0xBF, 0x1B, 0xBF, 0x1B, 0xBF, 0x1B, 0xBF, 0x1B, 0xBF, 0x1B, 0xBF, 0x1B, 0xBF, 0x1B, 0xBF, 0x1B,
    0xBF, 0x1B, 0xBF, 0x1B, 0xBF, 0x1B, 0xBF, 0x1B, 0xBF, 0x1B, 0xBF, 0x1B, 0xBF, 0x1B, 0xBF, 0x1B, 0xBF, 0x1B, 0xBF, 0x1B, 0xBF, 0x1B, 0xBF, 0x1B,
    0xBF, 0x1B, 0xBF, 0x1B, 0xBF, 0x1B, 0xBF, 0x1B, 0xBF, 0x1B, 0xBF, 0x1B, 0xBF, 0x1B, 0xBF, 0x1B, 0xBF, 0x1B, 0xBF, 0x1B, 0xBF, 0x1B, 0xBF, 0x1B,
    0xBF, 0x1B, 0xBF, 0x1B, 0xBF, 0x1B, 0xBF, 0x1B, 0xBF, 0x1B, 0xBF, 0x1B, 0xBF, 0x1B, 0xBF, 0x1B, 0xBF, 0x1B, 0xBF, 0x1B, 0xBF, 0x1B, 0xBF, 0x1B,
    0xBF, 0x1B, 0xBF, 0x1B, 0xBF, 0x1B, 0xBF, 0x1B, 0xBF, 0x1B, 0xBF, 0x1B, 0xBF, 0x1B, 0xBF, 0x1B, 0xBF, 0x1B, 0xBF, 0x1B, 0xBF, 0x1B, 0xBF, 0x1B,
    0xBF, 0x1B, 0xBF, 0x1B, 0xBF, 0x1B, 0xBF, 0x1B, 0xBF, 0x1B, 0xBF, 0x1B, 0xBF, 0x1B, 0xBF, 0x1B, 0xBF, 0x1B, 0xBF, 0x1B, 0xBF, 0x1B, 0xBF, 0x1B,
    0xBF, 0x1B, 0xBF, 0x1B, 0xBF, 0x1B, 0xBF, 0x1B, 0xBF, 0x1B, 0xBF, 0x1B, 0xBF, 0x1B, 0xBF, 0x1B, 0xBF, 0x1B, 0xBF, 0x1B, 0xBF, 0x1B, 0xBF, 0x1B,
    0xBF, 0x1B, 0xBF, 0x1B, 0xBF, 0x1B, 0xBF, 0x1B, 0xBF, 0x1B, 0xBF, 0x1B, 0xBF, 0x1B, 0xBF, 0x1B, 0xBF, 0x1B, 0xBF, 0x1B, 0xBF, 0x1B, 0xBF, 0x1B,
    0xBF, 0x1B, 0xBF, 0x1B, 0xBF, 0x1B, 0xBF, 0x1B, 0xBF, 0x1B, 0xBF, 0x1B, 0xBF, 0x1B, 0xBF, 0x1B, 0xBF, 0x1B, 0xBF, 0x1B, 0xBF, 0x1B, 0xBF, 0x1B,
    0xBF, 0x1B, 0xBF, 0x1B, 0xBF, 0x1B, 0xBF, 0x1B, 0xBF, 0x1B, 0xBF, 0x1B, 0xBF, 0x1B, 0xBF, 0x1B, 0xBF, 0x1B, 0xBF, 0x1B, 0xBF, 0x1B, 0xBF, 0x1B,
    0xBF, 0x1B, 0xBF, 0x1B, 0xBF, 0x1B, 0xBF, 0x1B, 0xBF, 0x1B, 0xBF, 0x1B, 0xBF, 0x1B, 0xBF, 0x1B, 0xBF, 0x1B, 0xBF, 0x1B, 0xBF, 0x1B, 0xBF, 0x1B,
    0xBF, 0x1B, 0xBF, 0x1B, 0xBF, 0x1B, 0xBF, 0x1B, 0xBF, 0x1B, 0xBF, 0x1B, 0xBF, 0x1B, 0xBF, 0x1B, 0xBF, 0x1B, 0xBF, 0x1B, 0xBF, 0x1B, 0xBF, 0x1B,
    0xBF, 0x1B, 0xBF, 0x1B, 0xBF, 0x1B, 0xBF, 0x1B, 0xBF, 0x1B, 0xBF, 0x1B, 0xBF, 0x1B, 0xBF, 0x1B, 0xBF, 0x1B, 0xBF, 0x1B, 0xBF, 0x1B, 0xBF, 0x1B,
    0xBF, 0x1B, 0xBF, 0x1B, 0xBF, 0x1B, 0xBF, 0x1B, 0xBF, 0x1B, 0xBF, 0x1B, 0xBF, 0x1B, 0xBF, 0x1B, 0xBF, 0x1B, 0xBF, 0x1B, 0xBF, 0x1B, 0xBF, 0x1B,
    0xBF, 0x1B, 0xBF, 0x1B, 0xBF, 0x1B, 0xBF, 0x1B, 0xBF, 0x1B, 0xBF, 0x1B, 0xBF, 0x1B, 0xBF, 0x1B, 0xBF, 0x1B, 0xBF, 0x1B, 0xBF, 0x1B, 0xBF, 0x1B,
    0xBF, 0x1B, 0xBF, 0x1B, 0xBF, 0x1B, 0xBF, 0x1B, 0xBF, 0x1B, 0xBF, 0x1B, 0xBF, 0x1B, 0xBF, 0x1B, 0xBF, 0x1B, 0xBF, 0x1B, 0xBF, 0x1B, 0xBF, 0x1B,
    0xBF, 0x1B, 0xBF, 0x1B, 0xBF, 0x1B, 0xBF, 0x1B, 0xBF, 0x1B, 0xBF, 0x1B, 0xBF, 0x1B, 0xBF, 0x1B, 0xBF, 0x1B, 0xBF, 0x1B, 0xBF, 0x1B, 0xBF, 0x1B,
    0xBF, 0x1B, 0xBF, 0x1B, 0xBF, 0x1B, 0xBF, 0x1B, 0xBF, 0x1B, 0xBF, 0x1B, 0xBF, 0x1B, 0xBF, 0x1B, 0xBF, 0x1B, 0xBF, 0x1B, 0xBF, 0x1B, 0xBF, 0x1B,
    0xBF, 0x1B, 0xBF, 0x1B, 0xBF, 0x1B, 0xBF, 0x1B, 0xBF, 0x1B, 0xBF, 0x1B, 0xBF, 0x1B, 0xBF, 0x1B, 0xBF, 0x1B, 0xBF, 0x1B, 0xBF, 0x1B, 0xBF, 0x1B,
    0xBF, 0x1B, 0xBF, 0x1B, 0xBF, 0x1B, 0xBF, 0x1B, 0xBF, 0x1B, 0xBF, 0x1B, 0xBF, 0x1B, 0xBF, 0x1B, 0xBF, 0x1B, 0xBF, 0x1B, 0xBE, 0xFB, 0xBF, 0x1B,
    0xBE, 0xFB, 0xBF, 0x1B, 0xBF, 0x1B, 0xBF, 0x1B, 0xBF, 0x1B, 0xBF, 0x1B, 0xBF, 0x1B, 0xBF, 0x1B, 0xBF, 0x1B, 0xBF, 0x1B, 0xBF, 0x1B, 0xBF, 0x1B,
    0xBF, 0x1B, 0xBF, 0x1B, 0xBF, 0x1B, 0xBF, 0x1B, 0xBF, 0x1B, 0xBF, 0x1B, 0xBF, 0x1B, 0xBF, 0x1B, 0xBF, 0x1B, 0xBF, 0x1B, 0xBF, 0x1B, 0xBF, 0x1B,
    0xBF, 0x1B, 0xBF, 0x1B, 0xBF, 0x1B, 0xBF, 0x1B, 0xBF, 0x1B, 0xBF, 0x1B, 0xBF, 0x1B, 0xBF, 0x1B, 0xBF, 0x1B, 0xBF, 0x1B, 0xBF, 0x1B, 0xBF, 0x1B,
    0xBF, 0x1B, 0xBF, 0x1B, 0xBF, 0x1B, 0xBF, 0x1B, 0xBF, 0x1B, 0xBF, 0x1B, 0xBF, 0x1B, 0xBF, 0x1B, 0xBF, 0x1B, 0xBF, 0x1B, 0xBF, 0x1B, 0xBF, 0x1B,
    0xBF, 0x1B, 0xBF, 0x1B, 0xBF, 0x1B, 0xBF, 0x1B, 0xBF, 0x1B, 0xBF, 0x1B, 0xBF, 0x1B, 0xBF, 0x1B, 0xBF, 0x1B, 0xBF, 0x1B, 0xBF, 0x1B, 0xBF, 0x1B,
    0xBF, 0x1B, 0xBF, 0x1B, 0xBF, 0x1B, 0xBF, 0x1B, 0xBF, 0x1B, 0xBF, 0x1B, 0xBF, 0x1B, 0xBF, 0x1B, 0xBF, 0x1B, 0xBF, 0x1B, 0xBF, 0x1B, 0xBF, 0x1B,
    0xBF, 0x1B, 0xBF, 0x1B, 0xBF, 0x1B, 0xBF, 0x1B, 0xBF, 0x1B, 0xBF, 0x1B, 0xBF, 0x1B, 0xBF, 0x1B, 0xBF, 0x1B, 0xBF, 0x1B, 0xBF, 0x1B, 0xBF, 0x1B,
    0xBF, 0x1B, 0xBF, 0x1B, 0xBF, 0x1B, 0xBF, 0x1B, 0xBF, 0x1B, 0xBF, 0x1B, 0xBF, 0x1B, 0xBF, 0x1B, 0xBF, 0x1B, 0xBF, 0x1B, 0xBF, 0x1B, 0xBF, 0x1B,
    0xBF, 0x1B, 0xBF, 0x1B, 0xBF, 0x1B, 0xBF, 0x1B, 0xBF, 0x1B, 0xBF, 0x1B, 0xBF, 0x1B, 0xBF, 0x1B, 0xBF, 0x1B, 0xBF, 0x1B, 0xBF, 0x1B, 0xBF, 0x1B,
    0xBF, 0x1B, 0xBF, 0x1B, 0xBF, 0x1B, 0xBF, 0x1B, 0xBF, 0x1B, 0xBF, 0x1B, 0xBF, 0x1B, 0xBF, 0x1B, 0xBF, 0x1B, 0xBF, 0x1B, 0xBF, 0x1B, 0xBF, 0x1B,
    0xBF, 0x1B, 0xBF, 0x1B, 0xBF, 0x1B, 0xBF, 0x1B, 0xBF, 0x1B, 0xBF, 0x1B, 0xBF, 0x1B, 0xBF, 0x1B, 0xBF, 0x1B, 0xBF, 0x1B, 0xBF, 0x1B, 0xBF, 0x1B,
    0xBF, 0x1B, 0xBF, 0x1B, 0xBF, 0x1B, 0xBF, 0x1B, 0xBF, 0x1B, 0xBF, 0x1B, 0xBF, 0x1B, 0xBF, 0x1B, 0xBF, 0x1B, 0xBF, 0x1B, 0xBF, 0x1B, 0xBF, 0x1B,
    0xBF, 0x1B, 0xBF, 0x1B, 0xBF, 0x1B, 0xBF, 0x1B, 0xBF, 0x1B, 0xBF, 0x1B, 0xBF, 0x1B, 0xBF, 0x1B, 0xBF, 0x1B, 0xBF, 0x1B, 0xBF, 0x1B, 0xBF, 0x1B,
    0xBF, 0x1B, 0xBF, 0x1B, 0xBF, 0x1B, 0xBF, 0x1B, 0xBF, 0x1B, 0xBF, 0x1B, 0xBF, 0x1B, 0xBF, 0x1B, 0xBF, 0x1B, 0xBF, 0x1B, 0xBF, 0x1B, 0xBF, 0x1B,
    0xBF, 0x1B, 0xBF, 0x1B, 0xBF, 0x1B, 0xBF, 0x1B, 0xBF, 0x1B, 0xBF, 0x1B, 0xBF, 0x1B, 0xBF, 0x1B, 0xBF, 0x1B, 0xBF, 0x1B, 0xBF, 0x1B, 0xBF, 0x1B,
    0xBF, 0x1B, 0xBF, 0x1B, 0xBF, 0x1B, 0xBF, 0x1B, 0xBF, 0x1B, 0xBF, 0x1B, 0xBF, 0x1B, 0xBF, 0x1B, 0xBF, 0x1B, 0xBF, 0x1B, 0xBF, 0x1B, 0xBF, 0x1B,
    0xBF, 0x1B, 0xBF, 0x1B, 0xBF, 0x1B, 0xBF, 0x1B, 0xBF, 0x1B, 0xBF, 0x1B, 0xBF, 0x1B, 0xBF, 0x1B, 0xBF, 0x1B, 0xBF, 0x1B, 0xBF, 0x1B, 0xBF, 0x1B,
    0xBF, 0x1B, 0xBF, 0x1B, 0xBF, 0x1B, 0xBF, 0x1B, 0xBF, 0x1B, 0xBF, 0x1B, 0xBF, 0x1B, 0xBF, 0x1B, 0xBF, 0x1B, 0xBF, 0x1B, 0xBF, 0x1B, 0xBF, 0x1B,
    0xBF, 0x1B, 0xBF, 0x1B, 0xBF, 0x1B, 0xBF, 0x1B, 0xBF, 0x1B, 0xBF, 0x1B, 0xBF, 0x1B, 0xBF, 0x1B, 0xBF, 0x1B, 0xBF, 0x1B, 0xBF, 0x1B, 0xBF, 0x1B,
    0xBF, 0x1B, 0xBF, 0x1B, 0xBF, 0x1B, 0xBF, 0x1B, 0xBF, 0x1B, 0xBF, 0x1B, 0xBF, 0x1B, 0xBF, 0x1B, 0xBF, 0x1B, 0xBF, 0x1B, 0xBF, 0x1B, 0xBF, 0x1B,
    0xBF, 0x1B, 0xBF, 0x1B, 0xBF, 0x1B, 0xBF, 0x1B, 0xBF, 0x1B, 0xBF, 0x1B, 0xBF, 0x1B, 0xBF, 0x1B, 0xBF, 0x1B, 0xBF, 0x1B, 0xBF, 0x1B, 0xBF, 0x1B,
    0xBF, 0x1B, 0xBF, 0x1B, 0xBF, 0x1B, 0xBF, 0x1B, 0xBF, 0x1B, 0xBF, 0x1B, 0xBF, 0x1B, 0xBF, 0x1B, 0xBF, 0x1B, 0xBF, 0x1B, 0xBF, 0x1B, 0xBF, 0x1B,
    0xBF, 0x1B, 0xBF, 0x1B, 0xBF, 0x1B, 0xBF, 0x1B, 0xBF, 0x1B, 0xBF, 0x1B, 0xBF, 0x1B, 0xBF, 0x1B, 0xBF, 0x1B, 0xBF, 0x1B, 0xBF, 0x1B, 0xBF, 0x1B,
    0xBF, 0x1B, 0xBF, 0x1B, 0xBF, 0x1B, 0xBF, 0x1B, 0xBF, 0x1B, 0xBF, 0x1B, 0xBF, 0x1B, 0xBF, 0x1B, 0xBF, 0x1B, 0xBF, 0x1B, 0xBF, 0x1B, 0xBF, 0x1B,
    0xBF, 0x1B, 0xBF, 0x1B, 0xBF, 0x1B, 0xBF, 0x1B, 0xBF, 0x1B, 0xBF, 0x1B, 0xBF, 0x1B, 0xBF, 0x1B, 0xBF, 0x1B, 0xBF, 0x1B, 0xBF, 0x1B, 0xBF, 0x1B,
    0xBF, 0x1B, 0xBF, 0x1B, 0xBF, 0x1B, 0xBF, 0x1B, 0xBF, 0x1B, 0xBF, 0x1B, 0xBF, 0x1B, 0xBF, 0x1B, 0xBF, 0x1B, 0xBF, 0x1B, 0xBF, 0x1B, 0xBF, 0x1B,
    0xBF, 0x1B, 0xBF, 0x1B, 0xBF, 0x1B, 0xBF, 0x1B, 0xBF, 0x1B, 0xBF, 0x1B, 0xBF, 0x1B, 0xBF, 0x1B, 0xBF, 0x1B, 0xBF, 0x1B, 0xBF, 0x1B, 0xBF, 0x1B,
    0xBF, 0x1B, 0xBF, 0x1B, 0xBF, 0x1B, 0xBF, 0x1B, 0xBF, 0x1B, 0xBF, 0x1B, 0xBF, 0x1B, 0xBF, 0x1B, 0xBF, 0x1B, 0xBF, 0x1B, 0xBF, 0x1B, 0xBF, 0x1B,
    0xBF, 0x1B, 0xBF, 0x1B, 0xBF, 0x1B, 0xBF, 0x1B, 0xBF, 0x1B, 0xBF, 0x1B, 0xBF, 0x1B, 0xBF, 0x1B, 0xBF, 0x1B, 0xBF, 0x1B, 0xBF, 0x1B, 0xBF, 0x1B,
    0xBF, 0x1B, 0xBF, 0x1B, 0xBF, 0x1B, 0xBF, 0x1B, 0xBF, 0x1B, 0xBF, 0x1B, 0xBF, 0x1B, 0xBF, 0x1B, 0xBF, 0x1B, 0xBF, 0x1B, 0xBF, 0x1B, 0xBF, 0x1B,
    0xBF, 0x1B, 0xBF, 0x1B, 0xBF, 0x1B, 0xBF, 0x1B, 0xBF, 0x1B, 0xBF, 0x1B, 0xBF, 0x1B, 0xBF, 0x1B, 0xBF, 0x1B, 0xBF, 0x1B, 0xBF, 0x1B, 0xBF, 0x1B,
    0xBF, 0x1B, 0xBF, 0x1B, 0xBF, 0x1B, 0xBF, 0x1B, 0xBF, 0x1B, 0xBF, 0x1B, 0xBF, 0x1B, 0xBF, 0x1B, 0xBF, 0x1B, 0xBF, 0x1B, 0xBF, 0x1B, 0xBF, 0x1B,
    0xBF, 0x1B, 0xBF, 0x1B, 0xBF, 0x1B, 0xBF, 0x1B, 0xBF, 0x1B, 0xBF, 0x1B, 0xBF, 0x1B, 0xBF, 0x1B, 0xBF, 0x1B, 0xBF, 0x1B, 0xBF, 0x1B, 0xBF, 0x1B,
    0xBF, 0x1B, 0xBF, 0x1B, 0xBF, 0x1B, 0xBF, 0x1B, 0xBF, 0x1B, 0xBF, 0x1B, 0xBF, 0x1B, 0xBF, 0x1B, 0xBF, 0x1B, 0xBF, 0x1B, 0xBF, 0x1B, 0xBF, 0x1B,
    0xBF, 0x1B, 0xBF, 0x1B, 0xBF, 0x1B, 0xBF, 0x1B, 0xBF, 0x1B, 0xBF, 0x1B, 0xBF, 0x1B, 0xBF, 0x1B, 0xBF, 0x1B, 0xBF, 0x1B, 0xBF, 0x1B, 0xBF, 0x1B,
    0xBF, 0x1B, 0xBF, 0x1B, 0xBF, 0x1B, 0xBF, 0x1B, 0xBF, 0x1B, 0xBF, 0x1B, 0xBF, 0x1B, 0xBF, 0x1B, 0xBF, 0x1B, 0xBF, 0x1B, 0xBF, 0x1B, 0xBF, 0x1B,
    0xBF, 0x1B, 0xBF, 0x1B, 0xBF, 0x1B, 0xBF, 0x1B, 0xBF, 0x1B, 0xBF, 0x1B, 0xBF, 0x1B, 0xBF, 0x1B, 0xBF, 0x1B, 0xBF, 0x1B, 0xBF, 0x1B, 0xBF, 0x1B,
    0xBF, 0x1B, 0xBF, 0x1B, 0xBF, 0x1B, 0xBF, 0x1B, 0xBF, 0x1B, 0xBF, 0x1B, 0xBF, 0x1B, 0xBF, 0x1B, 0xBF, 0x1B, 0xBF, 0x1B, 0xBF, 0x1B, 0xBF, 0x1B,
    0xC7, 0x1B, 0xC7, 0x1B, 0xC7, 0x1B, 0xC7, 0x1B, 0xC7, 0x1B, 0xC7, 0x1B, 0xC7, 0x1B, 0xC7, 0x1B, 0xC7, 0x1B, 0xC7, 0x1B, 0xC7, 0x1B, 0xC7, 0x1B,
    0xC7, 0x1B, 0xC7, 0x1B, 0xC7, 0x1B, 0xC7, 0x1B, 0xC7, 0x1B, 0xC7, 0x1B, 0xC7, 0x1B, 0xC7, 0x1B, 0xC7, 0x1B, 0xC7, 0x1B, 0xD7, 0x5C, 0xBF, 0x1D,
    0xD7, 0x5C, 0xC7, 0x1B, 0xC7, 0x1B, 0xC7, 0x1B, 0xC7, 0x1B, 0xC7, 0x1B, 0xC7, 0x1B, 0xC7, 0x1B, 0xC7, 0x1B, 0xC7, 0x1B, 0xC7, 0x1B, 0xC7, 0x1B,
    0xC7, 0x1B, 0xC7, 0x1B, 0xC7, 0x1B, 0xC7, 0x1B, 0xC7, 0x1B, 0xC7, 0x1B, 0xC7, 0x1B, 0xC7, 0x1B, 0xC7, 0x1B, 0xC7, 0x1B, 0xC7, 0x1B, 0xC7, 0x1B,
    0xC7, 0x1B, 0xC7, 0x1B, 0xC7, 0x1B, 0xC7, 0x1B, 0xC7, 0x1B, 0xC7, 0x1B, 0xC7, 0x1B, 0xC7, 0x1B, 0xC7, 0x1B, 0xC7, 0x1B, 0xC7, 0x1B, 0xC7, 0x1B,
    0xC7, 0x1B, 0xC7, 0x1B, 0xC7, 0x1B, 0xC7, 0x1B, 0xC7, 0x1B, 0xC7, 0x1B, 0xC7, 0x1B, 0xC7, 0x1B, 0xC7, 0x1B, 0xC7, 0x1B, 0xC7, 0x1B, 0xC7, 0x1B,
    0xC7, 0x1B, 0xC7, 0x1B, 0xC7, 0x1B, 0xC7, 0x1B, 0xC7, 0x1B, 0xC7, 0x1B, 0xC7, 0x1B, 0xC7, 0x1B, 0xC7, 0x1B, 0xC7, 0x1B, 0xC7, 0x1B, 0xC7, 0x1B,
    0xC7, 0x1B, 0xC7, 0x1B, 0xC7, 0x1B, 0xC7, 0x1B, 0xC7, 0x1B, 0xC7, 0x1B, 0xC7, 0x1B, 0xC7, 0x1B, 0xC7, 0x1B, 0xC7, 0x1B, 0xC7, 0x1B, 0xC7, 0x1B,
    0xC7, 0x1B, 0xC7, 0x1B, 0xC7, 0x1B, 0xC7, 0x1B, 0xC7, 0x1B, 0xC7, 0x1B, 0xC7, 0x1B, 0xC7, 0x1B, 0xC7, 0x1B, 0xC7, 0x1B, 0xC7, 0x1B, 0xC7, 0x1B,
    0xC7, 0x1B, 0xC7, 0x1B, 0xC7, 0x1B, 0xC7, 0x1B, 0xC7, 0x1B, 0xC7, 0x1B, 0xC7, 0x1B, 0xC7, 0x1B, 0xC7, 0x1B, 0xC7, 0x1B, 0xC7, 0x1B, 0xC7, 0x1B,
    0xC7, 0x1B, 0xC7, 0x1B, 0xC7, 0x1B, 0xC7, 0x1B, 0xC7, 0x1B, 0xC7, 0x1B, 0xC7, 0x1B, 0xC7, 0x1B, 0xC7, 0x1B, 0xC7, 0x1B, 0xC7, 0x1B, 0xC7, 0x1B,
    0xC7, 0x1B, 0xC7, 0x1B, 0xC7, 0x1B, 0xC7, 0x1B, 0xC7, 0x1B, 0xC7, 0x1B, 0xC7, 0x1B, 0xC7, 0x1B, 0xC7, 0x1B, 0xC7, 0x1B, 0xC7, 0x1B, 0xC7, 0x1B,
    0xC7, 0x1B, 0xC7, 0x1B, 0xC7, 0x1B, 0xC7, 0x1B, 0xC7, 0x1B, 0xC7, 0x1B, 0xC7, 0x1B, 0xC7, 0x1B, 0xC7, 0x1B, 0xC7, 0x1B, 0xC7, 0x1B, 0xC7, 0x1B,
    0xC7, 0x1B, 0xC7, 0x1B, 0xC7, 0x1B, 0xC7, 0x1B, 0xC7, 0x1B, 0xC7, 0x1B, 0xC7, 0x1B, 0xC7, 0x1B, 0xC7, 0x1B, 0xC7, 0x1B, 0xC7, 0x1B, 0xC7, 0x1B,
    0xC7, 0x1B, 0xC7, 0x1B, 0xC7, 0x1B, 0xC7, 0x1B, 0xC7, 0x1B, 0xC7, 0x1B, 0xC7, 0x1B, 0xC7, 0x1B, 0xC7, 0x1B, 0xC7, 0x1B, 0xC7, 0x1B, 0xC7, 0x1B,
    0xC7, 0x1B, 0xC7, 0x1B, 0xC7, 0x1B, 0xC7, 0x1B, 0xC7, 0x1B, 0xC7, 0x1B, 0xC7, 0x1B, 0xC7, 0x1B, 0xC7, 0x1B, 0xC7, 0x1B, 0xC7, 0x1B, 0xC7, 0x1B,
    0xC7, 0x1B, 0xC7, 0x1B, 0xC7, 0x1B, 0xC7, 0x1B, 0xC7, 0x1B, 0xC7, 0x1B, 0xC7, 0x1B, 0xC7, 0x1B, 0xC7, 0x1B, 0xC7, 0x1B, 0xC7, 0x1B, 0xC7, 0x1B,
    0xC7, 0x1B, 0xC7, 0x1B, 0xC7, 0x1B, 0xC7, 0x1B, 0xC7, 0x1B, 0xC7, 0x1B, 0xC7, 0x1B, 0xC7, 0x1B, 0xC7, 0x1B, 0xC7, 0x1B, 0xC7, 0x1B, 0xC7, 0x1B,
    0xC7, 0x1B, 0xC7, 0x1B, 0xC7, 0x1B, 0xC7, 0x1B, 0xC7, 0x1B, 0xC7, 0x1B, 0xC7, 0x1B, 0xC7, 0x1B, 0xC7, 0x1B, 0xC7, 0x1B, 0xC7, 0x1B, 0xC7, 0x1B,
    0xC7, 0x1B, 0xC7, 0x1B, 0xC7, 0x1B, 0xC7, 0x1B, 0xC7, 0x1B, 0xC7, 0x1B, 0xC7, 0x1B, 0xC7, 0x1B, 0xC7, 0x1B, 0xC7, 0x1B, 0xC7, 0x1B, 0xC7, 0x1B,
    0xC7, 0x1B, 0xC7, 0x1B, 0xC7, 0x1B, 0xC7, 0x1B, 0xC7, 0x1B, 0xC7, 0x1B, 0xC7, 0x1B, 0xC7, 0x1B, 0xC7, 0x1B, 0xC7, 0x1B, 0xC7, 0x1B, 0xC7, 0x1B,
    0xC7, 0x1B, 0xC7, 0x1B, 0xC7, 0x1B, 0xC7, 0x1B, 0xC7, 0x1B, 0xC7, 0x1B, 0xC7, 0x1B, 0xC7, 0x1B, 0xC7, 0x1B, 0xC7, 0x1B, 0xDF, 0x7D, 0x95, 0xF8,
    0xDF, 0x7D, 0xC7, 0x1B, 0xC7, 0x1B, 0xC7, 0x1B, 0xC7, 0x1B, 0xC7, 0x1B, 0xC7, 0x1B, 0xC7, 0x1B, 0xC7, 0x1B, 0xC7, 0x1B, 0xC7, 0x1B, 0xC7, 0x1B,
    0xC7, 0x1B, 0xC7, 0x1B, 0xC7, 0x1B, 0xC7, 0x1B, 0xC7, 0x1B, 0xC7, 0x1B, 0xC7, 0x1B, 0xC7, 0x1B, 0xC7, 0x1B, 0xC7, 0x1B, 0xC7, 0x1B, 0xC7, 0x1B,
    0xC7, 0x1B, 0xC7, 0x1B, 0xC7, 0x1B, 0xC7, 0x1B, 0xC7, 0x1B, 0xC7, 0x1B, 0xC7, 0x1B, 0xC7, 0x1B, 0xC7, 0x1B, 0xC7, 0x1B, 0xC7, 0x1B, 0xC7, 0x1B,
    0xC7, 0x1B, 0xC7, 0x1B, 0xC7, 0x1B, 0xC7, 0x1B, 0xC7, 0x1B, 0xC7, 0x1B, 0xC7, 0x1B, 0xC7, 0x1B, 0xC7, 0x1B, 0xC7, 0x1B, 0xC7, 0x1B, 0xC7, 0x1B,
    0xC7, 0x1B, 0xC7, 0x1B, 0xC7, 0x1B, 0xC7, 0x1B, 0xC7, 0x1B, 0xC7, 0x1B, 0xC7, 0x1B, 0xC7, 0x1B, 0xC7, 0x1B, 0xC7, 0x1B, 0xC7, 0x1B, 0xC7, 0x1B,
    0xC7, 0x1B, 0xC7, 0x1B, 0xC7, 0x1B, 0xC7, 0x1B, 0xC7, 0x1B, 0xC7, 0x1B, 0xC7, 0x1B, 0xC7, 0x1B, 0xC7, 0x1B, 0xC7, 0x1B, 0xC7, 0x1B, 0xC7, 0x1B,
    0xC7, 0x1B, 0xC7, 0x1B, 0xC7, 0x1B, 0xC7, 0x1B, 0xC7, 0x1B, 0xC7, 0x1B, 0xC7, 0x1B, 0xC7, 0x1B, 0xC7, 0x1B, 0xC7, 0x1B, 0xC7, 0x1B, 0xC7, 0x1B,
    0xC7, 0x1B, 0xC7, 0x1B, 0xC7, 0x1B, 0xC7, 0x1B, 0xC7, 0x1B, 0xC7, 0x1B, 0xC7, 0x1B, 0xC7, 0x1B, 0xC7, 0x1B, 0xC7, 0x1B, 0xC7, 0x1B, 0xC7, 0x1B,
    0xC7, 0x1B, 0xC7, 0x1B, 0xC7, 0x1B, 0xC7, 0x1B, 0xC7, 0x1B, 0xC7, 0x1B, 0xC7, 0x1B, 0xC7, 0x1B, 0xC7, 0x1B, 0xC7, 0x1B, 0xC7, 0x1B, 0xC7, 0x1B,
    0xC7, 0x1B, 0xC7, 0x1B, 0xC7, 0x1B, 0xC7, 0x1B, 0xC7, 0x1B, 0xC7, 0x1B, 0xC7, 0x1B, 0xC7, 0x1B, 0xC7, 0x1B, 0xC7, 0x1B, 0xC7, 0x1B, 0xC7, 0x1B,
    0xC7, 0x1B, 0xC7, 0x1B, 0xC7, 0x1B, 0xC7, 0x1B, 0xC7, 0x1B, 0xC7, 0x1B, 0xC7, 0x1B, 0xC7, 0x1B, 0xC7, 0x1B, 0xC7, 0x1B, 0xC7, 0x1B, 0xC7, 0x1B,
    0xC7, 0x1B, 0xC7, 0x1B, 0xC7, 0x1B, 0xC7, 0x1B, 0xC7, 0x1B, 0xC7, 0x1B, 0xC7, 0x1B, 0xC7, 0x1B, 0xC7, 0x1B, 0xC7, 0x1B, 0xC7, 0x1B, 0xC7, 0x1B,
    0xC7, 0x1B, 0xC7, 0x1B, 0xC7, 0x1B, 0xC7, 0x1B, 0xC7, 0x1B, 0xC7, 0x1B, 0xC7, 0x1B, 0xC7, 0x1B, 0xC7, 0x1B, 0xC7, 0x1B, 0xC7, 0x1B, 0xC7, 0x1B,
    0xC7, 0x1B, 0xC7, 0x1B, 0xC7, 0x1B, 0xC7, 0x1B, 0xC7, 0x1B, 0xC7, 0x1B, 0xC7, 0x1B, 0xC7, 0x1B, 0xC7, 0x1B, 0xC7, 0x1B, 0xC7, 0x1B, 0xC7, 0x1B,
    0xC7, 0x1B, 0xC7, 0x1B, 0xC7, 0x1B, 0xC7, 0x1B, 0xC7, 0x1B, 0xC7, 0x1B, 0xC7, 0x1B, 0xC7, 0x1B, 0xC7, 0x1B, 0xC7, 0x1B, 0xC7, 0x1B, 0xC7, 0x1B,
    0xC7, 0x1B, 0xC7, 0x1B, 0xC7, 0x1B, 0xC7, 0x1B, 0xC7, 0x1B, 0xC7, 0x1B, 0xC7, 0x1B, 0xC7, 0x1B, 0xC7, 0x1B, 0xC7, 0x1B, 0xC7, 0x1B, 0xC7, 0x1B,
    0xC7, 0x1B, 0xC7, 0x1B, 0xC7, 0x1B, 0xC7, 0x1B, 0xC7, 0x1B, 0xC7, 0x1B, 0xC7, 0x1B, 0xC7, 0x1B, 0xC7, 0x1B, 0xC7, 0x1B, 0xC7, 0x1B, 0xC7, 0x1B,
    0xC7, 0x1B, 0xC7, 0x1B, 0xC7, 0x1B, 0xC7, 0x1B, 0xC7, 0x1B, 0xC7, 0x1B, 0xC7, 0x1B, 0xC7, 0x1B, 0xC7, 0x1B, 0xC7, 0x1B, 0xC7, 0x1B, 0xC7, 0x1B,
    0xC7, 0x1B, 0xC7, 0x1B, 0xC7, 0x1B, 0xC7, 0x1B, 0xC7, 0x1B, 0xC7, 0x1B, 0xC7, 0x1B, 0xC7, 0x1B, 0xC7, 0x1B, 0xC7, 0x1B, 0xC7, 0x1B, 0xC7, 0x1B,
    0xC7, 0x1B, 0xC7, 0x1B, 0xC7, 0x1B, 0xC7, 0x1B, 0xC7, 0x1B, 0xC7, 0x1B, 0xC7, 0x1B, 0xC7, 0x1B, 0xC7, 0x1B, 0xC7, 0x1B, 0xDF, 0x7D, 0x8D, 0xD8,
    0xDF, 0x7D, 0xC7, 0x1B, 0xC7, 0x1B, 0xC7, 0x1B, 0xC7, 0x1B, 0xC7, 0x1B, 0xC7, 0x1B, 0xC7, 0x1B, 0xC7, 0x1B, 0xC7, 0x1B, 0xC7, 0x1B, 0xC7, 0x1B,
    0xC7, 0x1B, 0xC7, 0x1B, 0xC7, 0x1B, 0xC7, 0x1B, 0xC7, 0x1B, 0xC7, 0x1B, 0xC7, 0x1B, 0xC7, 0x1B, 0xC7, 0x1B, 0xC7, 0x1B, 0xC7, 0x1B, 0xC7, 0x1B,
    0xC7, 0x1B, 0xC7, 0x1B, 0xC7, 0x1B, 0xC7, 0x1B, 0xC7, 0x1B, 0xC7, 0x1B, 0xC7, 0x1B, 0xC7, 0x1B, 0xC7, 0x1B, 0xC7, 0x1B, 0xC7, 0x1B, 0xC7, 0x1B,
    0xC7, 0x1B, 0xC7, 0x1B, 0xC7, 0x1B, 0xC7, 0x1B, 0xC7, 0x1B, 0xC7, 0x1B, 0xC7, 0x1B, 0xC7, 0x1B, 0xC7, 0x1B, 0xC7, 0x1B, 0xC7, 0x1B, 0xC7, 0x1B,
    0xC7, 0x1B, 0xC7, 0x1B, 0xC7, 0x1B, 0xC7, 0x1B, 0xC7, 0x1B, 0xC7, 0x1B, 0xC7, 0x1B, 0xC7, 0x1B, 0xC7, 0x1B, 0xC7, 0x1B, 0xC7, 0x1B, 0xC7, 0x1B,
    0xC7, 0x1B, 0xC7, 0x1B, 0xC7, 0x1B, 0xC7, 0x1B, 0xC7, 0x1B, 0xC7, 0x1B, 0xC7, 0x1B, 0xC7, 0x1B, 0xC7, 0x1B, 0xC7, 0x1B, 0xC7, 0x1B, 0xC7, 0x1B,
    0xC7, 0x1B, 0xC7, 0x1B, 0xC7, 0x1B, 0xC7, 0x1B, 0xC7, 0x1B, 0xC7, 0x1B, 0xC7, 0x1B, 0xC7, 0x1B, 0xC7, 0x1B, 0xC7, 0x1B, 0xC7, 0x1B, 0xC7, 0x1B,
    0xC7, 0x1B, 0xC7, 0x1B, 0xC7, 0x1B, 0xC7, 0x1B, 0xC7, 0x1B, 0xC7, 0x1B, 0xC7, 0x1B, 0xC7, 0x1B, 0xC7, 0x1B, 0xC7, 0x1B, 0xC7, 0x1B, 0xC7, 0x1B,
    0xC7, 0x1B, 0xC7, 0x1B, 0xC7, 0x1B, 0xC7, 0x1B, 0xC7, 0x1B, 0xC7, 0x1B, 0xC7, 0x1B, 0xC7, 0x1B, 0xC7, 0x1B, 0xC7, 0x1B, 0xC7, 0x1B, 0xC7, 0x1B,
    0xC7, 0x1B, 0xC7, 0x1B, 0xC7, 0x1B, 0xC7, 0x1B, 0xC7, 0x1B, 0xC7, 0x1B, 0xC7, 0x1B, 0xC7, 0x1B, 0xC7, 0x1B, 0xC7, 0x1B, 0xC7, 0x1B, 0xC7, 0x1B,
    0xC7, 0x1B, 0xC7, 0x1B, 0xC7, 0x1B, 0xC7, 0x1B, 0xC7, 0x1B, 0xC7, 0x1B, 0xC7, 0x1B, 0xC7, 0x1B, 0xC7, 0x1B, 0xC7, 0x1B, 0xC7, 0x1B, 0xC7, 0x1B,
    0xC7, 0x1B, 0xC7, 0x1B, 0xC7, 0x1B, 0xC7, 0x1B, 0xC7, 0x1B, 0xC7, 0x1B, 0xC7, 0x1B, 0xC7, 0x1B, 0xC7, 0x1B, 0xC7, 0x1B, 0xC7, 0x1B, 0xC7, 0x1B,
    0xC7, 0x1B, 0xC7, 0x1B, 0xC7, 0x1B, 0xC7, 0x1B, 0xC7, 0x1B, 0xC7, 0x1B, 0xC7, 0x1B, 0xC7, 0x1B, 0xC7, 0x1B, 0xC7, 0x1B, 0xC7, 0x1B, 0xC7, 0x1B,
    0xC7, 0x1B, 0xC7, 0x1B, 0xC7, 0x1B, 0xC7, 0x1B, 0xC7, 0x1B, 0xC7, 0x1B, 0xC7, 0x1B, 0xC7, 0x1B, 0xC7, 0x1B, 0xC7, 0x1B, 0xC7, 0x1B, 0xC7, 0x1B,
    0xC7, 0x1B, 0xC7, 0x1B, 0xC7, 0x1B, 0xC7, 0x1B, 0xC7, 0x1B, 0xC7, 0x1B, 0xC7, 0x1B, 0xC7, 0x1B, 0xC7, 0x1B, 0xC7, 0x1B, 0xC7, 0x1B, 0xC7, 0x1B,
    0xC7, 0x1B, 0xC7, 0x1B, 0xC7, 0x1B, 0xC7, 0x1B, 0xC7, 0x1B, 0xC7, 0x1B, 0xC7, 0x1B, 0xC7, 0x1B, 0xC7, 0x1B, 0xC7, 0x1B, 0xC7, 0x1B, 0xC7, 0x1B,
    0xC7, 0x1B, 0xC7, 0x1B, 0xC7, 0x1B, 0xC7, 0x1B, 0xC7, 0x1B, 0xC7, 0x1B, 0xC7, 0x1B, 0xC7, 0x1B, 0xC7, 0x1B, 0xC7, 0x1B, 0xC7, 0x1B, 0xC7, 0x1B,
    0xC7, 0x1B, 0xC7, 0x1B, 0xC7, 0x1B, 0xC7, 0x1B, 0xC7, 0x1B, 0xC7, 0x1B, 0xC7, 0x1B, 0xC7, 0x1B, 0xC7, 0x1B, 0xC7, 0x1B, 0xC7, 0x1B, 0xC7, 0x1B,
    0xC7, 0x1B, 0xC7, 0x1B, 0xC7, 0x1B, 0xC7, 0x1B, 0xC7, 0x1B, 0xC7, 0x1B, 0xC7, 0x1B, 0xC7, 0x1B, 0xC7, 0x1B, 0xC7, 0x1B, 0xC7, 0x1B, 0xC7, 0x1B,
    0xC7, 0x1B, 0xC7, 0x1B, 0xC7, 0x1B, 0xC7, 0x1B, 0xC7, 0x1B, 0xC7, 0x1B, 0xC7, 0x1B, 0xC7, 0x1B, 0xC7, 0x1B, 0xC7, 0x1B, 0xDF, 0x7D, 0x8D, 0xD8,
    0xE7, 0x9D, 0xC7, 0x1B, 0xC7, 0x1B, 0xC7, 0x1B, 0xC7, 0x1B, 0xC7, 0x1B, 0xC7, 0x1B, 0xC7, 0x1B, 0xC7, 0x1B, 0xC7, 0x1B, 0xC7, 0x1B, 0xC7, 0x1B,
    0xC7, 0x1B, 0xC7, 0x1B, 0xC7, 0x1B, 0xC7, 0x1B, 0xC7, 0x1B, 0xC7, 0x1B, 0xC7, 0x1B, 0xC7, 0x1B, 0xC7, 0x1B, 0xC7, 0x1B, 0xC7, 0x1B, 0xC7, 0x1B,
    0xC7, 0x1B, 0xC7, 0x1B, 0xC7, 0x1B, 0xC7, 0x1B, 0xC7, 0x1B, 0xC7, 0x1B, 0xC7, 0x1B, 0xC7, 0x1B, 0xC7, 0x1B, 0xC7, 0x1B, 0xC7, 0x1B, 0xC7, 0x1B,
    0xC7, 0x1B, 0xC7, 0x1B, 0xC7, 0x1B, 0xC7, 0x1B, 0xC7, 0x1B, 0xC7, 0x1B, 0xC7, 0x1B, 0xC7, 0x1B, 0xC7, 0x1B, 0xC7, 0x1B, 0xC7, 0x1B, 0xC7, 0x1B,
    0xC7, 0x1B, 0xC7, 0x1B, 0xC7, 0x1B, 0xC7, 0x1B, 0xC7, 0x1B, 0xC7, 0x1B, 0xC7, 0x1B, 0xC7, 0x1B, 0xC7, 0x1B, 0xC7, 0x1B, 0xC7, 0x1B, 0xC7, 0x1B,
    0xC7, 0x1B, 0xC7, 0x1B, 0xC7, 0x1B, 0xC7, 0x1B, 0xC7, 0x1B, 0xC7, 0x1B, 0xC7, 0x1B, 0xC7, 0x1B, 0xC7, 0x1B, 0xC7, 0x1B, 0xC7, 0x1B, 0xC7, 0x1B,
    0xC7, 0x1B, 0xC7, 0x1B, 0xC7, 0x1B, 0xC7, 0x1B, 0xC7, 0x1B, 0xC7, 0x1B, 0xC7, 0x1B, 0xC7, 0x1B, 0xC7, 0x1B, 0xC7, 0x1B, 0xC7, 0x1B, 0xC7, 0x1B,
    0xC7, 0x1B, 0xC7, 0x1B, 0xC7, 0x1B, 0xC7, 0x1B, 0xC7, 0x1B, 0xC7, 0x1B, 0xC7, 0x1B, 0xC7, 0x1B, 0xC7, 0x1B, 0xC7, 0x1B, 0xC7, 0x1B, 0xC7, 0x1B,
    0xC7, 0x1B, 0xC7, 0x1B, 0xC7, 0x1B, 0xC7, 0x1B, 0xC7, 0x1B, 0xC7, 0x1B, 0xC7, 0x1B, 0xC7, 0x1B, 0xC7, 0x1B, 0xC7, 0x1B, 0xC7, 0x1B, 0xC7, 0x1B,
    0xC7, 0x1B, 0xC7, 0x1B, 0xC7, 0x1B, 0xC7, 0x1B, 0xC7, 0x1B, 0xC7, 0x1B, 0xC7, 0x1B, 0xC7, 0x1B, 0xC7, 0x1B, 0xC7, 0x1B, 0xC7, 0x1B, 0xC7, 0x1B,
    0xC7, 0x1B, 0xC7, 0x1B, 0xC7, 0x1B, 0xC7, 0x1B, 0xC7, 0x1B, 0xC7, 0x1B, 0xC7, 0x1B, 0xC7, 0x1B, 0xC7, 0x1B, 0xC7, 0x1B, 0xC7, 0x1B, 0xC7, 0x1B,
    0xC7, 0x1B, 0xC7, 0x1B, 0xC7, 0x1B, 0xC7, 0x1B, 0xC7, 0x1B, 0xC7, 0x1B, 0xC7, 0x1B, 0xC7, 0x1B, 0xC7, 0x1B, 0xC7, 0x1B, 0xC7, 0x1B, 0xC7, 0x1B,
    0xC7, 0x1B, 0xC7, 0x1B, 0xC7, 0x1B, 0xC7, 0x1B, 0xC7, 0x1B, 0xC7, 0x1B, 0xC7, 0x1B, 0xC7, 0x1B, 0xC7, 0x1B, 0xC7, 0x1B, 0xC7, 0x1B, 0xC7, 0x1B,
    0xC7, 0x1B, 0xC7, 0x1B, 0xC7, 0x1B, 0xC7, 0x1B, 0xC7, 0x1B, 0xC7, 0x1B, 0xC7, 0x1B, 0xC7, 0x1B, 0xC7, 0x1B, 0xC7, 0x1B, 0xC7, 0x1B, 0xC7, 0x1B,
    0xC7, 0x1B, 0xC7, 0x1B, 0xC7, 0x1B, 0xC7, 0x1B, 0xC7, 0x1B, 0xC7, 0x1B, 0xC7, 0x1B, 0xC7, 0x1B, 0xC7, 0x1B, 0xC7, 0x1B, 0xC7, 0x1B, 0xC7, 0x1B,
    0xC7, 0x1B, 0xC7, 0x1B, 0xC7, 0x1B, 0xC7, 0x1B, 0xC7, 0x1B, 0xC7, 0x1B, 0xC7, 0x1B, 0xC7, 0x1B, 0xC7, 0x1B, 0xC7, 0x1B, 0xC7, 0x1B, 0xC7, 0x1B,
    0xC7, 0x1B, 0xC7, 0x1B, 0xC7, 0x1B, 0xC7, 0x1B, 0xC7, 0x1B, 0xC7, 0x1B, 0xC7, 0x1B, 0xC7, 0x1B, 0xC7, 0x1B, 0xC7, 0x1B, 0xC7, 0x1B, 0xC7, 0x1B,
    0xC7, 0x1B, 0xC7, 0x1B, 0xC7, 0x1B, 0xC7, 0x1B, 0xC7, 0x1B, 0xC7, 0x1B, 0xC7, 0x1B, 0xC7, 0x1B, 0xC7, 0x1B, 0xC7, 0x1B, 0xC7, 0x1B, 0xC7, 0x1B,
    0xC7, 0x1B, 0xC7, 0x1B, 0xC7, 0x1B, 0xC7, 0x1B, 0xC7, 0x1B, 0xC7, 0x1B, 0xC7, 0x1B, 0xC7, 0x1B, 0xC7, 0x1B, 0xC7, 0x1B, 0xC7, 0x1B, 0xC7, 0x1B,
    0xC7, 0x1B, 0xC7, 0x1B, 0xC7, 0x1B, 0xC7, 0x1B, 0xC7, 0x1B, 0xC7, 0x1B, 0xC7, 0x1B, 0xC7, 0x1B, 0xC7, 0x1B, 0xC7, 0x1B, 0xDF, 0x7D, 0x8D, 0xD8,
    0xE7, 0x9D, 0xC7, 0x1B, 0xC7, 0x1B, 0xC7, 0x1B, 0xC7, 0x1B, 0xC7, 0x1B, 0xC7, 0x1B, 0xC7, 0x1B, 0xC7, 0x1B, 0xC7, 0x1B, 0xC7, 0x1B, 0xC7, 0x1B,
    0xC7, 0x1B, 0xC7, 0x1B, 0xC7, 0x1B, 0xC7, 0x1B, 0xC7, 0x1B, 0xC7, 0x1B, 0xC7, 0x1B, 0xC7, 0x1B, 0xC7, 0x1B, 0xC7, 0x1B, 0xC7, 0x1B, 0xC7, 0x1B,
    0xC7, 0x1B, 0xC7, 0x1B, 0xC7, 0x1B, 0xC7, 0x1B, 0xC7, 0x1B, 0xC7, 0x1B, 0xC7, 0x1B, 0xC7, 0x1B, 0xC7, 0x1B, 0xC7, 0x1B, 0xC7, 0x1B, 0xC7, 0x1B,
    0xC7, 0x1B, 0xC7, 0x1B, 0xC7, 0x1B, 0xC7, 0x1B, 0xC7, 0x1B, 0xC7, 0x1B, 0xC7, 0x1B, 0xC7, 0x1B, 0xC7, 0x1B, 0xC7, 0x1B, 0xC7, 0x1B, 0xC7, 0x1B,
    0xC7, 0x1B, 0xC7, 0x1B, 0xC7, 0x1B, 0xC7, 0x1B, 0xC7, 0x1B, 0xC7, 0x1B, 0xC7, 0x1B, 0xC7, 0x1B, 0xC7, 0x1B, 0xC7, 0x1B, 0xC7, 0x1B, 0xC7, 0x1B,
    0xC7, 0x1B, 0xC7, 0x1B, 0xC7, 0x1B, 0xC7, 0x1B, 0xC7, 0x1B, 0xC7, 0x1B, 0xC7, 0x1B, 0xC7, 0x1B, 0xC7, 0x1B, 0xC7, 0x1B, 0xC7, 0x1B, 0xC7, 0x1B,
    0xC7, 0x1B, 0xC7, 0x1B, 0xC7, 0x1B, 0xC7, 0x1B, 0xC7, 0x1B, 0xC7, 0x1B, 0xC7, 0x1B, 0xC7, 0x1B, 0xC7, 0x1B, 0xC7, 0x1B, 0xC7, 0x1B, 0xC7, 0x1B,
    0xC7, 0x1B, 0xC7, 0x1B, 0xC7, 0x1B, 0xC7, 0x1B, 0xC7, 0x1B, 0xC7, 0x1B, 0xC7, 0x1B, 0xC7, 0x1B, 0xC7, 0x1B, 0xC7, 0x1B, 0xC7, 0x1B, 0xC7, 0x1B,
    0xC7, 0x1B, 0xC7, 0x1B, 0xC7, 0x1B, 0xC7, 0x1B, 0xC7, 0x1B, 0xC7, 0x1B, 0xC7, 0x1B, 0xC7, 0x1B, 0xC7, 0x1B, 0xC7, 0x1B, 0xC7, 0x1B, 0xC7, 0x1B,
    0xC7, 0x1B, 0xC7, 0x1B, 0xC7, 0x1B, 0xC7, 0x1B, 0xC7, 0x1B, 0xC7, 0x1B, 0xC7, 0x1B, 0xC7, 0x1B, 0xC7, 0x1B, 0xC7, 0x1B, 0xC7, 0x1B, 0xC7, 0x1B,
    0xC7, 0x1B, 0xC7, 0x1B, 0xC7, 0x1B, 0xC7, 0x1B, 0xC7, 0x1B, 0xC7, 0x1B, 0xC7, 0x1B, 0xC7, 0x1B, 0xC7, 0x1B, 0xC7, 0x1B, 0xC7, 0x1B, 0xC7, 0x1B,
    0xC7, 0x1B, 0xC7, 0x1B, 0xC7, 0x1B, 0xC7, 0x1B, 0xC7, 0x1B, 0xC7, 0x1B, 0xC7, 0x1B, 0xC7, 0x1B, 0xC7, 0x1B, 0xC7, 0x1B, 0xC7, 0x1B, 0xC7, 0x1B,
    0xC7, 0x1B, 0xC7, 0x1B, 0xC7, 0x1B, 0xC7, 0x1B, 0xC7, 0x1B, 0xC7, 0x1B, 0xC7, 0x1B, 0xC7, 0x1B, 0xC7, 0x1B, 0xC7, 0x1B, 0xC7, 0x1B, 0xC7, 0x1B,
    0xC7, 0x1B, 0xC7, 0x1B, 0xC7, 0x1B, 0xC7, 0x1B, 0xC7, 0x1B, 0xC7, 0x1B, 0xC7, 0x1B, 0xC7, 0x1B, 0xC7, 0x1B, 0xC7, 0x1B, 0xC7, 0x1B, 0xC7, 0x1B,
    0xC7, 0x1B, 0xC7, 0x1B, 0xC7, 0x1B, 0xC7, 0x1B, 0xC7, 0x1B, 0xC7, 0x1B, 0xC7, 0x1B, 0xC7, 0x1B, 0xC7, 0x1B, 0xC7, 0x1B, 0xC7, 0x1B, 0xC7, 0x1B,
    0xC7, 0x1B, 0xC7, 0x1B, 0xC7, 0x1B, 0xC7, 0x1B, 0xC7, 0x1B, 0xC7, 0x1B, 0xC7, 0x1B, 0xC7, 0x1B, 0xC7, 0x1B, 0xC7, 0x1B, 0xC7, 0x1B, 0xC7, 0x1B,
    0xC7, 0x1B, 0xC7, 0x1B, 0xC7, 0x1B, 0xC7, 0x1B, 0xC7, 0x1B, 0xC7, 0x1B, 0xC7, 0x1B, 0xC7, 0x1B, 0xC7, 0x1B, 0xC7, 0x1B, 0xC7, 0x1B, 0xC7, 0x1B,
    0xC7, 0x1B, 0xC7, 0x1B, 0xC7, 0x1B, 0xC7, 0x1B, 0xC7, 0x1B, 0xC7, 0x1B, 0xC7, 0x1B, 0xC7, 0x1B, 0xC7, 0x1B, 0xC7, 0x1B, 0xC7, 0x1B, 0xC7, 0x1B,
    0xC7, 0x1B, 0xC7, 0x1B, 0xC7, 0x1B, 0xC7, 0x1B, 0xC7, 0x1B, 0xC7, 0x1B, 0xC7, 0x1B, 0xC7, 0x1B, 0xC7, 0x1B, 0xC7, 0x1B, 0xC7, 0x1B, 0xC7, 0x1B,
    0xC7, 0x1B, 0xC7, 0x1B, 0xC7, 0x1B, 0xC7, 0x1B, 0xC7, 0x1B, 0xC7, 0x1B, 0xC7, 0x1B, 0xC7, 0x1B, 0xC7, 0x1B, 0xC7, 0x1B, 0xDF, 0x7D, 0x8D, 0xD8,
    0xE7, 0x9D, 0xC7, 0x1B, 0xC7, 0x1B, 0xC7, 0x1B, 0xC7, 0x1B, 0xC7, 0x1B, 0xC7, 0x1B, 0xC7, 0x1B, 0xC7, 0x1B, 0xC7, 0x1B, 0xC7, 0x1B, 0xC7, 0x1B,
    0xC7, 0x1B, 0xC7, 0x1B, 0xC7, 0x1B, 0xC7, 0x1B, 0xC7, 0x1B, 0xC7, 0x1B, 0xC7, 0x1B, 0xC7, 0x1B, 0xC7, 0x1B, 0xC7, 0x1B, 0xC7, 0x1B, 0xC7, 0x1B,
    0xC7, 0x1B, 0xC7, 0x1B, 0xC7, 0x1B, 0xC7, 0x1B, 0xC7, 0x1B, 0xC7, 0x1B, 0xC7, 0x1B, 0xC7, 0x1B, 0xC7, 0x1B, 0xC7, 0x1B, 0xC7, 0x1B, 0xC7, 0x1B,
    0xC7, 0x1B, 0xC7, 0x1B, 0xC7, 0x1B, 0xC7, 0x1B, 0xC7, 0x1B, 0xC7, 0x1B, 0xC7, 0x1B, 0xC7, 0x1B, 0xC7, 0x1B, 0xC7, 0x1B, 0xC7, 0x1B, 0xC7, 0x1B,
    0xC7, 0x1B, 0xC7, 0x1B, 0xC7, 0x1B, 0xC7, 0x1B, 0xC7, 0x1B, 0xC7, 0x1B, 0xC7, 0x1B, 0xC7, 0x1B, 0xC7, 0x1B, 0xC7, 0x1B, 0xC7, 0x1B, 0xC7, 0x1B,
    0xC7, 0x1B, 0xC7, 0x1B, 0xC7, 0x1B, 0xC7, 0x1B, 0xC7, 0x1B, 0xC7, 0x1B, 0xC7, 0x1B, 0xC7, 0x1B, 0xC7, 0x1B, 0xC7, 0x1B, 0xC7, 0x1B, 0xC7, 0x1B,
    0xC7, 0x1B, 0xC7, 0x1B, 0xC7, 0x1B, 0xC7, 0x1B, 0xC7, 0x1B, 0xC7, 0x1B, 0xC7, 0x1B, 0xC7, 0x1B, 0xC7, 0x1B, 0xC7, 0x1B, 0xC7, 0x1B, 0xC7, 0x1B,
    0xC7, 0x1B, 0xC7, 0x1B, 0xC7, 0x1B, 0xC7, 0x1B, 0xC7, 0x1B, 0xC7, 0x1B, 0xC7, 0x1B, 0xC7, 0x1B, 0xC7, 0x1B, 0xC7, 0x1B, 0xC7, 0x1B, 0xC7, 0x1B,
    0xC7, 0x1B, 0xC7, 0x1B, 0xC7, 0x1B, 0xC7, 0x1B, 0xC7, 0x1B, 0xC7, 0x1B, 0xC7, 0x1B, 0xC7, 0x1B, 0xC7, 0x1B, 0xC7, 0x1B, 0xC7, 0x1B, 0xC7, 0x1B,
    0xC7, 0x1B, 0xC7, 0x1B, 0xC7, 0x1B, 0xC7, 0x1B, 0xC7, 0x1B, 0xC7, 0x1B, 0xC7, 0x1B, 0xC7, 0x1B, 0xC7, 0x1B, 0xC7, 0x1B, 0xC7, 0x1B, 0xC7, 0x1B,
    0xC7, 0x1B, 0xC7, 0x1B, 0xC7, 0x1B, 0xC7, 0x1B, 0xC7, 0x1B, 0xC7, 0x1B, 0xC7, 0x1B, 0xC7, 0x1B, 0xC7, 0x1B, 0xC7, 0x1B, 0xC7, 0x1B, 0xC7, 0x1B,
    0xC7, 0x1B, 0xC7, 0x1B, 0xC7, 0x1B, 0xC7, 0x1B, 0xC7, 0x1B, 0xC7, 0x1B, 0xC7, 0x1B, 0xC7, 0x1B, 0xC7, 0x1B, 0xC7, 0x1B, 0xC7, 0x1B, 0xC7, 0x1B,
    0xC7, 0x1B, 0xC7, 0x1B, 0xC7, 0x1B, 0xC7, 0x1B, 0xC7, 0x1B, 0xC7, 0x1B, 0xC7, 0x1B, 0xC7, 0x1B, 0xC7, 0x1B, 0xC7, 0x1B, 0xC7, 0x1B, 0xC7, 0x1B,
    0xC7, 0x1B, 0xC7, 0x1B, 0xC7, 0x1B, 0xC7, 0x1B, 0xC7, 0x1B, 0xC7, 0x1B, 0xC7, 0x1B, 0xC7, 0x1B, 0xC7, 0x1B, 0xC7, 0x1B, 0xC7, 0x1B, 0xC7, 0x1B,
    0xC7, 0x1B, 0xC7, 0x1B, 0xC7, 0x1B, 0xC7, 0x1B, 0xC7, 0x1B, 0xC7, 0x1B, 0xC7, 0x1B, 0xC7, 0x1B, 0xC7, 0x1B, 0xC7, 0x1B, 0xC7, 0x1B, 0xC7, 0x1B,
    0xC7, 0x1B, 0xC7, 0x1B, 0xC7, 0x1B, 0xC7, 0x1B, 0xC7, 0x1B, 0xC7, 0x1B, 0xC7, 0x1B, 0xC7, 0x1B, 0xC7, 0x1B, 0xC7, 0x1B, 0xC7, 0x1B, 0xC7, 0x1B,
    0xC7, 0x1B, 0xC7, 0x1B, 0xC7, 0x1B, 0xC7, 0x1B, 0xC7, 0x1B, 0xC7, 0x1B, 0xC7, 0x1B, 0xC7, 0x1B, 0xC7, 0x1B, 0xC7, 0x1B, 0xC7, 0x1B, 0xC7, 0x1B,
    0xC7, 0x1B, 0xC7, 0x1B, 0xC7, 0x1B, 0xC7, 0x1B, 0xC7, 0x1B, 0xC7, 0x1B, 0xC7, 0x1B, 0xC7, 0x1B, 0xC7, 0x1B, 0xC7, 0x1B, 0xC7, 0x1B, 0xC7, 0x1B,
    0xC7, 0x1B, 0xC7, 0x1B, 0xC7, 0x1B, 0xC7, 0x1B, 0xC7, 0x1B, 0xC7, 0x1B, 0xC7, 0x1B, 0xC7, 0x1B, 0xC7, 0x1B, 0xC7, 0x1B, 0xC7, 0x1B, 0xC7, 0x1B,
    0xC7, 0x1B, 0xC7, 0x1B, 0xC7, 0x1B, 0xC7, 0x1B, 0xC7, 0x1B, 0xC7, 0x1B, 0xC7, 0x1B, 0xC7, 0x1B, 0xC7, 0x1B, 0xC7, 0x1B, 0xDF, 0x7D, 0x8D, 0xB8,
    0xE7, 0x9D, 0xC7, 0x1B, 0xC7, 0x1B, 0xC7, 0x1B, 0xC7, 0x1B, 0xC7, 0x1B, 0xC7, 0x1B, 0xC7, 0x1B, 0xC7, 0x1B, 0xC7, 0x1B, 0xC7, 0x1B, 0xC7, 0x1B,
    0xC7, 0x1B, 0xC7, 0x1B, 0xC7, 0x1B, 0xC7, 0x1B, 0xC7, 0x1B, 0xC7, 0x1B, 0xC7, 0x1B, 0xC7, 0x1B, 0xC7, 0x1B, 0xC7, 0x1B, 0xC7, 0x1B, 0xC7, 0x1B,
    0xC7, 0x1B, 0xC7, 0x1B, 0xC7, 0x1B, 0xC7, 0x1B, 0xC7, 0x1B, 0xC7, 0x1B, 0xC7, 0x1B, 0xC7, 0x1B, 0xC7, 0x1B, 0xC7, 0x1B, 0xC7, 0x1B, 0xC7, 0x1B,
    0xC7, 0x1B, 0xC7, 0x1B, 0xC7, 0x1B, 0xC7, 0x1B, 0xC7, 0x1B, 0xC7, 0x1B, 0xC7, 0x1B, 0xC7, 0x1B, 0xC7, 0x1B, 0xC7, 0x1B, 0xC7, 0x1B, 0xC7, 0x1B,
    0xC7, 0x1B, 0xC7, 0x1B, 0xC7, 0x1B, 0xC7, 0x1B, 0xC7, 0x1B, 0xC7, 0x1B, 0xC7, 0x1B, 0xC7, 0x1B, 0xC7, 0x1B, 0xC7, 0x1B, 0xC7, 0x1B, 0xC7, 0x1B,
    0xC7, 0x1B, 0xC7, 0x1B, 0xC7, 0x1B, 0xC7, 0x1B, 0xC7, 0x1B, 0xC7, 0x1B, 0xC7, 0x1B, 0xC7, 0x1B, 0xC7, 0x1B, 0xC7, 0x1B, 0xC7, 0x1B, 0xC7, 0x1B,
    0xC7, 0x1B, 0xC7, 0x1B, 0xC7, 0x1B, 0xC7, 0x1B, 0xC7, 0x1B, 0xC7, 0x1B, 0xC7, 0x1B, 0xC7, 0x1B, 0xC7, 0x1B, 0xC7, 0x1B, 0xC7, 0x1B, 0xC7, 0x1B,
    0xC7, 0x1B, 0xC7, 0x1B, 0xC7, 0x1B, 0xC7, 0x1B, 0xC7, 0x1B, 0xC7, 0x1B, 0xC7, 0x1B, 0xC7, 0x1B, 0xC7, 0x1B, 0xC7, 0x1B, 0xC7, 0x1B, 0xC7, 0x1B,
    0xC7, 0x1B, 0xC7, 0x1B, 0xC7, 0x1B, 0xC7, 0x1B, 0xC7, 0x1B, 0xC7, 0x1B, 0xC7, 0x1B, 0xC7, 0x1B, 0xC7, 0x1B, 0xC7, 0x1B, 0xC7, 0x1B, 0xC7, 0x1B,
    0xC7, 0x1B, 0xC7, 0x1B, 0xC7, 0x1B, 0xC7, 0x1B, 0xC7, 0x1B, 0xC7, 0x1B, 0xC7, 0x1B, 0xC7, 0x1B, 0xC7, 0x1B, 0xC7, 0x1B, 0xC7, 0x1B, 0xC7, 0x1B,
    0xC7, 0x1B, 0xC7, 0x1B, 0xC7, 0x1B, 0xC7, 0x1B, 0xC7, 0x1B, 0xC7, 0x1B, 0xC7, 0x1B, 0xC7, 0x1B, 0xC7, 0x1B, 0xC7, 0x1B, 0xC7, 0x1B, 0xC7, 0x1B,
    0xC7, 0x1B, 0xC7, 0x1B, 0xC7, 0x1B, 0xC7, 0x1B, 0xC7, 0x1B, 0xC7, 0x1B, 0xC7, 0x1B, 0xC7, 0x1B, 0xC7, 0x1B, 0xC7, 0x1B, 0xC7, 0x1B, 0xC7, 0x1B,
    0xC7, 0x1B, 0xC7, 0x1B, 0xC7, 0x1B, 0xC7, 0x1B, 0xC7, 0x1B, 0xC7, 0x1B, 0xC7, 0x1B, 0xC7, 0x1B, 0xC7, 0x1B, 0xC7, 0x1B, 0xC7, 0x1B, 0xC7, 0x1B,
    0xC7, 0x1B, 0xC7, 0x1B, 0xC7, 0x1B, 0xC7, 0x1B, 0xC7, 0x1B, 0xC7, 0x1B, 0xC7, 0x1B, 0xC7, 0x1B, 0xC7, 0x1B, 0xC7, 0x1B, 0xC7, 0x1B, 0xC7, 0x1B,
    0xC7, 0x1B, 0xC7, 0x1B, 0xC7, 0x1B, 0xC7, 0x1B, 0xC7, 0x1B, 0xC7, 0x1B, 0xC7, 0x1B, 0xC7, 0x1B, 0xC7, 0x1B, 0xC7, 0x1B, 0xC7, 0x1B, 0xC7, 0x1B,
    0xC7, 0x1B, 0xC7, 0x1B, 0xC7, 0x1B, 0xC7, 0x1B, 0xC7, 0x1B, 0xC7, 0x1B, 0xC7, 0x1B, 0xC7, 0x1B, 0xC7, 0x1B, 0xC7, 0x1B, 0xC7, 0x1B, 0xC7, 0x1B,
    0xC7, 0x1B, 0xC7, 0x1B, 0xC7, 0x1B, 0xC7, 0x1B, 0xC7, 0x1B, 0xC7, 0x1B, 0xC7, 0x1B, 0xC7, 0x1B, 0xC7, 0x1B, 0xC7, 0x1B, 0xC7, 0x1B, 0xC7, 0x1B,
    0xC7, 0x1B, 0xC7, 0x1B, 0xC7, 0x1B, 0xC7, 0x1B, 0xC7, 0x1B, 0xC7, 0x1B, 0xC7, 0x1B, 0xC7, 0x1B, 0xC7, 0x1B, 0xC7, 0x1B, 0xC7, 0x1B, 0xC7, 0x1B,
    0xC7, 0x1B, 0xC7, 0x1B, 0xC7, 0x1B, 0xC7, 0x1B, 0xC7, 0x1B, 0xC7, 0x1B, 0xC7, 0x1B, 0xC7, 0x1B, 0xC7, 0x1B, 0xC7, 0x1B, 0xC7, 0x1B, 0xC7, 0x1B,
    0xC7, 0x1B, 0xC7, 0x1B, 0xC7, 0x1B, 0xC7, 0x1B, 0xC7, 0x1B, 0xC7, 0x1B, 0xC7, 0x1B, 0xC7, 0x1B, 0xC7, 0x1B, 0xC7, 0x1B, 0xDF, 0x7D, 0x8D, 0xB7,
    0xE7, 0x9D, 0xC7, 0x1B, 0xC7, 0x1B, 0xC7, 0x1B, 0xC7, 0x1B, 0xC7, 0x1B, 0xC7, 0x1B, 0xC7, 0x1B, 0xC7, 0x1B, 0xC7, 0x1B, 0xC7, 0x1B, 0xC7, 0x1B,
    0xC7, 0x1B, 0xC7, 0x1B, 0xC7, 0x1B, 0xC7, 0x1B, 0xC7, 0x1B, 0xC7, 0x1B, 0xC7, 0x1B, 0xC7, 0x1B, 0xC7, 0x1B, 0xC7, 0x1B, 0xC7, 0x1B, 0xC7, 0x1B,
    0xC7, 0x1B, 0xC7, 0x1B, 0xC7, 0x1B, 0xC7, 0x1B, 0xC7, 0x1B, 0xC7, 0x1B, 0xC7, 0x1B, 0xC7, 0x1B, 0xC7, 0x1B, 0xC7, 0x1B, 0xC7, 0x1B, 0xC7, 0x1B,
    0xC7, 0x1B, 0xC7, 0x1B, 0xC7, 0x1B, 0xC7, 0x1B, 0xC7, 0x1B, 0xC7, 0x1B, 0xC7, 0x1B, 0xC7, 0x1B, 0xC7, 0x1B, 0xC7, 0x1B, 0xC7, 0x1B, 0xC7, 0x1B,
    0xC7, 0x1B, 0xC7, 0x1B, 0xC7, 0x1B, 0xC7, 0x1B, 0xC7, 0x1B, 0xC7, 0x1B, 0xC7, 0x1B, 0xC7, 0x1B, 0xC7, 0x1B, 0xC7, 0x1B, 0xC7, 0x1B, 0xC7, 0x1B,
    0xC7, 0x1B, 0xC7, 0x1B, 0xC7, 0x1B, 0xC7, 0x1B, 0xC7, 0x1B, 0xC7, 0x1B, 0xC7, 0x1B, 0xC7, 0x1B, 0xC7, 0x1B, 0xC7, 0x1B, 0xC7, 0x1B, 0xC7, 0x1B,
    0xC7, 0x1B, 0xC7, 0x1B, 0xC7, 0x1B, 0xC7, 0x1B, 0xC7, 0x1B, 0xC7, 0x1B, 0xC7, 0x1B, 0xC7, 0x1B, 0xC7, 0x1B, 0xC7, 0x1B, 0xC7, 0x1B, 0xC7, 0x1B,
    0xC7, 0x1B, 0xC7, 0x1B, 0xC7, 0x1B, 0xC7, 0x1B, 0xC7, 0x1B, 0xC7, 0x1B, 0xC7, 0x1B, 0xC7, 0x1B, 0xC7, 0x1B, 0xC7, 0x1B, 0xC7, 0x1B, 0xC7, 0x1B,
    0xC7, 0x1B, 0xC7, 0x1B, 0xC7, 0x1B, 0xC7, 0x1B, 0xC7, 0x1B, 0xC7, 0x1B, 0xC7, 0x1B, 0xC7, 0x1B, 0xC7, 0x1B, 0xC7, 0x1B, 0xC7, 0x1B, 0xC7, 0x1B,
    0xC7, 0x1B, 0xC7, 0x1B, 0xC7, 0x1B, 0xC7, 0x1B, 0xC7, 0x1B, 0xC7, 0x1B, 0xC7, 0x1B, 0xC7, 0x1B, 0xC7, 0x1B, 0xC7, 0x1B, 0xC7, 0x1B, 0xC7, 0x1B,
    0xC7, 0x1B, 0xC7, 0x1B, 0xC7, 0x1B, 0xC7, 0x1B, 0xC7, 0x1B, 0xC7, 0x1B, 0xC7, 0x1B, 0xC7, 0x1B, 0xC7, 0x1B, 0xC7, 0x1B, 0xC7, 0x1B, 0xC7, 0x1B,
    0xC7, 0x1B, 0xC7, 0x1B, 0xC7, 0x1B, 0xC7, 0x1B, 0xC7, 0x1B, 0xC7, 0x1B, 0xC7, 0x1B, 0xC7, 0x1B, 0xC7, 0x1B, 0xC7, 0x1B, 0xC7, 0x1B, 0xC7, 0x1B,
    0xC7, 0x1B, 0xC7, 0x1B, 0xC7, 0x1B, 0xC7, 0x1B, 0xC7, 0x1B, 0xC7, 0x1B, 0xC7, 0x1B, 0xC7, 0x1B, 0xC7, 0x1B, 0xC7, 0x1B, 0xC7, 0x1B, 0xC7, 0x1B,
    0xC7, 0x1B, 0xC7, 0x1B, 0xC7, 0x1B, 0xC7, 0x1B, 0xC7, 0x1B, 0xC7, 0x1B, 0xC7, 0x1B, 0xC7, 0x1B, 0xC7, 0x1B, 0xC7, 0x1B, 0xC7, 0x1B, 0xC7, 0x1B,
    0xC7, 0x1B, 0xC7, 0x1B, 0xC7, 0x1B, 0xC7, 0x1B, 0xC7, 0x1B, 0xC7, 0x1B, 0xC7, 0x1B, 0xC7, 0x1B, 0xC7, 0x1B, 0xC7, 0x1B, 0xC7, 0x1B, 0xC7, 0x1B,
    0xC7, 0x1B, 0xC7, 0x1B, 0xC7, 0x1B, 0xC7, 0x1B, 0xC7, 0x1B, 0xC7, 0x1B, 0xC7, 0x1B, 0xC7, 0x1B, 0xC7, 0x1B, 0xC7, 0x1B, 0xC7, 0x1B, 0xC7, 0x1B,
    0xC7, 0x1B, 0xC7, 0x1B, 0xC7, 0x1B, 0xC7, 0x1B, 0xC7, 0x1B, 0xC7, 0x1B, 0xC7, 0x1B, 0xC7, 0x1B, 0xC7, 0x1B, 0xC7, 0x1B, 0xC7, 0x1B, 0xC7, 0x1B,
    0xC7, 0x1B, 0xC7, 0x1B, 0xC7, 0x1B, 0xC7, 0x1B, 0xC7, 0x1B, 0xC7, 0x1B, 0xC7, 0x1B, 0xC7, 0x1B, 0xC7, 0x1B, 0xC7, 0x1B, 0xC7, 0x1B, 0xC7, 0x1B,
    0xC7, 0x1B, 0xC7, 0x1B, 0xC7, 0x1B, 0xC7, 0x1B, 0xC7, 0x1B, 0xC7, 0x1B, 0xC7, 0x1B, 0xC7, 0x1B, 0xC7, 0x1B, 0xC7, 0x1B, 0xC7, 0x1B, 0xC7, 0x1B,
    0xC7, 0x1B, 0xC7, 0x1B, 0xC7, 0x1B, 0xC7, 0x1B, 0xC7, 0x1B, 0xC7, 0x1B, 0xC7, 0x1B, 0xC7, 0x1B, 0xC7, 0x1B, 0xC7, 0x1B, 0xDF, 0x7D, 0x8D, 0xB8,
    0xE7, 0x9D, 0xC7, 0x1B, 0xC7, 0x1B, 0xC7, 0x1B, 0xC7, 0x1B, 0xC7, 0x1B, 0xC7, 0x1B, 0xC7, 0x1B, 0xC7, 0x1B, 0xC7, 0x1B, 0xC7, 0x1B, 0xC7, 0x1B,
    0xC7, 0x1B, 0xC7, 0x1B, 0xC7, 0x1B, 0xC7, 0x1B, 0xC7, 0x1B, 0xC7, 0x1B, 0xC7, 0x1B, 0xC7, 0x1B, 0xC7, 0x1B, 0xC7, 0x1B, 0xC7, 0x1B, 0xC7, 0x1B,
    0xC7, 0x1B, 0xC7, 0x1B, 0xC7, 0x1B, 0xC7, 0x1B, 0xC7, 0x1B, 0xC7, 0x1B, 0xC7, 0x1B, 0xC7, 0x1B, 0xC7, 0x1B, 0xC7, 0x1B, 0xC7, 0x1B, 0xC7, 0x1B,
    0xC7, 0x1B, 0xC7, 0x1B, 0xC7, 0x1B, 0xC7, 0x1B, 0xC7, 0x1B, 0xC7, 0x1B, 0xC7, 0x1B, 0xC7, 0x1B, 0xC7, 0x1B, 0xC7, 0x1B, 0xC7, 0x1B, 0xC7, 0x1B,
    0xC7, 0x1B, 0xC7, 0x1B, 0xC7, 0x1B, 0xC7, 0x1B, 0xC7, 0x1B, 0xC7, 0x1B, 0xC7, 0x1B, 0xC7, 0x1B, 0xC7, 0x1B, 0xC7, 0x1B, 0xC7, 0x1B, 0xC7, 0x1B,
    0xC7, 0x1B, 0xC7, 0x1B, 0xC7, 0x1B, 0xC7, 0x1B, 0xC7, 0x1B, 0xC7, 0x1B, 0xC7, 0x1B, 0xC7, 0x1B, 0xC7, 0x1B, 0xC7, 0x1B, 0xC7, 0x1B, 0xC7, 0x1B,
    0xC7, 0x1B, 0xC7, 0x1B, 0xC7, 0x1B, 0xC7, 0x1B, 0xC7, 0x1B, 0xC7, 0x1B, 0xC7, 0x1B, 0xC7, 0x1B, 0xC7, 0x1B, 0xC7, 0x1B, 0xC7, 0x1B, 0xC7, 0x1B,
    0xC7, 0x1B, 0xC7, 0x1B, 0xC7, 0x1B, 0xC7, 0x1B, 0xC7, 0x1B, 0xC7, 0x1B, 0xC7, 0x1B, 0xC7, 0x1B, 0xC7, 0x1B, 0xC7, 0x1B, 0xC7, 0x1B, 0xC7, 0x1B,
    0xC7, 0x1B, 0xC7, 0x1B, 0xC7, 0x1B, 0xC7, 0x1B, 0xC7, 0x1B, 0xC7, 0x1B, 0xC7, 0x1B, 0xC7, 0x1B, 0xC7, 0x1B, 0xC7, 0x1B, 0xC7, 0x1B, 0xC7, 0x1B,
    0xC7, 0x1B, 0xC7, 0x1B, 0xC7, 0x1B, 0xC7, 0x1B, 0xC7, 0x1B, 0xC7, 0x1B, 0xC7, 0x1B, 0xC7, 0x1B, 0xC7, 0x1B, 0xC7, 0x1B, 0xC7, 0x1B, 0xC7, 0x1B,
    0xC7, 0x1B, 0xC7, 0x1B, 0xC7, 0x1B, 0xC7, 0x1B, 0xC7, 0x1B, 0xC7, 0x1B, 0xC7, 0x1B, 0xC7, 0x1B, 0xC7, 0x1B, 0xC7, 0x1B, 0xC7, 0x1B, 0xC7, 0x1B,
    0xC7, 0x1B, 0xC7, 0x1B, 0xC7, 0x1B, 0xC7, 0x1B, 0xC7, 0x1B, 0xC7, 0x1B, 0xC7, 0x1B, 0xC7, 0x1B, 0xC7, 0x1B, 0xC7, 0x1B, 0xC7, 0x1B, 0xC7, 0x1B,
    0xC7, 0x1B, 0xC7, 0x1B, 0xC7, 0x1B, 0xC7, 0x1B, 0xC7, 0x1B, 0xC7, 0x1B, 0xC7, 0x1B, 0xC7, 0x1B, 0xC7, 0x1B, 0xC7, 0x1B, 0xC7, 0x1B, 0xC7, 0x1B,
    0xC7, 0x1B, 0xC7, 0x1B, 0xC7, 0x1B, 0xC7, 0x1B, 0xC7, 0x1B, 0xC7, 0x1B, 0xC7, 0x1B, 0xC7, 0x1B, 0xC7, 0x1B, 0xC7, 0x1B, 0xC7, 0x1B, 0xC7, 0x1B,
    0xC7, 0x1B, 0xC7, 0x1B, 0xC7, 0x1B, 0xC7, 0x1B, 0xC7, 0x1B, 0xC7, 0x1B, 0xC7, 0x1B, 0xC7, 0x1B, 0xC7, 0x1B, 0xC7, 0x1B, 0xC7, 0x1B, 0xC7, 0x1B,
    0xC7, 0x1B, 0xC7, 0x1B, 0xC7, 0x1B, 0xC7, 0x1B, 0xC7, 0x1B, 0xC7, 0x1B, 0xC7, 0x1B, 0xC7, 0x1B, 0xC7, 0x1B, 0xC7, 0x1B, 0xC7, 0x1B, 0xC7, 0x1B,
    0xC7, 0x1B, 0xC7, 0x1B, 0xC7, 0x1B, 0xC7, 0x1B, 0xC7, 0x1B, 0xC7, 0x1B, 0xC7, 0x1B, 0xC7, 0x1B, 0xC7, 0x1B, 0xC7, 0x1B, 0xC7, 0x1B, 0xC7, 0x1B,
    0xC7, 0x1B, 0xC7, 0x1B, 0xC7, 0x1B, 0xC7, 0x1B, 0xC7, 0x1B, 0xC7, 0x1B, 0xC7, 0x1B, 0xC7, 0x1B, 0xC7, 0x1B, 0xC7, 0x1B, 0xC7, 0x1B, 0xC7, 0x1B,
    0xC7, 0x1B, 0xC7, 0x1B, 0xC7, 0x1B, 0xC7, 0x1B, 0xC7, 0x1B, 0xC7, 0x1B, 0xC7, 0x1B, 0xC7, 0x1B, 0xC7, 0x1B, 0xC7, 0x1B, 0xC7, 0x1B, 0xC7, 0x1B,
    0xC7, 0x1B, 0xC7, 0x1B, 0xC7, 0x1B, 0xC7, 0x1B, 0xC7, 0x1B, 0xC7, 0x1B, 0xC7, 0x1B, 0xC7, 0x1B, 0xC7, 0x1B, 0xC7, 0x1B, 0xDF, 0x7D, 0x8D, 0x97,
    0xE7, 0x7D, 0xC7, 0x1B, 0xC7, 0x1B, 0xC7, 0x1B, 0xC7, 0x1B, 0xC7, 0x1B, 0xC7, 0x1B, 0xC7, 0x1B, 0xC7, 0x1B, 0xC7, 0x1B, 0xC7, 0x1B, 0xC7, 0x1B,
    0xC7, 0x1B, 0xC7, 0x1B, 0xC7, 0x1B, 0xC7, 0x1B, 0xC7, 0x1B, 0xC7, 0x1B, 0xC7, 0x1B, 0xC7, 0x1B, 0xC7, 0x1B, 0xC7, 0x1B, 0xC7, 0x1B, 0xC7, 0x1B,
    0xC7, 0x1B, 0xC7, 0x1B, 0xC7, 0x1B, 0xC7, 0x1B, 0xC7, 0x1B, 0xC7, 0x1B, 0xC7, 0x1B, 0xC7, 0x1B, 0xC7, 0x1B, 0xC7, 0x1B, 0xC7, 0x1B, 0xC7, 0x1B,
    0xC7, 0x1B, 0xC7, 0x1B, 0xC7, 0x1B, 0xC7, 0x1B, 0xC7, 0x1B, 0xC7, 0x1B, 0xC7, 0x1B, 0xC7, 0x1B, 0xC7, 0x1B, 0xC7, 0x1B, 0xC7, 0x1B, 0xC7, 0x1B,
    0xC7, 0x1B, 0xC7, 0x1B, 0xC7, 0x1B, 0xC7, 0x1B, 0xC7, 0x1B, 0xC7, 0x1B, 0xC7, 0x1B, 0xC7, 0x1B, 0xC7, 0x1B, 0xC7, 0x1B, 0xC7, 0x1B, 0xC7, 0x1B,
    0xC7, 0x1B, 0xC7, 0x1B, 0xC7, 0x1B, 0xC7, 0x1B, 0xC7, 0x1B, 0xC7, 0x1B, 0xC7, 0x1B, 0xC7, 0x1B, 0xC7, 0x1B, 0xC7, 0x1B, 0xC7, 0x1B, 0xC7, 0x1B,
    0xC7, 0x1B, 0xC7, 0x1B, 0xC7, 0x1B, 0xC7, 0x1B, 0xC7, 0x1B, 0xC7, 0x1B, 0xC7, 0x1B, 0xC7, 0x1B, 0xC7, 0x1B, 0xC7, 0x1B, 0xC7, 0x1B, 0xC7, 0x1B,
    0xC7, 0x1B, 0xC7, 0x1B, 0xC7, 0x1B, 0xC7, 0x1B, 0xC7, 0x1B, 0xC7, 0x1B, 0xC7, 0x1B, 0xC7, 0x1B, 0xC7, 0x1B, 0xC7, 0x1B, 0xC7, 0x1B, 0xC7, 0x1B,
    0xC7, 0x1B, 0xC7, 0x1B, 0xC7, 0x1B, 0xC7, 0x1B, 0xC7, 0x1B, 0xC7, 0x1B, 0xC7, 0x1B, 0xC7, 0x1B, 0xC7, 0x1B, 0xC7, 0x1B, 0xC7, 0x1B, 0xC7, 0x1B,
    0xC7, 0x1B, 0xC7, 0x1B, 0xC7, 0x1B, 0xC7, 0x1B, 0xC7, 0x1B, 0xC7, 0x1B, 0xC7, 0x1B, 0xC7, 0x1B, 0xC7, 0x1B, 0xC7, 0x1B, 0xC7, 0x1B, 0xC7, 0x1B,
    0xC7, 0x1B, 0xC7, 0x1B, 0xC7, 0x1B, 0xC7, 0x1B, 0xC7, 0x1B, 0xC7, 0x1B, 0xC7, 0x1B, 0xC7, 0x1B, 0xC7, 0x1B, 0xC7, 0x1B, 0xC7, 0x1B, 0xC7, 0x1B,
    0xC7, 0x1B, 0xC7, 0x1B, 0xC7, 0x1B, 0xC7, 0x1B, 0xC7, 0x1B, 0xC7, 0x1B, 0xC7, 0x1B, 0xC7, 0x1B, 0xC7, 0x1B, 0xC7, 0x1B, 0xC7, 0x1B, 0xC7, 0x1B,
    0xC7, 0x1B, 0xC7, 0x1B, 0xC7, 0x1B, 0xC7, 0x1B, 0xC7, 0x1B, 0xC7, 0x1B, 0xC7, 0x1B, 0xC7, 0x1B, 0xC7, 0x1B, 0xC7, 0x1B, 0xC7, 0x1B, 0xC7, 0x1B,
    0xC7, 0x1B, 0xC7, 0x1B, 0xC7, 0x1B, 0xC7, 0x1B, 0xC7, 0x1B, 0xC7, 0x1B, 0xC7, 0x1B, 0xC7, 0x1B, 0xC7, 0x1B, 0xC7, 0x1B, 0xC7, 0x1B, 0xC7, 0x1B,
    0xC7, 0x1B, 0xC7, 0x1B, 0xC7, 0x1B, 0xC7, 0x1B, 0xC7, 0x1B, 0xC7, 0x1B, 0xC7, 0x1B, 0xC7, 0x1B, 0xC7, 0x1B, 0xC7, 0x1B, 0xC7, 0x1B, 0xC7, 0x1B,
    0xC7, 0x1B, 0xC7, 0x1B, 0xC7, 0x1B, 0xC7, 0x1B, 0xC7, 0x1B, 0xC7, 0x1B, 0xC7, 0x1B, 0xC7, 0x1B, 0xC7, 0x1B, 0xC7, 0x1B, 0xC7, 0x1B, 0xC7, 0x1B,
    0xC7, 0x1B, 0xC7, 0x1B, 0xC7, 0x1B, 0xC7, 0x1B, 0xC7, 0x1B, 0xC7, 0x1B, 0xC7, 0x1B, 0xC7, 0x1B, 0xC7, 0x1B, 0xC7, 0x1B, 0xC7, 0x1B, 0xC7, 0x1B,
    0xC7, 0x1B, 0xC7, 0x1B, 0xC7, 0x1B, 0xC7, 0x1B, 0xC7, 0x1B, 0xC7, 0x1B, 0xC7, 0x1B, 0xC7, 0x1B, 0xC7, 0x1B, 0xC7, 0x1B, 0xC7, 0x1B, 0xC7, 0x1B,
    0xC7, 0x1B, 0xC7, 0x1B, 0xC7, 0x1B, 0xC7, 0x1B, 0xC7, 0x1B, 0xC7, 0x1B, 0xC7, 0x1B, 0xC7, 0x1B, 0xC7, 0x1B, 0xC7, 0x1B, 0xC7, 0x1B, 0xC7, 0x1B,
    0xC7, 0x1B, 0xC7, 0x1B, 0xC7, 0x1B, 0xC7, 0x1B, 0xC7, 0x1B, 0xD7, 0x5C, 0xDF, 0x7C, 0xDF, 0x7D, 0xDF, 0x7D, 0xDF, 0x7D, 0xE7, 0xBE, 0x9E, 0x19,
    0xE7, 0xBE, 0xDF, 0x7C, 0xDF, 0x7D, 0xDF, 0x7D, 0xDF, 0x7D, 0xD7, 0x5C, 0xC7, 0x1B, 0xC7, 0x1B, 0xC7, 0x1B, 0xC7, 0x1B, 0xC7, 0x1B, 0xC7, 0x1B,
    0xC7, 0x1B, 0xC7, 0x1B, 0xC7, 0x1B, 0xC7, 0x1B, 0xC7, 0x1B, 0xC7, 0x1B, 0xC7, 0x1B, 0xC7, 0x1B, 0xC7, 0x1B, 0xC7, 0x1B, 0xC7, 0x1B, 0xC7, 0x1B,
    0xC7, 0x1B, 0xC7, 0x1B, 0xC7, 0x1B, 0xC7, 0x1B, 0xC7, 0x1B, 0xC7, 0x1B, 0xC7, 0x1B, 0xC7, 0x1B, 0xC7, 0x1B, 0xC7, 0x1B, 0xC7, 0x1B, 0xC7, 0x1B,
    0xC7, 0x1B, 0xC7, 0x1B, 0xC7, 0x1B, 0xC7, 0x1B, 0xC7, 0x1B, 0xC7, 0x1B, 0xC7, 0x1B, 0xC7, 0x1B, 0xC7, 0x1B, 0xC7, 0x1B, 0xC7, 0x1B, 0xC7, 0x1B,
    0xC7, 0x1B, 0xC7, 0x1B, 0xC7, 0x1B, 0xC7, 0x1B, 0xC7, 0x1B, 0xC7, 0x1B, 0xC7, 0x1B, 0xC7, 0x1B, 0xC7, 0x1B, 0xC7, 0x1B, 0xC7, 0x1B, 0xC7, 0x1B,
    0xC7, 0x1B, 0xC7, 0x1B, 0xC7, 0x1B, 0xC7, 0x1B, 0xC7, 0x1B, 0xC7, 0x1B, 0xC7, 0x1B, 0xC7, 0x1B, 0xC7, 0x1B, 0xC7, 0x1B, 0xC7, 0x1B, 0xC7, 0x1B,
    0xC7, 0x1B, 0xC7, 0x1B, 0xC7, 0x1B, 0xC7, 0x1B, 0xC7, 0x1B, 0xC7, 0x1B, 0xC7, 0x1B, 0xC7, 0x1B, 0xC7, 0x1B, 0xC7, 0x1B, 0xC7, 0x1B, 0xC7, 0x1B,
    0xC7, 0x1B, 0xC7, 0x1B, 0xC7, 0x1B, 0xC7, 0x1B, 0xC7, 0x1B, 0xC7, 0x1B, 0xC7, 0x1B, 0xC7, 0x1B, 0xC7, 0x1B, 0xC7, 0x1B, 0xC7, 0x1B, 0xC7, 0x1B,
    0xC7, 0x1B, 0xC7, 0x1B, 0xC7, 0x1B, 0xC7, 0x1B, 0xC7, 0x1B, 0xC7, 0x1B, 0xC7, 0x1B, 0xC7, 0x1B, 0xC7, 0x1B, 0xC7, 0x1B, 0xC7, 0x1B, 0xC7, 0x1B,
    0xC7, 0x1B, 0xC7, 0x1B, 0xC7, 0x1B, 0xC7, 0x1B, 0xC7, 0x1B, 0xC7, 0x1B, 0xC7, 0x1B, 0xC7, 0x1B, 0xC7, 0x1B, 0xC7, 0x1B, 0xC7, 0x1B, 0xC7, 0x1B,
    0xC7, 0x1B, 0xC7, 0x1B, 0xC7, 0x1B, 0xC7, 0x1B, 0xC7, 0x1B, 0xC7, 0x1B, 0xC7, 0x1B, 0xC7, 0x1B, 0xC7, 0x1B, 0xC7, 0x1B, 0xC7, 0x1B, 0xC7, 0x1B,
    0xC7, 0x1B, 0xC7, 0x1B, 0xC7, 0x1B, 0xC7, 0x1B, 0xC7, 0x1B, 0xC7, 0x1B, 0xC7, 0x1B, 0xC7, 0x1B, 0xC7, 0x1B, 0xC7, 0x1B, 0xC7, 0x1B, 0xC7, 0x1B,
    0xC7, 0x1B, 0xC7, 0x1B, 0xC7, 0x1B, 0xC7, 0x1B, 0xC7, 0x1B, 0xC7, 0x1B, 0xC7, 0x1B, 0xC7, 0x1B, 0xC7, 0x1B, 0xC7, 0x1B, 0xC7, 0x1B, 0xC7, 0x1B,
    0xC7, 0x1B, 0xC7, 0x1B, 0xC7, 0x1B, 0xC7, 0x1B, 0xC7, 0x1B, 0xC7, 0x1B, 0xC7, 0x1B, 0xC7, 0x1B, 0xC7, 0x1B, 0xC7, 0x1B, 0xC7, 0x1B, 0xC7, 0x1B,
    0xC7, 0x1B, 0xC7, 0x1B, 0xC7, 0x1B, 0xC7, 0x1B, 0xC7, 0x1B, 0xC7, 0x1B, 0xC7, 0x1B, 0xC7, 0x1B, 0xC7, 0x1B, 0xC7, 0x1B, 0xC7, 0x1B, 0xC7, 0x1B,
    0xC7, 0x1B, 0xC7, 0x1B, 0xC7, 0x1B, 0xC7, 0x1B, 0xC7, 0x1B, 0xC7, 0x1B, 0xC7, 0x1B, 0xC7, 0x1B, 0xC7, 0x1B, 0xC7, 0x1B, 0xC7, 0x1B, 0xC7, 0x1B,
    0xC7, 0x1B, 0xC7, 0x1B, 0xC7, 0x1B, 0xC7, 0x1B, 0xC7, 0x1B, 0xC7, 0x1B, 0xC7, 0x1B, 0xC7, 0x1B, 0xC7, 0x1B, 0xC7, 0x1B, 0xC7, 0x1B, 0xC7, 0x1B,
    0xC7, 0x1B, 0xC7, 0x1B, 0xC7, 0x1B, 0xC7, 0x1B, 0xC7, 0x1B, 0xC7, 0x1B, 0xC7, 0x1B, 0xC7, 0x1B, 0xC7, 0x1B, 0xC7, 0x1B, 0xC7, 0x1B, 0xC7, 0x1B,
    0xC7, 0x1B, 0xC7, 0x1B, 0xC7, 0x1B, 0xC7, 0x1B, 0xC7, 0x1B, 0xC7, 0x1B, 0xC7, 0x1B, 0xC7, 0x1B, 0xC7, 0x1B, 0xC7, 0x1B, 0xC7, 0x1B, 0xC7, 0x1B,
    0xC7, 0x1B, 0xC7, 0x1B, 0xC7, 0x1B, 0xC7, 0x1B, 0xC7, 0x1B, 0xEF, 0xBE, 0xDF, 0xDF, 0xCF, 0x3D, 0xCF, 0x5E, 0xCF, 0x5E, 0xC7, 0x3D, 0xC6, 0xFC,
    0xC7, 0x1D, 0xC7, 0x3E, 0xC7, 0x3E, 0xC7, 0x3E, 0xCF, 0x9F, 0xCF, 0x3D, 0xC7, 0x1B, 0xC7, 0x1B, 0xC7, 0x1A, 0xC7, 0x1B, 0xC7, 0x1B, 0xC7, 0x1B,
    0xC7, 0x1B, 0xC7, 0x1B, 0xC7, 0x1B, 0xC7, 0x1B, 0xC7, 0x1B, 0xC7, 0x1B, 0xC7, 0x1B, 0xC7, 0x1B, 0xC7, 0x1B, 0xC7, 0x1B, 0xC7, 0x1B, 0xC7, 0x1B,
    0xC7, 0x1B, 0xC7, 0x1B, 0xC7, 0x1B, 0xC7, 0x1B, 0xC7, 0x1B, 0xC7, 0x1B, 0xC7, 0x1B, 0xC7, 0x1B, 0xC7, 0x1B, 0xC7, 0x1B, 0xC7, 0x1B, 0xC7, 0x1B,
    0xC7, 0x1B, 0xC7, 0x1B, 0xC7, 0x1B, 0xC7, 0x1B, 0xC7, 0x1B, 0xC7, 0x1B, 0xC7, 0x1B, 0xC7, 0x1B, 0xC7, 0x1B, 0xC7, 0x1B, 0xC7, 0x1B, 0xC7, 0x1B,
    0xC7, 0x1B, 0xC7, 0x1B, 0xC7, 0x1B, 0xC7, 0x1B, 0xC7, 0x1B, 0xC7, 0x1B, 0xC7, 0x1B, 0xC7, 0x1B, 0xC7, 0x1B, 0xC7, 0x1B, 0xC7, 0x1B, 0xC7, 0x1B,
    0xC7, 0x1B, 0xC7, 0x1B, 0xC7, 0x1B, 0xC7, 0x1B, 0xC7, 0x1B, 0xC7, 0x1B, 0xC7, 0x1B, 0xC7, 0x1B, 0xC7, 0x1B, 0xC7, 0x1B, 0xC7, 0x1B, 0xC7, 0x1B,
    0xC7, 0x1B, 0xC7, 0x1B, 0xC7, 0x1B, 0xC7, 0x1B, 0xC7, 0x1B, 0xC7, 0x1B, 0xC7, 0x1B, 0xC7, 0x1B, 0xC7, 0x1B, 0xC7, 0x1B, 0xC7, 0x1B, 0xC7, 0x1B,
    0xC7, 0x1B, 0xC7, 0x1B, 0xC7, 0x1B, 0xC7, 0x1B, 0xC7, 0x1B, 0xC7, 0x1B, 0xC7, 0x1B, 0xC7, 0x1B, 0xC7, 0x1B, 0xC7, 0x1B, 0xC7, 0x1B, 0xC7, 0x1B,
    0xC7, 0x1B, 0xC7, 0x1B, 0xC7, 0x1B, 0xC7, 0x1B, 0xC7, 0x1B, 0xC7, 0x1B, 0xC7, 0x1B, 0xC7, 0x1B, 0xC7, 0x1B, 0xC7, 0x1B, 0xC7, 0x1B, 0xC7, 0x1B,
    0xC7, 0x1B, 0xC7, 0x1B, 0xC7, 0x1B, 0xC7, 0x1B, 0xC7, 0x1B, 0xC7, 0x1B, 0xC7, 0x1B, 0xC7, 0x1B, 0xC7, 0x1B, 0xC7, 0x1B, 0xC7, 0x1B, 0xC7, 0x1B,
    0xC7, 0x1B, 0xC7, 0x1B, 0xC7, 0x1B, 0xC7, 0x1B, 0xC7, 0x1B, 0xC7, 0x1B, 0xC7, 0x1B, 0xC7, 0x1B, 0xC7, 0x1B, 0xC7, 0x1B, 0xC7, 0x1B, 0xC7, 0x1B,
    0xC7, 0x1B, 0xC7, 0x1B, 0xC7, 0x1B, 0xC7, 0x1B, 0xC7, 0x1B, 0xC7, 0x1B, 0xC7, 0x1B, 0xC7, 0x1B, 0xC7, 0x1B, 0xC7, 0x1B, 0xC7, 0x1B, 0xC7, 0x1B,
    0xC7, 0x1B, 0xC7, 0x1B, 0xC7, 0x1B, 0xC7, 0x1B, 0xC7, 0x1B, 0xC7, 0x1B, 0xC7, 0x1B, 0xC7, 0x1B, 0xC7, 0x1B, 0xC7, 0x1B, 0xC7, 0x1B, 0xC7, 0x1B,
    0xC7, 0x1B, 0xC7, 0x1B, 0xC7, 0x1B, 0xC7, 0x1B, 0xC7, 0x1B, 0xC7, 0x1B, 0xC7, 0x1B, 0xC7, 0x1B, 0xC7, 0x1B, 0xC7, 0x1B, 0xC7, 0x1B, 0xC7, 0x1B,
    0xC7, 0x1B, 0xC7, 0x1B, 0xC7, 0x1B, 0xC7, 0x1B, 0xC7, 0x1B, 0xC7, 0x1B, 0xC7, 0x1B, 0xC7, 0x1B, 0xC7, 0x1B, 0xC7, 0x1B, 0xC7, 0x1B, 0xC7, 0x1B,
    0xC7, 0x1B, 0xC7, 0x1B, 0xC7, 0x1B, 0xC7, 0x1B, 0xC7, 0x1B, 0xC7, 0x1B, 0xC7, 0x1B, 0xC7, 0x1B, 0xC7, 0x1B, 0xC7, 0x1B, 0xC7, 0x1B, 0xC7, 0x1B,
    0xC7, 0x1B, 0xC7, 0x1B, 0xC7, 0x1B, 0xC7, 0x1B, 0xC7, 0x1B, 0xC7, 0x1B, 0xC7, 0x1B, 0xC7, 0x1B, 0xC7, 0x1B, 0xC7, 0x1B, 0xC7, 0x1B, 0xC7, 0x1B,
    0xC7, 0x1B, 0xC7, 0x1B, 0xC7, 0x1B, 0xC7, 0x1B, 0xC7, 0x1B, 0xC7, 0x1B, 0xC7, 0x1B, 0xC7, 0x1B, 0xC7, 0x1B, 0xC7, 0x1B, 0xC7, 0x1B, 0xC7, 0x1B,
    0xC7, 0x1B, 0xC7, 0x1B, 0xC7, 0x1B, 0xC7, 0x1B, 0xC7, 0x1B, 0xC7, 0x1B, 0xC7, 0x1B, 0xC7, 0x1B, 0xC7, 0x1B, 0xC7, 0x1B, 0xC7, 0x1B, 0xC7, 0x1B,
    0xC7, 0x1B, 0xC7, 0x1B, 0xC7, 0x1B, 0xC7, 0x1B, 0xC7, 0x1B, 0xEF, 0xBE, 0xCF, 0x7E, 0xC7, 0x1D, 0xC7, 0x1D, 0xC7, 0x1D, 0xBE, 0xFD, 0xBE, 0xDC,
    0xBE, 0xDD, 0xBE, 0xFD, 0xBE, 0xFC, 0xBE, 0xFD, 0xBF, 0x1E, 0xCF, 0x5E, 0xCF, 0x1B, 0xC7, 0x1B, 0xC7, 0x1B, 0xC7, 0x1B, 0xC7, 0x1B, 0xC7, 0x1B,
    0xC7, 0x1B, 0xC7, 0x1B, 0xC7, 0x1B, 0xC7, 0x1B, 0xC7, 0x1B, 0xC7, 0x1B, 0xC7, 0x1B, 0xC7, 0x1B, 0xC7, 0x1B, 0xC7, 0x1B, 0xC7, 0x1B, 0xC7, 0x1B,
    0xC7, 0x1B, 0xC7, 0x1B, 0xC7, 0x1B, 0xC7, 0x1B, 0xC7, 0x1B, 0xC7, 0x1B, 0xC7, 0x1B, 0xC7, 0x1B, 0xC7, 0x1B, 0xC7, 0x1B, 0xC7, 0x1B, 0xC7, 0x1B,
    0xC7, 0x1B, 0xC7, 0x1B, 0xC7, 0x1B, 0xC7, 0x1B, 0xC7, 0x1B, 0xC7, 0x1B, 0xC7, 0x1B, 0xC7, 0x1B, 0xC7, 0x1B, 0xC7, 0x1B, 0xC7, 0x1B, 0xC7, 0x1B,
    0xC7, 0x1B, 0xC7, 0x1B, 0xC7, 0x1B, 0xC7, 0x1B, 0xC7, 0x1B, 0xC7, 0x1B, 0xC7, 0x1B, 0xC7, 0x1B, 0xC7, 0x1B, 0xC7, 0x1B, 0xC7, 0x1B, 0xC7, 0x1B,
    0xC7, 0x1B, 0xC7, 0x1B, 0xC7, 0x1B, 0xC7, 0x1B, 0xC7, 0x1B, 0xC7, 0x1B, 0xC7, 0x1B, 0xC7, 0x1B, 0xC7, 0x1B, 0xC7, 0x1B, 0xC7, 0x1B, 0xC7, 0x1B,
    0xC7, 0x1B, 0xC7, 0x1B, 0xC7, 0x1B, 0xC7, 0x1B, 0xC7, 0x1B, 0xC7, 0x1B, 0xC7, 0x1B, 0xC7, 0x1B, 0xC7, 0x1B, 0xC7, 0x1B, 0xC7, 0x1B, 0xC7, 0x1B,
    0xC7, 0x1B, 0xC7, 0x1B, 0xC7, 0x1B, 0xC7, 0x1B, 0xC7, 0x1B, 0xC7, 0x1B, 0xC7, 0x1B, 0xC7, 0x1B, 0xC7, 0x1B, 0xC7, 0x1B, 0xC7, 0x1B, 0xC7, 0x1B,
    0xC7, 0x1B, 0xC7, 0x1B, 0xC7, 0x1B, 0xC7, 0x1B, 0xC7, 0x1B, 0xC7, 0x1B, 0xC7, 0x1B, 0xC7, 0x1B, 0xC7, 0x1B, 0xC7, 0x1B, 0xC7, 0x1B, 0xC7, 0x1B,
    0xC7, 0x1B, 0xC7, 0x1B, 0xC7, 0x1B, 0xC7, 0x1B, 0xC7, 0x1B, 0xC7, 0x1B, 0xC7, 0x1B, 0xC7, 0x1B, 0xC7, 0x1B, 0xC7, 0x1B, 0xC7, 0x1B, 0xC7, 0x1B,
    0xC7, 0x1B, 0xC7, 0x1B, 0xC7, 0x1B, 0xC7, 0x1B, 0xC7, 0x1B, 0xC7, 0x1B, 0xC7, 0x1B, 0xC7, 0x1B, 0xC7, 0x1B, 0xC7, 0x1B, 0xC7, 0x1B, 0xC7, 0x1B,
    0xC7, 0x1B, 0xC7, 0x1B, 0xC7, 0x1B, 0xC7, 0x1B, 0xC7, 0x1B, 0xC7, 0x1B, 0xC7, 0x1B, 0xC7, 0x1B, 0xC7, 0x1B, 0xC7, 0x1B, 0xC7, 0x1B, 0xC7, 0x1B,
    0xC7, 0x1B, 0xC7, 0x1B, 0xC7, 0x1B, 0xC7, 0x1B, 0xC7, 0x1B, 0xC7, 0x1B, 0xC7, 0x1B, 0xC7, 0x1B, 0xC7, 0x1B, 0xC7, 0x1B, 0xC7, 0x1B, 0xC7, 0x1B,
    0xC7, 0x1B, 0xC7, 0x1B, 0xC7, 0x1B, 0xC7, 0x1B, 0xC7, 0x1B, 0xC7, 0x1B, 0xC7, 0x1B, 0xC7, 0x1B, 0xC7, 0x1B, 0xC7, 0x1B, 0xC7, 0x1B, 0xC7, 0x1B,
    0xC7, 0x1B, 0xC7, 0x1B, 0xC7, 0x1B, 0xC7, 0x1B, 0xC7, 0x1B, 0xC7, 0x1B, 0xC7, 0x1B, 0xC7, 0x1B, 0xC7, 0x1B, 0xC7, 0x1B, 0xC7, 0x1B, 0xC7, 0x1B,
    0xC7, 0x1B, 0xC7, 0x1B, 0xC7, 0x1B, 0xC7, 0x1B, 0xC7, 0x1B, 0xC7, 0x1B, 0xC7, 0x1B, 0xC7, 0x1B, 0xC7, 0x1B, 0xC7, 0x1B, 0xC7, 0x1B, 0xC7, 0x1B,
    0xC7, 0x1B, 0xC7, 0x1B, 0xC7, 0x1B, 0xC7, 0x1B, 0xC7, 0x1B, 0xC7, 0x1B, 0xC7, 0x1B, 0xC7, 0x1B, 0xC7, 0x1B, 0xC7, 0x1B, 0xC7, 0x1B, 0xC7, 0x1B,
    0xC7, 0x1B, 0xC7, 0x1B, 0xC7, 0x1B, 0xC7, 0x1B, 0xC7, 0x1B, 0xC7, 0x1B, 0xC7, 0x1B, 0xC7, 0x1B, 0xC7, 0x1B, 0xC7, 0x1B, 0xC7, 0x1B, 0xC7, 0x1B,
    0xC7, 0x1B, 0xC7, 0x1B, 0xC7, 0x1B, 0xC7, 0x1B, 0xC7, 0x1B, 0xC7, 0x1B, 0xC7, 0x1B, 0xC7, 0x1B, 0xC7, 0x1B, 0xC7, 0x1B, 0xC7, 0x1B, 0xC7, 0x1B,
    0xC7, 0x1B, 0xC7, 0x1B, 0xC7, 0x1B, 0xC7, 0x1B, 0xC7, 0x1B, 0xF7, 0xBE, 0xCF, 0x7E, 0xC7, 0x1D, 0xBE, 0xFD, 0xBE, 0xFD, 0xBE, 0xFD, 0xBE, 0xFD,
    0xBE, 0xFD, 0xBE, 0xFD, 0xBE, 0xFD, 0xBE, 0xFC, 0xBF, 0x1D, 0xCF, 0x7E, 0xC7, 0x1B, 0xC7, 0x1B, 0xC7, 0x1B, 0xC7, 0x1B, 0xC7, 0x1B, 0xC7, 0x1B,
    0xC7, 0x1B, 0xC7, 0x1B, 0xC7, 0x1B, 0xC7, 0x1B, 0xC7, 0x1B, 0xC7, 0x1B, 0xC7, 0x1B, 0xC7, 0x1B, 0xC7, 0x1B, 0xC7, 0x1B, 0xC7, 0x1B, 0xC7, 0x1B,
    0xC7, 0x1B, 0xC7, 0x1B, 0xC7, 0x1B, 0xC7, 0x1B, 0xC7, 0x1B, 0xC7, 0x1B, 0xC7, 0x1B, 0xC7, 0x1B, 0xC7, 0x1B, 0xC7, 0x1B, 0xC7, 0x1B, 0xC7, 0x1B,
    0xC7, 0x1B, 0xC7, 0x1B, 0xC7, 0x1B, 0xC7, 0x1B, 0xC7, 0x1B, 0xC7, 0x1B, 0xC7, 0x1B, 0xC7, 0x1B, 0xC7, 0x1B, 0xC7, 0x1B, 0xC7, 0x1B, 0xC7, 0x1B,
    0xC7, 0x1B, 0xC7, 0x1B, 0xC7, 0x1B, 0xC7, 0x1B, 0xC7, 0x1B, 0xC7, 0x1B, 0xC7, 0x1B, 0xC7, 0x1B, 0xC7, 0x1B, 0xC7, 0x1B, 0xC7, 0x1B, 0xC7, 0x1B,
    0xC7, 0x1B, 0xC7, 0x1B, 0xC7, 0x1B, 0xC7, 0x1B, 0xC7, 0x1B, 0xC7, 0x1B, 0xC7, 0x1B, 0xC7, 0x1B, 0xC7, 0x1B, 0xC7, 0x1B, 0xC7, 0x1B, 0xC7, 0x1B,
    0xC7, 0x1B, 0xC7, 0x1B, 0xC7, 0x1B, 0xC7, 0x1B, 0xC7, 0x1B, 0xC7, 0x1B, 0xC7, 0x1B, 0xC7, 0x1B, 0xC7, 0x1B, 0xC7, 0x1B, 0xC7, 0x1B, 0xC7, 0x1B,
    0xC7, 0x1B, 0xC7, 0x1B, 0xC7, 0x1B, 0xC7, 0x1B, 0xC7, 0x1B, 0xC7, 0x1B, 0xC7, 0x1B, 0xC7, 0x1B, 0xC7, 0x1B, 0xC7, 0x1B, 0xC7, 0x1B, 0xC7, 0x1B,
    0xC7, 0x1B, 0xC7, 0x1B, 0xC7, 0x1B, 0xC7, 0x1B, 0xC7, 0x1B, 0xC7, 0x1B, 0xC7, 0x1B, 0xC7, 0x1B, 0xC7, 0x1B, 0xC7, 0x1B, 0xC7, 0x1B, 0xC7, 0x1B,
    0xC7, 0x1B, 0xC7, 0x1B, 0xC7, 0x1B, 0xC7, 0x1B, 0xC7, 0x1B, 0xC7, 0x1B, 0xC7, 0x1B, 0xC7, 0x1B, 0xC7, 0x1B, 0xC7, 0x1B, 0xC7, 0x1B, 0xC7, 0x1B,
    0xC7, 0x1B, 0xC7, 0x1B, 0xC7, 0x1B, 0xC7, 0x1B, 0xC7, 0x1B, 0xC7, 0x1B, 0xC7, 0x1B, 0xC7, 0x1B, 0xC7, 0x1B, 0xC7, 0x1B, 0xC7, 0x1B, 0xC7, 0x1B,
    0xC7, 0x1B, 0xC7, 0x1B, 0xC7, 0x1B, 0xC7, 0x1B, 0xC7, 0x1B, 0xC7, 0x1B, 0xC7, 0x1B, 0xC7, 0x1B, 0xC7, 0x1B, 0xC7, 0x1B, 0xC7, 0x1B, 0xC7, 0x1B,
    0xC7, 0x1B, 0xC7, 0x1B, 0xC7, 0x1B, 0xC7, 0x1B, 0xC7, 0x1B, 0xC7, 0x1B, 0xC7, 0x1B, 0xC7, 0x1B, 0xC7, 0x1B, 0xC7, 0x1B, 0xC7, 0x1B, 0xC7, 0x1B,
    0xC7, 0x1B, 0xC7, 0x1B, 0xC7, 0x1B, 0xC7, 0x1B, 0xC7, 0x1B, 0xC7, 0x1B, 0xC7, 0x1B, 0xC7, 0x1B, 0xC7, 0x1B, 0xC7, 0x1B, 0xC7, 0x1B, 0xC7, 0x1B,
    0xC7, 0x1B, 0xC7, 0x1B, 0xC7, 0x1B, 0xC7, 0x1B, 0xC7, 0x1B, 0xC7, 0x1B, 0xC7, 0x1B, 0xC7, 0x1B, 0xC7, 0x1B, 0xC7, 0x1B, 0xC7, 0x1B, 0xC7, 0x1B,
    0xC7, 0x1B, 0xC7, 0x1B, 0xC7, 0x1B, 0xC7, 0x1B, 0xC7, 0x1B, 0xC7, 0x1B, 0xC7, 0x1B, 0xC7, 0x1B, 0xC7, 0x1B, 0xC7, 0x1B, 0xC7, 0x1B, 0xC7, 0x1B,
    0xC7, 0x1B, 0xC7, 0x1B, 0xC7, 0x1B, 0xC7, 0x1B, 0xC7, 0x1B, 0xC7, 0x1B, 0xC7, 0x1B, 0xC7, 0x1B, 0xC7, 0x1B, 0xC7, 0x1B, 0xC7, 0x1B, 0xC7, 0x1B,
    0xC7, 0x1B, 0xC7, 0x1B, 0xC7, 0x1B, 0xC7, 0x1B, 0xC7, 0x1B, 0xC7, 0x1B, 0xC7, 0x1B, 0xC7, 0x1B, 0xC7, 0x1B, 0xC7, 0x1B, 0xC7, 0x1B, 0xC7, 0x1B,
    0xC7, 0x1B, 0xC7, 0x1B, 0xC7, 0x1B, 0xC7, 0x1B, 0xC7, 0x1B, 0xC7, 0x1B, 0xC7, 0x1B, 0xC7, 0x1B, 0xC7, 0x1B, 0xC7, 0x1B, 0xC7, 0x1B, 0xC7, 0x1B,
    0xC7, 0x1B, 0xC7, 0x1B, 0xD7, 0x3C, 0xD7, 0x5C, 0xD7, 0x5C, 0xD7, 0xBF, 0xBF, 0x1D, 0xBE, 0xDC, 0xB6, 0xDC, 0xB6, 0xDC, 0xB6, 0xDC, 0xB6, 0xDC,
    0xB6, 0xBC, 0xB6, 0xBB, 0xB6, 0xBB, 0xB6, 0xBC, 0xB6, 0xDC, 0xBE, 0xFC, 0xDF, 0x7C, 0xDF, 0x5C, 0xD7, 0x5C, 0xCF, 0x1B, 0xC7, 0x1B, 0xC7, 0x1A,
    0xC7, 0x1B, 0xC7, 0x1B, 0xC7, 0x1B, 0xC7, 0x1B, 0xC7, 0x1B, 0xC7, 0x1B, 0xC7, 0x1B, 0xC7, 0x1B, 0xC7, 0x1B, 0xC7, 0x1B, 0xC7, 0x1B, 0xC7, 0x1B,
    0xC7, 0x1B, 0xC7, 0x1B, 0xC7, 0x1B, 0xC7, 0x1B, 0xC7, 0x1B, 0xC7, 0x1B, 0xC7, 0x1B, 0xC7, 0x1B, 0xC7, 0x1B, 0xC7, 0x1B, 0xC7, 0x1B, 0xC7, 0x1B,
    0xC7, 0x1B, 0xC7, 0x1B, 0xC7, 0x1B, 0xC7, 0x1B, 0xC7, 0x1B, 0xC7, 0x1B, 0xC7, 0x1B, 0xC7, 0x1B, 0xC7, 0x1B, 0xC7, 0x1B, 0xC7, 0x1B, 0xC7, 0x1B,
    0xC7, 0x1B, 0xC7, 0x1B, 0xC7, 0x1B, 0xC7, 0x1B, 0xC7, 0x1B, 0xC7, 0x1B, 0xC7, 0x1B, 0xC7, 0x1B, 0xC7, 0x1B, 0xC7, 0x1B, 0xC7, 0x1B, 0xC7, 0x1B,
    0xC7, 0x1B, 0xC7, 0x1B, 0xC7, 0x1B, 0xC7, 0x1B, 0xC7, 0x1B, 0xC7, 0x1B, 0xC7, 0x1B, 0xC7, 0x1B, 0xC7, 0x1B, 0xC7, 0x1B, 0xC7, 0x1B, 0xC7, 0x1B,
    0xC7, 0x1B, 0xC7, 0x1B, 0xC7, 0x1B, 0xC7, 0x1B, 0xC7, 0x1B, 0xC7, 0x1B, 0xC7, 0x1B, 0xC7, 0x1B, 0xC7, 0x1B, 0xC7, 0x1B, 0xC7, 0x1B, 0xC7, 0x1B,
    0xC7, 0x1B, 0xC7, 0x1B, 0xC7, 0x1B, 0xC7, 0x1B, 0xC7, 0x1B, 0xC7, 0x1B, 0xC7, 0x1B, 0xC7, 0x1B, 0xC7, 0x1B, 0xC7, 0x1B, 0xC7, 0x1B, 0xC7, 0x1B,
    0xC7, 0x1B, 0xC7, 0x1B, 0xC7, 0x1B, 0xC7, 0x1B, 0xC7, 0x1B, 0xC7, 0x1B, 0xC7, 0x1B, 0xC7, 0x1B, 0xC7, 0x1B, 0xC7, 0x1B, 0xC7, 0x1B, 0xC7, 0x1B,
    0xC7, 0x1B, 0xC7, 0x1B, 0xC7, 0x1B, 0xC7, 0x1B, 0xC7, 0x1B, 0xC7, 0x1B, 0xC7, 0x1B, 0xC7, 0x1B, 0xC7, 0x1B, 0xC7, 0x1B, 0xC7, 0x1B, 0xC7, 0x1B,
    0xC7, 0x1B, 0xC7, 0x1B, 0xC7, 0x1B, 0xC7, 0x1B, 0xC7, 0x1B, 0xC7, 0x1B, 0xC7, 0x1B, 0xC7, 0x1B, 0xC7, 0x1B, 0xC7, 0x1B, 0xC7, 0x1B, 0xC7, 0x1B,
    0xC7, 0x1B, 0xC7, 0x1B, 0xC7, 0x1B, 0xC7, 0x1B, 0xC7, 0x1B, 0xC7, 0x1B, 0xC7, 0x1B, 0xC7, 0x1B, 0xC7, 0x1B, 0xC7, 0x1B, 0xC7, 0x1B, 0xC7, 0x1B,
    0xC7, 0x1B, 0xC7, 0x1B, 0xC7, 0x1B, 0xC7, 0x1B, 0xC7, 0x1B, 0xC7, 0x1B, 0xC7, 0x1B, 0xC7, 0x1B, 0xC7, 0x1B, 0xC7, 0x1B, 0xC7, 0x1B, 0xC7, 0x1B,
    0xC7, 0x1B, 0xC7, 0x1B, 0xC7, 0x1B, 0xC7, 0x1B, 0xC7, 0x1B, 0xC7, 0x1B, 0xC7, 0x1B, 0xC7, 0x1B, 0xC7, 0x1B, 0xC7, 0x1B, 0xC7, 0x1B, 0xC7, 0x1B,
    0xC7, 0x1B, 0xC7, 0x1B, 0xC7, 0x1B, 0xC7, 0x1B, 0xC7, 0x1B, 0xC7, 0x1B, 0xC7, 0x1B, 0xC7, 0x1B, 0xC7, 0x1B, 0xC7, 0x1B, 0xC7, 0x1B, 0xC7, 0x1B,
    0xC7, 0x1B, 0xC7, 0x1B, 0xC7, 0x1B, 0xC7, 0x1B, 0xC7, 0x1B, 0xC7, 0x1B, 0xC7, 0x1B, 0xC7, 0x1B, 0xC7, 0x1B, 0xC7, 0x1B, 0xC7, 0x1B, 0xC7, 0x1B,
    0xC7, 0x1B, 0xC7, 0x1B, 0xC7, 0x1B, 0xC7, 0x1B, 0xC7, 0x1B, 0xC7, 0x1B, 0xC7, 0x1B, 0xC7, 0x1B, 0xC7, 0x1B, 0xC7, 0x1B, 0xC7, 0x1B, 0xC7, 0x1B,
    0xC7, 0x1B, 0xC7, 0x1B, 0xC7, 0x1B, 0xC7, 0x1B, 0xC7, 0x1B, 0xC7, 0x1B, 0xC7, 0x1B, 0xC7, 0x1B, 0xC7, 0x1B, 0xC7, 0x1B, 0xC7, 0x1B, 0xC7, 0x1B,
    0xC7, 0x1A, 0xC7, 0x1A, 0xC7, 0x1A, 0xC7, 0x1A, 0xC7, 0x1A, 0xC7, 0x1A, 0xC7, 0x1A, 0xC7, 0x1A, 0xC7, 0x1A, 0xC7, 0x1A, 0xC7, 0x1A, 0xC7, 0x1A,
    0xC7, 0x1A, 0xCF, 0x3B, 0x9D, 0xF8, 0x9D, 0xF9, 0x9D, 0xF9, 0x95, 0xF9, 0x95, 0xF9, 0x95, 0xF9, 0x9D, 0xF9, 0x9D, 0xF9, 0x9D, 0xF9, 0x95, 0xF9,
    0x95, 0xF9, 0x95, 0xF9, 0x95, 0xF8, 0x95, 0xD9, 0x95, 0xD8, 0x95, 0xD8, 0x9E, 0x19, 0x9E, 0x19, 0x9E, 0x18, 0xD7, 0x5C, 0xC7, 0x1A, 0xC7, 0x1A,
    0xC7, 0x1A, 0xC7, 0x1A, 0xC7, 0x1A, 0xC7, 0x1A, 0xC7, 0x1A, 0xC7, 0x1A, 0xC7, 0x1A, 0xC7, 0x1A, 0xC7, 0x1A, 0xC7, 0x1A, 0xC7, 0x1A, 0xC7, 0x1A,
    0xC7, 0x1A, 0xC7, 0x1A, 0xC7, 0x1A, 0xC7, 0x1A, 0xC7, 0x1A, 0xC7, 0x1A, 0xC7, 0x1A, 0xC7, 0x1A, 0xC7, 0x1A, 0xC7, 0x1A, 0xC7, 0x1A, 0xC7, 0x1A,
    0xC7, 0x1A, 0xC7, 0x1A, 0xC7, 0x1A, 0xC7, 0x1A, 0xC7, 0x1A, 0xC7, 0x1A, 0xC7, 0x1A, 0xC7, 0x1A, 0xC7, 0x1A, 0xC7, 0x1A, 0xC7, 0x1A, 0xC7, 0x1A,
    0xC7, 0x1A, 0xC7, 0x1A, 0xC7, 0x1A, 0xC7, 0x1A, 0xC7, 0x1A, 0xC7, 0x1A, 0xC7, 0x1A, 0xC7, 0x1A, 0xC7, 0x1A, 0xC7, 0x1A, 0xC7, 0x1A, 0xC7, 0x1A,
    0xC7, 0x1A, 0xC7, 0x1A, 0xC7, 0x1A, 0xC7, 0x1A, 0xC7, 0x1A, 0xC7, 0x1A, 0xC7, 0x1A, 0xC7, 0x1A, 0xC7, 0x1A, 0xC7, 0x1A, 0xC7, 0x1A, 0xC7, 0x1A,
    0xC7, 0x1A, 0xC7, 0x1A, 0xC7, 0x1A, 0xC7, 0x1A, 0xC7, 0x1A, 0xC7, 0x1A, 0xC7, 0x1A, 0xC7, 0x1A, 0xC7, 0x1A, 0xC7, 0x1A, 0xC7, 0x1A, 0xC7, 0x1A,
    0xC7, 0x1A, 0xC7, 0x1A, 0xC7, 0x1A, 0xC7, 0x1A, 0xC7, 0x1A, 0xC7, 0x1A, 0xC7, 0x1A, 0xC7, 0x1A, 0xC7, 0x1A, 0xC7, 0x1A, 0xC7, 0x1A, 0xC7, 0x1A,
    0xC7, 0x1A, 0xC7, 0x1A, 0xC7, 0x1A, 0xC7, 0x1A, 0xC7, 0x1A, 0xC7, 0x1A, 0xC7, 0x1A, 0xC7, 0x1A, 0xC7, 0x1A, 0xC7, 0x1A, 0xC7, 0x1A, 0xC7, 0x1A,
    0xC7, 0x1A, 0xC7, 0x1A, 0xC7, 0x1A, 0xC7, 0x1A, 0xC7, 0x1A, 0xC7, 0x1A, 0xC7, 0x1A, 0xC7, 0x1A, 0xC7, 0x1A, 0xC7, 0x1A, 0xC7, 0x1A, 0xC7, 0x1A,
    0xC7, 0x1A, 0xC7, 0x1A, 0xC7, 0x1A, 0xC7, 0x1A, 0xC7, 0x1A, 0xC7, 0x1A, 0xC7, 0x1A, 0xC7, 0x1A, 0xC7, 0x1A, 0xC7, 0x1A, 0xC7, 0x1A, 0xC7, 0x1A,
    0xC7, 0x1A, 0xC7, 0x1A, 0xC7, 0x1A, 0xC7, 0x1A, 0xC7, 0x1A, 0xC7, 0x1A, 0xC7, 0x1A, 0xC7, 0x1A, 0xC7, 0x1A, 0xC7, 0x1A, 0xC7, 0x1A, 0xC7, 0x1A,
    0xC7, 0x1A, 0xC7, 0x1A, 0xC7, 0x1A, 0xC7, 0x1A, 0xC7, 0x1A, 0xC7, 0x1A, 0xC7, 0x1A, 0xC7, 0x1A, 0xC7, 0x1A, 0xC7, 0x1A, 0xC7, 0x1A, 0xC7, 0x1A,
    0xC7, 0x1A, 0xC7, 0x1A, 0xC7, 0x1A, 0xC7, 0x1A, 0xC7, 0x1A, 0xC7, 0x1A, 0xC7, 0x1A, 0xC7, 0x1A, 0xC7, 0x1A, 0xC7, 0x1A, 0xC7, 0x1A, 0xC7, 0x1A,
    0xC7, 0x1A, 0xC7, 0x1A, 0xC7, 0x1A, 0xC7, 0x1A, 0xC7, 0x1A, 0xC7, 0x1A, 0xC7, 0x1A, 0xC7, 0x1A, 0xC7, 0x1A, 0xC7, 0x1A, 0xC7, 0x1A, 0xC7, 0x1A,
    0xC7, 0x1A, 0xC7, 0x1A, 0xC7, 0x1A, 0xC7, 0x1A, 0xC7, 0x1A, 0xC7, 0x1A, 0xC7, 0x1A, 0xC7, 0x1A, 0xC7, 0x1A, 0xC7, 0x1A, 0xC7, 0x1A, 0xC7, 0x1A,
    0xC7, 0x1A, 0xC7, 0x1A, 0xC7, 0x1A, 0xC7, 0x1A, 0xC7, 0x1A, 0xC7, 0x1A, 0xC7, 0x1A, 0xC7, 0x1A, 0xC7, 0x1A, 0xC7, 0x1A, 0xC7, 0x1A, 0xC7, 0x1A,
    0xC7, 0x1A, 0xC7, 0x1A, 0xC7, 0x1A, 0xC7, 0x1A, 0xC7, 0x1A, 0xC7, 0x1A, 0xC7, 0x1A, 0xC7, 0x1A, 0xC7, 0x1A, 0xC7, 0x1A, 0xC7, 0x1A, 0xC7, 0x1A,
    0xC7, 0x1A, 0xC7, 0x1A, 0xC7, 0x1A, 0xC7, 0x1A, 0xC7, 0x1A, 0xC7, 0x1A, 0xC7, 0x1A, 0xC7, 0x1A, 0xC7, 0x1A, 0xC7, 0x1A, 0xC7, 0x1A, 0xC7, 0x1A,
    0xC7, 0x1A, 0xCF, 0x3B, 0x9E, 0x19, 0x95, 0xF9, 0x95, 0xF9, 0x95, 0xF9, 0x95, 0xF9, 0x96, 0x19, 0x96, 0x19, 0x9D, 0xF9, 0x96, 0x19, 0x95, 0xF9,
    0x95, 0xF9, 0x95, 0xF9, 0x95, 0xF9, 0x95, 0xF8, 0x95, 0xF9, 0x95, 0xD8, 0x95, 0xF8, 0x95, 0xD9, 0x95, 0xF8, 0xD7, 0x5C, 0xC7, 0x1A, 0xCF, 0x1A,
    0xC7, 0x1A, 0xC7, 0x1A, 0xC7, 0x1A, 0xC7, 0x1A, 0xC7, 0x1A, 0xC7, 0x1A, 0xC7, 0x1A, 0xC7, 0x1A, 0xC7, 0x1A, 0xC7, 0x1A, 0xC7, 0x1A, 0xC7, 0x1A,
    0xC7, 0x1A, 0xC7, 0x1A, 0xC7, 0x1A, 0xC7, 0x1A, 0xC7, 0x1A, 0xC7, 0x1A, 0xC7, 0x1A, 0xC7, 0x1A, 0xC7, 0x1A, 0xC7, 0x1A, 0xC7, 0x1A, 0xC7, 0x1A,
    0xCF, 0x1A, 0xCF, 0x1A, 0xCF, 0x1A, 0xCF, 0x1A, 0xCF, 0x1A, 0xCF, 0x1A, 0xCF, 0x1A, 0xCF, 0x1A, 0xCF, 0x1A, 0xCF, 0x1A, 0xCF, 0x1A, 0xCF, 0x1A,
    0xCF, 0x1A, 0xCF, 0x1A, 0xCF, 0x1A, 0xC7, 0x1A, 0xC7, 0x1A, 0xC7, 0x1A, 0xC7, 0x1A, 0xC7, 0x1A, 0xC7, 0x1A, 0xC7, 0x1A, 0xC7, 0x1A, 0xC7, 0x1A,
    0xC7, 0x1A, 0xC7, 0x1A, 0xC7, 0x1A, 0xC7, 0x1A, 0xC7, 0x1A, 0xC7, 0x1A, 0xC7, 0x1A, 0xC7, 0x1A, 0xC7, 0x1A, 0xC7, 0x1A, 0xC7, 0x1A, 0xC7, 0x1A,
    0xC7, 0x1A, 0xC7, 0x1A, 0xC7, 0x1A, 0xC7, 0x1A, 0xC7, 0x1A, 0xC7, 0x1A, 0xC7, 0x1A, 0xC7, 0x1A, 0xC7, 0x1A, 0xC7, 0x1A, 0xC7, 0x1A, 0xC7, 0x1A,
    0xC7, 0x1A, 0xC7, 0x1A, 0xC7, 0x1A, 0xC7, 0x1A, 0xC7, 0x1A, 0xC7, 0x1A, 0xC7, 0x1A, 0xC7, 0x1A, 0xC7, 0x1A, 0xC7, 0x1A, 0xC7, 0x1A, 0xC7, 0x1A,
    0xC7, 0x1A, 0xC7, 0x1A, 0xC7, 0x1A, 0xC7, 0x1A, 0xC7, 0x1A, 0xC7, 0x1A, 0xC7, 0x1A, 0xC7, 0x1A, 0xC7, 0x1A, 0xC7, 0x1A, 0xC7, 0x1A, 0xC7, 0x1A,
    0xC7, 0x1A, 0xC7, 0x1A, 0xC7, 0x1A, 0xC7, 0x1A, 0xC7, 0x1A, 0xC7, 0x1A, 0xC7, 0x1A, 0xC7, 0x1A, 0xC7, 0x1A, 0xC7, 0x1A, 0xC7, 0x1A, 0xC7, 0x1A,
    0xC7, 0x1A, 0xC7, 0x1A, 0xC7, 0x1A, 0xC7, 0x1A, 0xC7, 0x1A, 0xC7, 0x1A, 0xC7, 0x1A, 0xC7, 0x1A, 0xC7, 0x1A, 0xC7, 0x1A, 0xC7, 0x1A, 0xC7, 0x1A,
    0xC7, 0x1A, 0xC7, 0x1A, 0xC7, 0x1A, 0xC7, 0x1A, 0xC7, 0x1A, 0xC7, 0x1A, 0xC7, 0x1A, 0xC7, 0x1A, 0xC7, 0x1A, 0xC7, 0x1A, 0xC7, 0x1A, 0xC7, 0x1A,
    0xC7, 0x1A, 0xC7, 0x1A, 0xC7, 0x1A, 0xC7, 0x1A, 0xC7, 0x1A, 0xC7, 0x1A, 0xC7, 0x1A, 0xC7, 0x1A, 0xC7, 0x1A, 0xC7, 0x1A, 0xC7, 0x1A, 0xC7, 0x1A,
    0xC7, 0x1A, 0xC7, 0x1A, 0xC7, 0x1A, 0xC7, 0x1A, 0xC7, 0x1A, 0xC7, 0x1A, 0xC7, 0x1A, 0xC7, 0x1A, 0xC7, 0x1A, 0xC7, 0x1A, 0xC7, 0x1A, 0xC7, 0x1A,
    0xC7, 0x1A, 0xC7, 0x1A, 0xC7, 0x1A, 0xC7, 0x1A, 0xC7, 0x1A, 0xC7, 0x1A, 0xC7, 0x1A, 0xC7, 0x1A, 0xC7, 0x1A, 0xC7, 0x1A, 0xC7, 0x1A, 0xC7, 0x1A,
    0xC7, 0x1A, 0xC7, 0x1A, 0xC7, 0x1A, 0xC7, 0x1A, 0xC7, 0x1A, 0xC7, 0x1A, 0xC7, 0x1A, 0xC7, 0x1A, 0xC7, 0x1A, 0xC7, 0x1A, 0xC7, 0x1A, 0xC7, 0x1A,
    0xC7, 0x1A, 0xC7, 0x1A, 0xC7, 0x1A, 0xC7, 0x1A, 0xC7, 0x1A, 0xC7, 0x1A, 0xC7, 0x1A, 0xC7, 0x1A, 0xC7, 0x1A, 0xC7, 0x1A, 0xC7, 0x1A, 0xC7, 0x1A,
    0xC7, 0x1A, 0xC7, 0x1A, 0xC7, 0x1A, 0xC7, 0x1A, 0xC7, 0x1A, 0xC7, 0x1A, 0xC7, 0x1A, 0xC7, 0x1A, 0xC7, 0x1A, 0xC7, 0x1A, 0xC7, 0x1A, 0xC7, 0x1A,
    0xC7, 0x1A, 0xC7, 0x1A, 0xC7, 0x1A, 0xC7, 0x1A, 0xC7, 0x1A, 0xC7, 0x1A, 0xC7, 0x1A, 0xC7, 0x1A, 0xC7, 0x1A, 0xCF, 0x1A, 0xCF, 0x1B, 0xCF, 0x1B,
    0xCF, 0x1B, 0xCF, 0x3B, 0x9E, 0x39, 0x95, 0xF9, 0x95, 0xF9, 0x9D, 0xF9, 0x9E, 0x19, 0x9E, 0x1A, 0x9E, 0x19, 0x9E, 0x19, 0x9E, 0x19, 0x9D, 0xF9,
    0x95, 0xF9, 0x95, 0xF9, 0x95, 0xF9, 0x95, 0xF8, 0x95, 0xF9, 0x95, 0xF9, 0x95, 0xD9, 0x95, 0xD8, 0x95, 0xF8, 0xD7, 0x5C, 0xCF, 0x1B, 0xCF, 0x1B,
    0xC7, 0x1A, 0xC7, 0x1A, 0xC7, 0x1A, 0xC7, 0x1A, 0xC7, 0x1A, 0xC7, 0x1A, 0xC7, 0x1A, 0xC7, 0x1A, 0xC7, 0x1A, 0xC7, 0x1A, 0xC7, 0x1A, 0xC7, 0x1A,
    0xC7, 0x1A, 0xC7, 0x1A, 0xC7, 0x1A, 0xC7, 0x1A, 0xC7, 0x1A, 0xC7, 0x1A, 0xC7, 0x1A, 0xC7, 0x1A, 0xC7, 0x1A, 0xC7, 0x1A, 0xC7, 0x1A, 0xC7, 0x1A,
    0xC7, 0x1A, 0xC7, 0x1A, 0xC7, 0x1A, 0xC7, 0x1A, 0xC7, 0x1A, 0xC7, 0x1A, 0xC7, 0x1A, 0xC7, 0x1A, 0xC7, 0x1A, 0xC7, 0x1A, 0xC7, 0x1A, 0xC7, 0x1A,
    0xC7, 0x1A, 0xC7, 0x1A, 0xC7, 0x1A, 0xC7, 0x1A, 0xC7, 0x1A, 0xC7, 0x1A, 0xC7, 0x1A, 0xC7, 0x1A, 0xC7, 0x1A, 0xC7, 0x1A, 0xC7, 0x1A, 0xC7, 0x1A,
    0xC7, 0x1A, 0xC7, 0x1A, 0xC7, 0x1A, 0xC7, 0x1A, 0xC7, 0x1A, 0xC7, 0x1A, 0xC7, 0x1A, 0xC7, 0x1A, 0xC7, 0x1A, 0xC7, 0x1A, 0xC7, 0x1A, 0xC7, 0x1A,
    0xC7, 0x1A, 0xC7, 0x1A, 0xC7, 0x1A, 0xC7, 0x1A, 0xC7, 0x1A, 0xC7, 0x1A, 0xC7, 0x1A, 0xC7, 0x1A, 0xC7, 0x1A, 0xC7, 0x1A, 0xC7, 0x1A, 0xC7, 0x1A,
    0xC7, 0x1A, 0xC7, 0x1A, 0xC7, 0x1A, 0xC7, 0x1A, 0xC7, 0x1A, 0xC7, 0x1A, 0xC7, 0x1A, 0xC7, 0x1A, 0xC7, 0x1A, 0xC7, 0x1A, 0xC7, 0x1A, 0xC7, 0x1A,
    0xC7, 0x1A, 0xC7, 0x1A, 0xC7, 0x1A, 0xC7, 0x1A, 0xC7, 0x1A, 0xC7, 0x1A, 0xC7, 0x1A, 0xC7, 0x1A, 0xC7, 0x1A, 0xC7, 0x1A, 0xC7, 0x1A, 0xC7, 0x1A,
    0xC7, 0x1A, 0xC7, 0x1A, 0xC7, 0x1A, 0xC7, 0x1A, 0xC7, 0x1A, 0xC7, 0x1A, 0xC7, 0x1A, 0xC7, 0x1A, 0xC7, 0x1A, 0xC7, 0x1A, 0xC7, 0x1A, 0xC7, 0x1A,
    0xC7, 0x1A, 0xC7, 0x1A, 0xC7, 0x1A, 0xC7, 0x1A, 0xC7, 0x1A, 0xC7, 0x1A, 0xC7, 0x1A, 0xC7, 0x1A, 0xC7, 0x1A, 0xC7, 0x1A, 0xC7, 0x1A, 0xC7, 0x1A,
    0xC7, 0x1A, 0xC7, 0x1A, 0xC7, 0x1A, 0xC7, 0x1A, 0xC7, 0x1A, 0xC7, 0x1A, 0xC7, 0x1A, 0xC7, 0x1A, 0xC7, 0x1A, 0xC7, 0x1A, 0xC7, 0x1A, 0xC7, 0x1A,
    0xC7, 0x1A, 0xC7, 0x1A, 0xC7, 0x1A, 0xC7, 0x1A, 0xC7, 0x1A, 0xC7, 0x1A, 0xC7, 0x1A, 0xC7, 0x1A, 0xC7, 0x1A, 0xC7, 0x1A, 0xC7, 0x1A, 0xC7, 0x1A,
    0xC7, 0x1A, 0xC7, 0x1A, 0xC7, 0x1A, 0xC7, 0x1A, 0xC7, 0x1A, 0xC7, 0x1A, 0xC7, 0x1A, 0xC7, 0x1A, 0xC7, 0x1A, 0xC7, 0x1A, 0xC7, 0x1A, 0xC7, 0x1A,
    0xC7, 0x1A, 0xC7, 0x1A, 0xC7, 0x1A, 0xC7, 0x1A, 0xC7, 0x1A, 0xC7, 0x1A, 0xC7, 0x1A, 0xC7, 0x1A, 0xC7, 0x1A, 0xC7, 0x1A, 0xC7, 0x1A, 0xC7, 0x1A,
    0xC7, 0x1A, 0xC7, 0x1A, 0xC7, 0x1A, 0xC7, 0x1A, 0xC7, 0x1A, 0xC7, 0x1A, 0xC7, 0x1A, 0xC7, 0x1A, 0xC7, 0x1A, 0xC7, 0x1A, 0xC7, 0x1A, 0xC7, 0x1A,
    0xC7, 0x1A, 0xC7, 0x1A, 0xC7, 0x1A, 0xC7, 0x1A, 0xC7, 0x1A, 0xC7, 0x1A, 0xC7, 0x1A, 0xC7, 0x1A, 0xC7, 0x1A, 0xC7, 0x1A, 0xC7, 0x1A, 0xC7, 0x1A,
    0xC7, 0x1A, 0xC7, 0x1A, 0xC7, 0x1A, 0xC7, 0x1A, 0xC7, 0x1A, 0xC7, 0x1A, 0xC7, 0x1A, 0xC7, 0x1A, 0xC7, 0x1A, 0xC7, 0x1A, 0xC7, 0x1A, 0xC7, 0x1A,
    0xCF, 0x1A, 0xCF, 0x1A, 0xCF, 0x1A, 0xCF, 0x1A, 0xCF, 0x1A, 0xCF, 0x1A, 0xCF, 0x1A, 0xCF, 0x1A, 0xCF, 0x1A, 0xCF, 0x1A, 0xCF, 0x1A, 0xCF, 0x1A,
    0xCF, 0x1A, 0xCF, 0x1B, 0x9E, 0x19, 0x95, 0xF9, 0x95, 0xF9, 0x95, 0xF9, 0x95, 0xF9, 0x95, 0xF9, 0x95, 0xF9, 0x95, 0xF9, 0x95, 0xF9, 0x95, 0xD9,
    0x95, 0xD8, 0x8D, 0xD8, 0x8D, 0xD8, 0x8D, 0xD8, 0x8D, 0xD8, 0x8D, 0xD8, 0x8D, 0xD8, 0x8D, 0xB8, 0x95, 0xD8, 0xD7, 0x3B, 0xCF, 0x1A, 0xCF, 0x1A,
    0xCF, 0x1A, 0xCF, 0x1A, 0xCF, 0x1A, 0xC7, 0x1A, 0xCF, 0x1A, 0xCF, 0x1A, 0xCF, 0x1A, 0xCF, 0x1A, 0xCF, 0x1A, 0xCF, 0x1A, 0xCF, 0x1A, 0xCF, 0x1A,
    0xCF, 0x1A, 0xCF, 0x1A, 0xCF, 0x1A, 0xCF, 0x1A, 0xCF, 0x1A, 0xCF, 0x1A, 0xCF, 0x1A, 0xCF, 0x1A, 0xCF, 0x1A, 0xCF, 0x1A, 0xCF, 0x3B, 0xD7, 0x3B,
    0xD7, 0x5C, 0xD7, 0x5C, 0xD7, 0x5C, 0xD7, 0x5C, 0xD7, 0x5C, 0xD7, 0x5C, 0xD7, 0x5C, 0xD7, 0x5C, 0xD7, 0x5C, 0xD7, 0x5C, 0xD7, 0x5C, 0xD7, 0x5C,
    0xD7, 0x5C, 0xD7, 0x5C, 0xD7, 0x5C, 0xCF, 0x3B, 0xCF, 0x1A, 0xCF, 0x1A, 0xCF, 0x1A, 0xCF, 0x1A, 0xCF, 0x1A, 0xCF, 0x1A, 0xCF, 0x1A, 0xCF, 0x1A,
    0xCF, 0x1A, 0xCF, 0x1A, 0xCF, 0x1A, 0xCF, 0x1A, 0xCF, 0x1A, 0xCF, 0x1A, 0xCF, 0x1A, 0xCF, 0x1A, 0xCF, 0x1A, 0xCF, 0x1A, 0xCF, 0x1A, 0xCF, 0x1A,
    0xCF, 0x1A, 0xCF, 0x1A, 0xCF, 0x1A, 0xCF, 0x1A, 0xCF, 0x1A, 0xCF, 0x1A, 0xCF, 0x1A, 0xCF, 0x1A, 0xCF, 0x1A, 0xCF, 0x1A, 0xCF, 0x1A, 0xCF, 0x1A,
    0xCF, 0x1A, 0xCF, 0x1A, 0xCF, 0x1A, 0xCF, 0x1A, 0xCF, 0x1A, 0xCF, 0x1A, 0xCF, 0x1A, 0xCF, 0x1A, 0xCF, 0x1A, 0xCF, 0x1A, 0xCF, 0x1A, 0xCF, 0x1A,
    0xCF, 0x1A, 0xCF, 0x1A, 0xCF, 0x1A, 0xCF, 0x1A, 0xCF, 0x1A, 0xCF, 0x1A, 0xCF, 0x1A, 0xCF, 0x1A, 0xCF, 0x1A, 0xCF, 0x1A, 0xCF, 0x1A, 0xCF, 0x1A,
    0xCF, 0x1A, 0xCF, 0x1A, 0xCF, 0x1A, 0xCF, 0x1A, 0xCF, 0x1A, 0xCF, 0x1A, 0xCF, 0x1A, 0xCF, 0x1A, 0xCF, 0x1A, 0xCF, 0x1A, 0xCF, 0x1A, 0xCF, 0x1A,
    0xCF, 0x1A, 0xCF, 0x1A, 0xCF, 0x1A, 0xCF, 0x1A, 0xCF, 0x1A, 0xCF, 0x1A, 0xCF, 0x1A, 0xCF, 0x1A, 0xCF, 0x1A, 0xCF, 0x1A, 0xCF, 0x1A, 0xCF, 0x1A,
    0xCF, 0x1A, 0xCF, 0x1A, 0xCF, 0x1A, 0xCF, 0x1A, 0xCF, 0x1A, 0xCF, 0x1A, 0xCF, 0x1A, 0xCF, 0x1A, 0xCF, 0x1A, 0xCF, 0x1A, 0xCF, 0x1A, 0xCF, 0x1A,
    0xCF, 0x1A, 0xCF, 0x1A, 0xCF, 0x1A, 0xCF, 0x1A, 0xCF, 0x1A, 0xCF, 0x1A, 0xCF, 0x1A, 0xCF, 0x1A, 0xCF, 0x1A, 0xCF, 0x1A, 0xCF, 0x1A, 0xCF, 0x1A,
    0xCF, 0x1A, 0xCF, 0x1A, 0xCF, 0x1A, 0xCF, 0x1A, 0xCF, 0x1A, 0xCF, 0x1A, 0xCF, 0x1A, 0xCF, 0x1A, 0xCF, 0x1A, 0xCF, 0x1A, 0xCF, 0x1A, 0xCF, 0x1A,
    0xCF, 0x1A, 0xCF, 0x1A, 0xCF, 0x1A, 0xCF, 0x1A, 0xCF, 0x1A, 0xCF, 0x1A, 0xCF, 0x1A, 0xCF, 0x1A, 0xCF, 0x1A, 0xCF, 0x1A, 0xCF, 0x1A, 0xCF, 0x1A,
    0xCF, 0x1A, 0xCF, 0x1A, 0xCF, 0x1A, 0xCF, 0x1A, 0xCF, 0x1A, 0xCF, 0x1A, 0xCF, 0x1A, 0xCF, 0x1A, 0xCF, 0x1A, 0xCF, 0x1A, 0xCF, 0x1A, 0xCF, 0x1A,
    0xCF, 0x1A, 0xCF, 0x1A, 0xCF, 0x1A, 0xCF, 0x1A, 0xCF, 0x1A, 0xCF, 0x1A, 0xCF, 0x1A, 0xCF, 0x1A, 0xCF, 0x1A, 0xCF, 0x1A, 0xCF, 0x1A, 0xCF, 0x1A,
    0xCF, 0x1A, 0xCF, 0x1A, 0xCF, 0x1A, 0xCF, 0x1A, 0xCF, 0x1A, 0xCF, 0x1A, 0xCF, 0x1A, 0xCF, 0x1A, 0xCF, 0x1A, 0xCF, 0x1A, 0xCF, 0x1A, 0xCF, 0x1A,
    0xCF, 0x1A, 0xCF, 0x1A, 0xCF, 0x1A, 0xCF, 0x1A, 0xCF, 0x1A, 0xCF, 0x1A, 0xCF, 0x1A, 0xCF, 0x1A, 0xCF, 0x1A, 0xD7, 0x5C, 0xDF, 0x5C, 0xDF, 0x5C,
    0xDF, 0x5C, 0xDF, 0x7C, 0xAE, 0x7A, 0xAE, 0x7B, 0xAE, 0x7B, 0xAE, 0x7B, 0xAE, 0x7B, 0xAE, 0x7B, 0xAE, 0x7B, 0xAE, 0x7B, 0xAE, 0x9B, 0xAE, 0x7B,
    0xAE, 0x7B, 0xAE, 0x7A, 0xAE, 0x7A, 0xAE, 0x7A, 0xAE, 0x7B, 0xAE, 0x7B, 0xAE, 0x7A, 0xAE, 0x7A, 0xB6, 0x9B, 0xDF, 0xBE, 0xDF, 0x7C, 0xD7, 0x3B,
    0xCF, 0x1A, 0xCF, 0x1A, 0xCF, 0x1A, 0xCF, 0x1A, 0xCF, 0x1A, 0xCF, 0x1A, 0xCF, 0x1A, 0xCF, 0x1A, 0xCF, 0x1A, 0xCF, 0x1A, 0xCF, 0x1A, 0xCF, 0x1A,
    0xCF, 0x1A, 0xCF, 0x1A, 0xCF, 0x1A, 0xCF, 0x1A, 0xCF, 0x1A, 0xCF, 0x1A, 0xCF, 0x1A, 0xCF, 0x1A, 0xCF, 0x1A, 0xD7, 0x5B, 0x95, 0xB8, 0x8D, 0x77,
    0x8D, 0xB8, 0x95, 0xD8, 0x95, 0xD8, 0x95, 0xD9, 0x95, 0xD9, 0x95, 0xD8, 0x85, 0x36, 0x85, 0x35, 0x85, 0x36, 0x85, 0x36, 0x7D, 0x35, 0x85, 0x36,
    0x85, 0x36, 0x7D, 0x15, 0x8D, 0x97, 0xE7, 0x7D, 0xCF, 0x1A, 0xCF, 0x1A, 0xCF, 0x1A, 0xCF, 0x1A, 0xCF, 0x1A, 0xCF, 0x1A, 0xCF, 0x1A, 0xCF, 0x1A,
    0xCF, 0x1A, 0xCF, 0x1A, 0xCF, 0x1A, 0xCF, 0x1A, 0xCF, 0x1A, 0xCF, 0x1A, 0xCF, 0x1A, 0xCF, 0x1A, 0xCF, 0x1A, 0xCF, 0x1A, 0xCF, 0x1A, 0xCF, 0x1A,
    0xCF, 0x1A, 0xCF, 0x1A, 0xCF, 0x1A, 0xCF, 0x1A, 0xCF, 0x1A, 0xCF, 0x1A, 0xCF, 0x1A, 0xCF, 0x1A, 0xCF, 0x1A, 0xCF, 0x1A, 0xCF, 0x1A, 0xCF, 0x1A,
    0xCF, 0x1A, 0xCF, 0x1A, 0xCF, 0x1A, 0xCF, 0x1A, 0xCF, 0x1A, 0xCF, 0x1A, 0xCF, 0x1A, 0xCF, 0x1A, 0xCF, 0x1A, 0xCF, 0x1A, 0xCF, 0x1A, 0xCF, 0x1A,
    0xCF, 0x1A, 0xCF, 0x1A, 0xCF, 0x1A, 0xCF, 0x1A, 0xCF, 0x1A, 0xCF, 0x1A, 0xCF, 0x1A, 0xCF, 0x1A, 0xCF, 0x1A, 0xCF, 0x1A, 0xCF, 0x1A, 0xCF, 0x1A,
    0xCF, 0x1A, 0xCF, 0x1A, 0xCF, 0x1A, 0xCF, 0x1A, 0xCF, 0x1A, 0xCF, 0x1A, 0xCF, 0x1A, 0xCF, 0x1A, 0xCF, 0x1A, 0xCF, 0x1A, 0xCF, 0x1A, 0xCF, 0x1A,
    0xCF, 0x1A, 0xCF, 0x1A, 0xCF, 0x1A, 0xCF, 0x1A, 0xCF, 0x1A, 0xCF, 0x1A, 0xCF, 0x1A, 0xCF, 0x1A, 0xCF, 0x1A, 0xCF, 0x1A, 0xCF, 0x1A, 0xCF, 0x1A,
    0xCF, 0x1A, 0xCF, 0x1A, 0xCF, 0x1A, 0xCF, 0x1A, 0xCF, 0x1A, 0xCF, 0x1A, 0xCF, 0x1A, 0xCF, 0x1A, 0xCF, 0x1A, 0xCF, 0x1A, 0xCF, 0x1A, 0xCF, 0x1A,
    0xCF, 0x1A, 0xCF, 0x1A, 0xCF, 0x1A, 0xCF, 0x1A, 0xCF, 0x1A, 0xCF, 0x1A, 0xCF, 0x1A, 0xCF, 0x1A, 0xCF, 0x1A, 0xCF, 0x1A, 0xCF, 0x1A, 0xCF, 0x1A,
    0xCF, 0x1A, 0xCF, 0x1A, 0xCF, 0x1A, 0xCF, 0x1A, 0xCF, 0x1A, 0xCF, 0x1A, 0xCF, 0x1A, 0xCF, 0x1A, 0xCF, 0x1A, 0xCF, 0x1A, 0xCF, 0x1A, 0xCF, 0x1A,
    0xCF, 0x1A, 0xCF, 0x1A, 0xCF, 0x1A, 0xCF, 0x1A, 0xCF, 0x1A, 0xCF, 0x1A, 0xCF, 0x1A, 0xCF, 0x1A, 0xCF, 0x1A, 0xCF, 0x1A, 0xCF, 0x1A, 0xCF, 0x1A,
    0xCF, 0x1A, 0xCF, 0x1A, 0xCF, 0x1A, 0xCF, 0x1A, 0xCF, 0x1A, 0xCF, 0x1A, 0xCF, 0x1A, 0xCF, 0x1A, 0xCF, 0x1A, 0xCF, 0x1A, 0xCF, 0x1A, 0xCF, 0x1A,
    0xCF, 0x1A, 0xCF, 0x1A, 0xCF, 0x1A, 0xCF, 0x1A, 0xCF, 0x1A, 0xCF, 0x1A, 0xCF, 0x1A, 0xCF, 0x1A, 0xCF, 0x1A, 0xCF, 0x1A, 0xCF, 0x1A, 0xCF, 0x1A,
    0xCF, 0x1A, 0xCF, 0x1A, 0xCF, 0x1A, 0xCF, 0x1A, 0xCF, 0x1A, 0xCF, 0x1A, 0xCF, 0x1A, 0xCF, 0x1A, 0xCF, 0x1A, 0xCF, 0x1A, 0xCF, 0x1A, 0xCF, 0x1A,
    0xCF, 0x1A, 0xCF, 0x1A, 0xCF, 0x1A, 0xCF, 0x1A, 0xCF, 0x1A, 0xCF, 0x1A, 0xCF, 0x1A, 0xCF, 0x1A, 0xCF, 0x1A, 0xD7, 0x5D, 0xDF, 0xDF, 0xD7, 0x9E,
    0xD7, 0xBF, 0xDF, 0xBF, 0xD7, 0x7E, 0xD7, 0x7E, 0xD7, 0x7E, 0xD7, 0x7E, 0xD7, 0x7E, 0xD7, 0x7E, 0xD7, 0x7E, 0xDF, 0x7E, 0xDF, 0x7E, 0xDF, 0x7E,
    0xDF, 0x7E, 0xDF, 0x7E, 0xDF, 0x7E, 0xDF, 0x7E, 0xDF, 0x7E, 0xDF, 0x9E, 0xDF, 0x7E, 0xDF, 0x7E, 0xE7, 0xBF, 0x95, 0xB8, 0x6C, 0xD5, 0x74, 0xD4,
    0x9E, 0x19, 0xE7, 0x9D, 0xD7, 0x5C, 0xCF, 0x1A, 0xCF, 0x1A, 0xCF, 0x1A, 0xCF, 0x1A, 0xCF, 0x1A, 0xCF, 0x1A, 0xCF, 0x1A, 0xCF, 0x1A, 0xCF, 0x1A,
    0xCF, 0x1A, 0xCF, 0x1A, 0xCF, 0x1A, 0xCF, 0x1A, 0xCF, 0x1A, 0xCF, 0x1A, 0xCF, 0x1A, 0xCF, 0x1A, 0xCF, 0x1A, 0xD7, 0x5B, 0x8D, 0xB8, 0x85, 0x97,
    0x8D, 0x98, 0x8D, 0x98, 0x8D, 0x98, 0x8D, 0x98, 0x8D, 0xB8, 0x8D, 0x98, 0x75, 0x15, 0x74, 0xF5, 0x74, 0xF5, 0x74, 0xF5, 0x74, 0xF5, 0x74, 0xF5,
    0x74, 0xF4, 0x75, 0x15, 0x7D, 0x56, 0xE7, 0x7D, 0xCF, 0x1A, 0xCF, 0x1A, 0xCF, 0x1A, 0xCF, 0x1A, 0xCF, 0x1A, 0xCF, 0x1A, 0xCF, 0x1A, 0xCF, 0x1A,
    0xCF, 0x1A, 0xCF, 0x1A, 0xCF, 0x1A, 0xCF, 0x1A, 0xCF, 0x1A, 0xCF, 0x1A, 0xCF, 0x1A, 0xCF, 0x1A, 0xCF, 0x1A, 0xCF, 0x1A, 0xCF, 0x1A, 0xCF, 0x1A,
    0xCF, 0x1A, 0xCF, 0x1A, 0xCF, 0x1A, 0xCF, 0x1A, 0xCF, 0x1A, 0xCF, 0x1A, 0xCF, 0x1A, 0xCF, 0x1A, 0xCF, 0x1A, 0xCF, 0x1A, 0xCF, 0x1A, 0xCF, 0x1A,
    0xCF, 0x1A, 0xCF, 0x1A, 0xCF, 0x1A, 0xCF, 0x1A, 0xCF, 0x1A, 0xCF, 0x1A, 0xCF, 0x1A, 0xCF, 0x1A, 0xCF, 0x1A, 0xCF, 0x1A, 0xCF, 0x1A, 0xCF, 0x1A,
    0xCF, 0x1A, 0xCF, 0x1A, 0xCF, 0x1A, 0xCF, 0x1A, 0xCF, 0x1A, 0xCF, 0x1A, 0xCF, 0x1A, 0xCF, 0x1A, 0xCF, 0x1A, 0xCF, 0x1A, 0xCF, 0x1A, 0xCF, 0x1A,
    0xCF, 0x1A, 0xCF, 0x1A, 0xCF, 0x1A, 0xCF, 0x1A, 0xCF, 0x1A, 0xCF, 0x1A, 0xCF, 0x1A, 0xCF, 0x1A, 0xCF, 0x1A, 0xCF, 0x1A, 0xCF, 0x1A, 0xCF, 0x1A,
    0xCF, 0x1A, 0xCF, 0x1A, 0xCF, 0x1A, 0xCF, 0x1A, 0xCF, 0x1A, 0xCF, 0x1A, 0xCF, 0x1A, 0xCF, 0x1A, 0xCF, 0x1A, 0xCF, 0x1A, 0xCF, 0x1A, 0xCF, 0x1A,
    0xCF, 0x1A, 0xCF, 0x1A, 0xCF, 0x1A, 0xCF, 0x1A, 0xCF, 0x1A, 0xCF, 0x1A, 0xCF, 0x1A, 0xCF, 0x1A, 0xCF, 0x1A, 0xCF, 0x1A, 0xCF, 0x1A, 0xCF, 0x1A,
    0xCF, 0x1A, 0xCF, 0x1A, 0xCF, 0x1A, 0xCF, 0x1A, 0xCF, 0x1A, 0xCF, 0x1A, 0xCF, 0x1A, 0xCF, 0x1A, 0xCF, 0x1A, 0xCF, 0x1A, 0xCF, 0x1A, 0xCF, 0x1A,
    0xCF, 0x1A, 0xCF, 0x1A, 0xCF, 0x1A, 0xCF, 0x1A, 0xCF, 0x1A, 0xCF, 0x1A, 0xCF, 0x1A, 0xCF, 0x1A, 0xCF, 0x1A, 0xCF, 0x1A, 0xCF, 0x1A, 0xCF, 0x1A,
    0xCF, 0x1A, 0xCF, 0x1A, 0xCF, 0x1A, 0xCF, 0x1A, 0xCF, 0x1A, 0xCF, 0x1A, 0xCF, 0x1A, 0xCF, 0x1A, 0xCF, 0x1A, 0xCF, 0x1A, 0xCF, 0x1A, 0xCF, 0x1A,
    0xCF, 0x1A, 0xCF, 0x1A, 0xCF, 0x1A, 0xCF, 0x1A, 0xCF, 0x1A, 0xCF, 0x1A, 0xCF, 0x1A, 0xCF, 0x1A, 0xCF, 0x1A, 0xCF, 0x1A, 0xCF, 0x1A, 0xCF, 0x1A,
    0xCF, 0x1A, 0xCF, 0x1A, 0xCF, 0x1A, 0xCF, 0x1A, 0xCF, 0x1A, 0xCF, 0x1A, 0xCF, 0x1A, 0xCF, 0x1A, 0xCF, 0x1A, 0xCF, 0x1A, 0xCF, 0x1A, 0xCF, 0x1A,
    0xCF, 0x1A, 0xCF, 0x1A, 0xCF, 0x1A, 0xCF, 0x1A, 0xCF, 0x1A, 0xCF, 0x1A, 0xCF, 0x1A, 0xCF, 0x1A, 0xCF, 0x1A, 0xCF, 0x1A, 0xCF, 0x1A, 0xCF, 0x1A,
    0xCF, 0x1A, 0xCF, 0x1A, 0xCF, 0x1A, 0xCF, 0x1A, 0xCF, 0x1A, 0xCF, 0x1A, 0xCF, 0x1A, 0xCF, 0x1A, 0xCF, 0x1A, 0xE7, 0xDF, 0xD7, 0x7E, 0xCF, 0x5D,
    0xCF, 0x5D, 0xCF, 0x5E, 0xD7, 0x5E, 0xD7, 0x5E, 0xD7, 0x5E, 0xD7, 0x5E, 0xD7, 0x5E, 0xD7, 0x5E, 0xD7, 0x7E, 0xD7, 0x5E, 0xD7, 0x5E, 0xD7, 0x5E,
    0xD7, 0x5E, 0xD7, 0x5E, 0xD7, 0x5E, 0xD7, 0x5E, 0xD7, 0x5E, 0xD7, 0x7E, 0xD7, 0x7E, 0xD7, 0x5E, 0xDF, 0x9F, 0x8D, 0x97, 0x64, 0xB4, 0x6C, 0xB4,
    0x6C, 0xD5, 0x74, 0xF5, 0x7D, 0x16, 0xE7, 0x9D, 0xCF, 0x1A, 0xCF, 0x1A, 0xCF, 0x1A, 0xCF, 0x1A, 0xCF, 0x1A, 0xCF, 0x1A, 0xCF, 0x1A, 0xCF, 0x1A,
    0xCF, 0x1A, 0xCF, 0x1A, 0xCF, 0x1A, 0xCF, 0x1A, 0xCF, 0x1A, 0xCF, 0x1A, 0xCF, 0x1A, 0xCF, 0x1A, 0xCF, 0x1A, 0xD7, 0x3B, 0x8D, 0xB8, 0x85, 0x97,
    0x8D, 0x97, 0x8D, 0x98, 0x8D, 0x98, 0x8D, 0xB8, 0x8D, 0xB8, 0x8D, 0x98, 0x7D, 0x15, 0x74, 0xF5, 0x74, 0xF5, 0x74, 0xF5, 0x74, 0xF4, 0x74, 0xF5,
    0x74, 0xF5, 0x75, 0x15, 0x85, 0x56, 0xE7, 0x7D, 0xCF, 0x1A, 0xCF, 0x1A, 0xCF, 0x1A, 0xCF, 0x1A, 0xCF, 0x1A, 0xCF, 0x1A, 0xCF, 0x1A, 0xCF, 0x1A,
    0xCF, 0x1A, 0xCF, 0x1A, 0xCF, 0x1A, 0xCF, 0x1A, 0xCF, 0x1A, 0xCF, 0x1A, 0xCF, 0x1A, 0xCF, 0x1A, 0xCF, 0x1A, 0xCF, 0x1A, 0xCF, 0x1A, 0xCF, 0x1A,
    0xCF, 0x1A, 0xCF, 0x1A, 0xCF, 0x1A, 0xCF, 0x1A, 0xCF, 0x1A, 0xCF, 0x1A, 0xCF, 0x1A, 0xCF, 0x1A, 0xCF, 0x1A, 0xCF, 0x1A, 0xCF, 0x1A, 0xCF, 0x1A,
    0xCF, 0x1A, 0xCF, 0x1A, 0xCF, 0x1A, 0xCF, 0x1A, 0xCF, 0x1A, 0xCF, 0x1A, 0xCF, 0x1A, 0xCF, 0x1A, 0xCF, 0x1A, 0xCF, 0x1A, 0xCF, 0x1A, 0xCF, 0x1A,
    0xCF, 0x1A, 0xCF, 0x1A, 0xCF, 0x1A, 0xCF, 0x1A, 0xCF, 0x1A, 0xCF, 0x1A, 0xCF, 0x1A, 0xCF, 0x1A, 0xCF, 0x1A, 0xCF, 0x1A, 0xCF, 0x1A, 0xCF, 0x1A,
    0xCF, 0x1A, 0xCF, 0x1A, 0xCF, 0x1A, 0xCF, 0x1A, 0xCF, 0x1A, 0xCF, 0x1A, 0xCF, 0x1A, 0xCF, 0x1A, 0xCF, 0x1A, 0xCF, 0x1A, 0xCF, 0x1A, 0xCF, 0x1A,
    0xCF, 0x1A, 0xCF, 0x1A, 0xCF, 0x1A, 0xCF, 0x1A, 0xCF, 0x1A, 0xCF, 0x1A, 0xCF, 0x1A, 0xCF, 0x1A, 0xCF, 0x1A, 0xCF, 0x1A, 0xCF, 0x1A, 0xCF, 0x1A,
    0xCF, 0x1A, 0xCF, 0x1A, 0xCF, 0x1A, 0xCF, 0x1A, 0xCF, 0x1A, 0xCF, 0x1A, 0xCF, 0x1A, 0xCF, 0x1A, 0xCF, 0x1A, 0xCF, 0x1A, 0xCF, 0x1A, 0xCF, 0x1A,
    0xCF, 0x1A, 0xCF, 0x1A, 0xCF, 0x1A, 0xCF, 0x1A, 0xCF, 0x1A, 0xCF, 0x1A, 0xCF, 0x1A, 0xCF, 0x1A, 0xCF, 0x1A, 0xCF, 0x1A, 0xCF, 0x1A, 0xCF, 0x1A,
    0xCF, 0x1A, 0xCF, 0x1A, 0xCF, 0x1A, 0xCF, 0x1A, 0xCF, 0x1A, 0xCF, 0x1A, 0xCF, 0x1A, 0xCF, 0x1A, 0xCF, 0x1A, 0xCF, 0x1A, 0xCF, 0x1A, 0xCF, 0x1A,
    0xCF, 0x1A, 0xCF, 0x1A, 0xCF, 0x1A, 0xCF, 0x1A, 0xCF, 0x1A, 0xCF, 0x1A, 0xCF, 0x1A, 0xCF, 0x1A, 0xCF, 0x1A, 0xCF, 0x1A, 0xCF, 0x1A, 0xCF, 0x1A,
    0xCF, 0x1A, 0xCF, 0x1A, 0xCF, 0x1A, 0xCF, 0x1A, 0xCF, 0x1A, 0xCF, 0x1A, 0xCF, 0x1A, 0xCF, 0x1A, 0xCF, 0x1A, 0xCF, 0x1A, 0xCF, 0x1A, 0xCF, 0x1A,
    0xCF, 0x1A, 0xCF, 0x1A, 0xCF, 0x1A, 0xCF, 0x1A, 0xCF, 0x1A, 0xCF, 0x1A, 0xCF, 0x1A, 0xCF, 0x1A, 0xCF, 0x1A, 0xCF, 0x1A, 0xCF, 0x1A, 0xCF, 0x1A,
    0xCF, 0x1A, 0xCF, 0x1A, 0xCF, 0x1A, 0xCF, 0x1A, 0xCF, 0x1A, 0xCF, 0x1A, 0xCF, 0x1A, 0xCF, 0x1A, 0xCF, 0x1A, 0xCF, 0x1A, 0xCF, 0x1A, 0xCF, 0x1A,
    0xCF, 0x1A, 0xCF, 0x1A, 0xCF, 0x1A, 0xCF, 0x1A, 0xCF, 0x1A, 0xCF, 0x1A, 0xCF, 0x1A, 0xCF, 0x1A, 0xCF, 0x1A, 0xE7, 0xDF, 0xD7, 0x7E, 0xD7, 0x5E,
    0xD7, 0x7E, 0xD7, 0x7E, 0xD7, 0x7E, 0xD7, 0x7E, 0xD7, 0x9F, 0xDF, 0x9F, 0xDF, 0x9F, 0xD7, 0x7E, 0xD7, 0x7E, 0xDF, 0x9E, 0xDF, 0x9F, 0xDF, 0x9E,
    0xD7, 0x7E, 0xD7, 0x5E, 0xDF, 0x7E, 0xDF, 0x9E, 0xDF, 0x9E, 0xDF, 0x7E, 0xDF, 0x7E, 0xD7, 0x5E, 0xDF, 0x9E, 0x8D, 0x97, 0x64, 0x94, 0x6C, 0xD4,
    0x6C, 0xD4, 0x74, 0xF5, 0x74, 0xF5, 0xC7, 0x3D, 0xCF, 0x1A, 0xCF, 0x1A, 0xCF, 0x1A, 0xCF, 0x1A, 0xCF, 0x1A, 0xCF, 0x1A, 0xCF, 0x1A, 0xCF, 0x1A,
    0xCF, 0x1A, 0xCF, 0x1A, 0xCF, 0x1A, 0xCF, 0x1A, 0xCF, 0x1A, 0xCF, 0x1A, 0xCF, 0x3B, 0xCF, 0x3B, 0xCF, 0x1B, 0xDF, 0x5C, 0x95, 0xB8, 0x8D, 0x97,
    0x8D, 0x98, 0x8D, 0xB8, 0x8D, 0xB8, 0x8D, 0xB8, 0x8D, 0xB8, 0x8D, 0xB8, 0x7D, 0x15, 0x7D, 0x15, 0x7D, 0x15, 0x7D, 0x15, 0x75, 0x15, 0x74, 0xF5,
    0x74, 0xF5, 0x75, 0x15, 0x7D, 0x56, 0xE7, 0x9D, 0xCF, 0x3B, 0xCF, 0x3B, 0xCF, 0x1B, 0xCF, 0x1A, 0xCF, 0x1A, 0xCF, 0x1A, 0xCF, 0x1A, 0xCF, 0x1A,
    0xCF, 0x1A, 0xCF, 0x1A, 0xCF, 0x1A, 0xCF, 0x1A, 0xCF, 0x1A, 0xCF, 0x1A, 0xCF, 0x1A, 0xCF, 0x1A, 0xCF, 0x1A, 0xCF, 0x1A, 0xCF, 0x1A, 0xCF, 0x1A,
    0xCF, 0x1A, 0xCF, 0x1A, 0xCF, 0x1A, 0xCF, 0x1A, 0xCF, 0x1A, 0xCF, 0x1A, 0xCF, 0x1A, 0xCF, 0x1A, 0xCF, 0x1A, 0xCF, 0x1A, 0xCF, 0x1A, 0xCF, 0x1A,
    0xCF, 0x1A, 0xCF, 0x1A, 0xCF, 0x1A, 0xCF, 0x1A, 0xCF, 0x1A, 0xCF, 0x1A, 0xCF, 0x1A, 0xCF, 0x1A, 0xCF, 0x1A, 0xCF, 0x1A, 0xCF, 0x1A, 0xCF, 0x1A,
    0xCF, 0x1A, 0xCF, 0x1A, 0xCF, 0x1A, 0xCF, 0x1A, 0xCF, 0x1A, 0xCF, 0x1A, 0xCF, 0x1A, 0xCF, 0x1A, 0xCF, 0x1A, 0xCF, 0x1A, 0xCF, 0x1A, 0xCF, 0x1A,
    0xCF, 0x1A, 0xCF, 0x1A, 0xCF, 0x1A, 0xCF, 0x1A, 0xCF, 0x1A, 0xCF, 0x1A, 0xCF, 0x1A, 0xCF, 0x1A, 0xCF, 0x1A, 0xCF, 0x1A, 0xCF, 0x1A, 0xCF, 0x1A,
    0xCF, 0x1A, 0xCF, 0x1A, 0xCF, 0x1A, 0xCF, 0x1A, 0xCF, 0x1A, 0xCF, 0x1A, 0xCF, 0x1A, 0xCF, 0x1A, 0xCF, 0x1A, 0xCF, 0x1A, 0xCF, 0x1A, 0xCF, 0x1A,
    0xCF, 0x1A, 0xCF, 0x1A, 0xCF, 0x1A, 0xCF, 0x1A, 0xCF, 0x1A, 0xCF, 0x1A, 0xCF, 0x1A, 0xCF, 0x1A, 0xCF, 0x1A, 0xCF, 0x1A, 0xCF, 0x1A, 0xCF, 0x1A,
    0xCF, 0x1A, 0xCF, 0x1A, 0xCF, 0x1A, 0xCF, 0x1A, 0xCF, 0x1A, 0xCF, 0x1A, 0xCF, 0x1A, 0xCF, 0x1A, 0xCF, 0x1A, 0xCF, 0x1A, 0xCF, 0x1A, 0xCF, 0x1A,
    0xCF, 0x1A, 0xCF, 0x1A, 0xCF, 0x1A, 0xCF, 0x1A, 0xCF, 0x1A, 0xCF, 0x1A, 0xCF, 0x1A, 0xCF, 0x1A, 0xCF, 0x1A, 0xCF, 0x1A, 0xCF, 0x1A, 0xCF, 0x1A,
    0xCF, 0x1A, 0xCF, 0x1A, 0xCF, 0x1A, 0xCF, 0x1A, 0xCF, 0x1A, 0xCF, 0x1A, 0xCF, 0x1A, 0xCF, 0x1A, 0xCF, 0x1A, 0xCF, 0x1A, 0xCF, 0x1A, 0xCF, 0x1A,
    0xCF, 0x1A, 0xCF, 0x1A, 0xCF, 0x1A, 0xCF, 0x1A, 0xCF, 0x1A, 0xCF, 0x1A, 0xCF, 0x1A, 0xCF, 0x1A, 0xCF, 0x1A, 0xCF, 0x1A, 0xCF, 0x1A, 0xCF, 0x1A,
    0xCF, 0x1A, 0xCF, 0x1A, 0xCF, 0x1A, 0xCF, 0x1A, 0xCF, 0x1A, 0xCF, 0x1A, 0xCF, 0x1A, 0xCF, 0x1A, 0xCF, 0x1A, 0xCF, 0x1A, 0xCF, 0x1A, 0xCF, 0x1A,
    0xCF, 0x1A, 0xCF, 0x1A, 0xCF, 0x1A, 0xCF, 0x1A, 0xCF, 0x1A, 0xCF, 0x1A, 0xCF, 0x1A, 0xCF, 0x1A, 0xCF, 0x1A, 0xCF, 0x1A, 0xCF, 0x1A, 0xCF, 0x1A,
    0xCF, 0x1A, 0xCF, 0x1A, 0xCF, 0x1A, 0xCF, 0x1A, 0xCF, 0x1A, 0xCF, 0x1A, 0xCF, 0x1A, 0xCF, 0x1A, 0xCF, 0x1A, 0xE7, 0xDF, 0xD7, 0x9E, 0xC6, 0xFC,
    0xAE, 0x7A, 0xB6, 0x9B, 0xCF, 0x5E, 0xD7, 0x9E, 0xC7, 0x1C, 0xB6, 0x7A, 0xB6, 0x9B, 0xD7, 0x5E, 0xDF, 0x9E, 0xC6, 0xFC, 0xAE, 0x5A, 0xB6, 0x7B,
    0xD7, 0x5E, 0xDF, 0x9E, 0xC6, 0xDC, 0xAE, 0x5A, 0xB6, 0x7A, 0xD7, 0x5D, 0xDF, 0x7E, 0xD7, 0x5E, 0xDF, 0x9E, 0x8D, 0x97, 0x64, 0xB4, 0x6C, 0xD4,
    0x6C, 0xB4, 0x6C, 0xD5, 0x74, 0xF5, 0xCF, 0x7D, 0xCF, 0x1A, 0xCF, 0x1A, 0xCF, 0x1A, 0xCF, 0x1A, 0xCF, 0x1A, 0xCF, 0x1A, 0xCF, 0x1A, 0xCF, 0x1A,
    0xCF, 0x1A, 0xCF, 0x1A, 0xCF, 0x1A, 0xCF, 0x1A, 0xCF, 0x1A, 0xEF, 0xBE, 0xB6, 0xDB, 0xB6, 0x9B, 0xB6, 0xBB, 0xB6, 0x9B, 0xA6, 0x3A, 0xA6, 0x3A,
    0xA6, 0x3A, 0xA6, 0x3A, 0xA6, 0x3A, 0xA6, 0x3A, 0xA6, 0x3A, 0xA6, 0x3A, 0x95, 0xD9, 0x95, 0xD8, 0x95, 0xD8, 0x95, 0xD8, 0x95, 0xD8, 0x95, 0xD8,
    0x95, 0xB8, 0x95, 0xB8, 0x95, 0xB8, 0x9E, 0x18, 0xA6, 0x3A, 0xA6, 0x5A, 0xAE, 0x7A, 0xE7, 0xBE, 0xCF, 0x1A, 0xCF, 0x1A, 0xCF, 0x1A, 0xCF, 0x1A,
    0xCF, 0x1A, 0xCF, 0x1A, 0xCF, 0x1A, 0xCF, 0x1A, 0xCF, 0x1A, 0xCF, 0x1A, 0xCF, 0x1A, 0xCF, 0x1A, 0xCF, 0x1A, 0xCF, 0x1A, 0xCF, 0x1A, 0xCF, 0x1A,
    0xCF, 0x1A, 0xCF, 0x1A, 0xCF, 0x1A, 0xCF, 0x1A, 0xCF, 0x1A, 0xCF, 0x1A, 0xCF, 0x1A, 0xCF, 0x1A, 0xCF, 0x1A, 0xCF, 0x1A, 0xCF, 0x1A, 0xCF, 0x1A,
    0xCF, 0x1A, 0xCF, 0x1A, 0xCF, 0x1A, 0xCF, 0x1A, 0xCF, 0x1A, 0xCF, 0x1A, 0xCF, 0x1A, 0xCF, 0x1A, 0xCF, 0x1A, 0xCF, 0x1A, 0xCF, 0x1A, 0xCF, 0x1A,
    0xCF, 0x1A, 0xCF, 0x1A, 0xCF, 0x1A, 0xCF, 0x1A, 0xCF, 0x1A, 0xCF, 0x1A, 0xCF, 0x1A, 0xCF, 0x1A, 0xCF, 0x1A, 0xCF, 0x1A, 0xCF, 0x1A, 0xCF, 0x1A,
    0xCF, 0x1A, 0xCF, 0x1A, 0xCF, 0x1A, 0xCF, 0x1A, 0xCF, 0x1A, 0xCF, 0x1A, 0xCF, 0x1A, 0xCF, 0x1A, 0xCF, 0x1A, 0xCF, 0x1A, 0xCF, 0x1A, 0xCF, 0x1A,
    0xCF, 0x1A, 0xCF, 0x1A, 0xCF, 0x1A, 0xCF, 0x1A, 0xCF, 0x1A, 0xCF, 0x1A, 0xCF, 0x1A, 0xCF, 0x1A, 0xCF, 0x1A, 0xCF, 0x1A, 0xCF, 0x1A, 0xCF, 0x1A,
    0xCF, 0x1A, 0xCF, 0x1A, 0xCF, 0x1A, 0xCF, 0x1A, 0xCF, 0x1A, 0xCF, 0x1A, 0xCF, 0x1A, 0xCF, 0x1A, 0xCF, 0x1A, 0xCF, 0x1A, 0xCF, 0x1A, 0xCF, 0x1A,
    0xCF, 0x1A, 0xCF, 0x1A, 0xCF, 0x1A, 0xCF, 0x1A, 0xCF, 0x1A, 0xCF, 0x1A, 0xCF, 0x1A, 0xCF, 0x1A, 0xCF, 0x1A, 0xCF, 0x1A, 0xCF, 0x1A, 0xCF, 0x1A,
    0xCF, 0x1A, 0xCF, 0x1A, 0xCF, 0x1A, 0xCF, 0x1A, 0xCF, 0x1A, 0xCF, 0x1A, 0xCF, 0x1A, 0xCF, 0x1A, 0xCF, 0x1A, 0xCF, 0x1A, 0xCF, 0x1A, 0xCF, 0x1A,
    0xCF, 0x1A, 0xCF, 0x1A, 0xCF, 0x1A, 0xCF, 0x1A, 0xCF, 0x1A, 0xCF, 0x1A, 0xCF, 0x1A, 0xCF, 0x1A, 0xCF, 0x1A, 0xCF, 0x1A, 0xCF, 0x1A, 0xCF, 0x1A,
    0xCF, 0x1A, 0xCF, 0x1A, 0xCF, 0x1A, 0xCF, 0x1A, 0xCF, 0x1A, 0xCF, 0x1A, 0xCF, 0x1A, 0xCF, 0x1A, 0xCF, 0x1A, 0xCF, 0x1A, 0xCF, 0x1A, 0xCF, 0x1A,
    0xCF, 0x1A, 0xCF, 0x1A, 0xCF, 0x1A, 0xCF, 0x1A, 0xCF, 0x1A, 0xCF, 0x1A, 0xCF, 0x1A, 0xCF, 0x1A, 0xCF, 0x1A, 0xCF, 0x1A, 0xCF, 0x1A, 0xCF, 0x1A,
    0xCF, 0x1A, 0xCF, 0x1A, 0xCF, 0x1A, 0xCF, 0x1A, 0xCF, 0x1A, 0xCF, 0x1A, 0xCF, 0x1A, 0xCF, 0x1A, 0xCF, 0x1A, 0xCF, 0x1A, 0xCF, 0x1A, 0xCF, 0x1A,
    0xCF, 0x1A, 0xCF, 0x1A, 0xCF, 0x1A, 0xCF, 0x1A, 0xCF, 0x1A, 0xCF, 0x1A, 0xCF, 0x1A, 0xCF, 0x1A, 0xCF, 0x1A, 0xE7, 0xDF, 0xDF, 0xBF, 0xA6, 0x19,
    0x6C, 0xD5, 0x75, 0x16, 0xC7, 0x1C, 0xE7, 0xDF, 0xA6, 0x19, 0x6C, 0xD5, 0x7D, 0x36, 0xCF, 0x3D, 0xDF, 0xBF, 0xAE, 0x3A, 0x74, 0xB4, 0x85, 0x36,
    0xD7, 0x5D, 0xDF, 0xBF, 0x9D, 0xF8, 0x64, 0x93, 0x74, 0xF5, 0xD7, 0x3D, 0xDF, 0x7E, 0xD7, 0x5E, 0xDF, 0x9E, 0x8D, 0xB7, 0x6C, 0xB4, 0x74, 0xD5,
    0x6C, 0xD4, 0x6C, 0xD5, 0x74, 0xF5, 0xC7, 0x7E, 0xCF, 0x1A, 0xCF, 0x1A, 0xCF, 0x1A, 0xCF, 0x1A, 0xCF, 0x1A, 0xCF, 0x1A, 0xCF, 0x1A, 0xCF, 0x1A,
    0xCF, 0x1A, 0xCF, 0x1A, 0xCF, 0x1A, 0xCF, 0x1A, 0xCF, 0x1A, 0xDF, 0xBE, 0xAE, 0x9B, 0xA6, 0x5A, 0xA6, 0x5A, 0xA6, 0x5A, 0xA6, 0x7A, 0xA6, 0x5A,
    0xAE, 0x5A, 0xAE, 0x5A, 0xA6, 0x5A, 0xA6, 0x5A, 0xAE, 0x5A, 0xA6, 0x5A, 0x9D, 0xF9, 0x9D, 0xF9, 0x9D, 0xF9, 0x9D, 0xF9, 0x9D, 0xF9, 0x9D, 0xF9,
    0x9D, 0xF9, 0x9D, 0xF9, 0x9D, 0xF8, 0x95, 0xD8, 0x95, 0xD9, 0x95, 0xD8, 0x9E, 0x3A, 0xCF, 0xBE, 0xCF, 0x1A, 0xCF, 0x1A, 0xCF, 0x1A, 0xCF, 0x1A,
    0xCF, 0x1A, 0xCF, 0x1A, 0xCF, 0x1A, 0xCF, 0x1A, 0xCF, 0x1A, 0xCF, 0x1A, 0xCF, 0x1A, 0xCF, 0x1A, 0xCF, 0x1A, 0xCF, 0x1A, 0xCF, 0x1A, 0xCF, 0x1A,
    0xCF, 0x1A, 0xCF, 0x1A, 0xCF, 0x1A, 0xCF, 0x1A, 0xCF, 0x1A, 0xCF, 0x1A, 0xCF, 0x1A, 0xCF, 0x1A, 0xCF, 0x1A, 0xCF, 0x1A, 0xCF, 0x1A, 0xCF, 0x1A,
    0xCF, 0x1A, 0xCF, 0x1A, 0xCF, 0x1A, 0xCF, 0x1A, 0xCF, 0x1A, 0xCF, 0x1A, 0xCF, 0x1A, 0xCF, 0x1A, 0xCF, 0x1A, 0xCF, 0x1A, 0xCF, 0x1A, 0xCF, 0x1A,
    0xCF, 0x1A, 0xCF, 0x1A, 0xCF, 0x1A, 0xCF, 0x1A, 0xCF, 0x1A, 0xCF, 0x1A, 0xCF, 0x1A, 0xCF, 0x1A, 0xCF, 0x1A, 0xCF, 0x1A, 0xCF, 0x1A, 0xCF, 0x1A,
    0xCF, 0x1A, 0xCF, 0x1A, 0xCF, 0x1A, 0xCF, 0x1A, 0xCF, 0x1A, 0xCF, 0x1A, 0xCF, 0x1A, 0xCF, 0x1A, 0xCF, 0x1A, 0xCF, 0x1A, 0xCF, 0x1A, 0xCF, 0x1A,
    0xCF, 0x1A, 0xCF, 0x1A, 0xCF, 0x1A, 0xCF, 0x1A, 0xCF, 0x1A, 0xCF, 0x1A, 0xCF, 0x1A, 0xCF, 0x1A, 0xCF, 0x1A, 0xCF, 0x1A, 0xCF, 0x1A, 0xCF, 0x1A,
    0xCF, 0x1A, 0xCF, 0x1A, 0xCF, 0x1A, 0xCF, 0x1A, 0xCF, 0x1A, 0xCF, 0x1A, 0xCF, 0x1A, 0xCF, 0x1A, 0xCF, 0x1A, 0xCF, 0x1A, 0xCF, 0x1A, 0xCF, 0x1A,
    0xCF, 0x1A, 0xCF, 0x1A, 0xCF, 0x1A, 0xCF, 0x1A, 0xCF, 0x1A, 0xCF, 0x1A, 0xCF, 0x1A, 0xCF, 0x1A, 0xCF, 0x1A, 0xCF, 0x1A, 0xCF, 0x1A, 0xCF, 0x1A,
    0xCF, 0x1A, 0xCF, 0x1A, 0xCF, 0x1A, 0xCF, 0x1A, 0xCF, 0x1A, 0xCF, 0x1A, 0xCF, 0x1A, 0xCF, 0x1A, 0xCF, 0x1A, 0xCF, 0x1A, 0xCF, 0x1A, 0xCF, 0x1A,
    0xCF, 0x1A, 0xCF, 0x1A, 0xCF, 0x1A, 0xCF, 0x1A, 0xCF, 0x1A, 0xCF, 0x1A, 0xCF, 0x1A, 0xCF, 0x1A, 0xCF, 0x1A, 0xCF, 0x1A, 0xCF, 0x1A, 0xCF, 0x1A,
    0xCF, 0x1A, 0xCF, 0x1A, 0xCF, 0x1A, 0xCF, 0x1A, 0xCF, 0x1A, 0xCF, 0x1A, 0xCF, 0x1A, 0xCF, 0x1A, 0xCF, 0x1A, 0xCF, 0x1A, 0xCF, 0x1A, 0xCF, 0x1A,
    0xCF, 0x1A, 0xCF, 0x1A, 0xCF, 0x1A, 0xCF, 0x1A, 0xCF, 0x1A, 0xCF, 0x1A, 0xCF, 0x1A, 0xCF, 0x1A, 0xCF, 0x1A, 0xCF, 0x1A, 0xCF, 0x1A, 0xCF, 0x1A,
    0xCF, 0x1A, 0xCF, 0x1A, 0xCF, 0x1A, 0xCF, 0x1A, 0xCF, 0x1A, 0xCF, 0x1A, 0xCF, 0x1A, 0xCF, 0x1A, 0xCF, 0x1A, 0xCF, 0x1A, 0xCF, 0x1A, 0xCF, 0x1A,
    0xCF, 0x1A, 0xCF, 0x1A, 0xCF, 0x1A, 0xCF, 0x1A, 0xCF, 0x1A, 0xCF, 0x1A, 0xCF, 0x1A, 0xCF, 0x1A, 0xCF, 0x1A, 0xE7, 0xFF, 0xDF, 0xBF, 0xA6, 0x39,
    0x75, 0x16, 0x7D, 0x57, 0xCF, 0x1D, 0xE7, 0xDF, 0xAE, 0x5A, 0x7D, 0x16, 0x85, 0x77, 0xCF, 0x3D, 0xDF, 0xBF, 0xAE, 0x7A, 0x7D, 0x16, 0x8D, 0x97,
    0xD7, 0x7E, 0xDF, 0xBF, 0xA6, 0x39, 0x74, 0xF4, 0x85, 0x56, 0xD7, 0x5D, 0xDF, 0x7E, 0xD7, 0x5E, 0xDF, 0x9E, 0x95, 0xB8, 0x6C, 0xB4, 0x74, 0xF5,
    0x6C, 0xD4, 0x74, 0xF5, 0x75, 0x15, 0xCF, 0x7E, 0xCF, 0x1A, 0xCF, 0x1A, 0xCF, 0x1A, 0xCF, 0x1A, 0xCF, 0x1A, 0xCF, 0x1A, 0xCF, 0x1A, 0xCF, 0x1A,
    0xCF, 0x1A, 0xCF, 0x1A, 0xCF, 0x1A, 0xCF, 0x1A, 0xCF, 0x1A, 0xE7, 0xBE, 0xAE, 0x9B, 0xA6, 0x7A, 0xA6, 0x5A, 0xA6, 0x5A, 0xA6, 0x5A, 0xAE, 0x5A,
    0xAE, 0x7A, 0xA6, 0x5A, 0xA6, 0x5A, 0xA6, 0x5A, 0xA6, 0x5A, 0xA6, 0x5A, 0x9D, 0xF9, 0x9D, 0xF9, 0x9D, 0xF9, 0x9D, 0xF9, 0x9D, 0xF9, 0x9D, 0xF9,
    0x9D, 0xF9, 0x9D, 0xF9, 0x9D, 0xF9, 0x95, 0xD9, 0x95, 0xF8, 0x9D, 0xF9, 0x9E, 0x3A, 0xCF, 0xBE, 0xCF, 0x1A, 0xCF, 0x1A, 0xCF, 0x1A, 0xCF, 0x1A,
    0xCF, 0x1A, 0xCF, 0x1A, 0xCF, 0x1A, 0xCF, 0x1A, 0xCF, 0x1A, 0xCF, 0x1A, 0xCF, 0x1A, 0xCF, 0x1A, 0xCF, 0x1A, 0xCF, 0x1A, 0xCF, 0x1A, 0xCF, 0x1A,
    0xCF, 0x1A, 0xCF, 0x1A, 0xCF, 0x1A, 0xCF, 0x1A, 0xCF, 0x1A, 0xCF, 0x1A, 0xCF, 0x1A, 0xCF, 0x1A, 0xCF, 0x1A, 0xCF, 0x1A, 0xCF, 0x1A, 0xCF, 0x1A,
    0xCF, 0x1A, 0xCF, 0x1A, 0xCF, 0x1A, 0xCF, 0x1A, 0xCF, 0x1A, 0xCF, 0x1A, 0xCF, 0x1A, 0xCF, 0x1A, 0xCF, 0x1A, 0xCF, 0x1A, 0xCF, 0x1A, 0xCF, 0x1A,
    0xCF, 0x1A, 0xCF, 0x1A, 0xCF, 0x1A, 0xCF, 0x1A, 0xCF, 0x1A, 0xCF, 0x1A, 0xCF, 0x1A, 0xCF, 0x1A, 0xCF, 0x1A, 0xCF, 0x1A, 0xCF, 0x1A, 0xCF, 0x1A,
    0xCF, 0x1A, 0xCF, 0x1A, 0xCF, 0x1A, 0xCF, 0x1A, 0xCF, 0x1A, 0xCF, 0x1A, 0xCF, 0x1A, 0xCF, 0x1A, 0xCF, 0x1A, 0xCF, 0x1A, 0xCF, 0x1A, 0xCF, 0x1A,
    0xCF, 0x1A, 0xCF, 0x1A, 0xCF, 0x1A, 0xCF, 0x1A, 0xCF, 0x1A, 0xCF, 0x1A, 0xCF, 0x1A, 0xCF, 0x1A, 0xCF, 0x1A, 0xCF, 0x1A, 0xCF, 0x1A, 0xCF, 0x1A,
    0xCF, 0x1A, 0xCF, 0x1A, 0xCF, 0x1A, 0xCF, 0x1A, 0xCF, 0x1A, 0xCF, 0x1A, 0xCF, 0x1A, 0xCF, 0x1A, 0xCF, 0x1A, 0xCF, 0x1A, 0xCF, 0x1A, 0xCF, 0x1A,
    0xCF, 0x1A, 0xCF, 0x1A, 0xCF, 0x1A, 0xCF, 0x1A, 0xCF, 0x1A, 0xCF, 0x1A, 0xCF, 0x1A, 0xCF, 0x1A, 0xCF, 0x1A, 0xCF, 0x1A, 0xCF, 0x1A, 0xCF, 0x1A,
    0xCF, 0x1A, 0xCF, 0x1A, 0xCF, 0x1A, 0xCF, 0x1A, 0xCF, 0x1A, 0xCF, 0x1A, 0xCF, 0x1A, 0xCF, 0x1A, 0xCF, 0x1A, 0xCF, 0x1A, 0xCF, 0x1A, 0xCF, 0x1A,
    0xCF, 0x1A, 0xCF, 0x1A, 0xCF, 0x1A, 0xCF, 0x1A, 0xCF, 0x1A, 0xCF, 0x1A, 0xCF, 0x1A, 0xCF, 0x1A, 0xCF, 0x1A, 0xCF, 0x1A, 0xCF, 0x1A, 0xCF, 0x1A,
    0xCF, 0x1A, 0xCF, 0x1A, 0xCF, 0x1A, 0xCF, 0x1A, 0xCF, 0x1A, 0xCF, 0x1A, 0xCF, 0x1A, 0xCF, 0x1A, 0xCF, 0x1A, 0xCF, 0x1A, 0xCF, 0x1A, 0xCF, 0x1A,
    0xCF, 0x1A, 0xCF, 0x1A, 0xCF, 0x1A, 0xCF, 0x1A, 0xCF, 0x1A, 0xCF, 0x1A, 0xCF, 0x1A, 0xCF, 0x1A, 0xCF, 0x1A, 0xCF, 0x1A, 0xCF, 0x1A, 0xCF, 0x1A,
    0xCF, 0x1A, 0xCF, 0x1A, 0xCF, 0x1A, 0xCF, 0x1A, 0xCF, 0x1A, 0xCF, 0x1A, 0xCF, 0x1A, 0xCF, 0x1A, 0xCF, 0x1A, 0xCF, 0x1A, 0xCF, 0x1A, 0xCF, 0x1A,
    0xCF, 0x1A, 0xCF, 0x1A, 0xCF, 0x1A, 0xCF, 0x1A, 0xCF, 0x1A, 0xCF, 0x1A, 0xCF, 0x1A, 0xCF, 0x1A, 0xCF, 0x1A, 0xE7, 0xDF, 0xDF, 0xBF, 0xA6, 0x39,
    0x75, 0x16, 0x7D, 0x56, 0xCF, 0x3D, 0xE7, 0xDF, 0xAE, 0x5A, 0x7D, 0x16, 0x8D, 0x77, 0xCF, 0x3D, 0xE7, 0xBF, 0xB6, 0x7A, 0x7D, 0x16, 0x8D, 0x97,
    0xD7, 0x5E, 0xE7, 0xBF, 0xA6, 0x39, 0x6C, 0xD5, 0x85, 0x56, 0xD7, 0x5D, 0xDF, 0x7E, 0xD7, 0x5E, 0xDF, 0x9F, 0x8D, 0x97, 0x64, 0x94, 0x6C, 0xD4,
    0x6C, 0xB4, 0x6C, 0xD4, 0x6C, 0xF5, 0xC7, 0x7D, 0xCF, 0x1A, 0xCF, 0x1A, 0xCF, 0x1A, 0xCF, 0x1A, 0xCF, 0x1A, 0xCF, 0x1A, 0xCF, 0x1A, 0xCF, 0x1A,
    0xCF, 0x1A, 0xCF, 0x1A, 0xCF, 0x1A, 0xCF, 0x1A, 0xCF, 0x1A, 0xE7, 0xBE, 0xAE, 0xBB, 0xA6, 0x5A, 0xA6, 0x5A, 0xA6, 0x5A, 0xA6, 0x5A, 0xAE, 0x5B,
    0xAE, 0x7A, 0xA6, 0x7A, 0xA6, 0x5A, 0xA6, 0x7A, 0xA6, 0x5A, 0xA6, 0x5A, 0x95, 0xD8, 0x95, 0xD8, 0x95, 0xD8, 0x95, 0xD8, 0x95, 0xD8, 0x95, 0xD8,
    0x95, 0xD8, 0x95, 0xD8, 0x95, 0xD8, 0x8D, 0xB8, 0x8D, 0xB8, 0x8D, 0xD9, 0x96, 0x19, 0xC7, 0x7E, 0xCF, 0x1A, 0xCF, 0x1A, 0xCF, 0x1A, 0xCF, 0x1A,
    0xCF, 0x1A, 0xCF, 0x1A, 0xCF, 0x1A, 0xCF, 0x1A, 0xCF, 0x1A, 0xCF, 0x1A, 0xCF, 0x1A, 0xCF, 0x1A, 0xCF, 0x1A, 0xCF, 0x1A, 0xCF, 0x1A, 0xCF, 0x1A,
    0xCF, 0x1A, 0xCF, 0x1A, 0xCF, 0x1A, 0xCF, 0x1A, 0xCF, 0x1A, 0xCF, 0x1A, 0xCF, 0x1A, 0xCF, 0x1A, 0xCF, 0x1A, 0xCF, 0x1A, 0xCF, 0x1A, 0xCF, 0x1A,
    0xCF, 0x1A, 0xCF, 0x1A, 0xCF, 0x1A, 0xCF, 0x1A, 0xCF, 0x1A, 0xCF, 0x1A, 0xCF, 0x1A, 0xCF, 0x1A, 0xCF, 0x1A, 0xCF, 0x1A, 0xCF, 0x1A, 0xCF, 0x1A,
    0xCF, 0x1A, 0xCF, 0x1A, 0xCF, 0x1A, 0xCF, 0x1A, 0xCF, 0x1A, 0xCF, 0x1A, 0xCF, 0x1A, 0xCF, 0x1A, 0xCF, 0x1A, 0xCF, 0x1A, 0xCF, 0x1A, 0xCF, 0x1A,
    0xCF, 0x1A, 0xCF, 0x1A, 0xCF, 0x1A, 0xCF, 0x1A, 0xCF, 0x1A, 0xCF, 0x1A, 0xCF, 0x1A, 0xCF, 0x1A, 0xCF, 0x1A, 0xCF, 0x1A, 0xCF, 0x1A, 0xCF, 0x1A,
    0xCF, 0x1A, 0xCF, 0x1A, 0xCF, 0x1A, 0xCF, 0x1A, 0xCF, 0x1A, 0xCF, 0x1A, 0xCF, 0x1A, 0xCF, 0x1A, 0xCF, 0x1A, 0xCF, 0x1A, 0xCF, 0x1A, 0xCF, 0x1A,
    0xCF, 0x1A, 0xCF, 0x1A, 0xCF, 0x1A, 0xCF, 0x1A, 0xCF, 0x1A, 0xCF, 0x1A, 0xCF, 0x1A, 0xCF, 0x1A, 0xCF, 0x1A, 0xCF, 0x1A, 0xCF, 0x1A, 0xCF, 0x1A,
    0xCF, 0x1A, 0xCF, 0x1A, 0xCF, 0x1A, 0xCF, 0x1A, 0xCF, 0x1A, 0xCF, 0x1A, 0xCF, 0x1A, 0xCF, 0x1A, 0xCF, 0x1A, 0xCF, 0x1A, 0xCF, 0x1A, 0xCF, 0x1A,
    0xCF, 0x1A, 0xCF, 0x1A, 0xCF, 0x1A, 0xCF, 0x1A, 0xCF, 0x1A, 0xCF, 0x1A, 0xCF, 0x1A, 0xCF, 0x1A, 0xCF, 0x1A, 0xCF, 0x1A, 0xCF, 0x1A, 0xCF, 0x1A,
    0xCF, 0x1A, 0xCF, 0x1A, 0xCF, 0x1A, 0xCF, 0x1A, 0xCF, 0x1A, 0xCF, 0x1A, 0xCF, 0x1A, 0xCF, 0x1A, 0xCF, 0x1A, 0xCF, 0x1A, 0xCF, 0x1A, 0xCF, 0x1A,
    0xCF, 0x1A, 0xCF, 0x1A, 0xCF, 0x1A, 0xCF, 0x1A, 0xCF, 0x1A, 0xCF, 0x1A, 0xCF, 0x1A, 0xCF, 0x1A, 0xCF, 0x1A, 0xCF, 0x1A, 0xCF, 0x1A, 0xCF, 0x1A,
    0xCF, 0x1A, 0xCF, 0x1A, 0xCF, 0x1A, 0xCF, 0x1A, 0xCF, 0x1A, 0xCF, 0x1A, 0xCF, 0x1A, 0xCF, 0x1A, 0xCF, 0x1A, 0xCF, 0x1A, 0xCF, 0x1A, 0xCF, 0x1A,
    0xCF, 0x1A, 0xCF, 0x1A, 0xCF, 0x1A, 0xCF, 0x1A, 0xCF, 0x1A, 0xCF, 0x1A, 0xCF, 0x1A, 0xCF, 0x1A, 0xCF, 0x1A, 0xCF, 0x1A, 0xCF, 0x1A, 0xCF, 0x1A,
    0xCF, 0x1A, 0xCF, 0x1A, 0xCF, 0x1A, 0xCF, 0x1A, 0xCF, 0x1A, 0xCF, 0x1A, 0xCF, 0x1A, 0xCF, 0x1A, 0xCF, 0x1A, 0xE7, 0xDF, 0xDF, 0xBF, 0xA6, 0x39,
    0x75, 0x16, 0x7D, 0x57, 0xCF, 0x3D, 0xE7, 0xDF, 0xAE, 0x5A, 0x7D, 0x16, 0x8D, 0x77, 0xD7, 0x5D, 0xE7, 0xBF, 0xB6, 0x7A, 0x7D, 0x16, 0x8D, 0x97,
    0xD7, 0x7E, 0xE7, 0xBF, 0xA6, 0x39, 0x74, 0xF5, 0x85, 0x56, 0xD7, 0x5D, 0xDF, 0x7E, 0xD7, 0x5D, 0xDF, 0x9E, 0xAE, 0x5A, 0x8D, 0xB8, 0x95, 0xF8,
    0x95, 0xD8, 0x95, 0xF9, 0x9E, 0x3A, 0xE7, 0xBE, 0xCF, 0x1A, 0xCF, 0x1A, 0xCF, 0x1A, 0xCF, 0x1A, 0xCF, 0x1A, 0xCF, 0x1A, 0xCF, 0x1A, 0xCF, 0x1A,
    0xCF, 0x1A, 0xCF, 0x1A, 0xCF, 0x1A, 0xCF, 0x1A, 0xCF, 0x1A, 0xE7, 0xBE, 0xAE, 0xBC, 0xA6, 0x7A, 0xA6, 0x7A, 0xA6, 0x5B, 0xA6, 0x7A, 0xA6, 0x7B,
    0xAE, 0x7B, 0xAE, 0x7A, 0xA6, 0x5A, 0xA6, 0x5A, 0xA6, 0x5A, 0xA6, 0x5A, 0x7D, 0x35, 0x7D, 0x15, 0x7D, 0x15, 0x7D, 0x15, 0x7D, 0x15, 0x75, 0x15,
    0x75, 0x15, 0x75, 0x15, 0x75, 0x15, 0x75, 0x15, 0x74, 0xF5, 0x75, 0x16, 0x7D, 0x56, 0xAE, 0xDB, 0xCF, 0x1A, 0xCF, 0x1A, 0xCF, 0x1A, 0xCF, 0x1A,
    0xCF, 0x1A, 0xCF, 0x1A, 0xCF, 0x1A, 0xCF, 0x1A, 0xCF, 0x1A, 0xCF, 0x1A, 0xCF, 0x1A, 0xCF, 0x1A, 0xCF, 0x1A, 0xCF, 0x1A, 0xCF, 0x1A, 0xCF, 0x1A,
    0xCF, 0x1A, 0xCF, 0x1A, 0xCF, 0x1A, 0xCF, 0x1A, 0xCF, 0x1A, 0xCF, 0x1A, 0xCF, 0x1A, 0xCF, 0x1A, 0xCF, 0x1A, 0xCF, 0x1A, 0xCF, 0x1A, 0xCF, 0x1A,
    0xCF, 0x1A, 0xCF, 0x1A, 0xCF, 0x1A, 0xCF, 0x1A, 0xCF, 0x1A, 0xCF, 0x1A, 0xCF, 0x1A, 0xCF, 0x1A, 0xCF, 0x1A, 0xCF, 0x1A, 0xCF, 0x1A, 0xCF, 0x1A,
    0xCF, 0x1A, 0xCF, 0x1A, 0xCF, 0x1A, 0xCF, 0x1A, 0xCF, 0x1A, 0xCF, 0x1A, 0xCF, 0x1A, 0xCF, 0x1A, 0xCF, 0x1A, 0xCF, 0x1A, 0xCF, 0x1A, 0xCF, 0x1A,
    0xCF, 0x1A, 0xCF, 0x1A, 0xCF, 0x1A, 0xCF, 0x1A, 0xCF, 0x1A, 0xCF, 0x1A, 0xCF, 0x1A, 0xCF, 0x1A, 0xCF, 0x1A, 0xCF, 0x1A, 0xCF, 0x1A, 0xCF, 0x1A,
    0xCF, 0x1A, 0xCF, 0x1A, 0xCF, 0x1A, 0xCF, 0x1A, 0xCF, 0x1A, 0xCF, 0x1A, 0xCF, 0x1A, 0xCF, 0x1A, 0xCF, 0x1A, 0xCF, 0x1A, 0xCF, 0x1A, 0xCF, 0x1A,
    0xCF, 0x1A, 0xCF, 0x1A, 0xCF, 0x1A, 0xCF, 0x1A, 0xCF, 0x1A, 0xCF, 0x1A, 0xCF, 0x1A, 0xCF, 0x1A, 0xCF, 0x1A, 0xCF, 0x1A, 0xCF, 0x1A, 0xCF, 0x1A,
    0xCF, 0x1A, 0xCF, 0x1A, 0xCF, 0x1A, 0xCF, 0x1A, 0xCF, 0x1A, 0xCF, 0x1A, 0xCF, 0x1A, 0xCF, 0x1A, 0xCF, 0x1A, 0xCF, 0x1A, 0xCF, 0x1A, 0xCF, 0x1A,
    0xCF, 0x1A, 0xCF, 0x1A, 0xCF, 0x1A, 0xCF, 0x1A, 0xCF, 0x1A, 0xCF, 0x1A, 0xCF, 0x1A, 0xCF, 0x1A, 0xCF, 0x1A, 0xCF, 0x1A, 0xCF, 0x1A, 0xCF, 0x1A,
    0xCF, 0x1A, 0xCF, 0x1A, 0xCF, 0x1A, 0xCF, 0x1A, 0xCF, 0x1A, 0xCF, 0x1A, 0xCF, 0x1A, 0xCF, 0x1A, 0xCF, 0x1A, 0xCF, 0x1A, 0xCF, 0x1A, 0xCF, 0x1A,
    0xCF, 0x1A, 0xCF, 0x1A, 0xCF, 0x1A, 0xCF, 0x1A, 0xCF, 0x1A, 0xCF, 0x1A, 0xCF, 0x1A, 0xCF, 0x1A, 0xCF, 0x1A, 0xCF, 0x1A, 0xCF, 0x1A, 0xCF, 0x1A,
    0xCF, 0x1A, 0xCF, 0x1A, 0xCF, 0x1A, 0xCF, 0x1A, 0xCF, 0x1A, 0xCF, 0x1A, 0xCF, 0x1A, 0xCF, 0x1A, 0xCF, 0x1A, 0xCF, 0x1A, 0xCF, 0x1A, 0xCF, 0x1A,
    0xCF, 0x1A, 0xCF, 0x1A, 0xCF, 0x1A, 0xCF, 0x1A, 0xCF, 0x1A, 0xCF, 0x1A, 0xCF, 0x1A, 0xCF, 0x1A, 0xCF, 0x1A, 0xCF, 0x1A, 0xCF, 0x1A, 0xCF, 0x1A,
    0xCF, 0x1A, 0xCF, 0x1A, 0xCF, 0x1A, 0xCF, 0x1A, 0xCF, 0x1A, 0xCF, 0x1A, 0xCF, 0x1A, 0xCF, 0x1A, 0xCF, 0x1A, 0xE7, 0xDF, 0xDF, 0xBE, 0xA6, 0x3A,
    0x75, 0x16, 0x7D, 0x57, 0xCF, 0x3D, 0xE7, 0xDF, 0xAE, 0x5A, 0x7D, 0x36, 0x8D, 0x77, 0xD7, 0x5D, 0xE7, 0xBF, 0xB6, 0x9A, 0x85, 0x36, 0x95, 0x97,
    0xD7, 0x5D, 0xE7, 0xBF, 0xA6, 0x39, 0x74, 0xF5, 0x85, 0x56, 0xD7, 0x3D, 0xDF, 0x5E, 0xD7, 0x5D, 0xDF, 0x7E, 0xBE, 0xBC, 0xA6, 0x7A, 0xAE, 0x9B,
    0xAE, 0x7B, 0xAE, 0x9B, 0xB6, 0xDC, 0xEF, 0xBE, 0xCF, 0x1A, 0xCF, 0x1A, 0xCF, 0x1A, 0xCF, 0x1A, 0xCF, 0x1A, 0xCF, 0x1A, 0xCF, 0x1A, 0xCF, 0x1A,
    0xCF, 0x1A, 0xCF, 0x1A, 0xCF, 0x1A, 0xCF, 0x1A, 0xCF, 0x1A, 0xE7, 0xBE, 0xAE, 0xBC, 0xA6, 0x7B, 0xA6, 0x7A, 0xA6, 0x5B, 0xAE, 0x7B, 0xAE, 0x7A,
    0xAE, 0x7B, 0xAE, 0x7B, 0xA6, 0x5B, 0xA6, 0x5A, 0xA6, 0x5B, 0xA6, 0x5B, 0x7D, 0x36, 0x74, 0xF5, 0x7D, 0x15, 0x75, 0x15, 0x75, 0x15, 0x75, 0x15,
    0x74, 0xF5, 0x75, 0x15, 0x74, 0xF5, 0x74, 0xF5, 0x74, 0xF5, 0x75, 0x15, 0x75, 0x36, 0xAE, 0xBC, 0xCF, 0x1A, 0xCF, 0x1A, 0xCF, 0x1A, 0xCF, 0x1A,
    0xCF, 0x1A, 0xCF, 0x1A, 0xCF, 0x1A, 0xCF, 0x1A, 0xCF, 0x1A, 0xCF, 0x1A, 0xCF, 0x1A, 0xCF, 0x1A, 0xCF, 0x1A, 0xCF, 0x1A, 0xCF, 0x1A, 0xCF, 0x1A,
    0xCF, 0x1A, 0xCF, 0x1A, 0xCF, 0x1A, 0xCF, 0x1A, 0xCF, 0x1A, 0xCF, 0x1A, 0xCF, 0x1A, 0xCF, 0x1A, 0xCF, 0x1A, 0xCF, 0x1A, 0xCF, 0x1A, 0xCF, 0x1A,
    0xCF, 0x1A, 0xCF, 0x1A, 0xCF, 0x1A, 0xCF, 0x1A, 0xCF, 0x1A, 0xCF, 0x1A, 0xCF, 0x1A, 0xCF, 0x1A, 0xCF, 0x1A, 0xCF, 0x1A, 0xCF, 0x1A, 0xCF, 0x1A,
    0xCF, 0x1A, 0xCF, 0x1A, 0xCF, 0x1A, 0xCF, 0x1A, 0xCF, 0x1A, 0xCF, 0x1A, 0xCF, 0x1A, 0xCF, 0x1A, 0xCF, 0x1A, 0xCF, 0x1A, 0xCF, 0x1A, 0xCF, 0x1A,
    0xCF, 0x1A, 0xCF, 0x1A, 0xCF, 0x1A, 0xCF, 0x1A, 0xCF, 0x1A, 0xCF, 0x1A, 0xCF, 0x1A, 0xCF, 0x1A, 0xCF, 0x1A, 0xCF, 0x1A, 0xCF, 0x1A, 0xCF, 0x1A,
    0xCF, 0x1A, 0xCF, 0x1A, 0xCF, 0x1A, 0xCF, 0x1A, 0xCF, 0x1A, 0xCF, 0x1A, 0xCF, 0x1A, 0xCF, 0x1A, 0xCF, 0x1A, 0xCF, 0x1A, 0xCF, 0x1A, 0xCF, 0x1A,
    0xCF, 0x1A, 0xCF, 0x1A, 0xCF, 0x1A, 0xCF, 0x1A, 0xCF, 0x1A, 0xCF, 0x1A, 0xCF, 0x1A, 0xCF, 0x1A, 0xCF, 0x1A, 0xCF, 0x1A, 0xCF, 0x1A, 0xCF, 0x1A,
    0xCF, 0x1A, 0xCF, 0x1A, 0xCF, 0x1A, 0xCF, 0x1A, 0xCF, 0x1A, 0xCF, 0x1A, 0xCF, 0x1A, 0xCF, 0x1A, 0xCF, 0x1A, 0xCF, 0x1A, 0xCF, 0x1A, 0xCF, 0x1A,
    0xCF, 0x1A, 0xCF, 0x1A, 0xCF, 0x1A, 0xCF, 0x1A, 0xCF, 0x1A, 0xCF, 0x1A, 0xCF, 0x1A, 0xCF, 0x1A, 0xCF, 0x1A, 0xCF, 0x1A, 0xCF, 0x1A, 0xCF, 0x1A,
    0xCF, 0x1A, 0xCF, 0x1A, 0xCF, 0x1A, 0xCF, 0x1A, 0xCF, 0x1A, 0xCF, 0x1A, 0xCF, 0x1A, 0xCF, 0x1A, 0xCF, 0x1A, 0xCF, 0x1A, 0xCF, 0x1A, 0xCF, 0x1A,
    0xCF, 0x1A, 0xCF, 0x1A, 0xCF, 0x1A, 0xCF, 0x1A, 0xCF, 0x1A, 0xCF, 0x1A, 0xCF, 0x1A, 0xCF, 0x1A, 0xCF, 0x1A, 0xCF, 0x1A, 0xCF, 0x1A, 0xCF, 0x1A,
    0xCF, 0x1A, 0xCF, 0x1A, 0xCF, 0x1A, 0xCF, 0x1A, 0xCF, 0x1A, 0xCF, 0x1A, 0xCF, 0x1A, 0xCF, 0x1A, 0xCF, 0x1A, 0xCF, 0x1A, 0xCF, 0x1A, 0xCF, 0x1A,
    0xCF, 0x1A, 0xCF, 0x1A, 0xCF, 0x1A, 0xCF, 0x1A, 0xCF, 0x1A, 0xCF, 0x1A, 0xCF, 0x1A, 0xCF, 0x1A, 0xCF, 0x1A, 0xCF, 0x1A, 0xCF, 0x1A, 0xCF, 0x1A,
    0xCF, 0x1A, 0xCF, 0x1A, 0xCF, 0x1A, 0xCF, 0x1A, 0xCF, 0x1A, 0xCF, 0x1A, 0xCF, 0x1A, 0xCF, 0x1A, 0xCF, 0x1A, 0xE7, 0xDF, 0xDF, 0xBF, 0xA6, 0x3A,
    0x75, 0x16, 0x7D, 0x57, 0xCF, 0x3D, 0xE7, 0xDF, 0xAE, 0x5A, 0x7D, 0x16, 0x8D, 0x97, 0xD7, 0x5D, 0xE7, 0xBF, 0xB6, 0x7A, 0x85, 0x36, 0x95, 0x98,
    0xD7, 0x5D, 0xE7, 0xBF, 0xA6, 0x39, 0x74, 0xF5, 0x85, 0x76, 0xD7, 0x5D, 0xDF, 0x7E, 0xD7, 0x5E, 0xDF, 0x9E, 0x9D, 0xF8, 0x7D, 0x15, 0x85, 0x56,
    0x85, 0x36, 0x85, 0x56, 0x85, 0x77, 0xDF, 0xBE, 0xCF, 0x1A, 0xCF, 0x1A, 0xCF, 0x1A, 0xCF, 0x1A, 0xCF, 0x1A, 0xCF, 0x1A, 0xCF, 0x1A, 0xCF, 0x1A,
    0xCF, 0x1A, 0xCF, 0x1A, 0xCF, 0x1A, 0xCF, 0x1A, 0xCF, 0x1A, 0xEF, 0xBE, 0xAE, 0xBC, 0xA6, 0x7B, 0xA6, 0x7A, 0xA6, 0x7A, 0xAE, 0x5B, 0xAE, 0x7B,
    0xA6, 0x7A, 0xA6, 0x7A, 0xA6, 0x5B, 0xA6, 0x5A, 0xA6, 0x5B, 0xA6, 0x5A, 0x7D, 0x36, 0x7D, 0x35, 0xA6, 0x5A, 0xAE, 0x5A, 0xAE, 0x5A, 0xAE, 0x5A,
    0xAE, 0x5A, 0xAE, 0x7A, 0xAE, 0x7A, 0xA6, 0x7A, 0xAE, 0x7B, 0xAE, 0x7A, 0x7D, 0x56, 0xAE, 0x9B, 0xCF, 0x1A, 0xCF, 0x1A, 0xCF, 0x1A, 0xCF, 0x1A,
    0xCF, 0x1A, 0xCF, 0x1A, 0xCF, 0x1A, 0xCF, 0x1A, 0xCF, 0x1A, 0xCF, 0x1A, 0xCF, 0x1A, 0xCF, 0x1A, 0xCF, 0x1A, 0xCF, 0x1A, 0xCF, 0x1A, 0xCF, 0x1A,
    0xCF, 0x1A, 0xCF, 0x1A, 0xCF, 0x1A, 0xCF, 0x1A, 0xCF, 0x1A, 0xCF, 0x1A, 0xCF, 0x1A, 0xCF, 0x1A, 0xCF, 0x1A, 0xCF, 0x1A, 0xCF, 0x1A, 0xCF, 0x1A,
    0xCF, 0x1A, 0xCF, 0x1A, 0xCF, 0x1A, 0xCF, 0x1A, 0xCF, 0x1A, 0xCF, 0x1A, 0xCF, 0x1A, 0xCF, 0x1A, 0xCF, 0x1A, 0xCF, 0x1A, 0xCF, 0x1A, 0xCF, 0x1A,
    0xCF, 0x1A, 0xCF, 0x1A, 0xCF, 0x1A, 0xCF, 0x1A, 0xCF, 0x1A, 0xCF, 0x1A, 0xCF, 0x1A, 0xCF, 0x1A, 0xCF, 0x1A, 0xCF, 0x1A, 0xCF, 0x1A, 0xCF, 0x1A,
    0xCF, 0x1A, 0xCF, 0x1A, 0xCF, 0x1A, 0xCF, 0x1A, 0xCF, 0x1A, 0xCF, 0x1A, 0xCF, 0x1A, 0xCF, 0x1A, 0xCF, 0x1A, 0xCF, 0x1A, 0xCF, 0x1A, 0xCF, 0x1A,
    0xCF, 0x1A, 0xCF, 0x1A, 0xCF, 0x1A, 0xCF, 0x1A, 0xCF, 0x1A, 0xCF, 0x1A, 0xCF, 0x1A, 0xCF, 0x1A, 0xCF, 0x1A, 0xCF, 0x1A, 0xCF, 0x1A, 0xCF, 0x1A,
    0xCF, 0x1A, 0xCF, 0x1A, 0xCF, 0x1A, 0xCF, 0x1A, 0xCF, 0x1A, 0xCF, 0x1A, 0xCF, 0x1A, 0xCF, 0x1A, 0xCF, 0x1A, 0xCF, 0x1A, 0xCF, 0x1A, 0xCF, 0x1A,
    0xCF, 0x1A, 0xCF, 0x1A, 0xCF, 0x1A, 0xCF, 0x1A, 0xCF, 0x1A, 0xCF, 0x1A, 0xCF, 0x1A, 0xCF, 0x1A, 0xCF, 0x1A, 0xCF, 0x1A, 0xCF, 0x1A, 0xCF, 0x1A,
    0xCF, 0x1A, 0xCF, 0x1A, 0xCF, 0x1A, 0xCF, 0x1A, 0xCF, 0x1A, 0xCF, 0x1A, 0xCF, 0x1A, 0xCF, 0x1A, 0xCF, 0x1A, 0xCF, 0x1A, 0xCF, 0x1A, 0xCF, 0x1A,
    0xCF, 0x1A, 0xCF, 0x1A, 0xCF, 0x1A, 0xCF, 0x1A, 0xCF, 0x1A, 0xCF, 0x1A, 0xCF, 0x1A, 0xCF, 0x1A, 0xCF, 0x1A, 0xCF, 0x1A, 0xCF, 0x1A, 0xCF, 0x1A,
    0xCF, 0x1A, 0xCF, 0x1A, 0xCF, 0x1A, 0xCF, 0x1A, 0xCF, 0x1A, 0xCF, 0x1A, 0xCF, 0x1A, 0xCF, 0x1A, 0xCF, 0x1A, 0xCF, 0x1A, 0xCF, 0x1A, 0xCF, 0x1A,
    0xCF, 0x1A, 0xCF, 0x1A, 0xCF, 0x1A, 0xCF, 0x1A, 0xCF, 0x1A, 0xCF, 0x1A, 0xCF, 0x1A, 0xCF, 0x1A, 0xCF, 0x1A, 0xCF, 0x1A, 0xCF, 0x1A, 0xCF, 0x1A,
    0xCF, 0x1A, 0xCF, 0x1A, 0xCF, 0x1A, 0xCF, 0x1A, 0xCF, 0x1A, 0xCF, 0x1A, 0xCF, 0x1A, 0xCF, 0x1A, 0xCF, 0x1A, 0xCF, 0x1A, 0xCF, 0x1A, 0xCF, 0x1A,
    0xCF, 0x1A, 0xCF, 0x1A, 0xCF, 0x1A, 0xCF, 0x1A, 0xCF, 0x1A, 0xCF, 0x1A, 0xCF, 0x1A, 0xCF, 0x1A, 0xCF, 0x1A, 0xDF, 0xBF, 0xDF, 0xBF, 0xA6, 0x39,
    0x7D, 0x16, 0x7D, 0x57, 0xCF, 0x3D, 0xE7, 0xDF, 0xAE, 0x5A, 0x7D, 0x36, 0x8D, 0x97, 0xD7, 0x5D, 0xE7, 0xBF, 0xB6, 0x7A, 0x85, 0x36, 0x95, 0x98,
    0xD7, 0x5E, 0xE7, 0xBF, 0xA6, 0x39, 0x74, 0xF5, 0x85, 0x56, 0xD7, 0x5D, 0xDF, 0x7E, 0xD7, 0x5D, 0xDF, 0x9E, 0x8D, 0x77, 0x64, 0x73, 0x6C, 0xB4,
    0x6C, 0xB4, 0x6C, 0xD4, 0x74, 0xF5, 0xD7, 0xBE, 0xCF, 0x1A, 0xCF, 0x1A, 0xCF, 0x1A, 0xCF, 0x1A, 0xCF, 0x1A, 0xCF, 0x1A, 0xCF, 0x1A, 0xCF, 0x1A,
    0xCF, 0x1A, 0xCF, 0x1A, 0xCF, 0x1A, 0xCF, 0x1A, 0xCF, 0x1A, 0xEF, 0xBE, 0xAE, 0xBC, 0xA6, 0x7B, 0xA6, 0x7A, 0xA6, 0x7B, 0xA6, 0x7B, 0xA6, 0x7A,
    0xA6, 0x7A, 0xA6, 0x5A, 0xA6, 0x5A, 0xA6, 0x5A, 0xA6, 0x5A, 0xA6, 0x5A, 0x7D, 0x36, 0x7D, 0x36, 0xAE, 0x7B, 0xAE, 0x7B, 0xAE, 0x7B, 0xAE, 0x7B,
    0xAE, 0x7B, 0xAE, 0x7A, 0xAE, 0x7B, 0xAE, 0x7B, 0xAE, 0x7B, 0xAE, 0x7B, 0x7D, 0x57, 0xAE, 0x9B, 0xCF, 0x1A, 0xCF, 0x1A, 0xCF, 0x1A, 0xCF, 0x1A,
    0xCF, 0x1A, 0xCF, 0x1A, 0xCF, 0x1A, 0xCF, 0x1A, 0xCF, 0x1A, 0xCF, 0x1A, 0xCF, 0x1A, 0xCF, 0x1A, 0xCF, 0x1A, 0xCF, 0x1A, 0xCF, 0x1A, 0xCF, 0x1A,
    0xCF, 0x1A, 0xCF, 0x1A, 0xCF, 0x1A, 0xCF, 0x1A, 0xCF, 0x1A, 0xCF, 0x1A, 0xCF, 0x1A, 0xCF, 0x1A, 0xCF, 0x1A, 0xCF, 0x1A, 0xCF, 0x1A, 0xCF, 0x1A,
    0xCF, 0x1A, 0xCF, 0x1A, 0xCF, 0x1A, 0xCF, 0x1A, 0xCF, 0x1A, 0xCF, 0x1A, 0xCF, 0x1A, 0xCF, 0x1A, 0xCF, 0x1A, 0xCF, 0x1A, 0xCF, 0x1A, 0xCF, 0x1A,
    0xCF, 0x1A, 0xCF, 0x1A, 0xCF, 0x1A, 0xCF, 0x1A, 0xCF, 0x1A, 0xCF, 0x1A, 0xCF, 0x1A, 0xCF, 0x1A, 0xCF, 0x1A, 0xCF, 0x1A, 0xCF, 0x1A, 0xCF, 0x1A,
    0xCF, 0x1A, 0xCF, 0x1A, 0xCF, 0x1A, 0xCF, 0x1A, 0xCF, 0x1A, 0xCF, 0x1A, 0xCF, 0x1A, 0xCF, 0x1A, 0xCF, 0x1A, 0xCF, 0x1A, 0xCF, 0x1A, 0xCF, 0x1A,
    0xCF, 0x1A, 0xCF, 0x1A, 0xCF, 0x1A, 0xCF, 0x1A, 0xCF, 0x1A, 0xCF, 0x1A, 0xCF, 0x1A, 0xCF, 0x1A, 0xCF, 0x1A, 0xCF, 0x1A, 0xCF, 0x1A, 0xCF, 0x1A,
    0xCF, 0x1A, 0xCF, 0x1A, 0xCF, 0x1A, 0xCF, 0x1A, 0xCF, 0x1A, 0xCF, 0x1A, 0xCF, 0x1A, 0xCF, 0x1A, 0xCF, 0x1A, 0xCF, 0x1A, 0xCF, 0x1A, 0xCF, 0x1A,
    0xCF, 0x1A, 0xCF, 0x1A, 0xCF, 0x1A, 0xCF, 0x1A, 0xCF, 0x1A, 0xCF, 0x1A, 0xCF, 0x1A, 0xCF, 0x1A, 0xCF, 0x1A, 0xCF, 0x1A, 0xCF, 0x1A, 0xCF, 0x1A,
    0xCF, 0x1A, 0xCF, 0x1A, 0xCF, 0x1A, 0xCF, 0x1A, 0xCF, 0x1A, 0xCF, 0x1A, 0xCF, 0x1A, 0xCF, 0x1A, 0xCF, 0x1A, 0xCF, 0x1A, 0xCF, 0x1A, 0xCF, 0x1A,
    0xCF, 0x1A, 0xCF, 0x1A, 0xCF, 0x1A, 0xCF, 0x1A, 0xCF, 0x1A, 0xCF, 0x1A, 0xCF, 0x1A, 0xCF, 0x1A, 0xCF, 0x1A, 0xCF, 0x1A, 0xCF, 0x1A, 0xCF, 0x1A,
    0xCF, 0x1A, 0xCF, 0x1A, 0xCF, 0x1A, 0xCF, 0x1A, 0xCF, 0x1A, 0xCF, 0x1A, 0xCF, 0x1A, 0xCF, 0x1A, 0xCF, 0x1A, 0xCF, 0x1A, 0xCF, 0x1A, 0xCF, 0x1A,
    0xCF, 0x1A, 0xCF, 0x1A, 0xCF, 0x1A, 0xCF, 0x1A, 0xCF, 0x1A, 0xCF, 0x1A, 0xCF, 0x1A, 0xCF, 0x1A, 0xCF, 0x1A, 0xCF, 0x1A, 0xCF, 0x1A, 0xCF, 0x1A,
    0xCF, 0x1A, 0xCF, 0x1A, 0xCF, 0x1A, 0xCF, 0x1A, 0xCF, 0x1A, 0xCF, 0x1A, 0xCF, 0x1A, 0xCF, 0x1A, 0xCF, 0x1A, 0xCF, 0x1A, 0xCF, 0x1A, 0xCF, 0x1A,
    0xCF, 0x1A, 0xCF, 0x1A, 0xCF, 0x1A, 0xCF, 0x1A, 0xCF, 0x1A, 0xCF, 0x1A, 0xCF, 0x1A, 0xCF, 0x1A, 0xD7, 0x1A, 0xDF, 0xBE, 0xDF, 0xBE, 0xA6, 0x39,
    0x7D, 0x16, 0x85, 0x57, 0xCF, 0x3D, 0xE7, 0xDF, 0xAE, 0x5A, 0x7D, 0x36, 0x8D, 0x97, 0xD7, 0x5D, 0xE7, 0xBF, 0xB6, 0x7B, 0x85, 0x36, 0x95, 0xB7,
    0xD7, 0x5D, 0xE7, 0xBF, 0xA6, 0x39, 0x74, 0xF5, 0x85, 0x56, 0xD7, 0x5D, 0xDF, 0x5E, 0xD7, 0x5D, 0xDF, 0x7E, 0xAE, 0x7A, 0x95, 0xF9, 0x9E, 0x19,
    0x96, 0x19, 0x9E, 0x39, 0xA6, 0x5A, 0xEF, 0xBE, 0xCF, 0x1A, 0xCF, 0x1A, 0xCF, 0x1A, 0xCF, 0x1A, 0xCF, 0x1A, 0xCF, 0x1A, 0xCF, 0x1A, 0xCF, 0x1A,
    0xCF, 0x1A, 0xCF, 0x1A, 0xCF, 0x1A, 0xCF, 0x1A, 0xCF, 0x1A, 0xEF, 0xBE, 0xB6, 0xBC, 0xA6, 0x7B, 0xA6, 0x7A, 0xA6, 0x7A, 0xA6, 0x7A, 0xA6, 0x7A,
    0xA6, 0x5B, 0xA6, 0x5A, 0xA6, 0x5A, 0xA6, 0x5A, 0xA6, 0x5A, 0xA6, 0x5A, 0x7D, 0x36, 0x7D, 0x15, 0x7D, 0x15, 0x75, 0x15, 0x75, 0x15, 0x74, 0xF5,
    0x74, 0xF5, 0x74, 0xF5, 0x74, 0xF5, 0x74, 0xF5, 0x75, 0x15, 0x75, 0x15, 0x75, 0x16, 0xAE, 0x9B, 0xCF, 0x1A, 0xCF, 0x1A, 0xCF, 0x1A, 0xCF, 0x1A,
    0xCF, 0x1A, 0xCF, 0x1A, 0xCF, 0x1A, 0xCF, 0x1A, 0xCF, 0x1A, 0xCF, 0x1A, 0xCF, 0x1A, 0xCF, 0x1A, 0xCF, 0x1A, 0xCF, 0x1A, 0xCF, 0x1A, 0xCF, 0x1A,
    0xCF, 0x1A, 0xCF, 0x1A, 0xCF, 0x1A, 0xCF, 0x1A, 0xCF, 0x1A, 0xCF, 0x1A, 0xCF, 0x1A, 0xCF, 0x1A, 0xCF, 0x1A, 0xCF, 0x1A, 0xCF, 0x1A, 0xCF, 0x1A,
    0xCF, 0x1A, 0xCF, 0x1A, 0xCF, 0x1A, 0xCF, 0x1A, 0xCF, 0x1A, 0xCF, 0x1A, 0xCF, 0x1A, 0xCF, 0x1A, 0xCF, 0x1A, 0xCF, 0x1A, 0xCF, 0x1A, 0xCF, 0x1A,
    0xCF, 0x1A, 0xCF, 0x1A, 0xCF, 0x1A, 0xCF, 0x1A, 0xCF, 0x1A, 0xCF, 0x1A, 0xCF, 0x1A, 0xCF, 0x1A, 0xCF, 0x1A, 0xCF, 0x1A, 0xCF, 0x1A, 0xCF, 0x1A,
    0xCF, 0x1A, 0xCF, 0x1A, 0xCF, 0x1A, 0xCF, 0x1A, 0xCF, 0x1A, 0xCF, 0x1A, 0xCF, 0x1A, 0xCF, 0x1A, 0xCF, 0x1A, 0xCF, 0x1A, 0xCF, 0x1A, 0xCF, 0x1A,
    0xCF, 0x1A, 0xCF, 0x1A, 0xCF, 0x1A, 0xCF, 0x1A, 0xCF, 0x1A, 0xCF, 0x1A, 0xCF, 0x1A, 0xCF, 0x1A, 0xCF, 0x1A, 0xCF, 0x1A, 0xCF, 0x1A, 0xCF, 0x1A,
    0xCF, 0x1A, 0xCF, 0x1A, 0xCF, 0x1A, 0xCF, 0x1A, 0xCF, 0x1A, 0xCF, 0x1A, 0xCF, 0x1A, 0xCF, 0x1A, 0xCF, 0x1A, 0xCF, 0x1A, 0xCF, 0x1A, 0xCF, 0x1A,
    0xCF, 0x1A, 0xCF, 0x1A, 0xCF, 0x1A, 0xCF, 0x1A, 0xCF, 0x1A, 0xCF, 0x1A, 0xCF, 0x1A, 0xCF, 0x1A, 0xCF, 0x1A, 0xCF, 0x1A, 0xCF, 0x1A, 0xCF, 0x1A,
    0xCF, 0x1A, 0xCF, 0x1A, 0xCF, 0x1A, 0xCF, 0x1A, 0xCF, 0x1A, 0xCF, 0x1A, 0xCF, 0x1A, 0xCF, 0x1A, 0xCF, 0x1A, 0xCF, 0x1A, 0xCF, 0x1A, 0xCF, 0x1A,
    0xCF, 0x1A, 0xCF, 0x1A, 0xCF, 0x1A, 0xCF, 0x1A, 0xCF, 0x1A, 0xCF, 0x1A, 0xCF, 0x1A, 0xCF, 0x1A, 0xCF, 0x1A, 0xCF, 0x1A, 0xCF, 0x1A, 0xCF, 0x1A,
    0xCF, 0x1A, 0xCF, 0x1A, 0xCF, 0x1A, 0xCF, 0x1A, 0xCF, 0x1A, 0xCF, 0x1A, 0xCF, 0x1A, 0xCF, 0x1A, 0xCF, 0x1A, 0xCF, 0x1A, 0xCF, 0x1A, 0xCF, 0x1A,
    0xCF, 0x1A, 0xCF, 0x1A, 0xCF, 0x1A, 0xCF, 0x1A, 0xCF, 0x1A, 0xCF, 0x1A, 0xCF, 0x1A, 0xCF, 0x1A, 0xCF, 0x1A, 0xCF, 0x1A, 0xCF, 0x1A, 0xCF, 0x1A,
    0xCF, 0x1A, 0xCF, 0x1A, 0xCF, 0x1A, 0xCF, 0x1A, 0xCF, 0x1A, 0xCF, 0x1A, 0xCF, 0x1A, 0xCF, 0x1A, 0xCF, 0x1A, 0xCF, 0x1A, 0xCF, 0x1A, 0xCF, 0x1A,
    0xCF, 0x1A, 0xCF, 0x1A, 0xCF, 0x1A, 0xCF, 0x1A, 0xCF, 0x1A, 0xCF, 0x1A, 0xCF, 0x1A, 0xCF, 0x1A, 0xD7, 0x1A, 0xE7, 0xDF, 0xDF, 0xBF, 0xA6, 0x3A,
    0x7D, 0x16, 0x85, 0x57, 0xCF, 0x3D, 0xE7, 0xDF, 0xAE, 0x7A, 0x7D, 0x36, 0x8D, 0x97, 0xD7, 0x3D, 0xE7, 0xBF, 0xB6, 0x9A, 0x85, 0x36, 0x95, 0xB7,
    0xD7, 0x5D, 0xE7, 0xBF, 0xA6, 0x19, 0x74, 0xF5, 0x85, 0x56, 0xD7, 0x5D, 0xDF, 0x7E, 0xD7, 0x5E, 0xDF, 0x7E, 0xB6, 0xBB, 0xA6, 0x5A, 0xA6, 0x5A,
    0xA6, 0x5A, 0xA6, 0x7A, 0xAE, 0xBC, 0xEF, 0xBD, 0xCF, 0x1A, 0xCF, 0x1A, 0xCF, 0x1A, 0xCF, 0x1A, 0xCF, 0x1A, 0xCF, 0x1A, 0xCF, 0x1A, 0xCF, 0x1A,
    0xCF, 0x1A, 0xCF, 0x1A, 0xCF, 0x1A, 0xCF, 0x1A, 0xCF, 0x1A, 0xEF, 0xBE, 0xB6, 0xBC, 0xA6, 0x7B, 0xA6, 0x7B, 0xA6, 0x7A, 0xA6, 0x7A, 0xA6, 0x7A,
    0xA6, 0x5A, 0xA6, 0x5A, 0xA6, 0x5A, 0xA6, 0x5A, 0xA6, 0x5A, 0xA6, 0x5A, 0x7D, 0x36, 0x7C, 0xF5, 0x74, 0xF5, 0x74, 0xF5, 0x74, 0xF5, 0x74, 0xF5,
    0x74, 0xF5, 0x74, 0xF5, 0x74, 0xF5, 0x74, 0xF5, 0x75, 0x15, 0x75, 0x15, 0x75, 0x36, 0xAE, 0x9B, 0xCF, 0x1A, 0xCF, 0x1A, 0xCF, 0x1A, 0xCF, 0x1A,
    0xCF, 0x1A, 0xCF, 0x1A, 0xCF, 0x1A, 0xCF, 0x1A, 0xCF, 0x1A, 0xCF, 0x1A, 0xCF, 0x1A, 0xCF, 0x1A, 0xCF, 0x1A, 0xCF, 0x1A, 0xCF, 0x1A, 0xCF, 0x1A,
    0xCF, 0x1A, 0xCF, 0x1A, 0xCF, 0x1A, 0xCF, 0x1A, 0xCF, 0x1A, 0xCF, 0x1A, 0xCF, 0x1A, 0xCF, 0x1A, 0xCF, 0x1A, 0xCF, 0x1A, 0xCF, 0x1A, 0xCF, 0x1A,
    0xCF, 0x1A, 0xCF, 0x1A, 0xCF, 0x1A, 0xCF, 0x1A, 0xCF, 0x1A, 0xCF, 0x1A, 0xCF, 0x1A, 0xCF, 0x1A, 0xCF, 0x1A, 0xCF, 0x1A, 0xCF, 0x1A, 0xCF, 0x1A,
    0xCF, 0x1A, 0xCF, 0x1A, 0xCF, 0x1A, 0xCF, 0x1A, 0xCF, 0x1A, 0xCF, 0x1A, 0xCF, 0x1A, 0xCF, 0x1A, 0xCF, 0x1A, 0xCF, 0x1A, 0xCF, 0x1A, 0xCF, 0x1A,
    0xCF, 0x1A, 0xCF, 0x1A, 0xCF, 0x1A, 0xCF, 0x1A, 0xCF, 0x1A, 0xCF, 0x1A, 0xCF, 0x1A, 0xCF, 0x1A, 0xCF, 0x1A, 0xCF, 0x1A, 0xCF, 0x1A, 0xCF, 0x1A,
    0xCF, 0x1A, 0xCF, 0x1A, 0xCF, 0x1A, 0xCF, 0x1A, 0xCF, 0x1A, 0xCF, 0x1A, 0xCF, 0x1A, 0xCF, 0x1A, 0xCF, 0x1A, 0xCF, 0x1A, 0xCF, 0x1A, 0xCF, 0x1A,
    0xCF, 0x1A, 0xCF, 0x1A, 0xCF, 0x1A, 0xCF, 0x1A, 0xCF, 0x1A, 0xCF, 0x1A, 0xCF, 0x1A, 0xCF, 0x1A, 0xCF, 0x1A, 0xCF, 0x1A, 0xCF, 0x1A, 0xCF, 0x1A,
    0xCF, 0x1A, 0xCF, 0x1A, 0xCF, 0x1A, 0xCF, 0x1A, 0xCF, 0x1A, 0xCF, 0x1A, 0xCF, 0x1A, 0xCF, 0x1A, 0xCF, 0x1A, 0xCF, 0x1A, 0xCF, 0x1A, 0xCF, 0x1A,
    0xCF, 0x1A, 0xCF, 0x1A, 0xCF, 0x1A, 0xCF, 0x1A, 0xCF, 0x1A, 0xCF, 0x1A, 0xCF, 0x1A, 0xCF, 0x1A, 0xCF, 0x1A, 0xCF, 0x1A, 0xCF, 0x1A, 0xCF, 0x1A,
    0xCF, 0x1A, 0xCF, 0x1A, 0xCF, 0x1A, 0xCF, 0x1A, 0xCF, 0x1A, 0xCF, 0x1A, 0xCF, 0x1A, 0xCF, 0x1A, 0xCF, 0x1A, 0xCF, 0x1A, 0xCF, 0x1A, 0xCF, 0x1A,
    0xCF, 0x1A, 0xCF, 0x1A, 0xCF, 0x1A, 0xCF, 0x1A, 0xCF, 0x1A, 0xCF, 0x1A, 0xCF, 0x1A, 0xCF, 0x1A, 0xCF, 0x1A, 0xCF, 0x1A, 0xCF, 0x1A, 0xCF, 0x1A,
    0xCF, 0x1A, 0xCF, 0x1A, 0xCF, 0x1A, 0xCF, 0x1A, 0xCF, 0x1A, 0xCF, 0x1A, 0xCF, 0x1A, 0xCF, 0x1A, 0xCF, 0x1A, 0xCF, 0x1A, 0xCF, 0x1A, 0xCF, 0x1A,
    0xCF, 0x1A, 0xCF, 0x1A, 0xCF, 0x1A, 0xCF, 0x1A, 0xCF, 0x1A, 0xCF, 0x1A, 0xCF, 0x1A, 0xCF, 0x1A, 0xCF, 0x1A, 0xCF, 0x1A, 0xCF, 0x1A, 0xCF, 0x1A,
    0xCF, 0x1A, 0xCF, 0x1A, 0xCF, 0x1A, 0xCF, 0x1A, 0xCF, 0x1A, 0xCF, 0x1A, 0xCF, 0x1A, 0xCF, 0x1A, 0xD7, 0x1A, 0xE7, 0xFF, 0xDF, 0xBF, 0xA6, 0x5A,
    0x7D, 0x36, 0x85, 0x57, 0xCF, 0x3D, 0xE7, 0xDF, 0xAE, 0x7A, 0x7D, 0x36, 0x8D, 0x97, 0xD7, 0x5D, 0xE7, 0xBF, 0xB6, 0x9A, 0x85, 0x37, 0x95, 0xB8,
    0xD7, 0x5D, 0xDF, 0xBE, 0xA6, 0x39, 0x74, 0xF5, 0x85, 0x56, 0xD7, 0x5D, 0xDF, 0x7E, 0xD7, 0x5E, 0xDF, 0x9F, 0x9D, 0xB7, 0x74, 0xB4, 0x7C, 0xF5,
    0x7C, 0xF5, 0x7D, 0x15, 0x7D, 0x56, 0xD7, 0x9D, 0xCF, 0x1A, 0xCF, 0x1A, 0xCF, 0x1A, 0xCF, 0x1A, 0xCF, 0x1A, 0xCF, 0x1A, 0xCF, 0x1A, 0xCF, 0x1A,
    0xCF, 0x1A, 0xCF, 0x1A, 0xCF, 0x1A, 0xCF, 0x1A, 0xCF, 0x1A, 0xEF, 0xBE, 0xB6, 0xDC, 0xA6, 0x7B, 0xA6, 0x7B, 0xA6, 0x5B, 0xA6, 0x5A, 0xA6, 0x5A,
    0xA6, 0x5A, 0xA6, 0x5A, 0xA6, 0x5A, 0xA6, 0x5A, 0xA6, 0x5A, 0xA6, 0x5A, 0x7D, 0x16, 0x7D, 0x16, 0xA6, 0x39, 0xAE, 0x5A, 0xAE, 0x5A, 0xA6, 0x5A,
    0xAE, 0x59, 0xA6, 0x5A, 0xA6, 0x5A, 0xA6, 0x5A, 0xA6, 0x5A, 0xA6, 0x39, 0x7D, 0x56, 0xAE, 0x9B, 0xCF, 0x1A, 0xCF, 0x1A, 0xCF, 0x1A, 0xCF, 0x1A,
    0xCF, 0x1A, 0xCF, 0x1A, 0xCF, 0x1A, 0xCF, 0x1A, 0xCF, 0x1A, 0xCF, 0x1A, 0xCF, 0x1A, 0xCF, 0x1A, 0xCF, 0x1A, 0xCF, 0x1A, 0xCF, 0x1A, 0xCF, 0x1A,
    0xCF, 0x1A, 0xCF, 0x1A, 0xCF, 0x1A, 0xCF, 0x1A, 0xCF, 0x1A, 0xCF, 0x1A, 0xCF, 0x1A, 0xCF, 0x1A, 0xCF, 0x1A, 0xCF, 0x1A, 0xCF, 0x1A, 0xCF, 0x1A,
    0xCF, 0x1A, 0xCF, 0x1A, 0xCF, 0x1A, 0xCF, 0x1A, 0xCF, 0x1A, 0xCF, 0x1A, 0xCF, 0x1A, 0xCF, 0x1A, 0xCF, 0x1A, 0xCF, 0x1A, 0xCF, 0x1A, 0xCF, 0x1A,
    0xCF, 0x1A, 0xCF, 0x1A, 0xCF, 0x1A, 0xCF, 0x1A, 0xCF, 0x1A, 0xCF, 0x1A, 0xCF, 0x1A, 0xCF, 0x1A, 0xCF, 0x1A, 0xCF, 0x1A, 0xCF, 0x1A, 0xCF, 0x1A,
    0xCF, 0x1A, 0xCF, 0x1A, 0xCF, 0x1A, 0xCF, 0x1A, 0xCF, 0x1A, 0xCF, 0x1A, 0xCF, 0x1A, 0xCF, 0x1A, 0xCF, 0x1A, 0xCF, 0x1A, 0xCF, 0x1A, 0xCF, 0x1A,
    0xCF, 0x1A, 0xCF, 0x1A, 0xCF, 0x1A, 0xCF, 0x1A, 0xCF, 0x1A, 0xCF, 0x1A, 0xCF, 0x1A, 0xCF, 0x1A, 0xCF, 0x1A, 0xCF, 0x1A, 0xCF, 0x1A, 0xCF, 0x1A,
    0xCF, 0x1A, 0xCF, 0x1A, 0xCF, 0x1A, 0xCF, 0x1A, 0xCF, 0x1A, 0xCF, 0x1A, 0xCF, 0x1A, 0xCF, 0x1A, 0xCF, 0x1A, 0xCF, 0x1A, 0xCF, 0x1A, 0xCF, 0x1A,
    0xCF, 0x1A, 0xCF, 0x1A, 0xCF, 0x1A, 0xCF, 0x1A, 0xCF, 0x1A, 0xCF, 0x1A, 0xCF, 0x1A, 0xCF, 0x1A, 0xCF, 0x1A, 0xCF, 0x1A, 0xCF, 0x1A, 0xCF, 0x1A,
    0xCF, 0x1A, 0xCF, 0x1A, 0xCF, 0x1A, 0xCF, 0x1A, 0xCF, 0x1A, 0xCF, 0x1A, 0xCF, 0x1A, 0xCF, 0x1A, 0xCF, 0x1A, 0xCF, 0x1A, 0xCF, 0x1A, 0xCF, 0x1A,
    0xCF, 0x1A, 0xCF, 0x1A, 0xCF, 0x1A, 0xCF, 0x1A, 0xCF, 0x1A, 0xCF, 0x1A, 0xCF, 0x1A, 0xCF, 0x1A, 0xCF, 0x1A, 0xCF, 0x1A, 0xCF, 0x1A, 0xCF, 0x1A,
    0xCF, 0x1A, 0xCF, 0x1A, 0xCF, 0x1A, 0xCF, 0x1A, 0xCF, 0x1A, 0xCF, 0x1A, 0xCF, 0x1A, 0xCF, 0x1A, 0xCF, 0x1A, 0xCF, 0x1A, 0xCF, 0x1A, 0xCF, 0x1A,
    0xCF, 0x1A, 0xCF, 0x1A, 0xCF, 0x1A, 0xCF, 0x1A, 0xCF, 0x1A, 0xCF, 0x1A, 0xCF, 0x1A, 0xCF, 0x1A, 0xCF, 0x1A, 0xCF, 0x1A, 0xCF, 0x1A, 0xCF, 0x1A,
    0xCF, 0x1A, 0xCF, 0x1A, 0xCF, 0x1A, 0xCF, 0x1A, 0xCF, 0x1A, 0xCF, 0x1A, 0xCF, 0x1A, 0xCF, 0x1A, 0xCF, 0x1A, 0xCF, 0x1A, 0xCF, 0x1A, 0xCF, 0x1A,
    0xCF, 0x1A, 0xCF, 0x1A, 0xCF, 0x1A, 0xCF, 0x1A, 0xCF, 0x1A, 0xCF, 0x1A, 0xCF, 0x1A, 0xCF, 0x1A, 0xD7, 0x1A, 0xE7, 0xFF, 0xDF, 0xBF, 0xAE, 0x5A,
    0x7D, 0x36, 0x85, 0x57, 0xCF, 0x3D, 0xE7, 0xBF, 0xAE, 0x7A, 0x7D, 0x36, 0x8D, 0x97, 0xD7, 0x3D, 0xE7, 0xBF, 0xB6, 0x9A, 0x85, 0x36, 0x95, 0xB8,
    0xD7, 0x5D, 0xDF, 0x9F, 0xA6, 0x39, 0x74, 0xF5, 0x85, 0x76, 0xD7, 0x5D, 0xDF, 0x7E, 0xD7, 0x5D, 0xDF, 0x9F, 0x95, 0xB7, 0x6C, 0x93, 0x74, 0xD4,
    0x74, 0xD4, 0x74, 0xF5, 0x7D, 0x35, 0xD7, 0x9D, 0xCF, 0x1A, 0xD7, 0x1A, 0xCF, 0x1A, 0xCF, 0x1A, 0xCF, 0x1A, 0xCF, 0x1A, 0xCF, 0x1A, 0xCF, 0x1A,
    0xCF, 0x1A, 0xCF, 0x1A, 0xCF, 0x1A, 0xD7, 0x1A, 0xCF, 0x1A, 0xEF, 0xBE, 0xB6, 0xDC, 0xA6, 0x7B, 0xA6, 0x7A, 0xA6, 0x5A, 0xA6, 0x5A, 0xA6, 0x5A,
    0xA6, 0x5A, 0xA6, 0x5A, 0xA6, 0x5A, 0xA6, 0x5A, 0xA6, 0x5A, 0xA6, 0x5A, 0x7D, 0x35, 0x7D, 0x16, 0xA6, 0x5A, 0xAE, 0x7A, 0xAE, 0x5A, 0xAE, 0x7A,
    0xAE, 0x7A, 0xAE, 0x7A, 0xAE, 0x7A, 0xAE, 0x7A, 0xAE, 0x7A, 0xAE, 0x5A, 0x7D, 0x57, 0xAE, 0x9B, 0xCF, 0x1A, 0xCF, 0x1A, 0xCF, 0x1A, 0xCF, 0x1A,
    0xCF, 0x1A, 0xCF, 0x1A, 0xCF, 0x1A, 0xCF, 0x1A, 0xCF, 0x1A, 0xCF, 0x1A, 0xCF, 0x1A, 0xCF, 0x1A, 0xCF, 0x1A, 0xCF, 0x1A, 0xCF, 0x1A, 0xCF, 0x1A,
    0xCF, 0x1A, 0xCF, 0x1A, 0xCF, 0x1A, 0xCF, 0x1A, 0xCF, 0x1A, 0xCF, 0x1A, 0xCF, 0x1A, 0xCF, 0x1A, 0xCF, 0x1A, 0xCF, 0x1A, 0xCF, 0x1A, 0xCF, 0x1A,
    0xCF, 0x1A, 0xCF, 0x1A, 0xCF, 0x1A, 0xCF, 0x1A, 0xCF, 0x1A, 0xCF, 0x1A, 0xCF, 0x1A, 0xCF, 0x1A, 0xCF, 0x1A, 0xCF, 0x1A, 0xCF, 0x1A, 0xCF, 0x1A,
    0xCF, 0x1A, 0xCF, 0x1A, 0xCF, 0x1A, 0xCF, 0x1A, 0xCF, 0x1A, 0xCF, 0x1A, 0xCF, 0x1A, 0xCF, 0x1A, 0xCF, 0x1A, 0xCF, 0x1A, 0xCF, 0x1A, 0xCF, 0x1A,
    0xCF, 0x1A, 0xCF, 0x1A, 0xCF, 0x1A, 0xCF, 0x1A, 0xCF, 0x1A, 0xCF, 0x1A, 0xCF, 0x1A, 0xCF, 0x1A, 0xCF, 0x1A, 0xCF, 0x1A, 0xCF, 0x1A, 0xCF, 0x1A,
    0xCF, 0x1A, 0xCF, 0x1A, 0xCF, 0x1A, 0xCF, 0x1A, 0xCF, 0x1A, 0xCF, 0x1A, 0xCF, 0x1A, 0xCF, 0x1A, 0xCF, 0x1A, 0xCF, 0x1A, 0xCF, 0x1A, 0xCF, 0x1A,
    0xCF, 0x1A, 0xCF, 0x1A, 0xCF, 0x1A, 0xCF, 0x1A, 0xCF, 0x1A, 0xCF, 0x1A, 0xCF, 0x1A, 0xCF, 0x1A, 0xCF, 0x1A, 0xCF, 0x1A, 0xCF, 0x1A, 0xCF, 0x1A,
    0xCF, 0x1A, 0xCF, 0x1A, 0xCF, 0x1A, 0xCF, 0x1A, 0xCF, 0x1A, 0xCF, 0x1A, 0xCF, 0x1A, 0xCF, 0x1A, 0xCF, 0x1A, 0xCF, 0x1A, 0xCF, 0x1A, 0xCF, 0x1A,
    0xCF, 0x1A, 0xCF, 0x1A, 0xCF, 0x1A, 0xCF, 0x1A, 0xCF, 0x1A, 0xCF, 0x1A, 0xCF, 0x1A, 0xCF, 0x1A, 0xCF, 0x1A, 0xCF, 0x1A, 0xCF, 0x1A, 0xCF, 0x1A,
    0xCF, 0x1A, 0xCF, 0x1A, 0xCF, 0x1A, 0xCF, 0x1A, 0xCF, 0x1A, 0xCF, 0x1A, 0xCF, 0x1A, 0xCF, 0x1A, 0xCF, 0x1A, 0xCF, 0x1A, 0xCF, 0x1A, 0xCF, 0x1A,
    0xCF, 0x1A, 0xCF, 0x1A, 0xCF, 0x1A, 0xCF, 0x1A, 0xCF, 0x1A, 0xCF, 0x1A, 0xCF, 0x1A, 0xCF, 0x1A, 0xCF, 0x1A, 0xCF, 0x1A, 0xCF, 0x1A, 0xCF, 0x1A,
    0xCF, 0x1A, 0xCF, 0x1A, 0xCF, 0x1A, 0xCF, 0x1A, 0xCF, 0x1A, 0xCF, 0x1A, 0xCF, 0x1A, 0xCF, 0x1A, 0xCF, 0x1A, 0xCF, 0x1A, 0xCF, 0x1A, 0xCF, 0x1A,
    0xCF, 0x1A, 0xCF, 0x1A, 0xCF, 0x1A, 0xCF, 0x1A, 0xCF, 0x1A, 0xCF, 0x1A, 0xCF, 0x1A, 0xCF, 0x1A, 0xCF, 0x1A, 0xCF, 0x1A, 0xCF, 0x1A, 0xCF, 0x1A,
    0xCF, 0x1A, 0xCF, 0x1A, 0xCF, 0x1A, 0xCF, 0x1A, 0xCF, 0x1A, 0xCF, 0x1A, 0xCF, 0x1A, 0xCF, 0x1A, 0xD7, 0x1A, 0xE7, 0xFF, 0xDF, 0xBF, 0xAE, 0x5A,
    0x7D, 0x36, 0x85, 0x57, 0xCF, 0x3D, 0xE7, 0xBF, 0xAE, 0x7A, 0x7D, 0x36, 0x8D, 0x97, 0xD7, 0x3D, 0xE7, 0x9E, 0xB6, 0x7B, 0x85, 0x36, 0x95, 0xB7,
    0xD7, 0x5D, 0xDF, 0x9F, 0xA6, 0x39, 0x74, 0xF5, 0x85, 0x76, 0xD7, 0x5D, 0xDF, 0x7E, 0xDF, 0x7E, 0xDF, 0x9E, 0xB6, 0x9B, 0x9E, 0x19, 0xA6, 0x3A,
    0xA6, 0x1A, 0xA6, 0x3A, 0xAE, 0x9B, 0xEF, 0x9D, 0xCF, 0x1A, 0xD7, 0x1A, 0xCF, 0x1A, 0xCF, 0x1A, 0xCF, 0x1A, 0xCF, 0x1A, 0xCF, 0x1A, 0xCF, 0x1A,
    0xCF, 0x1A, 0xCF, 0x1A, 0xCF, 0x1A, 0xD7, 0x1A, 0xCF, 0x1A, 0xEF, 0xBE, 0xB6, 0xBC, 0xA6, 0x7B, 0xA6, 0x7A, 0xA6, 0x5A, 0xA6, 0x5A, 0xA6, 0x5A,
    0xA6, 0x5A, 0xA6, 0x5A, 0xA6, 0x5A, 0xA6, 0x5A, 0xA6, 0x5A, 0xA6, 0x5A, 0x7D, 0x35, 0x74, 0xF5, 0x74, 0xF5, 0x74, 0xF4, 0x74, 0xD5, 0x74, 0xD5,
    0x74, 0xF4, 0x74, 0xF5, 0x74, 0xF5, 0x74, 0xF5, 0x74, 0xF5, 0x74, 0xF5, 0x75, 0x16, 0xAE, 0xBB, 0xCF, 0x1A, 0xCF, 0x1A, 0xCF, 0x1A, 0xCF, 0x1A,
    0xCF, 0x1A, 0xCF, 0x1A, 0xCF, 0x1A, 0xCF, 0x1A, 0xCF, 0x1A, 0xCF, 0x1A, 0xCF, 0x1A, 0xCF, 0x1A, 0xCF, 0x1A, 0xCF, 0x1A, 0xCF, 0x1A, 0xCF, 0x1A,
    0xCF, 0x1A, 0xCF, 0x1A, 0xCF, 0x1A, 0xCF, 0x1A, 0xCF, 0x1A, 0xCF, 0x1A, 0xCF, 0x1A, 0xCF, 0x1A, 0xCF, 0x1A, 0xCF, 0x1A, 0xCF, 0x1A, 0xCF, 0x1A,
    0xCF, 0x1A, 0xCF, 0x1A, 0xCF, 0x1A, 0xCF, 0x1A, 0xCF, 0x1A, 0xCF, 0x1A, 0xCF, 0x1A, 0xCF, 0x1A, 0xCF, 0x1A, 0xCF, 0x1A, 0xCF, 0x1A, 0xCF, 0x1A,
    0xCF, 0x1A, 0xCF, 0x1A, 0xCF, 0x1A, 0xCF, 0x1A, 0xCF, 0x1A, 0xCF, 0x1A, 0xCF, 0x1A, 0xCF, 0x1A, 0xCF, 0x1A, 0xCF, 0x1A, 0xCF, 0x1A, 0xCF, 0x1A,
    0xCF, 0x1A, 0xCF, 0x1A, 0xCF, 0x1A, 0xCF, 0x1A, 0xCF, 0x1A, 0xCF, 0x1A, 0xCF, 0x1A, 0xCF, 0x1A, 0xCF, 0x1A, 0xCF, 0x1A, 0xCF, 0x1A, 0xCF, 0x1A,
    0xCF, 0x1A, 0xCF, 0x1A, 0xCF, 0x1A, 0xCF, 0x1A, 0xCF, 0x1A, 0xCF, 0x1A, 0xCF, 0x1A, 0xCF, 0x1A, 0xCF, 0x1A, 0xCF, 0x1A, 0xCF, 0x1A, 0xCF, 0x1A,
    0xCF, 0x1A, 0xCF, 0x1A, 0xCF, 0x1A, 0xCF, 0x1A, 0xCF, 0x1A, 0xCF, 0x1A, 0xCF, 0x1A, 0xCF, 0x1A, 0xCF, 0x1A, 0xCF, 0x1A, 0xCF, 0x1A, 0xCF, 0x1A,
    0xCF, 0x1A, 0xCF, 0x1A, 0xCF, 0x1A, 0xCF, 0x1A, 0xCF, 0x1A, 0xCF, 0x1A, 0xCF, 0x1A, 0xCF, 0x1A, 0xCF, 0x1A, 0xCF, 0x1A, 0xCF, 0x1A, 0xCF, 0x1A,
    0xCF, 0x1A, 0xCF, 0x1A, 0xCF, 0x1A, 0xCF, 0x1A, 0xCF, 0x1A, 0xCF, 0x1A, 0xCF, 0x1A, 0xCF, 0x1A, 0xCF, 0x1A, 0xCF, 0x1A, 0xCF, 0x1A, 0xCF, 0x1A,
    0xCF, 0x1A, 0xCF, 0x1A, 0xCF, 0x1A, 0xCF, 0x1A, 0xCF, 0x1A, 0xCF, 0x1A, 0xCF, 0x1A, 0xCF, 0x1A, 0xCF, 0x1A, 0xCF, 0x1A, 0xCF, 0x1A, 0xCF, 0x1A,
    0xCF, 0x1A, 0xCF, 0x1A, 0xCF, 0x1A, 0xCF, 0x1A, 0xCF, 0x1A, 0xCF, 0x1A, 0xCF, 0x1A, 0xCF, 0x1A, 0xCF, 0x1A, 0xCF, 0x1A, 0xCF, 0x1A, 0xCF, 0x1A,
    0xCF, 0x1A, 0xCF, 0x1A, 0xCF, 0x1A, 0xCF, 0x1A, 0xCF, 0x1A, 0xCF, 0x1A, 0xCF, 0x1A, 0xCF, 0x1A, 0xCF, 0x1A, 0xCF, 0x1A, 0xCF, 0x1A, 0xCF, 0x1A,
    0xCF, 0x1A, 0xCF, 0x1A, 0xCF, 0x1A, 0xCF, 0x1A, 0xCF, 0x1A, 0xCF, 0x1A, 0xCF, 0x1A, 0xCF, 0x1A, 0xCF, 0x1A, 0xCF, 0x1A, 0xCF, 0x1A, 0xCF, 0x1A,
    0xD7, 0x1A, 0xD7, 0x1A, 0xD7, 0x1A, 0xD7, 0x1A, 0xD7, 0x1A, 0xD7, 0x1A, 0xD7, 0x1A, 0xD7, 0x1A, 0xD7, 0x1A, 0xE7, 0xFF, 0xDF, 0xBF, 0xAE, 0x5A,
    0x7D, 0x36, 0x85, 0x76, 0xCF, 0x3D, 0xE7, 0xBF, 0xAE, 0x7A, 0x7D, 0x36, 0x8D, 0x97, 0xD7, 0x3D, 0xE7, 0x9F, 0xB6, 0x7A, 0x85, 0x36, 0x95, 0xB8,
    0xD7, 0x5E, 0xDF, 0x9E, 0xA6, 0x39, 0x74, 0xF5, 0x85, 0x76, 0xD7, 0x5D, 0xDF, 0x7E, 0xDF, 0x7E, 0xDF, 0x9E, 0xB6, 0x9A, 0x9E, 0x19, 0xA6, 0x39,
    0xA6, 0x3A, 0xA6, 0x5A, 0xB6, 0xBB, 0xEF, 0x9D, 0xD7, 0x1A, 0xD7, 0x1A, 0xD7, 0x1A, 0xD7, 0x1A, 0xD7, 0x1A, 0xD7, 0x1A, 0xD7, 0x1A, 0xD7, 0x1A,
    0xD7, 0x1A, 0xD7, 0x1A, 0xD7, 0x1A, 0xD7, 0x1A, 0xD7, 0x1A, 0xEF, 0xBE, 0xB6, 0xBC, 0xA6, 0x7B, 0xA6, 0x7A, 0xA6, 0x5B, 0xA6, 0x5A, 0xA6, 0x5A,
    0xA6, 0x5A, 0xA6, 0x5A, 0xA6, 0x5A, 0xA6, 0x5A, 0xA6, 0x5A, 0xA6, 0x5A, 0x7D, 0x36, 0x74, 0xF5, 0x74, 0xF5, 0x74, 0xF5, 0x74, 0xF5, 0x74, 0xF5,
    0x74, 0xF5, 0x74, 0xF5, 0x74, 0xF5, 0x74, 0xF5, 0x74, 0xD5, 0x74, 0xF5, 0x75, 0x15, 0xAE, 0x9B, 0xD7, 0x1A, 0xD7, 0x1A, 0xD7, 0x1A, 0xD7, 0x1A,
    0xD7, 0x1A, 0xD7, 0x1A, 0xD7, 0x1A, 0xD7, 0x1A, 0xD7, 0x1A, 0xD7, 0x1A, 0xD7, 0x1A, 0xD7, 0x1A, 0xD7, 0x1A, 0xD7, 0x1A, 0xD7, 0x1A, 0xD7, 0x1A,
    0xD7, 0x1A, 0xD7, 0x1A, 0xD7, 0x1A, 0xD7, 0x1A, 0xD7, 0x1A, 0xD7, 0x1A, 0xD7, 0x1A, 0xD7, 0x1A, 0xD7, 0x1A, 0xD7, 0x1A, 0xD7, 0x1A, 0xD7, 0x1A,
    0xD7, 0x1A, 0xD7, 0x1A, 0xD7, 0x1A, 0xD7, 0x1A, 0xD7, 0x1A, 0xD7, 0x1A, 0xD7, 0x1A, 0xD7, 0x1A, 0xD7, 0x1A, 0xD7, 0x1A, 0xD7, 0x1A, 0xD7, 0x1A,
    0xD7, 0x1A, 0xD7, 0x1A, 0xD7, 0x1A, 0xD7, 0x1A, 0xD7, 0x1A, 0xD7, 0x1A, 0xD7, 0x1A, 0xD7, 0x1A, 0xD7, 0x1A, 0xD7, 0x1A, 0xD7, 0x1A, 0xD7, 0x1A,
    0xD7, 0x1A, 0xD7, 0x1A, 0xD7, 0x1A, 0xD7, 0x1A, 0xD7, 0x1A, 0xD7, 0x1A, 0xD7, 0x1A, 0xD7, 0x1A, 0xD7, 0x1A, 0xD7, 0x1A, 0xD7, 0x1A, 0xD7, 0x1A,
    0xD7, 0x1A, 0xD7, 0x1A, 0xD7, 0x1A, 0xD7, 0x1A, 0xD7, 0x1A, 0xD7, 0x1A, 0xD7, 0x1A, 0xD7, 0x1A, 0xD7, 0x1A, 0xD7, 0x1A, 0xD7, 0x1A, 0xD7, 0x1A,
    0xD7, 0x1A, 0xD7, 0x1A, 0xD7, 0x1A, 0xD7, 0x1A, 0xD7, 0x1A, 0xD7, 0x1A, 0xD7, 0x1A, 0xD7, 0x1A, 0xD7, 0x1A, 0xD7, 0x1A, 0xD7, 0x1A, 0xD7, 0x1A,
    0xD7, 0x1A, 0xD7, 0x1A, 0xD7, 0x1A, 0xD7, 0x1A, 0xD7, 0x1A, 0xD7, 0x1A, 0xD7, 0x1A, 0xD7, 0x1A, 0xD7, 0x1A, 0xD7, 0x1A, 0xD7, 0x1A, 0xD7, 0x1A,
    0xD7, 0x1A, 0xD7, 0x1A, 0xD7, 0x1A, 0xD7, 0x1A, 0xD7, 0x1A, 0xD7, 0x1A, 0xD7, 0x1A, 0xD7, 0x1A, 0xD7, 0x1A, 0xD7, 0x1A, 0xD7, 0x1A, 0xD7, 0x1A,
    0xD7, 0x1A, 0xD7, 0x1A, 0xD7, 0x1A, 0xD7, 0x1A, 0xD7, 0x1A, 0xD7, 0x1A, 0xD7, 0x1A, 0xD7, 0x1A, 0xD7, 0x1A, 0xD7, 0x1A, 0xD7, 0x1A, 0xD7, 0x1A,
    0xD7, 0x1A, 0xD7, 0x1A, 0xD7, 0x1A, 0xD7, 0x1A, 0xD7, 0x1A, 0xD7, 0x1A, 0xD7, 0x1A, 0xD7, 0x1A, 0xD7, 0x1A, 0xD7, 0x1A, 0xD7, 0x1A, 0xD7, 0x1A,
    0xD7, 0x1A, 0xD7, 0x1A, 0xD7, 0x1A, 0xD7, 0x1A, 0xD7, 0x1A, 0xD7, 0x1A, 0xD7, 0x1A, 0xD7, 0x1A, 0xD7, 0x1A, 0xD7, 0x1A, 0xD7, 0x1A, 0xD7, 0x1A,
    0xD7, 0x1A, 0xD7, 0x1A, 0xD7, 0x1A, 0xD7, 0x1A, 0xD7, 0x1A, 0xD7, 0x1A, 0xD7, 0x1A, 0xD7, 0x1A, 0xD7, 0x1A, 0xD7, 0x1A, 0xD7, 0x1A, 0xD7, 0x1A,
    0xD7, 0x1A, 0xD7, 0x1A, 0xD7, 0x1A, 0xD7, 0x1A, 0xD7, 0x1A, 0xD7, 0x1A, 0xD7, 0x1A, 0xD7, 0x1A, 0xD7, 0x1A, 0xE7, 0xDF, 0xDF, 0xBF, 0xA6, 0x39,
    0x7D, 0x16, 0x85, 0x57, 0xCF, 0x3D, 0xE7, 0xBE, 0xAE, 0x9A, 0x7D, 0x36, 0x8D, 0x97, 0xD7, 0x3D, 0xE7, 0x9E, 0xB6, 0x9A, 0x7D, 0x36, 0x95, 0xB7,
    0xD7, 0x5D, 0xDF, 0x9F, 0xA6, 0x39, 0x75, 0x15, 0x85, 0x76, 0xD7, 0x5D, 0xDF, 0x7E, 0xD7, 0x5D, 0xE7, 0x9E, 0x95, 0xD7, 0x6C, 0x93, 0x74, 0xD4,
    0x74, 0xD4, 0x74, 0xF4, 0x7D, 0x35, 0xEF, 0x9D, 0xD7, 0x1A, 0xD7, 0x1A, 0xD7, 0x1A, 0xD7, 0x1A, 0xD7, 0x1A, 0xD7, 0x1A, 0xD7, 0x1A, 0xD7, 0x1A,
    0xD7, 0x1A, 0xD7, 0x1A, 0xD7, 0x1A, 0xD7, 0x1A, 0xD7, 0x1A, 0xEF, 0xBE, 0xB6, 0xDC, 0xA6, 0x7B, 0xA6, 0x7A, 0xA6, 0x5B, 0xA6, 0x5A, 0xA6, 0x7A,
    0xA6, 0x5B, 0xA6, 0x5A, 0xA6, 0x5A, 0xA6, 0x5A, 0xA6, 0x5A, 0xA6, 0x5A, 0x7D, 0x15, 0x7D, 0x36, 0xAE, 0x7B, 0xAE, 0x7B, 0xAE, 0x7B, 0xAE, 0x7B,
    0xAE, 0x7B, 0xAE, 0x7B, 0xAE, 0x7B, 0xAE, 0x7B, 0xAE, 0x7A, 0xA6, 0x5A, 0x75, 0x36, 0xAE, 0x9A, 0xD7, 0x1A, 0xD7, 0x1A, 0xD7, 0x1A, 0xD7, 0x1A,
    0xD7, 0x1A, 0xD7, 0x1A, 0xD7, 0x1A, 0xD7, 0x1A, 0xD7, 0x1A, 0xD7, 0x1A, 0xD7, 0x1A, 0xD7, 0x1A, 0xD7, 0x1A, 0xD7, 0x1A, 0xD7, 0x1A, 0xD7, 0x1A,
    0xD7, 0x1A, 0xD7, 0x1A, 0xD7, 0x1A, 0xD7, 0x1A, 0xD7, 0x1A, 0xD7, 0x1A, 0xD7, 0x1A, 0xD7, 0x1A, 0xD7, 0x1A, 0xD7, 0x1A, 0xD7, 0x1A, 0xD7, 0x1A,
    0xD7, 0x1A, 0xD7, 0x1A, 0xD7, 0x1A, 0xD7, 0x1A, 0xD7, 0x1A, 0xD7, 0x1A, 0xD7, 0x1A, 0xD7, 0x1A, 0xD7, 0x1A, 0xD7, 0x1A, 0xD7, 0x1A, 0xD7, 0x1A,
    0xD7, 0x1A, 0xD7, 0x1A, 0xD7, 0x1A, 0xD7, 0x1A, 0xD7, 0x1A, 0xD7, 0x1A, 0xD7, 0x1A, 0xD7, 0x1A, 0xD7, 0x1A, 0xD7, 0x1A, 0xD7, 0x1A, 0xD7, 0x1A,
    0xD7, 0x1A, 0xD7, 0x1A, 0xD7, 0x1A, 0xD7, 0x1A, 0xD7, 0x1A, 0xD7, 0x1A, 0xD7, 0x1A, 0xD7, 0x1A, 0xD7, 0x1A, 0xD7, 0x1A, 0xD7, 0x1A, 0xD7, 0x1A,
    0xD7, 0x1A, 0xD7, 0x1A, 0xD7, 0x1A, 0xD7, 0x1A, 0xD7, 0x1A, 0xD7, 0x1A, 0xD7, 0x1A, 0xD7, 0x1A, 0xD7, 0x1A, 0xD7, 0x1A, 0xD7, 0x1A, 0xD7, 0x1A,
    0xD7, 0x1A, 0xD7, 0x1A, 0xD7, 0x1A, 0xD7, 0x1A, 0xD7, 0x1A, 0xD7, 0x1A, 0xD7, 0x1A, 0xD7, 0x1A, 0xD7, 0x1A, 0xD7, 0x1A, 0xD7, 0x1A, 0xD7, 0x1A,
    0xD7, 0x1A, 0xD7, 0x1A, 0xD7, 0x1A, 0xD7, 0x1A, 0xD7, 0x1A, 0xD7, 0x1A, 0xD7, 0x1A, 0xD7, 0x1A, 0xD7, 0x1A, 0xD7, 0x1A, 0xD7, 0x1A, 0xD7, 0x1A,
    0xD7, 0x1A, 0xD7, 0x1A, 0xD7, 0x1A, 0xD7, 0x1A, 0xD7, 0x1A, 0xD7, 0x1A, 0xD7, 0x1A, 0xD7, 0x1A, 0xD7, 0x1A, 0xD7, 0x1A, 0xD7, 0x1A, 0xD7, 0x1A,
    0xD7, 0x1A, 0xD7, 0x1A, 0xD7, 0x1A, 0xD7, 0x1A, 0xD7, 0x1A, 0xD7, 0x1A, 0xD7, 0x1A, 0xD7, 0x1A, 0xD7, 0x1A, 0xD7, 0x1A, 0xD7, 0x1A, 0xD7, 0x1A,
    0xD7, 0x1A, 0xD7, 0x1A, 0xD7, 0x1A, 0xD7, 0x1A, 0xD7, 0x1A, 0xD7, 0x1A, 0xD7, 0x1A, 0xD7, 0x1A, 0xD7, 0x1A, 0xD7, 0x1A, 0xD7, 0x1A, 0xD7, 0x1A,
    0xD7, 0x1A, 0xD7, 0x1A, 0xD7, 0x1A, 0xD7, 0x1A, 0xD7, 0x1A, 0xD7, 0x1A, 0xD7, 0x1A, 0xD7, 0x1A, 0xD7, 0x1A, 0xD7, 0x1A, 0xD7, 0x1A, 0xD7, 0x1A,
    0xD7, 0x1A, 0xD7, 0x1A, 0xD7, 0x1A, 0xD7, 0x1A, 0xD7, 0x1A, 0xD7, 0x1A, 0xD7, 0x1A, 0xD7, 0x1A, 0xD7, 0x1A, 0xD7, 0x1A, 0xD7, 0x1A, 0xD7, 0x1A,
    0xD7, 0x1A, 0xD7, 0x1A, 0xD7, 0x1A, 0xD7, 0x1A, 0xD7, 0x1A, 0xD7, 0x1A, 0xD7, 0x1A, 0xD7, 0x1A, 0xD7, 0x1A, 0xDF, 0xBF, 0xDF, 0xBF, 0xA6, 0x39,
    0x7D, 0x16, 0x85, 0x77, 0xCF, 0x3D, 0xE7, 0xBF, 0xAE, 0x7A, 0x7D, 0x36, 0x8D, 0x97, 0xD7, 0x3D, 0xE7, 0x9F, 0xB6, 0x7A, 0x7D, 0x36, 0x95, 0xB8,
    0xD7, 0x5D, 0xE7, 0x9E, 0xA6, 0x39, 0x74, 0xF5, 0x85, 0x76, 0xD7, 0x5D, 0xDF, 0x7E, 0xD7, 0x5E, 0xE7, 0x9F, 0x95, 0xB7, 0x6C, 0xB3, 0x74, 0xF4,
    0x74, 0xD4, 0x74, 0xD4, 0x7D, 0x35, 0xDF, 0x9D, 0xD7, 0x1A, 0xD7, 0x1A, 0xD7, 0x1A, 0xD7, 0x1A, 0xD7, 0x1A, 0xD7, 0x1A, 0xD7, 0x1A, 0xD7, 0x1A,
    0xD7, 0x1A, 0xD7, 0x1A, 0xD7, 0x1A, 0xD7, 0x1A, 0xD7, 0x1A, 0xEF, 0xBE, 0xAE, 0xBC, 0xA6, 0x5A, 0xA6, 0x5A, 0xA6, 0x5A, 0xA6, 0x5A, 0xA6, 0x5A,
    0xA6, 0x5A, 0xA6, 0x5A, 0xA6, 0x5A, 0xA6, 0x5A, 0xA6, 0x5A, 0xA6, 0x5A, 0x7D, 0x16, 0x7D, 0x36, 0xAE, 0x9B, 0xB6, 0xBB, 0xAE, 0x9B, 0xB6, 0x9B,
    0xB6, 0x9B, 0xB6, 0xBB, 0xB6, 0xBB, 0xAE, 0x9B, 0xB6, 0xBC, 0xAE, 0x9B, 0x7D, 0x36, 0xAE, 0x9A, 0xD7, 0x1A, 0xD7, 0x1A, 0xD7, 0x1A, 0xD7, 0x1A,
    0xD7, 0x1A, 0xD7, 0x1A, 0xD7, 0x1A, 0xD7, 0x1A, 0xD7, 0x1A, 0xD7, 0x1A, 0xD7, 0x1A, 0xD7, 0x1A, 0xD7, 0x1A, 0xD7, 0x1A, 0xD7, 0x1A, 0xD7, 0x1A,
    0xD7, 0x1A, 0xD7, 0x1A, 0xD7, 0x1A, 0xD7, 0x1A, 0xD7, 0x1A, 0xD7, 0x1A, 0xD7, 0x1A, 0xD7, 0x1A, 0xD7, 0x1A, 0xD7, 0x1A, 0xD7, 0x1A, 0xD7, 0x1A,
    0xD7, 0x1A, 0xD7, 0x1A, 0xD7, 0x1A, 0xD7, 0x1A, 0xD7, 0x1A, 0xD7, 0x1A, 0xD7, 0x1A, 0xD7, 0x1A, 0xD7, 0x1A, 0xD7, 0x1A, 0xD7, 0x1A, 0xD7, 0x1A,
    0xD7, 0x1A, 0xD7, 0x1A, 0xD7, 0x1A, 0xD7, 0x1A, 0xD7, 0x1A, 0xD7, 0x1A, 0xD7, 0x1A, 0xD7, 0x1A, 0xD7, 0x1A, 0xD7, 0x1A, 0xD7, 0x1A, 0xD7, 0x1A,
    0xD7, 0x1A, 0xD7, 0x1A, 0xD7, 0x1A, 0xD7, 0x1A, 0xD7, 0x1A, 0xD7, 0x1A, 0xD7, 0x1A, 0xD7, 0x1A, 0xD7, 0x1A, 0xD7, 0x1A, 0xD7, 0x1A, 0xD7, 0x1A,
    0xD7, 0x1A, 0xD7, 0x1A, 0xD7, 0x1A, 0xD7, 0x1A, 0xD7, 0x1A, 0xD7, 0x1A, 0xD7, 0x1A, 0xD7, 0x1A, 0xD7, 0x1A, 0xD7, 0x1A, 0xD7, 0x1A, 0xD7, 0x1A,
    0xD7, 0x1A, 0xD7, 0x1A, 0xD7, 0x1A, 0xD7, 0x1A, 0xD7, 0x1A, 0xD7, 0x1A, 0xD7, 0x1A, 0xD7, 0x1A, 0xD7, 0x1A, 0xD7, 0x1A, 0xD7, 0x1A, 0xD7, 0x1A,
    0xD7, 0x1A, 0xD7, 0x1A, 0xD7, 0x1A, 0xD7, 0x1A, 0xD7, 0x1A, 0xD7, 0x1A, 0xD7, 0x1A, 0xD7, 0x1A, 0xD7, 0x1A, 0xD7, 0x1A, 0xD7, 0x1A, 0xD7, 0x1A,
    0xD7, 0x1A, 0xD7, 0x1A, 0xD7, 0x1A, 0xD7, 0x1A, 0xD7, 0x1A, 0xD7, 0x1A, 0xD7, 0x1A, 0xD7, 0x1A, 0xD7, 0x1A, 0xD7, 0x1A, 0xD7, 0x1A, 0xD7, 0x1A,
    0xD7, 0x1A, 0xD7, 0x1A, 0xD7, 0x1A, 0xD7, 0x1A, 0xD7, 0x1A, 0xD7, 0x1A, 0xD7, 0x1A, 0xD7, 0x1A, 0xD7, 0x1A, 0xD7, 0x1A, 0xD7, 0x1A, 0xD7, 0x1A,
    0xD7, 0x1A, 0xD7, 0x1A, 0xD7, 0x1A, 0xD7, 0x1A, 0xD7, 0x1A, 0xD7, 0x1A, 0xD7, 0x1A, 0xD7, 0x1A, 0xD7, 0x1A, 0xD7, 0x1A, 0xD7, 0x1A, 0xD7, 0x1A,
    0xD7, 0x1A, 0xD7, 0x1A, 0xD7, 0x1A, 0xD7, 0x1A, 0xD7, 0x1A, 0xD7, 0x1A, 0xD7, 0x1A, 0xD7, 0x1A, 0xD7, 0x1A, 0xD7, 0x1A, 0xD7, 0x1A, 0xD7, 0x1A,
    0xD7, 0x1A, 0xD7, 0x1A, 0xD7, 0x1A, 0xD7, 0x1A, 0xD7, 0x1A, 0xD7, 0x1A, 0xD7, 0x1A, 0xD7, 0x1A, 0xD7, 0x1A, 0xD7, 0x1A, 0xD7, 0x1A, 0xD7, 0x1A,
    0xD7, 0x1A, 0xD7, 0x1A, 0xD7, 0x1A, 0xD7, 0x1A, 0xD7, 0x1A, 0xD7, 0x1A, 0xD7, 0x1A, 0xD7, 0x1A, 0xD7, 0x1A, 0xDF, 0x9E, 0xDF, 0xBF, 0xA6, 0x39,
    0x7D, 0x16, 0x85, 0x57, 0xCF, 0x3D, 0xE7, 0xBE, 0xAE, 0x7A, 0x7D, 0x36, 0x8D, 0x97, 0xD7, 0x3D, 0xE7, 0x9E, 0xB6, 0x7A, 0x7D, 0x36, 0x95, 0xB7,
    0xD7, 0x5D, 0xDF, 0x9F, 0xA6, 0x39, 0x75, 0x15, 0x85, 0x56, 0xD7, 0x5D, 0xDF, 0x7E, 0xDF, 0x7E, 0xDF, 0x9E, 0xAE, 0x7B, 0x9D, 0xF9, 0x9E, 0x19,
    0x9E, 0x19, 0x9E, 0x19, 0xA6, 0x5A, 0xDF, 0xDE, 0xE7, 0x7C, 0xE7, 0x7C, 0xE7, 0x7C, 0xE7, 0x7C, 0xE7, 0x7C, 0xE7, 0x7C, 0xE7, 0x7C, 0xE7, 0x7C,
    0xE7, 0x7C, 0xE7, 0x7C, 0xE7, 0x7C, 0xE7, 0x7C, 0xE7, 0x7C, 0xE7, 0xDF, 0xC6, 0xFD, 0xBE, 0xDC, 0xBE, 0xDC, 0xBE, 0xDC, 0xBE, 0xDC, 0xBE, 0xDC,
    0xBE, 0xDC, 0xAE, 0x9B, 0xA6, 0x5A, 0xA6, 0x5A, 0xA6, 0x5A, 0xA6, 0x5A, 0x7D, 0x36, 0x75, 0x15, 0x7D, 0x16, 0x7D, 0x15, 0x7D, 0x15, 0x75, 0x15,
    0x74, 0xF5, 0x7C, 0xF5, 0x74, 0xF5, 0x7C, 0xF5, 0x7D, 0x15, 0x7D, 0x15, 0x75, 0x16, 0xAE, 0x9B, 0xD7, 0x1A, 0xD7, 0x1A, 0xD7, 0x1A, 0xD7, 0x1A,
    0xD7, 0x1A, 0xD7, 0x1A, 0xD7, 0x1A, 0xD7, 0x1A, 0xD7, 0x1A, 0xD7, 0x1A, 0xD7, 0x1A, 0xD7, 0x1A, 0xD7, 0x1A, 0xD7, 0x1A, 0xD7, 0x1A, 0xD7, 0x1A,
    0xD7, 0x1A, 0xD7, 0x1A, 0xD7, 0x1A, 0xD7, 0x1A, 0xD7, 0x1A, 0xD7, 0x1A, 0xD7, 0x1A, 0xD7, 0x1A, 0xD7, 0x1A, 0xD7, 0x1A, 0xD7, 0x1A, 0xD7, 0x1A,
    0xD7, 0x1A, 0xD7, 0x1A, 0xD7, 0x1A, 0xD7, 0x1A, 0xD7, 0x1A, 0xD7, 0x1A, 0xD7, 0x1A, 0xD7, 0x1A, 0xD7, 0x1A, 0xD7, 0x1A, 0xD7, 0x1A, 0xD7, 0x1A,
    0xD7, 0x1A, 0xD7, 0x1A, 0xD7, 0x1A, 0xD7, 0x1A, 0xD7, 0x1A, 0xD7, 0x1A, 0xD7, 0x1A, 0xD7, 0x1A, 0xD7, 0x1A, 0xD7, 0x1A, 0xD7, 0x1A, 0xD7, 0x1A,
    0xD7, 0x1A, 0xD7, 0x1A, 0xD7, 0x1A, 0xD7, 0x1A, 0xD7, 0x1A, 0xD7, 0x1A, 0xD7, 0x1A, 0xD7, 0x1A, 0xD7, 0x1A, 0xD7, 0x1A, 0xD7, 0x1A, 0xD7, 0x1A,
    0xD7, 0x1A, 0xD7, 0x1A, 0xD7, 0x1A, 0xD7, 0x1A, 0xD7, 0x1A, 0xD7, 0x1A, 0xD7, 0x1A, 0xD7, 0x1A, 0xD7, 0x1A, 0xD7, 0x1A, 0xD7, 0x1A, 0xD7, 0x1A,
    0xD7, 0x1A, 0xD7, 0x1A, 0xD7, 0x1A, 0xD7, 0x1A, 0xD7, 0x1A, 0xD7, 0x1A, 0xD7, 0x1A, 0xD7, 0x1A, 0xD7, 0x1A, 0xD7, 0x1A, 0xD7, 0x1A, 0xD7, 0x1A,
    0xD7, 0x1A, 0xD7, 0x1A, 0xD7, 0x1A, 0xD7, 0x1A, 0xD7, 0x1A, 0xD7, 0x1A, 0xD7, 0x1A, 0xD7, 0x1A, 0xD7, 0x1A, 0xD7, 0x1A, 0xD7, 0x1A, 0xD7, 0x1A,
    0xD7, 0x1A, 0xD7, 0x1A, 0xD7, 0x1A, 0xD7, 0x1A, 0xD7, 0x1A, 0xD7, 0x1A, 0xD7, 0x1A, 0xD7, 0x1A, 0xD7, 0x1A, 0xD7, 0x1A, 0xD7, 0x1A, 0xD7, 0x1A,
    0xD7, 0x1A, 0xD7, 0x1A, 0xD7, 0x1A, 0xD7, 0x1A, 0xD7, 0x1A, 0xD7, 0x1A, 0xD7, 0x1A, 0xD7, 0x1A, 0xD7, 0x1A, 0xD7, 0x1A, 0xD7, 0x1A, 0xD7, 0x1A,
    0xD7, 0x1A, 0xD7, 0x1A, 0xD7, 0x1A, 0xD7, 0x1A, 0xD7, 0x1A, 0xD7, 0x1A, 0xD7, 0x1A, 0xD7, 0x1A, 0xD7, 0x1A, 0xD7, 0x1A, 0xD7, 0x1A, 0xD7, 0x1A,
    0xD7, 0x1A, 0xD7, 0x1A, 0xD7, 0x1A, 0xD7, 0x1A, 0xD7, 0x1A, 0xD7, 0x1A, 0xD7, 0x1A, 0xD7, 0x1A, 0xD7, 0x1A, 0xD7, 0x1A, 0xD7, 0x1A, 0xD7, 0x1A,
    0xD7, 0x1A, 0xD7, 0x1A, 0xD7, 0x1A, 0xD7, 0x1A, 0xD7, 0x1A, 0xD7, 0x1A, 0xD7, 0x1A, 0xD7, 0x1A, 0xD7, 0x1A, 0xD7, 0x1A, 0xD7, 0x1A, 0xD7, 0x1A,
    0xD7, 0x1A, 0xD7, 0x1A, 0xD7, 0x1A, 0xD7, 0x1A, 0xD7, 0x1A, 0xD7, 0x1A, 0xD7, 0x1A, 0xD7, 0x1A, 0xD7, 0x1A, 0xD7, 0x7E, 0xDF, 0xBE, 0xA6, 0x39,
    0x75, 0x16, 0x85, 0x56, 0xCF, 0x3C, 0xE7, 0xBE, 0xAE, 0x7A, 0x7D, 0x36, 0x8D, 0x97, 0xD7, 0x3D, 0xE7, 0x9E, 0xAE, 0x7A, 0x7D, 0x36, 0x95, 0xB7,
    0xD7, 0x5D, 0xDF, 0x9E, 0xA6, 0x39, 0x75, 0x15, 0x85, 0x56, 0xD7, 0x5D, 0xDF, 0x7E, 0xDF, 0x7E, 0xDF, 0x9E, 0xAE, 0x7B, 0x95, 0xF9, 0x9E, 0x19,
    0x9D, 0xF9, 0x9E, 0x19, 0x95, 0xD8, 0xBE, 0xBB, 0xE7, 0xBF, 0xDF, 0x9F, 0xDF, 0xBF, 0xDF, 0xBF, 0xDF, 0xBF, 0xDF, 0xBF, 0xE7, 0xBF, 0xE7, 0xDF,
    0xE7, 0xDF, 0xE7, 0xDF, 0xE7, 0xDF, 0xE7, 0xDF, 0xE7, 0xDF, 0xDF, 0x9E, 0xD7, 0x5E, 0xD7, 0x7E, 0xD7, 0x7E, 0xD7, 0x7E, 0xDF, 0x7E, 0xDF, 0x7E,
    0xDF, 0x7E, 0xBE, 0xDC, 0xA6, 0x5A, 0xA6, 0x5A, 0xA6, 0x5A, 0xA6, 0x5A, 0x7D, 0x36, 0x75, 0x15, 0x7D, 0x15, 0x7C, 0xF5, 0x74, 0xF5, 0x74, 0xF5,
    0x74, 0xF5, 0x74, 0xF5, 0x74, 0xF5, 0x74, 0xF5, 0x74, 0xF4, 0x74, 0xF4, 0x75, 0x16, 0xAE, 0x9B, 0xD7, 0x1A, 0xD7, 0x19, 0xD7, 0x1A, 0xD7, 0x1A,
    0xD7, 0x1A, 0xD7, 0x1A, 0xD7, 0x1A, 0xD7, 0x1A, 0xD7, 0x1A, 0xD7, 0x1A, 0xD7, 0x1A, 0xD7, 0x1A, 0xD7, 0x1A, 0xD7, 0x1A, 0xD7, 0x1A, 0xD7, 0x1A,
    0xD7, 0x1A, 0xD7, 0x1A, 0xD7, 0x1A, 0xD7, 0x1A, 0xD7, 0x1A, 0xD7, 0x1A, 0xD7, 0x1A, 0xD7, 0x1A, 0xD7, 0x1A, 0xD7, 0x1A, 0xD7, 0x1A, 0xD7, 0x1A,
    0xD7, 0x1A, 0xD7, 0x1A, 0xD7, 0x1A, 0xD7, 0x1A, 0xD7, 0x1A, 0xD7, 0x1A, 0xD7, 0x1A, 0xD7, 0x1A, 0xD7, 0x1A, 0xD7, 0x1A, 0xD7, 0x1A, 0xD7, 0x1A,
    0xD7, 0x1A, 0xD7, 0x1A, 0xD7, 0x1A, 0xD7, 0x1A, 0xD7, 0x1A, 0xD7, 0x1A, 0xD7, 0x1A, 0xD7, 0x1A, 0xD7, 0x1A, 0xD7, 0x1A, 0xD7, 0x1A, 0xD7, 0x1A,
    0xD7, 0x1A, 0xD7, 0x1A, 0xD7, 0x1A, 0xD7, 0x1A, 0xD7, 0x1A, 0xD7, 0x1A, 0xD7, 0x1A, 0xD7, 0x1A, 0xD7, 0x1A, 0xD7, 0x1A, 0xD7, 0x1A, 0xD7, 0x1A,
    0xD7, 0x1A, 0xD7, 0x1A, 0xD7, 0x1A, 0xD7, 0x1A, 0xD7, 0x1A, 0xD7, 0x1A, 0xD7, 0x1A, 0xD7, 0x1A, 0xD7, 0x1A, 0xD7, 0x1A, 0xD7, 0x1A, 0xD7, 0x1A,
    0xD7, 0x1A, 0xD7, 0x1A, 0xD7, 0x1A, 0xD7, 0x1A, 0xD7, 0x1A, 0xD7, 0x1A, 0xD7, 0x1A, 0xD7, 0x1A, 0xD7, 0x1A, 0xD7, 0x1A, 0xD7, 0x1A, 0xD7, 0x1A,
    0xD7, 0x1A, 0xD7, 0x1A, 0xD7, 0x1A, 0xD7, 0x1A, 0xD7, 0x1A, 0xD7, 0x1A, 0xD7, 0x1A, 0xD7, 0x1A, 0xD7, 0x1A, 0xD7, 0x1A, 0xD7, 0x1A, 0xD7, 0x1A,
    0xD7, 0x1A, 0xD7, 0x1A, 0xD7, 0x1A, 0xD7, 0x1A, 0xD7, 0x1A, 0xD7, 0x1A, 0xD7, 0x1A, 0xD7, 0x1A, 0xD7, 0x1A, 0xD7, 0x1A, 0xD7, 0x1A, 0xD7, 0x1A,
    0xD7, 0x1A, 0xD7, 0x1A, 0xD7, 0x1A, 0xD7, 0x1A, 0xD7, 0x1A, 0xD7, 0x1A, 0xD7, 0x1A, 0xD7, 0x1A, 0xD7, 0x1A, 0xD7, 0x1A, 0xD7, 0x19, 0xD7, 0x1A,
    0xD7, 0x1A, 0xD7, 0x1A, 0xD7, 0x1A, 0xD7, 0x1A, 0xD7, 0x1A, 0xD7, 0x1A, 0xD7, 0x1A, 0xD7, 0x1A, 0xD7, 0x1A, 0xD7, 0x1A, 0xD7, 0x1A, 0xD7, 0x1A,
    0xD7, 0x1A, 0xD7, 0x1A, 0xD7, 0x1A, 0xD7, 0x1A, 0xD7, 0x1A, 0xD7, 0x1A, 0xD7, 0x1A, 0xD7, 0x1A, 0xD7, 0x1A, 0xD7, 0x1A, 0xD7, 0x1A, 0xD7, 0x1A,
    0xD7, 0x1A, 0xD7, 0x1A, 0xD7, 0x1A, 0xD7, 0x1A, 0xD7, 0x1A, 0xD7, 0x1A, 0xD7, 0x1A, 0xD7, 0x1A, 0xD7, 0x1A, 0xD7, 0x1A, 0xD7, 0x1A, 0xD7, 0x1A,
    0xD7, 0x1A, 0xD7, 0x1A, 0xD7, 0x1A, 0xD7, 0x1A, 0xD7, 0x1A, 0xD7, 0x1A, 0xD7, 0x1A, 0xD7, 0x1A, 0xD7, 0x1A, 0xD7, 0x5D, 0xDF, 0xBE, 0xA6, 0x39,
    0x75, 0x16, 0x85, 0x56, 0xCF, 0x3D, 0xE7, 0xDE, 0xAE, 0x5A, 0x7D, 0x36, 0x8D, 0x97, 0xD7, 0x3D, 0xE7, 0x7E, 0xB6, 0x7A, 0x7D, 0x36, 0x95, 0xB8,
    0xD7, 0x5D, 0xDF, 0x9E, 0xA6, 0x39, 0x7D, 0x15, 0x85, 0x76, 0xD7, 0x5E, 0xDF, 0x7E, 0xDF, 0x5E, 0xE7, 0x9F, 0x9D, 0xD8, 0x6C, 0xB4, 0x74, 0xD5,
    0x74, 0xD4, 0x74, 0xF4, 0x6C, 0xB4, 0xA6, 0x39, 0xDF, 0x7E, 0xD7, 0x5D, 0xD7, 0x5D, 0xD7, 0x5D, 0xD7, 0x5D, 0xD7, 0x5D, 0xD7, 0x5D, 0xD7, 0x5D,
    0xD7, 0x7D, 0xD7, 0x5E, 0xD7, 0x5D, 0xD7, 0x7E, 0xD7, 0x5E, 0xD7, 0x5D, 0xD7, 0x5D, 0xD7, 0x5E, 0xD7, 0x5D, 0xD7, 0x5E, 0xD7, 0x5D, 0xD7, 0x5E,
    0xDF, 0x7E, 0xBE, 0xDC, 0xA6, 0x5A, 0xA6, 0x5A, 0xA6, 0x5A, 0xA6, 0x5A, 0x7D, 0x36, 0x7D, 0x36, 0xA6, 0x39, 0xA6, 0x5A, 0xAE, 0x5A, 0xAE, 0x7A,
    0xAE, 0x7B, 0xAE, 0x7B, 0xAE, 0x7A, 0xAE, 0x5A, 0xAE, 0x5A, 0xA6, 0x5A, 0x7D, 0x77, 0xAE, 0xBB, 0xD7, 0x1A, 0xD7, 0x1A, 0xD7, 0x1A, 0xD7, 0x1A,
    0xD7, 0x1A, 0xD7, 0x1A, 0xD7, 0x1A, 0xD7, 0x1A, 0xD7, 0x1A, 0xD7, 0x1A, 0xD7, 0x1A, 0xD7, 0x1A, 0xD7, 0x1A, 0xD7, 0x1A, 0xD7, 0x1A, 0xD7, 0x1A,
    0xD7, 0x1A, 0xD7, 0x1A, 0xD7, 0x1A, 0xD7, 0x1A, 0xD7, 0x1A, 0xD7, 0x1A, 0xD7, 0x1A, 0xD7, 0x1A, 0xD7, 0x1A, 0xD7, 0x1A, 0xD7, 0x1A, 0xD7, 0x1A,
    0xD7, 0x1A, 0xD7, 0x1A, 0xD7, 0x1A, 0xD7, 0x1A, 0xD7, 0x1A, 0xD7, 0x1A, 0xD7, 0x1A, 0xD7, 0x1A, 0xD7, 0x1A, 0xD7, 0x1A, 0xD7, 0x1A, 0xD7, 0x1A,
    0xD7, 0x1A, 0xD7, 0x1A, 0xD7, 0x1A, 0xD7, 0x1A, 0xD7, 0x1A, 0xD7, 0x1A, 0xD7, 0x1A, 0xD7, 0x1A, 0xD7, 0x1A, 0xD7, 0x1A, 0xD7, 0x1A, 0xD7, 0x1A,
    0xD7, 0x1A, 0xD7, 0x1A, 0xD7, 0x1A, 0xD7, 0x1A, 0xD7, 0x1A, 0xD7, 0x1A, 0xD7, 0x1A, 0xD7, 0x1A, 0xD7, 0x1A, 0xD7, 0x1A, 0xD7, 0x1A, 0xD7, 0x1A,
    0xD7, 0x1A, 0xD7, 0x1A, 0xD7, 0x1A, 0xD7, 0x1A, 0xD7, 0x1A, 0xD7, 0x1A, 0xD7, 0x1A, 0xD7, 0x1A, 0xD7, 0x1A, 0xD7, 0x1A, 0xD7, 0x1A, 0xD7, 0x1A,
    0xD7, 0x1A, 0xD7, 0x1A, 0xD7, 0x1A, 0xD7, 0x1A, 0xD7, 0x1A, 0xD7, 0x1A, 0xD7, 0x1A, 0xD7, 0x1A, 0xD7, 0x1A, 0xD7, 0x1A, 0xD7, 0x1A, 0xD7, 0x1A,
    0xD7, 0x1A, 0xD7, 0x1A, 0xD7, 0x1A, 0xD7, 0x1A, 0xD7, 0x1A, 0xD7, 0x1A, 0xD7, 0x1A, 0xD7, 0x1A, 0xD7, 0x1A, 0xD7, 0x1A, 0xD7, 0x1A, 0xD7, 0x1A,
    0xD7, 0x1A, 0xD7, 0x1A, 0xD7, 0x1A, 0xD7, 0x1A, 0xD7, 0x1A, 0xD7, 0x1A, 0xD7, 0x1A, 0xD7, 0x1A, 0xD7, 0x1A, 0xD7, 0x1A, 0xD7, 0x1A, 0xD7, 0x1A,
    0xD7, 0x1A, 0xD7, 0x1A, 0xD7, 0x1A, 0xD7, 0x1A, 0xD7, 0x1A, 0xD7, 0x1A, 0xD7, 0x1A, 0xD7, 0x1A, 0xD7, 0x1A, 0xD7, 0x1A, 0xD7, 0x1A, 0xD7, 0x1A,
    0xD7, 0x1A, 0xD7, 0x1A, 0xD7, 0x1A, 0xD7, 0x1A, 0xD7, 0x1A, 0xD7, 0x1A, 0xD7, 0x1A, 0xD7, 0x1A, 0xD7, 0x1A, 0xD7, 0x1A, 0xD7, 0x1A, 0xD7, 0x1A,
    0xD7, 0x1A, 0xD7, 0x1A, 0xD7, 0x1A, 0xD7, 0x1A, 0xD7, 0x1A, 0xD7, 0x1A, 0xD7, 0x1A, 0xD7, 0x1A, 0xD7, 0x1A, 0xD7, 0x1A, 0xD7, 0x1A, 0xD7, 0x1A,
    0xD7, 0x1A, 0xD7, 0x1A, 0xD7, 0x1A, 0xD7, 0x1A, 0xD7, 0x1A, 0xD7, 0x1A, 0xD7, 0x1A, 0xD7, 0x1A, 0xD7, 0x1A, 0xD7, 0x1A, 0xD7, 0x1A, 0xD7, 0x1A,
    0xD7, 0x1A, 0xD7, 0x1A, 0xD7, 0x1A, 0xD7, 0x1A, 0xD7, 0x1A, 0xD7, 0x1A, 0xD7, 0x1A, 0xD7, 0x1A, 0xD7, 0x1A, 0xD7, 0x5D, 0xDF, 0x9E, 0xA6, 0x39,
    0x75, 0x16, 0x85, 0x56, 0xCF, 0x1C, 0xE7, 0xBF, 0xAE, 0x5A, 0x7D, 0x36, 0x8D, 0x97, 0xD7, 0x3C, 0xE7, 0x9E, 0xB6, 0x7A, 0x7D, 0x36, 0x95, 0xB7,
    0xD7, 0x5D, 0xDF, 0x9F, 0xA6, 0x39, 0x7D, 0x15, 0x85, 0x76, 0xD7, 0x5D, 0xDF, 0x7E, 0xDF, 0x7D, 0xDF, 0x9F, 0x9D, 0xD8, 0x74, 0xB4, 0x7C, 0xF5,
    0x74, 0xF4, 0x7C, 0xF4, 0x6C, 0xB4, 0xA6, 0x39, 0xD7, 0x7E, 0xD7, 0x3D, 0xD7, 0x3E, 0xD7, 0x5D, 0xD7, 0x5D, 0xD7, 0x5D, 0xD7, 0x5D, 0xD7, 0x5D,
    0xD7, 0x5D, 0xD7, 0x5D, 0xD7, 0x5E, 0xD7, 0x5D, 0xD7, 0x5D, 0xD7, 0x5E, 0xD7, 0x5E, 0xD7, 0x7D, 0xD7, 0x7D, 0xDF, 0x7E, 0xDF, 0x7D, 0xDF, 0x5E,
    0xDF, 0x7E, 0xBE, 0xDC, 0xA6, 0x5A, 0xA6, 0x5A, 0xA6, 0x5A, 0xA6, 0x5A, 0x7D, 0x35, 0x7D, 0x36, 0xAE, 0x7A, 0xAE, 0x7B, 0xAE, 0x7B, 0xAE, 0x9B,
    0xAE, 0x9B, 0xB6, 0x9B, 0xB6, 0x9B, 0xB6, 0x9B, 0xB6, 0xBB, 0xB6, 0x9B, 0x85, 0x77, 0xAE, 0xBB, 0xD7, 0x1A, 0xD7, 0x1A, 0xD7, 0x1A, 0xD7, 0x1A,
    0xD7, 0x1A, 0xD7, 0x1A, 0xD7, 0x1A, 0xD7, 0x1A, 0xD7, 0x1A, 0xD7, 0x1A, 0xD7, 0x1A, 0xD7, 0x1A, 0xD7, 0x1A, 0xD7, 0x1A, 0xD7, 0x1A, 0xD7, 0x1A,
    0xD7, 0x1A, 0xD7, 0x1A, 0xD7, 0x1A, 0xD7, 0x1A, 0xD7, 0x1A, 0xD7, 0x1A, 0xD7, 0x1A, 0xD7, 0x1A, 0xD7, 0x1A, 0xD7, 0x1A, 0xD7, 0x1A, 0xD7, 0x1A,
    0xD7, 0x1A, 0xD7, 0x1A, 0xD7, 0x1A, 0xD7, 0x1A, 0xD7, 0x1A, 0xD7, 0x1A, 0xD7, 0x1A, 0xD7, 0x1A, 0xD7, 0x1A, 0xD7, 0x1A, 0xD7, 0x1A, 0xD7, 0x1A,
    0xD7, 0x1A, 0xD7, 0x1A, 0xD7, 0x1A, 0xD7, 0x1A, 0xD7, 0x1A, 0xD7, 0x1A, 0xD7, 0x1A, 0xD7, 0x1A, 0xD7, 0x1A, 0xD7, 0x1A, 0xD7, 0x1A, 0xD7, 0x1A,
    0xD7, 0x1A, 0xD7, 0x1A, 0xD7, 0x1A, 0xD7, 0x1A, 0xD7, 0x1A, 0xD7, 0x1A, 0xD7, 0x1A, 0xD7, 0x1A, 0xD7, 0x1A, 0xD7, 0x1A, 0xD7, 0x1A, 0xD7, 0x1A,
    0xD7, 0x1A, 0xD7, 0x1A, 0xD7, 0x1A, 0xD7, 0x1A, 0xD7, 0x1A, 0xD7, 0x1A, 0xD7, 0x1A, 0xD7, 0x1A, 0xD7, 0x1A, 0xD7, 0x1A, 0xD7, 0x1A, 0xD7, 0x1A,
    0xD7, 0x1A, 0xD7, 0x1A, 0xD7, 0x1A, 0xD7, 0x1A, 0xD7, 0x1A, 0xD7, 0x1A, 0xD7, 0x1A, 0xD7, 0x1A, 0xD7, 0x1A, 0xD7, 0x1A, 0xD7, 0x1A, 0xD7, 0x1A,
    0xD7, 0x1A, 0xD7, 0x1A, 0xD7, 0x1A, 0xD7, 0x1A, 0xD7, 0x1A, 0xD7, 0x1A, 0xD7, 0x1A, 0xD7, 0x1A, 0xD7, 0x1A, 0xD7, 0x1A, 0xD7, 0x1A, 0xD7, 0x1A,
    0xD7, 0x1A, 0xD7, 0x1A, 0xD7, 0x1A, 0xD7, 0x1A, 0xD7, 0x1A, 0xD7, 0x1A, 0xD7, 0x1A, 0xD7, 0x1A, 0xD7, 0x1A, 0xD7, 0x1A, 0xD7, 0x1A, 0xD7, 0x1A,
    0xD7, 0x1A, 0xD7, 0x1A, 0xD7, 0x1A, 0xD7, 0x1A, 0xD7, 0x19, 0xD7, 0x1A, 0xD7, 0x1A, 0xDF, 0x3A, 0xE7, 0x5B, 0xDF, 0x5B, 0xD6, 0xF9, 0xD7, 0x1A,
    0xD7, 0x1A, 0xD7, 0x1A, 0xD7, 0x1A, 0xD7, 0x1A, 0xD7, 0x1A, 0xD7, 0x1A, 0xD7, 0x1A, 0xD7, 0x1A, 0xD7, 0x1A, 0xD7, 0x1A, 0xD7, 0x1A, 0xD7, 0x1A,
    0xD7, 0x1A, 0xD7, 0x1A, 0xD7, 0x1A, 0xD7, 0x1A, 0xD7, 0x1A, 0xD7, 0x1A, 0xD7, 0x1A, 0xD7, 0x1A, 0xD7, 0x1A, 0xD7, 0x1A, 0xD7, 0x1A, 0xD7, 0x1A,
    0xD7, 0x1A, 0xD7, 0x1A, 0xD7, 0x1A, 0xD7, 0x1A, 0xD7, 0x1A, 0xD7, 0x1A, 0xD7, 0x1A, 0xD7, 0x1A, 0xD7, 0x1A, 0xD7, 0x1A, 0xD7, 0x1A, 0xD7, 0x1A,
    0xD7, 0x1A, 0xD7, 0x1A, 0xD7, 0x1A, 0xD7, 0x1A, 0xD7, 0x1A, 0xD7, 0x1A, 0xD7, 0x1A, 0xD7, 0x1A, 0xD7, 0x3A, 0xD7, 0x5D, 0xDF, 0x9E, 0xA6, 0x39,
    0x7D, 0x16, 0x7D, 0x57, 0xCF, 0x3C, 0xE7, 0xBF, 0xAE, 0x59, 0x7D, 0x36, 0x8D, 0x97, 0xCF, 0x3D, 0xE7, 0x7E, 0xB6, 0x7A, 0x7D, 0x56, 0x95, 0xB8,
    0xD7, 0x5D, 0xDF, 0x9E, 0xA6, 0x39, 0x7D, 0x15, 0x8D, 0x76, 0xD7, 0x5E, 0xDF, 0x7E, 0xDF, 0x7E, 0xDF, 0x9F, 0xB6, 0x9B, 0x9D, 0xF9, 0x9E, 0x19,
    0x9E, 0x19, 0xA6, 0x1A, 0x9E, 0x19, 0xBE, 0xBB, 0xD7, 0x5E, 0xD7, 0x5D, 0xD7, 0x5D, 0xD7, 0x5D, 0xD7, 0x5E, 0xCF, 0x3D, 0xD7, 0x3D, 0xCF, 0x3E,
    0xCF, 0x5D, 0xD7, 0x5E, 0xD7, 0x5E, 0xD7, 0x5D, 0xD7, 0x5D, 0xD7, 0x5D, 0xD7, 0x5D, 0xD7, 0x5E, 0xD7, 0x5D, 0xD7, 0x5E, 0xD7, 0x5E, 0xDF, 0x7E,
    0xDF, 0x7E, 0xBE, 0xDC, 0xA6, 0x5A, 0xA6, 0x5A, 0xA6, 0x5B, 0xA6, 0x5B, 0x85, 0x56, 0x7D, 0x16, 0x7D, 0x36, 0x7D, 0x36, 0x7D, 0x36, 0x7D, 0x36,
    0x7D, 0x36, 0x7D, 0x36, 0x7D, 0x15, 0x7D, 0x15, 0x7D, 0x36, 0x7D, 0x36, 0x7D, 0x57, 0xB6, 0xBB, 0xD7, 0x1A, 0xD7, 0x1A, 0xD7, 0x1A, 0xD7, 0x1A,
    0xD7, 0x1A, 0xD7, 0x1A, 0xD7, 0x1A, 0xD7, 0x1A, 0xD7, 0x1A, 0xD7, 0x1A, 0xD7, 0x1A, 0xD7, 0x1A, 0xD7, 0x1A, 0xD7, 0x1A, 0xD7, 0x1A, 0xD7, 0x1A,
    0xD7, 0x1A, 0xD7, 0x1A, 0xD7, 0x1A, 0xD7, 0x1A, 0xD7, 0x1A, 0xD7, 0x1A, 0xD7, 0x1A, 0xD7, 0x1A, 0xD7, 0x1A, 0xD7, 0x1A, 0xD7, 0x1A, 0xD7, 0x1A,
    0xD7, 0x1A, 0xD7, 0x1A, 0xD7, 0x1A, 0xD7, 0x1A, 0xD7, 0x1A, 0xD7, 0x1A, 0xD7, 0x1A, 0xD7, 0x1A, 0xD7, 0x1A, 0xD7, 0x1A, 0xD7, 0x1A, 0xD7, 0x1A,
    0xD7, 0x1A, 0xD7, 0x1A, 0xD7, 0x1A, 0xD7, 0x1A, 0xD7, 0x1A, 0xD7, 0x1A, 0xD7, 0x1A, 0xD7, 0x1A, 0xD7, 0x1A, 0xD7, 0x1A, 0xD7, 0x1A, 0xD7, 0x1A,
    0xD7, 0x1A, 0xD7, 0x1A, 0xD7, 0x1A, 0xD7, 0x1A, 0xD7, 0x1A, 0xD7, 0x1A, 0xD7, 0x1A, 0xD7, 0x1A, 0xD7, 0x1A, 0xD7, 0x1A, 0xD7, 0x1A, 0xD7, 0x1A,
    0xD7, 0x1A, 0xD7, 0x1A, 0xD7, 0x1A, 0xD7, 0x1A, 0xD7, 0x1A, 0xD7, 0x1A, 0xD7, 0x1A, 0xD7, 0x1A, 0xD7, 0x1A, 0xD7, 0x1A, 0xD7, 0x1A, 0xD7, 0x1A,
    0xD7, 0x1A, 0xD7, 0x1A, 0xD7, 0x1A, 0xD7, 0x1A, 0xD7, 0x1A, 0xD7, 0x1A, 0xD7, 0x1A, 0xD7, 0x1A, 0xD7, 0x1A, 0xD7, 0x1A, 0xD7, 0x1A, 0xD7, 0x1A,
    0xD7, 0x1A, 0xD7, 0x1A, 0xD7, 0x1A, 0xD7, 0x1A, 0xD7, 0x1A, 0xD7, 0x1A, 0xD7, 0x1A, 0xD7, 0x1A, 0xD7, 0x1A, 0xD7, 0x1A, 0xD7, 0x1A, 0xD7, 0x1A,
    0xD7, 0x1A, 0xD7, 0x1A, 0xD7, 0x1A, 0xD7, 0x1A, 0xD7, 0x1A, 0xD7, 0x1A, 0xD7, 0x1A, 0xD7, 0x1A, 0xD7, 0x1A, 0xD7, 0x1A, 0xD7, 0x1A, 0xD7, 0x1A,
    0xD7, 0x1A, 0xD7, 0x1A, 0xD7, 0x1A, 0xD7, 0x1A, 0xD7, 0x1A, 0xD7, 0x1A, 0xEF, 0x9D, 0xFF, 0xFF, 0xFF, 0x9C, 0xFF, 0xBC, 0xF7, 0xDE, 0xDF, 0x3B,
    0xD7, 0x1A, 0xD7, 0x1A, 0xD7, 0x1A, 0xD7, 0x1A, 0xD7, 0x1A, 0xD7, 0x19, 0xD7, 0x1A, 0xD7, 0x1A, 0xD7, 0x1A, 0xD7, 0x1A, 0xD7, 0x1A, 0xD7, 0x1A,
    0xD7, 0x1A, 0xD7, 0x1A, 0xD7, 0x1A, 0xD7, 0x1A, 0xD7, 0x1A, 0xD7, 0x1A, 0xD7, 0x1A, 0xD7, 0x1A, 0xD7, 0x1A, 0xD7, 0x1A, 0xD7, 0x1A, 0xD7, 0x1A,
    0xD7, 0x1A, 0xD7, 0x1A, 0xD7, 0x1A, 0xD7, 0x1A, 0xD7, 0x1A, 0xD7, 0x1A, 0xD7, 0x1A, 0xD7, 0x1A, 0xD7, 0x1A, 0xD7, 0x1A, 0xD7, 0x1A, 0xD7, 0x1A,
    0xD7, 0x19, 0xD7, 0x19, 0xD7, 0x19, 0xD7, 0x19, 0xD7, 0x19, 0xD7, 0x19, 0xD7, 0x19, 0xD7, 0x19, 0xD7, 0x1A, 0xD7, 0x5D, 0xDF, 0x9E, 0xA6, 0x39,
    0x7D, 0x36, 0x7D, 0x57, 0xCF, 0x3D, 0xE7, 0xBF, 0xAE, 0x5A, 0x7D, 0x36, 0x8D, 0x97, 0xCF, 0x3D, 0xE7, 0x9E, 0xB6, 0x7A, 0x7D, 0x36, 0x95, 0xB8,
    0xD7, 0x5D, 0xDF, 0x9E, 0xA6, 0x39, 0x7D, 0x15, 0x8D, 0x76, 0xD7, 0x5E, 0xDF, 0x7E, 0xDF, 0x7E, 0xDF, 0x9E, 0xB6, 0xBB, 0xA6, 0x5A, 0xAE, 0x7A,
    0xAE, 0x5A, 0xAE, 0x7A, 0xAE, 0x7A, 0xC6, 0xFC, 0xD7, 0x5E, 0xD7, 0x5E, 0xD7, 0x5D, 0xD7, 0x7E, 0xCF, 0x1D, 0x85, 0x56, 0x85, 0x56, 0x85, 0x56,
    0x85, 0x56, 0x85, 0x56, 0x85, 0x56, 0x85, 0x56, 0x85, 0x56, 0x85, 0x56, 0x85, 0x56, 0x85, 0x56, 0x85, 0x56, 0x85, 0x36, 0x8D, 0x77, 0xD7, 0x5D,
    0xDF, 0x9E, 0xBE, 0xDC, 0xA6, 0x5A, 0xA6, 0x5A, 0xA6, 0x5A, 0xA6, 0x5A, 0x85, 0x56, 0x7D, 0x15, 0x74, 0xF5, 0x74, 0xF5, 0x74, 0xF5, 0x74, 0xF4,
    0x74, 0xF5, 0x74, 0xD4, 0x74, 0xD4, 0x74, 0xD5, 0x74, 0xD5, 0x74, 0xF5, 0x7D, 0x57, 0xB6, 0xDB, 0xD7, 0x19, 0xD7, 0x19, 0xD7, 0x19, 0xD7, 0x19,
    0xD7, 0x19, 0xD7, 0x19, 0xD7, 0x19, 0xD7, 0x19, 0xD7, 0x19, 0xD7, 0x19, 0xD7, 0x19, 0xD7, 0x19, 0xD7, 0x19, 0xD7, 0x19, 0xD7, 0x19, 0xD7, 0x19,
    0xD7, 0x19, 0xD7, 0x19, 0xD7, 0x19, 0xD7, 0x19, 0xD7, 0x19, 0xD7, 0x19, 0xD7, 0x19, 0xD7, 0x19, 0xD7, 0x19, 0xD7, 0x19, 0xD7, 0x19, 0xD7, 0x19,
    0xD7, 0x19, 0xD7, 0x19, 0xD7, 0x19, 0xD7, 0x19, 0xD7, 0x19, 0xD7, 0x19, 0xD7, 0x19, 0xD7, 0x19, 0xD7, 0x19, 0xD7, 0x19, 0xD7, 0x19, 0xD7, 0x19,
    0xD7, 0x19, 0xD7, 0x19, 0xD7, 0x19, 0xD7, 0x19, 0xD7, 0x19, 0xD7, 0x19, 0xD7, 0x19, 0xD7, 0x19, 0xD7, 0x19, 0xD7, 0x19, 0xD7, 0x19, 0xD7, 0x19,
    0xD7, 0x19, 0xD7, 0x19, 0xD7, 0x19, 0xD7, 0x19, 0xD7, 0x19, 0xD7, 0x19, 0xD7, 0x19, 0xD7, 0x19, 0xD7, 0x19, 0xD7, 0x19, 0xD7, 0x19, 0xD7, 0x19,
    0xD7, 0x19, 0xD7, 0x19, 0xD7, 0x19, 0xD7, 0x19, 0xD7, 0x19, 0xD7, 0x19, 0xD7, 0x19, 0xD7, 0x19, 0xD7, 0x19, 0xD7, 0x19, 0xD7, 0x19, 0xD7, 0x19,
    0xD7, 0x19, 0xD7, 0x19, 0xD7, 0x19, 0xD7, 0x19, 0xD7, 0x19, 0xD7, 0x19, 0xD7, 0x19, 0xD7, 0x19, 0xD7, 0x19, 0xD7, 0x19, 0xD7, 0x19, 0xD7, 0x19,
    0xD7, 0x19, 0xD7, 0x19, 0xD7, 0x19, 0xD7, 0x19, 0xD7, 0x19, 0xD7, 0x19, 0xD7, 0x19, 0xD7, 0x19, 0xD7, 0x19, 0xD7, 0x19, 0xD7, 0x19, 0xD7, 0x19,
    0xD7, 0x19, 0xD7, 0x19, 0xD7, 0x19, 0xD7, 0x19, 0xD7, 0x19, 0xD7, 0x19, 0xD7, 0x19, 0xD7, 0x19, 0xD7, 0x19, 0xD7, 0x19, 0xD7, 0x1A, 0xD7, 0x1A,
    0xD7, 0x19, 0xD7, 0x19, 0xD7, 0x19, 0xD7, 0x19, 0xD7, 0x19, 0xE7, 0x7C, 0xFF, 0xFF, 0xE4, 0x91, 0xD9, 0x66, 0xD9, 0xC6, 0xFE, 0x99, 0xFF, 0xDF,
    0xD7, 0x3A, 0xD7, 0x19, 0xD7, 0x19, 0xD7, 0x19, 0xD7, 0x19, 0xD7, 0x19, 0xD7, 0x1A, 0xD7, 0x19, 0xD7, 0x19, 0xD7, 0x19, 0xD7, 0x19, 0xD7, 0x19,
    0xD7, 0x19, 0xD7, 0x19, 0xD7, 0x19, 0xD7, 0x19, 0xD7, 0x19, 0xD7, 0x19, 0xD7, 0x19, 0xD7, 0x19, 0xD7, 0x19, 0xD7, 0x19, 0xD7, 0x19, 0xD7, 0x19,
    0xD7, 0x19, 0xD7, 0x19, 0xD7, 0x19, 0xD7, 0x19, 0xD7, 0x19, 0xD7, 0x19, 0xD7, 0x19, 0xD7, 0x19, 0xD7, 0x19, 0xD7, 0x19, 0xD7, 0x19, 0xD7, 0x19,
    0xD7, 0x19, 0xD7, 0x19, 0xD7, 0x19, 0xD7, 0x19, 0xD7, 0x19, 0xD7, 0x19, 0xD7, 0x19, 0xD7, 0x19, 0xDF, 0x1A, 0xD7, 0x5D, 0xDF, 0x9E, 0xA6, 0x39,
    0x7D, 0x36, 0x85, 0x56, 0xCF, 0x3D, 0xE7, 0xBF, 0xAE, 0x5A, 0x7D, 0x36, 0x8D, 0x97, 0xD7, 0x3D, 0xE7, 0x9E, 0xB6, 0x7A, 0x7D, 0x36, 0x95, 0xB8,
    0xD7, 0x5D, 0xE7, 0xBE, 0xA6, 0x39, 0x7D, 0x15, 0x8D, 0x76, 0xD7, 0x5D, 0xDF, 0x7E, 0xDF, 0x7E, 0xE7, 0xBF, 0xA6, 0x18, 0x7D, 0x15, 0x85, 0x56,
    0x85, 0x56, 0x85, 0x56, 0x7D, 0x35, 0xAE, 0x5A, 0xDF, 0x7E, 0xD7, 0x5E, 0xD7, 0x5D, 0xDF, 0x7E, 0xCF, 0x1D, 0x6C, 0xD4, 0x6C, 0xD4, 0x6C, 0xD4,
    0x6C, 0xD4, 0x6C, 0xD4, 0x6C, 0xD4, 0x6C, 0xD4, 0x6C, 0xD4, 0x6C, 0xD4, 0x6C, 0xD4, 0x6C, 0xD4, 0x6C, 0xD4, 0x6C, 0xB4, 0x74, 0xF5, 0xD7, 0x5D,
    0xDF, 0x9E, 0xBE, 0xDC, 0xA6, 0x3A, 0xA6, 0x5A, 0xA6, 0x5A, 0xA6, 0x5A, 0x85, 0x56, 0x7D, 0x36, 0x9D, 0xF9, 0x9E, 0x19, 0x9E, 0x19, 0x9E, 0x19,
    0x9E, 0x19, 0x9E, 0x39, 0x9E, 0x3A, 0x9E, 0x3A, 0xA6, 0x3A, 0x9E, 0x3A, 0x7D, 0x77, 0xB6, 0xBB, 0xD7, 0x19, 0xD7, 0x19, 0xD7, 0x19, 0xD7, 0x19,
    0xD7, 0x19, 0xD7, 0x19, 0xD7, 0x19, 0xD7, 0x19, 0xD7, 0x19, 0xD7, 0x19, 0xD7, 0x19, 0xD7, 0x19, 0xD7, 0x19, 0xD7, 0x19, 0xD7, 0x19, 0xD7, 0x19,
    0xD7, 0x19, 0xD7, 0x19, 0xD7, 0x19, 0xD7, 0x19, 0xD7, 0x19, 0xD7, 0x19, 0xD7, 0x19, 0xD7, 0x19, 0xD7, 0x19, 0xD7, 0x19, 0xD7, 0x19, 0xD7, 0x19,
    0xD7, 0x19, 0xD7, 0x19, 0xD7, 0x19, 0xD7, 0x19, 0xD7, 0x19, 0xD7, 0x19, 0xD7, 0x19, 0xD7, 0x19, 0xD7, 0x19, 0xD7, 0x19, 0xD7, 0x19, 0xD7, 0x19,
    0xD7, 0x19, 0xD7, 0x19, 0xD7, 0x19, 0xD7, 0x19, 0xD7, 0x19, 0xD7, 0x19, 0xD7, 0x19, 0xD7, 0x19, 0xD7, 0x19, 0xD7, 0x19, 0xD7, 0x19, 0xD7, 0x19,
    0xD7, 0x19, 0xD7, 0x19, 0xD7, 0x19, 0xD7, 0x19, 0xD7, 0x19, 0xD7, 0x19, 0xD7, 0x19, 0xD7, 0x19, 0xD7, 0x19, 0xD7, 0x19, 0xD7, 0x19, 0xD7, 0x19,
    0xD7, 0x19, 0xD7, 0x19, 0xD7, 0x19, 0xD7, 0x19, 0xD7, 0x19, 0xD7, 0x19, 0xD7, 0x19, 0xD7, 0x19, 0xD7, 0x19, 0xD7, 0x19, 0xD7, 0x19, 0xD7, 0x19,
    0xD7, 0x19, 0xD7, 0x19, 0xD7, 0x19, 0xD7, 0x19, 0xD7, 0x19, 0xD7, 0x19, 0xD7, 0x19, 0xD7, 0x19, 0xD7, 0x19, 0xD7, 0x19, 0xD7, 0x19, 0xD7, 0x19,
    0xD7, 0x19, 0xD7, 0x19, 0xD7, 0x19, 0xD7, 0x19, 0xD7, 0x19, 0xD7, 0x19, 0xD7, 0x19, 0xD7, 0x19, 0xD7, 0x19, 0xD7, 0x19, 0xD7, 0x19, 0xD7, 0x19,
    0xD7, 0x19, 0xD7, 0x19, 0xD7, 0x19, 0xD7, 0x19, 0xD7, 0x19, 0xD7, 0x19, 0xD7, 0x19, 0xD7, 0x19, 0xD7, 0x1A, 0xD7, 0x19, 0xD7, 0x19, 0xD7, 0x19,
    0xD7, 0x1A, 0xDF, 0x5B, 0xEF, 0x7C, 0xF7, 0xB9, 0xF7, 0x35, 0xF7, 0xFD, 0xF5, 0xF5, 0xE0, 0xC2, 0xF1, 0x24, 0xF0, 0xE3, 0xD9, 0xE6, 0xFF, 0xDE,
    0xFF, 0x57, 0xF7, 0x56, 0xEF, 0x9C, 0xE7, 0x7C, 0xDF, 0x3B, 0xD7, 0x1A, 0xD7, 0x19, 0xD7, 0x19, 0xD7, 0x19, 0xD7, 0x1A, 0xD7, 0x19, 0xD7, 0x19,
    0xD7, 0x19, 0xD7, 0x19, 0xD7, 0x19, 0xD7, 0x19, 0xD7, 0x19, 0xD7, 0x19, 0xD7, 0x19, 0xD7, 0x19, 0xD7, 0x19, 0xD7, 0x19, 0xD7, 0x19, 0xD7, 0x19,
    0xD7, 0x19, 0xD7, 0x19, 0xD7, 0x19, 0xD7, 0x19, 0xD7, 0x19, 0xD7, 0x19, 0xD7, 0x19, 0xD7, 0x19, 0xD7, 0x19, 0xD7, 0x19, 0xD7, 0x19, 0xD7, 0x19,
    0xD7, 0x19, 0xD7, 0x19, 0xD7, 0x19, 0xD7, 0x19, 0xD7, 0x19, 0xD7, 0x19, 0xD7, 0x19, 0xD7, 0x19, 0xD7, 0x1A, 0xDF, 0x7E, 0xDF, 0xBF, 0xA6, 0x39,
    0x7D, 0x36, 0x85, 0x56, 0xCF, 0x3D, 0xE7, 0xBE, 0xAE, 0x5A, 0x7D, 0x36, 0x8D, 0x97, 0xD7, 0x5D, 0xE7, 0x9E, 0xB6, 0x7A, 0x7D, 0x56, 0x95, 0xB8,
    0xD7, 0x5D, 0xE7, 0xBF, 0xA6, 0x39, 0x7D, 0x15, 0x8D, 0x76, 0xD7, 0x5D, 0xDF, 0x7E, 0xDF, 0x7E, 0xE7, 0xBF, 0x9D, 0xB7, 0x6C, 0x72, 0x74, 0xB3,
    0x6C, 0xB3, 0x74, 0xD3, 0x6C, 0x73, 0xA6, 0x39, 0xDF, 0x9E, 0xD7, 0x5D, 0xD7, 0x5E, 0xDF, 0x7E, 0xD7, 0x3D, 0x95, 0xB8, 0x95, 0xB8, 0x95, 0xB8,
    0x95, 0xB8, 0x95, 0xB7, 0x95, 0xB8, 0x95, 0xB7, 0x95, 0xB8, 0x95, 0xD8, 0x95, 0xD8, 0x95, 0xD8, 0x9D, 0xD8, 0x95, 0xD7, 0x9D, 0xF8, 0xD7, 0x5D,
    0xDF, 0x9E, 0xBE, 0xDC, 0xA6, 0x3A, 0xA6, 0x5A, 0xA6, 0x5A, 0xA6, 0x5A, 0x7D, 0x36, 0x7D, 0x56, 0xA6, 0x7A, 0xAE, 0x7B, 0xAE, 0x7B, 0xAE, 0x9B,
    0xAE, 0x9B, 0xAE, 0x9B, 0xAE, 0x9B, 0xAE, 0x9B, 0xAE, 0xBB, 0xAE, 0x9B, 0x85, 0x77, 0xB6, 0xDB, 0xD7, 0x19, 0xD7, 0x19, 0xD7, 0x19, 0xD7, 0x19,
    0xD7, 0x19, 0xD7, 0x19, 0xD7, 0x19, 0xD7, 0x19, 0xD7, 0x19, 0xD7, 0x19, 0xD7, 0x19, 0xD7, 0x19, 0xD7, 0x19, 0xD7, 0x19, 0xD7, 0x19, 0xD7, 0x19,
    0xD7, 0x19, 0xD7, 0x19, 0xD7, 0x19, 0xD7, 0x19, 0xD7, 0x19, 0xD7, 0x19, 0xD7, 0x19, 0xD7, 0x19, 0xD7, 0x19, 0xD7, 0x19, 0xD7, 0x19, 0xD7, 0x19,
    0xD7, 0x19, 0xD7, 0x19, 0xD7, 0x19, 0xD7, 0x19, 0xD7, 0x19, 0xD7, 0x19, 0xD7, 0x19, 0xD7, 0x19, 0xD7, 0x19, 0xD7, 0x19, 0xD7, 0x19, 0xD7, 0x19,
    0xD7, 0x19, 0xD7, 0x19, 0xD7, 0x19, 0xD7, 0x19, 0xD7, 0x19, 0xD7, 0x19, 0xD7, 0x19, 0xD7, 0x19, 0xD7, 0x19, 0xD7, 0x19, 0xD7, 0x19, 0xD7, 0x19,
    0xD7, 0x19, 0xD7, 0x19, 0xD7, 0x19, 0xD7, 0x19, 0xD7, 0x19, 0xD7, 0x19, 0xD7, 0x19, 0xD7, 0x19, 0xD7, 0x19, 0xD7, 0x19, 0xD7, 0x19, 0xD7, 0x19,
    0xD7, 0x19, 0xD7, 0x19, 0xD7, 0x19, 0xD7, 0x19, 0xD7, 0x19, 0xD7, 0x19, 0xD7, 0x19, 0xD7, 0x19, 0xD7, 0x19, 0xD7, 0x19, 0xD7, 0x19, 0xD7, 0x19,
    0xD7, 0x19, 0xD7, 0x19, 0xD7, 0x19, 0xD7, 0x19, 0xD7, 0x19, 0xD7, 0x19, 0xD7, 0x19, 0xD7, 0x19, 0xD7, 0x19, 0xD7, 0x19, 0xD7, 0x19, 0xD7, 0x19,
    0xD7, 0x19, 0xD7, 0x19, 0xD7, 0x19, 0xD7, 0x19, 0xD7, 0x19, 0xD7, 0x19, 0xD7, 0x19, 0xD7, 0x19, 0xD7, 0x19, 0xD7, 0x19, 0xD7, 0x19, 0xD7, 0x19,
    0xD7, 0x19, 0xD7, 0x19, 0xD7, 0x19, 0xD7, 0x19, 0xD7, 0x19, 0xD7, 0x19, 0xD7, 0x1A, 0xD7, 0x19, 0xD7, 0x19, 0xD7, 0x1A, 0xDF, 0x5B, 0xEF, 0x9C,
    0xF6, 0x72, 0xED, 0x8E, 0xF5, 0xAE, 0xF5, 0x6C, 0xED, 0x4C, 0xF7, 0xFD, 0xE4, 0xB0, 0xE8, 0xA1, 0xE9, 0xA5, 0xF1, 0x44, 0xD9, 0x85, 0xF7, 0x9D,
    0xF6, 0x73, 0xF5, 0x4C, 0xF5, 0xAE, 0xF5, 0xCE, 0xE5, 0x8E, 0xFE, 0xB4, 0xEF, 0x9D, 0xDF, 0x5B, 0xD7, 0x19, 0xD7, 0x19, 0xD7, 0x19, 0xD7, 0x19,
    0xD7, 0x19, 0xD7, 0x19, 0xD7, 0x19, 0xD7, 0x19, 0xD7, 0x19, 0xD7, 0x19, 0xD7, 0x19, 0xD7, 0x19, 0xD7, 0x19, 0xD7, 0x19, 0xD7, 0x19, 0xD7, 0x19,
    0xD7, 0x19, 0xD7, 0x19, 0xD7, 0x19, 0xD7, 0x19, 0xD7, 0x19, 0xD7, 0x19, 0xD7, 0x19, 0xD7, 0x19, 0xD7, 0x19, 0xD7, 0x19, 0xD7, 0x19, 0xD7, 0x19,
    0xD7, 0x19, 0xD7, 0x19, 0xD7, 0x19, 0xD7, 0x19, 0xD7, 0x19, 0xD7, 0x19, 0xD7, 0x19, 0xD7, 0x19, 0xD7, 0x1A, 0xDF, 0x9E, 0xDF, 0xBE, 0xA6, 0x39,
    0x7D, 0x36, 0x85, 0x57, 0xCF, 0x3D, 0xE7, 0xBF, 0xAE, 0x5A, 0x7D, 0x36, 0x8D, 0x97, 0xD7, 0x5D, 0xE7, 0x9F, 0xB6, 0x7B, 0x85, 0x56, 0x95, 0xB7,
    0xD7, 0x5D, 0xE7, 0xBF, 0xA6, 0x39, 0x7D, 0x15, 0x8D, 0x76, 0xD7, 0x7E, 0xDF, 0x7E, 0xDF, 0x7E, 0xE7, 0xBF, 0x9D, 0xB7, 0x64, 0x72, 0x6C, 0xB3,
    0x6C, 0xB3, 0x74, 0xB3, 0x6C, 0x92, 0xA6, 0x39, 0xDF, 0x9E, 0xD7, 0x5D, 0xD7, 0x5E, 0xD7, 0x5E, 0xDF, 0x7E, 0xE7, 0xDF, 0xEF, 0xDF, 0xEF, 0xDF,
    0xEF, 0xDF, 0xEF, 0xDF, 0xEF, 0xDF, 0xEF, 0xDF, 0xEF, 0xDF, 0xEF, 0xDF, 0xEF, 0xDF, 0xEF, 0xDF, 0xEF, 0xDF, 0xEF, 0xDF, 0xEF, 0xDF, 0xDF, 0x7E,
    0xDF, 0x7E, 0xBE, 0xDC, 0xA6, 0x39, 0xA6, 0x5A, 0xA6, 0x3A, 0xA6, 0x5A, 0x7D, 0x36, 0x7D, 0x15, 0x7D, 0x56, 0x7D, 0x36, 0x7D, 0x36, 0x7D, 0x36,
    0x7D, 0x36, 0x7D, 0x36, 0x7D, 0x36, 0x7D, 0x36, 0x7D, 0x36, 0x7D, 0x36, 0x7D, 0x57, 0xB6, 0xDC, 0xD7, 0x19, 0xD7, 0x19, 0xD7, 0x19, 0xD7, 0x19,
    0xD7, 0x19, 0xD7, 0x19, 0xD7, 0x19, 0xD7, 0x19, 0xD7, 0x19, 0xD7, 0x19, 0xD7, 0x19, 0xD7, 0x19, 0xD7, 0x19, 0xD7, 0x19, 0xD7, 0x19, 0xD7, 0x19,
    0xD7, 0x19, 0xD7, 0x19, 0xD7, 0x19, 0xD7, 0x19, 0xD7, 0x19, 0xD7, 0x19, 0xD7, 0x19, 0xD7, 0x19, 0xD7, 0x19, 0xD7, 0x19, 0xD7, 0x19, 0xD7, 0x19,
    0xD7, 0x19, 0xD7, 0x19, 0xD7, 0x19, 0xD7, 0x19, 0xD7, 0x19, 0xD7, 0x19, 0xD7, 0x19, 0xD7, 0x19, 0xD7, 0x19, 0xD7, 0x19, 0xD7, 0x19, 0xD7, 0x19,
    0xD7, 0x19, 0xD7, 0x19, 0xD7, 0x19, 0xD7, 0x19, 0xD7, 0x19, 0xD7, 0x19, 0xD7, 0x19, 0xD7, 0x19, 0xD7, 0x19, 0xD7, 0x19, 0xD7, 0x19, 0xD7, 0x19,
    0xD7, 0x19, 0xD7, 0x19, 0xD7, 0x19, 0xD7, 0x19, 0xD7, 0x19, 0xD7, 0x19, 0xD7, 0x19, 0xD7, 0x19, 0xD7, 0x19, 0xD7, 0x19, 0xD7, 0x19, 0xD7, 0x19,
    0xD7, 0x19, 0xD7, 0x19, 0xD7, 0x19, 0xD7, 0x19, 0xD7, 0x19, 0xD7, 0x19, 0xD7, 0x19, 0xD7, 0x19, 0xD7, 0x19, 0xD7, 0x19, 0xD7, 0x19, 0xD7, 0x19,
    0xD7, 0x19, 0xD7, 0x19, 0xD7, 0x19, 0xD7, 0x19, 0xD7, 0x19, 0xD7, 0x19, 0xD7, 0x19, 0xD7, 0x19, 0xD7, 0x19, 0xD7, 0x19, 0xD7, 0x19, 0xD7, 0x19,
    0xD7, 0x19, 0xD7, 0x19, 0xD7, 0x19, 0xD7, 0x19, 0xD7, 0x19, 0xD7, 0x19, 0xD7, 0x19, 0xD7, 0x19, 0xD7, 0x19, 0xD7, 0x19, 0xD7, 0x19, 0xD7, 0x19,
    0xD7, 0x19, 0xD7, 0x19, 0xD7, 0x19, 0xD7, 0x19, 0xD7, 0x19, 0xD7, 0x19, 0xD7, 0x19, 0xD7, 0x1A, 0xE7, 0x7C, 0xF7, 0x36, 0xED, 0xAF, 0xF5, 0xAE,
    0xED, 0x6D, 0xED, 0x4D, 0xED, 0x6C, 0xED, 0x6C, 0xED, 0x2B, 0xEF, 0x58, 0xF7, 0x5C, 0xDA, 0x26, 0xE8, 0xC2, 0xE0, 0xC1, 0xE4, 0xB1, 0xFF, 0xFF,
    0xED, 0xCF, 0xED, 0x6C, 0xED, 0x8D, 0xED, 0x6D, 0xE5, 0x4C, 0xED, 0x6C, 0xF5, 0xAE, 0xED, 0x8E, 0xF7, 0xB7, 0xE7, 0x5B, 0xD7, 0x19, 0xD7, 0x19,
    0xD7, 0x19, 0xD7, 0x19, 0xD7, 0x19, 0xD7, 0x19, 0xD7, 0x19, 0xD7, 0x19, 0xD7, 0x19, 0xD7, 0x19, 0xD7, 0x19, 0xD7, 0x19, 0xD7, 0x19, 0xD7, 0x19,
    0xD7, 0x19, 0xD7, 0x19, 0xD7, 0x19, 0xD7, 0x19, 0xD7, 0x19, 0xD7, 0x19, 0xD7, 0x19, 0xD7, 0x19, 0xD7, 0x19, 0xD7, 0x19, 0xD7, 0x19, 0xD7, 0x19,
    0xD7, 0x19, 0xD7, 0x19, 0xD7, 0x19, 0xD7, 0x19, 0xD7, 0x19, 0xD7, 0x19, 0xD7, 0x19, 0xD7, 0x19, 0xD7, 0x1A, 0xE7, 0xBE, 0xDF, 0xBF, 0xA6, 0x39,
    0x7D, 0x36, 0x85, 0x57, 0xCF, 0x3D, 0xE7, 0xBF, 0xAE, 0x5A, 0x7D, 0x37, 0x8D, 0x97, 0xD7, 0x5D, 0xE7, 0x9E, 0xB6, 0x7A, 0x85, 0x56, 0x95, 0xB8,
    0xD7, 0x5D, 0xE7, 0xBF, 0xAE, 0x39, 0x7D, 0x15, 0x8D, 0x76, 0xDF, 0x7E, 0xDF, 0x7E, 0xDF, 0x7E, 0xDF, 0x9F, 0xB6, 0x9A, 0x95, 0xD8, 0x9D, 0xF9,
    0x9D, 0xF8, 0x9D, 0xF9, 0x9D, 0xF8, 0xBE, 0xDC, 0xDF, 0x7E, 0xD7, 0x5D, 0xD7, 0x5D, 0xD7, 0x5E, 0xD7, 0x5D, 0xBE, 0x9B, 0xBE, 0xBB, 0xBE, 0xBB,
    0xBE, 0xBB, 0xBE, 0xBB, 0xBE, 0xBB, 0xBE, 0xBB, 0xBE, 0xBB, 0xBE, 0xBB, 0xBE, 0xBB, 0xBE, 0xBB, 0xBE, 0xBB, 0xBE, 0x9B, 0xBE, 0xBB, 0xDF, 0x7E,
    0xDF, 0x7E, 0xBE, 0xDC, 0xA6, 0x39, 0xA6, 0x5A, 0xA6, 0x3A, 0xA6, 0x3A, 0x7D, 0x36, 0x74, 0xF5, 0x74, 0xF5, 0x74, 0xF5, 0x74, 0xF5, 0x74, 0xF5,
    0x74, 0xF5, 0x74, 0xF5, 0x74, 0xF5, 0x74, 0xF5, 0x74, 0xF5, 0x74, 0xF5, 0x7D, 0x57, 0xB6, 0xFC, 0xD7, 0x19, 0xD7, 0x19, 0xD7, 0x19, 0xD7, 0x19,
    0xD7, 0x19, 0xD7, 0x19, 0xD7, 0x19, 0xD7, 0x19, 0xD7, 0x19, 0xD7, 0x19, 0xD7, 0x19, 0xD7, 0x19, 0xD7, 0x19, 0xD7, 0x19, 0xD7, 0x19, 0xD7, 0x19,
    0xD7, 0x19, 0xD7, 0x19, 0xD7, 0x19, 0xD7, 0x19, 0xD7, 0x19, 0xD7, 0x19, 0xD7, 0x19, 0xD7, 0x19, 0xD7, 0x19, 0xD7, 0x19, 0xD7, 0x19, 0xD7, 0x19,
    0xD7, 0x19, 0xD7, 0x19, 0xD7, 0x19, 0xD7, 0x19, 0xD7, 0x19, 0xD7, 0x19, 0xD7, 0x19, 0xD7, 0x19, 0xD7, 0x19, 0xD7, 0x19, 0xD7, 0x19, 0xD7, 0x19,
    0xD7, 0x19, 0xD7, 0x19, 0xD7, 0x19, 0xD7, 0x19, 0xD7, 0x19, 0xD7, 0x19, 0xD7, 0x19, 0xD7, 0x19, 0xD7, 0x19, 0xD7, 0x19, 0xD7, 0x19, 0xD7, 0x19,
    0xD7, 0x19, 0xD7, 0x19, 0xD7, 0x19, 0xD7, 0x19, 0xD7, 0x19, 0xD7, 0x19, 0xD7, 0x19, 0xD7, 0x19, 0xD7, 0x19, 0xD7, 0x19, 0xD7, 0x19, 0xD7, 0x19,
    0xD7, 0x19, 0xD7, 0x19, 0xD7, 0x19, 0xD7, 0x19, 0xD7, 0x19, 0xD7, 0x19, 0xD7, 0x19, 0xD7, 0x19, 0xD7, 0x19, 0xD7, 0x19, 0xD7, 0x19, 0xD7, 0x19,
    0xD7, 0x19, 0xD7, 0x19, 0xD7, 0x19, 0xD7, 0x19, 0xD7, 0x19, 0xD7, 0x19, 0xD7, 0x19, 0xD7, 0x19, 0xD7, 0x19, 0xD7, 0x19, 0xD7, 0x19, 0xD7, 0x19,
    0xD7, 0x19, 0xD7, 0x19, 0xD7, 0x19, 0xD7, 0x19, 0xD7, 0x19, 0xD7, 0x19, 0xD7, 0x19, 0xD7, 0x19, 0xD7, 0x19, 0xD7, 0x19, 0xD7, 0x19, 0xD7, 0x19,
    0xD7, 0x19, 0xD7, 0x19, 0xD7, 0x19, 0xD7, 0x19, 0xD7, 0x19, 0xD7, 0x19, 0xE7, 0x5B, 0xFE, 0xF4, 0xF5, 0xCF, 0xED, 0x6D, 0xED, 0x4D, 0xED, 0x6D,
    0xED, 0x6D, 0xED, 0x6C, 0xED, 0x6C, 0xF5, 0x8D, 0xF5, 0x8C, 0xE5, 0xEF, 0xFF, 0xFE, 0xF7, 0x9C, 0xED, 0x32, 0xED, 0xD5, 0xFF, 0xFF, 0xFF, 0x17,
    0xFD, 0xAD, 0xFD, 0xCE, 0xF5, 0x8D, 0xED, 0x6C, 0xED, 0x4C, 0xED, 0x6D, 0xED, 0x4D, 0xE5, 0x2C, 0xF5, 0x6D, 0xED, 0x8E, 0xF7, 0x97, 0xDF, 0x5B,
    0xD7, 0x19, 0xD7, 0x19, 0xD7, 0x19, 0xD7, 0x19, 0xD7, 0x19, 0xD7, 0x19, 0xD7, 0x19, 0xD7, 0x19, 0xD7, 0x19, 0xD7, 0x19, 0xD7, 0x19, 0xD7, 0x19,
    0xD7, 0x19, 0xD7, 0x19, 0xD7, 0x19, 0xD7, 0x19, 0xD7, 0x19, 0xD7, 0x19, 0xD7, 0x19, 0xD7, 0x19, 0xD7, 0x19, 0xD7, 0x19, 0xD7, 0x19, 0xD7, 0x19,
    0xD7, 0x19, 0xD7, 0x19, 0xD7, 0x19, 0xD7, 0x19, 0xD7, 0x19, 0xD7, 0x19, 0xD7, 0x19, 0xD7, 0x19, 0xDF, 0x1A, 0xE7, 0xBE, 0xE7, 0xBF, 0xA6, 0x39,
    0x7D, 0x36, 0x85, 0x57, 0xCF, 0x3D, 0xE7, 0xBF, 0xAE, 0x5A, 0x7D, 0x36, 0x8D, 0x97, 0xD7, 0x3D, 0xE7, 0x9F, 0xB6, 0x7B, 0x85, 0x56, 0x95, 0xB7,
    0xD7, 0x5D, 0xE7, 0xBF, 0xAE, 0x5A, 0x7D, 0x15, 0x8D, 0x76, 0xDF, 0x7E, 0xDF, 0x9E, 0xDF, 0x7E, 0xDF, 0x9F, 0xC6, 0xFC, 0xB6, 0x9B, 0xB6, 0xBB,
    0xB6, 0xBB, 0xB6, 0xBC, 0xBE, 0xDC, 0xCF, 0x1D, 0xD7, 0x7E, 0xD7, 0x5E, 0xD7, 0x5D, 0xDF, 0x7E, 0xC6, 0xFC, 0x6C, 0xB4, 0x74, 0xD4, 0x74, 0xD5,
    0x74, 0xD4, 0x74, 0xD4, 0x74, 0xD4, 0x74, 0xD4, 0x74, 0xD4, 0x74, 0xD4, 0x74, 0xD4, 0x74, 0xD4, 0x74, 0xD4, 0x6C, 0xB4, 0x7D, 0x15, 0xD7, 0x5D,
    0xDF, 0x7E, 0xBE, 0xDC, 0xA6, 0x39, 0xA6, 0x5A, 0xA6, 0x3A, 0xA6, 0x3A, 0x7D, 0x35, 0x7D, 0x35, 0xA6, 0x39, 0xA6, 0x3A, 0xA6, 0x3A, 0xA6, 0x5A,
    0xA6, 0x5A, 0xA6, 0x5A, 0xA6, 0x5A, 0xA6, 0x5A, 0xA6, 0x5A, 0x9E, 0x3A, 0x7D, 0x77, 0xB6, 0xFC, 0xD7, 0x19, 0xD7, 0x19, 0xD7, 0x19, 0xD7, 0x19,
    0xD7, 0x19, 0xD7, 0x19, 0xD7, 0x19, 0xD7, 0x19, 0xD7, 0x19, 0xD7, 0x19, 0xD7, 0x19, 0xD7, 0x19, 0xD7, 0x19, 0xD7, 0x19, 0xD7, 0x19, 0xD7, 0x19,
    0xD7, 0x19, 0xD7, 0x19, 0xD7, 0x19, 0xD7, 0x19, 0xD7, 0x19, 0xD7, 0x19, 0xD7, 0x19, 0xD7, 0x19, 0xD7, 0x19, 0xD7, 0x19, 0xD7, 0x19, 0xD7, 0x19,
    0xD7, 0x19, 0xD7, 0x19, 0xD7, 0x19, 0xD7, 0x19, 0xD7, 0x19, 0xD7, 0x19, 0xD7, 0x19, 0xD7, 0x19, 0xD7, 0x19, 0xD7, 0x19, 0xD7, 0x19, 0xD7, 0x19,
    0xD7, 0x19, 0xD7, 0x19, 0xD7, 0x19, 0xD7, 0x19, 0xD7, 0x19, 0xD7, 0x19, 0xD7, 0x19, 0xD7, 0x19, 0xD7, 0x19, 0xD7, 0x19, 0xD7, 0x19, 0xD7, 0x19,
    0xD7, 0x19, 0xD7, 0x19, 0xD7, 0x19, 0xD7, 0x19, 0xD7, 0x19, 0xD7, 0x19, 0xD7, 0x19, 0xD7, 0x19, 0xD7, 0x19, 0xD7, 0x19, 0xD7, 0x19, 0xD7, 0x19,
    0xD7, 0x19, 0xD7, 0x19, 0xD7, 0x19, 0xD7, 0x19, 0xD7, 0x19, 0xD7, 0x19, 0xD7, 0x19, 0xD7, 0x19, 0xD7, 0x19, 0xD7, 0x19, 0xD7, 0x19, 0xD7, 0x19,
    0xD7, 0x19, 0xD7, 0x19, 0xD7, 0x19, 0xD7, 0x19, 0xD7, 0x19, 0xD7, 0x19, 0xD7, 0x19, 0xD7, 0x19, 0xD7, 0x19, 0xD7, 0x19, 0xD7, 0x19, 0xD7, 0x19,
    0xD7, 0x19, 0xD7, 0x19, 0xD7, 0x19, 0xD7, 0x19, 0xD7, 0x19, 0xD7, 0x19, 0xD7, 0x19, 0xD7, 0x19, 0xD7, 0x19, 0xD7, 0x19, 0xD7, 0x19, 0xD7, 0x19,
    0xD7, 0x19, 0xD7, 0x19, 0xD7, 0x19, 0xD7, 0x19, 0xDF, 0x3A, 0xF7, 0xBA, 0xED, 0xCF, 0xED, 0x6C, 0xED, 0x4D, 0xE5, 0x6D, 0xED, 0x6D, 0xED, 0x6D,
    0xF5, 0xAE, 0xF5, 0xCF, 0xF6, 0x11, 0xF7, 0x76, 0xEF, 0x9D, 0xE7, 0x7C, 0xEF, 0x9D, 0xF7, 0x38, 0xFF, 0xFD, 0xFF, 0xBC, 0xF7, 0xBE, 0xE7, 0x7C,
    0xEF, 0x7C, 0xEF, 0x9C, 0xF7, 0x76, 0xF5, 0xF0, 0xF5, 0xAE, 0xF5, 0x8D, 0xED, 0x2C, 0xED, 0x4C, 0xED, 0x2C, 0xE5, 0x2C, 0xF5, 0x6D, 0xE5, 0x8E,
    0xEF, 0x9C, 0xDF, 0x1A, 0xD7, 0x19, 0xD7, 0x19, 0xD7, 0x19, 0xD7, 0x19, 0xD7, 0x19, 0xD7, 0x19, 0xD7, 0x19, 0xD7, 0x19, 0xD7, 0x19, 0xD7, 0x19,
    0xD7, 0x19, 0xD7, 0x19, 0xD7, 0x19, 0xD7, 0x19, 0xD7, 0x19, 0xD7, 0x19, 0xD7, 0x19, 0xD7, 0x19, 0xD7, 0x19, 0xD7, 0x19, 0xD7, 0x19, 0xD7, 0x19,
    0xD7, 0x19, 0xD7, 0x19, 0xD7, 0x19, 0xD7, 0x19, 0xD7, 0x19, 0xD7, 0x19, 0xD7, 0x19, 0xD7, 0x19, 0xDF, 0x1A, 0xE7, 0xBE, 0xE7, 0xBF, 0xAE, 0x3A,
    0x7D, 0x36, 0x85, 0x57, 0xCF, 0x3D, 0xE7, 0xBF, 0xAE, 0x5A, 0x7D, 0x36, 0x8D, 0x97, 0xD7, 0x3D, 0xE7, 0x9E, 0xB6, 0x7B, 0x85, 0x56, 0x95, 0xB8,
    0xD7, 0x5E, 0xDF, 0xBF, 0xA6, 0x59, 0x7D, 0x15, 0x8D, 0x76, 0xDF, 0x7E, 0xDF, 0x7E, 0xDF, 0x7E, 0xE7, 0xBF, 0xA6, 0x19, 0x7D, 0x15, 0x85, 0x56,
    0x85, 0x56, 0x85, 0x56, 0x85, 0x35, 0xB6, 0x7A, 0xDF, 0x9E, 0xD7, 0x5D, 0xD7, 0x5E, 0xDF, 0x7E, 0xCE, 0xFC, 0x74, 0xD4, 0x74, 0xD4, 0x74, 0xD4,
    0x74, 0xD4, 0x74, 0xD4, 0x74, 0xD4, 0x74, 0xD4, 0x6C, 0xD4, 0x74, 0xD4, 0x6C, 0xD4, 0x6C, 0xD4, 0x6C, 0xD4, 0x6C, 0xB4, 0x75, 0x15, 0xD7, 0x3D,
    0xDF, 0x7E, 0xBE, 0xBC, 0x9E, 0x39, 0xA6, 0x3A, 0xA6, 0x3A, 0xA6, 0x3A, 0x7D, 0x35, 0x7D, 0x36, 0xAE, 0x9B, 0xAE, 0x9B, 0xAE, 0x9B, 0xAE, 0x9B,
    0xAE, 0x9B, 0xAE, 0x9B, 0xAE, 0x9B, 0xAE, 0x9B, 0xAE, 0x9B, 0xAE, 0x9B, 0x85, 0x97, 0xB6, 0xFC, 0xD7, 0x19, 0xD7, 0x19, 0xD7, 0x19, 0xD7, 0x19,
    0xD7, 0x19, 0xD7, 0x19, 0xD7, 0x19, 0xD7, 0x19, 0xD7, 0x19, 0xD7, 0x19, 0xD7, 0x19, 0xD7, 0x19, 0xD7, 0x19, 0xD7, 0x19, 0xD7, 0x19, 0xD7, 0x19,
    0xD7, 0x19, 0xD7, 0x19, 0xD7, 0x19, 0xD7, 0x19, 0xD7, 0x19, 0xD7, 0x19, 0xD7, 0x19, 0xD7, 0x19, 0xD7, 0x19, 0xD7, 0x19, 0xD7, 0x19, 0xD7, 0x19,
    0xD7, 0x19, 0xD7, 0x19, 0xD7, 0x19, 0xD7, 0x19, 0xD7, 0x19, 0xD7, 0x19, 0xD7, 0x19, 0xD7, 0x19, 0xD7, 0x19, 0xD7, 0x19, 0xD7, 0x19, 0xD7, 0x19,
    0xD7, 0x19, 0xD7, 0x19, 0xD7, 0x19, 0xD7, 0x19, 0xD7, 0x19, 0xD7, 0x19, 0xD7, 0x19, 0xD7, 0x19, 0xD7, 0x19, 0xD7, 0x19, 0xD7, 0x19, 0xD7, 0x19,
    0xD7, 0x19, 0xD7, 0x19, 0xD7, 0x19, 0xD7, 0x19, 0xD7, 0x19, 0xD7, 0x19, 0xD7, 0x19, 0xD7, 0x19, 0xD7, 0x19, 0xD7, 0x19, 0xD7, 0x19, 0xD7, 0x19,
    0xD7, 0x19, 0xD7, 0x19, 0xD7, 0x19, 0xD7, 0x19, 0xD7, 0x19, 0xD7, 0x19, 0xD7, 0x19, 0xD7, 0x19, 0xD7, 0x19, 0xD7, 0x19, 0xD7, 0x19, 0xD7, 0x19,
    0xD7, 0x19, 0xD7, 0x19, 0xD7, 0x19, 0xD7, 0x19, 0xD7, 0x19, 0xD7, 0x19, 0xD7, 0x19, 0xD7, 0x19, 0xD7, 0x19, 0xD7, 0x19, 0xD7, 0x19, 0xD7, 0x19,
    0xD7, 0x19, 0xD7, 0x19, 0xD7, 0x19, 0xD7, 0x19, 0xD7, 0x19, 0xD7, 0x19, 0xD7, 0x19, 0xD7, 0x19, 0xD7, 0x19, 0xD7, 0x19, 0xD7, 0x19, 0xD7, 0x19,
    0xD7, 0x19, 0xD7, 0x19, 0xD7, 0x19, 0xE7, 0x5B, 0xFE, 0x92, 0xF5, 0x8D, 0xE5, 0x4C, 0xE5, 0x4D, 0xE5, 0x6D, 0xED, 0x6D, 0xF5, 0xCE, 0xF6, 0x31,
    0xEF, 0x9B, 0xE7, 0x5B, 0xDF, 0x1A, 0xD7, 0x19, 0xD7, 0x19, 0xD7, 0x19, 0xE7, 0x7B, 0xFD, 0x8D, 0xED, 0x2C, 0xF5, 0x4C, 0xEF, 0x7C, 0xD7, 0x19,
    0xD7, 0x19, 0xD7, 0x19, 0xD7, 0x19, 0xDF, 0x3A, 0xE7, 0x5B, 0xF7, 0xB7, 0xE5, 0x8E, 0xF5, 0x8D, 0xED, 0x2C, 0xED, 0x2C, 0xED, 0x2C, 0xE5, 0x2C,
    0xF5, 0x8D, 0xFE, 0xD5, 0xDF, 0x3A, 0xD7, 0x19, 0xD6, 0xF9, 0xD7, 0x19, 0xD7, 0x19, 0xD7, 0x19, 0xD7, 0x19, 0xD7, 0x19, 0xD7, 0x19, 0xD7, 0x19,
    0xD7, 0x19, 0xD7, 0x19, 0xD7, 0x19, 0xD7, 0x19, 0xD7, 0x19, 0xD7, 0x19, 0xD7, 0x19, 0xD7, 0x19, 0xD7, 0x19, 0xD7, 0x19, 0xD7, 0x19, 0xD7, 0x19,
    0xD7, 0x19, 0xD7, 0x19, 0xD7, 0x19, 0xD7, 0x19, 0xD7, 0x19, 0xD7, 0x19, 0xD7, 0x19, 0xD7, 0x19, 0xDF, 0x19, 0xE7, 0xDF, 0xE7, 0xBF, 0xAE, 0x39,
    0x7D, 0x35, 0x85, 0x56, 0xCF, 0x3D, 0xE7, 0xBF, 0xAE, 0x5A, 0x7D, 0x16, 0x8D, 0x97, 0xD7, 0x3D, 0xE7, 0x9E, 0xB6, 0x9A, 0x85, 0x57, 0x95, 0xD8,
    0xD7, 0x5E, 0xE7, 0xBF, 0xA6, 0x39, 0x75, 0x15, 0x8D, 0x77, 0xDF, 0x7E, 0xDF, 0x9E, 0xDF, 0x7E, 0xE7, 0xBF, 0x95, 0xB7, 0x64, 0x52, 0x6C, 0xB3,
    0x6C, 0x93, 0x6C, 0x93, 0x5C, 0x52, 0xA6, 0x19, 0xDF, 0x9F, 0xD7, 0x5E, 0xD7, 0x5E, 0xDF, 0x7E, 0xD7, 0x5D, 0xAE, 0x5A, 0xAE, 0x5A, 0xB6, 0x79,
    0xB6, 0x7A, 0xB6, 0x7A, 0xB6, 0x7A, 0xB6, 0x7A, 0xB6, 0x7A, 0xB6, 0x7A, 0xB6, 0x7A, 0xB6, 0x9A, 0xB6, 0x9A, 0xB6, 0x7A, 0xB6, 0x9A, 0xD7, 0x5E,
    0xDF, 0x7E, 0xBE, 0xBB, 0x9E, 0x19, 0xA6, 0x3A, 0xA6, 0x3A, 0xA6, 0x3A, 0x7D, 0x36, 0x7D, 0x15, 0x7D, 0x36, 0x7D, 0x35, 0x7D, 0x15, 0x7D, 0x15,
    0x7D, 0x15, 0x7D, 0x15, 0x7D, 0x16, 0x7D, 0x16, 0x7D, 0x36, 0x7D, 0x36, 0x7D, 0x57, 0xB6, 0xFC, 0xD7, 0x19, 0xD7, 0x19, 0xD7, 0x19, 0xD7, 0x19,
    0xD7, 0x19, 0xD7, 0x19, 0xD7, 0x19, 0xD7, 0x19, 0xD7, 0x19, 0xD7, 0x19, 0xD7, 0x19, 0xD7, 0x19, 0xD7, 0x19, 0xD7, 0x19, 0xD7, 0x19, 0xD7, 0x19,
    0xD7, 0x19, 0xD7, 0x19, 0xD7, 0x19, 0xD7, 0x19, 0xD7, 0x19, 0xD7, 0x19, 0xD7, 0x19, 0xD7, 0x19, 0xD7, 0x19, 0xD7, 0x19, 0xD7, 0x19, 0xD7, 0x19,
    0xD7, 0x19, 0xD7, 0x19, 0xD7, 0x19, 0xD7, 0x19, 0xD7, 0x19, 0xD7, 0x19, 0xD7, 0x19, 0xD7, 0x19, 0xD7, 0x19, 0xD7, 0x19, 0xD7, 0x19, 0xD7, 0x19,
    0xD7, 0x19, 0xD7, 0x19, 0xD7, 0x19, 0xD7, 0x19, 0xD7, 0x19, 0xD7, 0x19, 0xD7, 0x19, 0xD7, 0x19, 0xD7, 0x19, 0xD7, 0x19, 0xD7, 0x19, 0xD7, 0x19,
    0xD7, 0x19, 0xD7, 0x19, 0xD7, 0x19, 0xD7, 0x19, 0xD7, 0x19, 0xD7, 0x19, 0xD7, 0x19, 0xD7, 0x19, 0xD7, 0x19, 0xD7, 0x19, 0xD7, 0x19, 0xD7, 0x19,
    0xD7, 0x19, 0xD7, 0x19, 0xD7, 0x19, 0xD7, 0x19, 0xD7, 0x19, 0xD7, 0x19, 0xD7, 0x19, 0xD7, 0x19, 0xD7, 0x19, 0xD7, 0x19, 0xD7, 0x19, 0xD7, 0x19,
    0xD7, 0x19, 0xD7, 0x19, 0xD7, 0x19, 0xD7, 0x19, 0xD7, 0x19, 0xD6, 0xF9, 0xD7, 0x19, 0xD7, 0x19, 0xD7, 0x19, 0xD7, 0x19, 0xD7, 0x19, 0xD7, 0x19,
    0xD6, 0xF9, 0xDF, 0x19, 0xD7, 0x19, 0xD7, 0x19, 0xD7, 0x19, 0xD7, 0x19, 0xD7, 0x19, 0xD7, 0x19, 0xD7, 0x19, 0xD7, 0x19, 0xD7, 0x19, 0xDF, 0x18,
    0xE7, 0x5B, 0xEF, 0x7C, 0xEF, 0x7C, 0xE5, 0xAF, 0xED, 0x2C, 0xE5, 0x4C, 0xE5, 0x4C, 0xE5, 0x4C, 0xF5, 0xAE, 0xFE, 0x51, 0xEF, 0x7C, 0xDF, 0x3A,
    0xD7, 0x19, 0xD7, 0x19, 0xD7, 0x19, 0xD7, 0x19, 0xDF, 0x19, 0xDF, 0x19, 0xEF, 0x7C, 0xFD, 0xAF, 0xF5, 0x6D, 0xFD, 0xAD, 0xEF, 0x9C, 0xDF, 0x19,
    0xDF, 0x19, 0xDF, 0x19, 0xD7, 0x19, 0xD7, 0x19, 0xD7, 0x19, 0xD7, 0x19, 0xDF, 0x3A, 0xF7, 0x9B, 0xE5, 0x8E, 0xF5, 0x6C, 0xED, 0x2C, 0xE5, 0x2C,
    0xE5, 0x2C, 0xED, 0x6D, 0xF7, 0x38, 0xF7, 0xDE, 0xFF, 0xDE, 0xEF, 0x9D, 0xDF, 0x3A, 0xD7, 0x19, 0xD7, 0x19, 0xD7, 0x19, 0xD7, 0x19, 0xD7, 0x19,
    0xD7, 0x19, 0xD7, 0x19, 0xD7, 0x19, 0xD7, 0x19, 0xD7, 0x19, 0xD7, 0x19, 0xD7, 0x19, 0xD7, 0x19, 0xD7, 0x19, 0xD7, 0x19, 0xD7, 0x19, 0xD7, 0x19,
    0xD7, 0x19, 0xD7, 0x19, 0xD7, 0x19, 0xD7, 0x19, 0xD7, 0x19, 0xD7, 0x19, 0xD7, 0x19, 0xD7, 0x19, 0xDF, 0x19, 0xE7, 0xDF, 0xE7, 0xBF, 0xA6, 0x3A,
    0x75, 0x16, 0x85, 0x57, 0xCF, 0x3D, 0xE7, 0xBE, 0xAE, 0x59, 0x7D, 0x16, 0x8D, 0x97, 0xD7, 0x3D, 0xE7, 0x9E, 0xB6, 0x9B, 0x85, 0x57, 0x95, 0xD8,
    0xD7, 0x5D, 0xDF, 0x9F, 0xA6, 0x39, 0x75, 0x15, 0x8D, 0x76, 0xDF, 0x7E, 0xDF, 0x7E, 0xDF, 0x7E, 0xDF, 0x9E, 0xAE, 0x39, 0x8D, 0x77, 0x95, 0xB8,
    0x8D, 0xB7, 0x95, 0xB7, 0x8D, 0x97, 0xB6, 0xBB, 0xDF, 0x7E, 0xD7, 0x5D, 0xDF, 0x7E, 0xDF, 0x7E, 0xDF, 0x9E, 0xEF, 0xFF, 0xEF, 0xFF, 0xEF, 0xFF,
    0xF7, 0xFF, 0xF7, 0xFF, 0xF7, 0xFF, 0xF7, 0xFF, 0xF7, 0xFF, 0xF7, 0xFF, 0xF7, 0xFF, 0xF7, 0xFF, 0xF7, 0xFF, 0xF7, 0xFF, 0xEF, 0xDF, 0xDF, 0x7D,
    0xDF, 0x7E, 0xBE, 0xBB, 0x9E, 0x19, 0xA6, 0x39, 0xA6, 0x3A, 0xA6, 0x3A, 0x7D, 0x36, 0x7C, 0xF5, 0x74, 0xF5, 0x74, 0xD4, 0x74, 0xD5, 0x74, 0xD4,
    0x74, 0xD4, 0x74, 0xD4, 0x74, 0xD4, 0x74, 0xD4, 0x74, 0xD4, 0x74, 0xF4, 0x7D, 0x56, 0xB6, 0xDB, 0xD7, 0x19, 0xD7, 0x19, 0xD7, 0x19, 0xD7, 0x19,
    0xD7, 0x19, 0xD7, 0x19, 0xD7, 0x19, 0xD7, 0x19, 0xD7, 0x19, 0xD7, 0x19, 0xD7, 0x19, 0xD7, 0x19, 0xD7, 0x19, 0xD7, 0x19, 0xD7, 0x19, 0xD7, 0x19,
    0xD7, 0x19, 0xD7, 0x19, 0xD7, 0x19, 0xD7, 0x19, 0xD7, 0x19, 0xD7, 0x19, 0xD7, 0x19, 0xD7, 0x19, 0xD7, 0x19, 0xD7, 0x19, 0xD7, 0x19, 0xD7, 0x19,
    0xD7, 0x19, 0xD7, 0x19, 0xD7, 0x19, 0xD7, 0x19, 0xD7, 0x19, 0xD7, 0x19, 0xD7, 0x19, 0xD7, 0x19, 0xD7, 0x19, 0xD7, 0x19, 0xD7, 0x19, 0xD7, 0x19,
    0xD7, 0x19, 0xD7, 0x19, 0xD7, 0x19, 0xD7, 0x19, 0xD7, 0x19, 0xD7, 0x19, 0xD7, 0x19, 0xD7, 0x19, 0xD7, 0x19, 0xD7, 0x19, 0xD7, 0x19, 0xD7, 0x19,
    0xD7, 0x19, 0xD7, 0x19, 0xD7, 0x19, 0xD7, 0x19, 0xD7, 0x19, 0xD7, 0x19, 0xD7, 0x19, 0xD7, 0x19, 0xD7, 0x19, 0xD7, 0x19, 0xD7, 0x19, 0xD7, 0x19,
    0xD7, 0x19, 0xD7, 0x19, 0xD7, 0x19, 0xD7, 0x19, 0xD7, 0x19, 0xD7, 0x19, 0xD7, 0x19, 0xD7, 0x19, 0xD7, 0x19, 0xD7, 0x19, 0xD7, 0x19, 0xD7, 0x19,
    0xD7, 0x19, 0xD7, 0x19, 0xD6, 0xF9, 0xD7, 0x19, 0xD7, 0x19, 0xD7, 0x19, 0xD7, 0x19, 0xD7, 0x19, 0xDF, 0x19, 0xDF, 0x19, 0xD7, 0x19, 0xD7, 0x19,
    0xD7, 0x19, 0xD7, 0x19, 0xD7, 0x19, 0xD7, 0x19, 0xD7, 0x19, 0xD7, 0x19, 0xD7, 0x19, 0xD7, 0x19, 0xD7, 0x19, 0xD7, 0x19, 0xDF, 0x5A, 0xFF, 0xDE,
    0xFF, 0xFF, 0xFF, 0x3B, 0xFF, 0xFD, 0xF7, 0x9B, 0xDD, 0x6D, 0xE5, 0x2C, 0xED, 0x4C, 0xED, 0x8E, 0xEF, 0x9C, 0xDF, 0x3A, 0xD7, 0x19, 0xD7, 0x19,
    0xD7, 0x19, 0xD7, 0x19, 0xD7, 0x19, 0xD7, 0x19, 0xDF, 0x19, 0xDF, 0x19, 0xEF, 0x7C, 0xFD, 0xAE, 0xED, 0x6D, 0xFD, 0xAD, 0xEF, 0x9C, 0xDF, 0x19,
    0xDF, 0x19, 0xD7, 0x19, 0xD7, 0x19, 0xD7, 0x19, 0xD7, 0x19, 0xD7, 0x19, 0xD7, 0x19, 0xD7, 0x19, 0xDF, 0x3A, 0xF7, 0x97, 0xF5, 0x6E, 0xED, 0x2B,
    0xE5, 0x0B, 0xF7, 0x18, 0xFF, 0xFF, 0xED, 0xD6, 0xE4, 0xB1, 0xFF, 0x7C, 0xFF, 0xDF, 0xDF, 0x3A, 0xD7, 0x19, 0xD7, 0x19, 0xD7, 0x19, 0xD7, 0x19,
    0xD7, 0x19, 0xD7, 0x19, 0xD7, 0x19, 0xD7, 0x19, 0xD7, 0x19, 0xD7, 0x19, 0xD7, 0x19, 0xD7, 0x19, 0xD7, 0x19, 0xD7, 0x19, 0xD7, 0x19, 0xD7, 0x19,
    0xD7, 0x19, 0xD7, 0x19, 0xD7, 0x19, 0xD7, 0x19, 0xD7, 0x19, 0xD7, 0x19, 0xD7, 0x19, 0xD7, 0x19, 0xDF, 0x3A, 0xE7, 0xBE, 0xE7, 0xBF, 0xA6, 0x39,
    0x75, 0x15, 0x7D, 0x56, 0xCF, 0x3D, 0xE7, 0xBF, 0xAE, 0x5A, 0x7D, 0x16, 0x8D, 0x97, 0xD7, 0x3D, 0xE7, 0x9E, 0xB6, 0x9B, 0x85, 0x56, 0x95, 0xD8,
    0xD7, 0x5E, 0xDF, 0xBE, 0xA6, 0x39, 0x75, 0x15, 0x8D, 0x76, 0xDF, 0x7E, 0xDF, 0x7E, 0xDF, 0x7E, 0xDF, 0x7E, 0xBE, 0xDC, 0xAE, 0x9B, 0xB6, 0xBB,
    0xB6, 0xBC, 0xB6, 0xBC, 0xB6, 0xBC, 0xC7, 0x1D, 0xDF, 0x7E, 0xD7, 0x7E, 0xD7, 0x7E, 0xDF, 0x9E, 0xCF, 0x1D, 0x9D, 0xD8, 0x9D, 0xF8, 0x9D, 0xD8,
    0x9D, 0xD8, 0x9D, 0xD8, 0x9D, 0xD8, 0x9D, 0xD8, 0x9D, 0xD8, 0x9D, 0xD8, 0x9D, 0xB8, 0x95, 0xB8, 0x95, 0xB7, 0x95, 0xB7, 0x9D, 0xD8, 0xD7, 0x5D,
    0xDF, 0x7E, 0xBE, 0xBB, 0x9E, 0x19, 0xA6, 0x39, 0xA6, 0x3A, 0xA6, 0x3A, 0x7D, 0x36, 0x7D, 0x56, 0xA6, 0x5A, 0xA6, 0x5A, 0xA6, 0x5A, 0xA6, 0x5A,
    0xA6, 0x5A, 0xA6, 0x5A, 0xA6, 0x5A, 0xA6, 0x5A, 0xA6, 0x5A, 0x9E, 0x3A, 0x7D, 0x56, 0xB6, 0xBB, 0xD7, 0x19, 0xD7, 0x19, 0xD7, 0x19, 0xD7, 0x19,
    0xD7, 0x19, 0xD7, 0x19, 0xD7, 0x19, 0xD7, 0x19, 0xD7, 0x19, 0xD7, 0x19, 0xD7, 0x19, 0xD7, 0x19, 0xD7, 0x19, 0xD7, 0x19, 0xD7, 0x19, 0xD7, 0x19,
    0xD7, 0x19, 0xD7, 0x19, 0xD7, 0x19, 0xD7, 0x19, 0xD7, 0x19, 0xD7, 0x19, 0xD7, 0x19, 0xD7, 0x19, 0xD7, 0x19, 0xD7, 0x19, 0xD7, 0x19, 0xD7, 0x19,
    0xD7, 0x19, 0xD7, 0x19, 0xD7, 0x19, 0xD7, 0x19, 0xD7, 0x19, 0xD7, 0x19, 0xD7, 0x19, 0xD7, 0x19, 0xD7, 0x19, 0xD7, 0x19, 0xD7, 0x19, 0xD7, 0x19,
    0xD7, 0x19, 0xD7, 0x19, 0xD7, 0x19, 0xD7, 0x19, 0xD7, 0x19, 0xD7, 0x19, 0xD7, 0x19, 0xD7, 0x19, 0xD7, 0x19, 0xD7, 0x19, 0xD7, 0x19, 0xD7, 0x19,
    0xD7, 0x19, 0xD7, 0x19, 0xD7, 0x19, 0xD7, 0x19, 0xD7, 0x19, 0xD7, 0x19, 0xD7, 0x19, 0xD7, 0x19, 0xD7, 0x19, 0xD7, 0x19, 0xD7, 0x19, 0xD7, 0x19,
    0xD7, 0x19, 0xD7, 0x19, 0xD7, 0x19, 0xD7, 0x19, 0xD7, 0x19, 0xD7, 0x19, 0xD7, 0x19, 0xD7, 0x19, 0xD7, 0x19, 0xD7, 0x19, 0xD7, 0x19, 0xD7, 0x19,
    0xD6, 0xF9, 0xD7, 0x19, 0xD7, 0x19, 0xDF, 0x3A, 0xDF, 0x19, 0x8C, 0x90, 0x5B, 0x0B, 0x4A, 0x48, 0x39, 0xC6, 0x31, 0xC6, 0x42, 0x27, 0x5A, 0xEA,
    0x7C, 0x0F, 0xBE, 0x16, 0xDF, 0x5A, 0xD7, 0x19, 0xD7, 0x19, 0xD7, 0x19, 0xD7, 0x19, 0xD7, 0x19, 0xD7, 0x19, 0xDF, 0x3A, 0xFF, 0xFE, 0xFF, 0x5B,
    0xDA, 0x8A, 0xE1, 0x25, 0xDA, 0x07, 0xF6, 0xDA, 0xF7, 0x7B, 0xE5, 0x2C, 0xF6, 0x31, 0xE7, 0x5B, 0xD7, 0x19, 0xD7, 0x19, 0xDF, 0x19, 0xD7, 0x19,
    0xD7, 0x19, 0xDF, 0x19, 0xD7, 0x19, 0xD7, 0x19, 0xD7, 0x19, 0xD7, 0x19, 0xE7, 0x7B, 0xFD, 0xCE, 0xF5, 0x6D, 0xFD, 0xAD, 0xEF, 0x9C, 0xD7, 0x19,
    0xD7, 0x19, 0xD7, 0x19, 0xD7, 0x19, 0xD7, 0x19, 0xDF, 0x19, 0xD7, 0x19, 0xD7, 0x19, 0xD7, 0x19, 0xD7, 0x19, 0xD7, 0x19, 0xE7, 0x7C, 0xED, 0x4E,
    0xEE, 0x32, 0xFF, 0xFF, 0xDB, 0xEE, 0xD8, 0xA2, 0xE8, 0xA2, 0xD9, 0xE6, 0xFF, 0xBD, 0xEF, 0x9D, 0xD7, 0x19, 0xDF, 0x19, 0xD7, 0x19, 0xD7, 0x19,
    0xD7, 0x19, 0xD7, 0x19, 0xD7, 0x19, 0xD7, 0x19, 0xD7, 0x19, 0xD7, 0x19, 0xD7, 0x19, 0xD7, 0x19, 0xD7, 0x19, 0xD7, 0x19, 0xD7, 0x19, 0xD7, 0x19,
    0xDF, 0x19, 0xDF, 0x19, 0xDF, 0x19, 0xDF, 0x19, 0xDF, 0x19, 0xDF, 0x19, 0xDF, 0x19, 0xDF, 0x19, 0xDF, 0x19, 0xE7, 0xDE, 0xE7, 0xBF, 0xA6, 0x39,
    0x7D, 0x16, 0x85, 0x56, 0xCF, 0x5D, 0xE7, 0xDF, 0xAE, 0x7A, 0x7D, 0x16, 0x8D, 0x97, 0xD7, 0x3D, 0xE7, 0x9E, 0xB6, 0x9B, 0x85, 0x56, 0x95, 0xB7,
    0xD7, 0x5D, 0xDF, 0x9F, 0xA6, 0x39, 0x75, 0x15, 0x8D, 0x77, 0xDF, 0x5E, 0xDF, 0x7E, 0xDF, 0x5E, 0xDF, 0x9E, 0xA6, 0x19, 0x85, 0x35, 0x8D, 0x76,
    0x8D, 0x76, 0x8D, 0x77, 0x85, 0x56, 0xB6, 0x9B, 0xDF, 0x9E, 0xD7, 0x7D, 0xDF, 0x7E, 0xDF, 0x9F, 0xC6, 0xFC, 0x6C, 0xB4, 0x74, 0xD5, 0x74, 0xD4,
    0x6C, 0xD4, 0x74, 0xD4, 0x74, 0xD4, 0x74, 0xD4, 0x6C, 0xB4, 0x6C, 0xB4, 0x6C, 0xB4, 0x6C, 0xB4, 0x6C, 0xB4, 0x64, 0x94, 0x74, 0xF4, 0xD7, 0x3D,
    0xDF, 0x7E, 0xBE, 0xBB, 0x9E, 0x19, 0xA6, 0x3A, 0xA6, 0x3A, 0xA6, 0x3A, 0x7D, 0x35, 0x85, 0x56, 0xB6, 0xBC, 0xB6, 0xBC, 0xB6, 0xBC, 0xB6, 0xBC,
    0xB6, 0xBC, 0xB6, 0xBC, 0xB6, 0xBC, 0xB6, 0xBC, 0xB6, 0xBC, 0xAE, 0x9B, 0x7D, 0x77, 0xB6, 0xBB, 0xDF, 0x19, 0xD7, 0x19, 0xDF, 0x19, 0xDF, 0x19,
    0xDF, 0x19, 0xDF, 0x19, 0xDF, 0x19, 0xDF, 0x19, 0xDF, 0x19, 0xDF, 0x19, 0xDF, 0x19, 0xDF, 0x19, 0xDF, 0x19, 0xDF, 0x19, 0xDF, 0x19, 0xDF, 0x19,
    0xDF, 0x19, 0xDF, 0x19, 0xDF, 0x19, 0xDF, 0x19, 0xDF, 0x19, 0xDF, 0x19, 0xDF, 0x19, 0xDF, 0x19, 0xDF, 0x19, 0xDF, 0x19, 0xDF, 0x19, 0xDF, 0x19,
    0xDF, 0x19, 0xDF, 0x19, 0xDF, 0x19, 0xDF, 0x19, 0xDF, 0x19, 0xDF, 0x19, 0xDF, 0x19, 0xDF, 0x19, 0xDF, 0x19, 0xDF, 0x19, 0xDF, 0x19, 0xDF, 0x19,
    0xDF, 0x19, 0xDF, 0x19, 0xDF, 0x19, 0xDF, 0x19, 0xDF, 0x19, 0xDF, 0x19, 0xDF, 0x19, 0xDF, 0x19, 0xDF, 0x19, 0xDF, 0x19, 0xDF, 0x19, 0xDF, 0x19,
    0xDF, 0x19, 0xDF, 0x19, 0xDF, 0x19, 0xDF, 0x19, 0xDF, 0x19, 0xDF, 0x19, 0xDF, 0x19, 0xDF, 0x19, 0xDF, 0x19, 0xDF, 0x19, 0xDF, 0x19, 0xDF, 0x19,
    0xDF, 0x19, 0xDF, 0x19, 0xDF, 0x19, 0xDF, 0x19, 0xDF, 0x19, 0xDF, 0x19, 0xDF, 0x19, 0xDF, 0x19, 0xDF, 0x19, 0xDF, 0x19, 0xDF, 0x19, 0xDF, 0x19,
    0xDF, 0x19, 0xDF, 0x3A, 0x94, 0xD1, 0x31, 0x85, 0x10, 0xA1, 0x08, 0x81, 0x08, 0x61, 0x08, 0x80, 0x08, 0x81, 0x08, 0x81, 0x08, 0x81, 0x08, 0x61,
    0x10, 0x81, 0x10, 0xA1, 0x18, 0xE3, 0x63, 0x2B, 0xE7, 0x5B, 0xDF, 0x19, 0xDF, 0x19, 0xDF, 0x19, 0xD7, 0x19, 0xE7, 0x7B, 0xFF, 0xFF, 0xE3, 0x09,
    0xE8, 0xA2, 0xF1, 0x64, 0xE8, 0xC2, 0xDA, 0xA9, 0xFF, 0xFF, 0xF7, 0xDA, 0xDF, 0x3A, 0xDF, 0x19, 0xDF, 0x19, 0xDF, 0x19, 0xDF, 0x19, 0xDF, 0x19,
    0xDF, 0x19, 0xDF, 0x19, 0xDF, 0x19, 0xDF, 0x3A, 0xE7, 0x5B, 0xEF, 0x7C, 0xF7, 0xB7, 0xF5, 0x8D, 0xED, 0x6D, 0xF5, 0x6D, 0xF7, 0x35, 0xEF, 0x9C,
    0xE7, 0x7B, 0xE7, 0x5B, 0xDF, 0x3A, 0xDF, 0x19, 0xDF, 0x19, 0xDF, 0x19, 0xDF, 0x19, 0xDF, 0x19, 0xDF, 0x19, 0xDF, 0x19, 0xDF, 0x19, 0xE7, 0x5A,
    0xFF, 0xFD, 0xF6, 0xF9, 0xE1, 0x23, 0xF1, 0x44, 0xF1, 0x85, 0xE8, 0xC2, 0xEC, 0xF2, 0xFF, 0xDE, 0xDF, 0x19, 0xDF, 0x19, 0xD7, 0x19, 0xDF, 0x19,
    0xDF, 0x19, 0xDF, 0x19, 0xDF, 0x19, 0xDF, 0x19, 0xDF, 0x19, 0xDF, 0x19, 0xDF, 0x19, 0xDF, 0x19, 0xDF, 0x19, 0xDF, 0x19, 0xDF, 0x19, 0xDF, 0x19,
    0xDF, 0x19, 0xDF, 0x19, 0xDF, 0x19, 0xDF, 0x19, 0xDF, 0x19, 0xDF, 0x19, 0xDF, 0x19, 0xDF, 0x19, 0xDF, 0x19, 0xE7, 0xBE, 0xE7, 0xBF, 0xA6, 0x3A,
    0x7D, 0x15, 0x85, 0x56, 0xD7, 0x5D, 0xEF, 0xDF, 0xAE, 0x7A, 0x7D, 0x16, 0x8D, 0x97, 0xD7, 0x3D, 0xE7, 0x9E, 0xB6, 0x9A, 0x85, 0x57, 0x95, 0xB8,
    0xD7, 0x5D, 0xDF, 0x9F, 0xA6, 0x39, 0x75, 0x15, 0x8D, 0x77, 0xD7, 0x5D, 0xDF, 0x7E, 0xD7, 0x5E, 0xE7, 0x9E, 0x95, 0xB7, 0x64, 0x52, 0x74, 0x93,
    0x6C, 0x93, 0x6C, 0xB3, 0x64, 0x72, 0xAE, 0x59, 0xDF, 0x9E, 0xD7, 0x5E, 0xDF, 0x7E, 0xDF, 0x9F, 0xCF, 0x1C, 0x7D, 0x15, 0x7D, 0x15, 0x7D, 0x15,
    0x7D, 0x15, 0x7D, 0x15, 0x7D, 0x15, 0x7C, 0xF5, 0x7C, 0xF5, 0x74, 0xF4, 0x74, 0xF5, 0x74, 0xF5, 0x75, 0x15, 0x74, 0xF5, 0x7D, 0x36, 0xD7, 0x5D,
    0xDF, 0x9E, 0xBE, 0xBC, 0x9E, 0x19, 0xA6, 0x3A, 0x9E, 0x39, 0x9E, 0x39, 0x7D, 0x36, 0x7D, 0x15, 0x7D, 0x36, 0x7D, 0x36, 0x7D, 0x36, 0x7D, 0x35,
    0x7D, 0x36, 0x7D, 0x36, 0x7D, 0x36, 0x7D, 0x36, 0x7D, 0x36, 0x7D, 0x36, 0x7D, 0x56, 0xB6, 0xDB, 0xDF, 0x19, 0xD7, 0x19, 0xDF, 0x19, 0xDF, 0x19,
    0xDF, 0x19, 0xDF, 0x19, 0xDF, 0x19, 0xDF, 0x19, 0xDF, 0x19, 0xDF, 0x19, 0xDF, 0x19, 0xDF, 0x19, 0xDF, 0x19, 0xDF, 0x19, 0xDF, 0x19, 0xDF, 0x19,
    0xDF, 0x19, 0xDF, 0x19, 0xDF, 0x19, 0xDF, 0x19, 0xDF, 0x19, 0xDF, 0x19, 0xDF, 0x19, 0xDF, 0x19, 0xDF, 0x19, 0xDF, 0x19, 0xDF, 0x19, 0xDF, 0x19,
    0xDF, 0x19, 0xDF, 0x19, 0xDF, 0x19, 0xDF, 0x19, 0xDF, 0x19, 0xDF, 0x19, 0xDF, 0x19, 0xDF, 0x19, 0xDF, 0x19, 0xDF, 0x19, 0xDF, 0x19, 0xDF, 0x19,
    0xDF, 0x19, 0xDF, 0x19, 0xDF, 0x19, 0xDF, 0x19, 0xDF, 0x19, 0xDF, 0x19, 0xDF, 0x19, 0xDF, 0x19, 0xDF, 0x19, 0xDF, 0x19, 0xDF, 0x19, 0xDF, 0x19,
    0xDF, 0x19, 0xDF, 0x19, 0xDF, 0x19, 0xDF, 0x19, 0xDF, 0x19, 0xDF, 0x19, 0xDF, 0x19, 0xDF, 0x19, 0xDF, 0x19, 0xDF, 0x19, 0xDF, 0x19, 0xDF, 0x19,
    0xDF, 0x19, 0xDF, 0x19, 0xDF, 0x19, 0xDF, 0x19, 0xDF, 0x19, 0xDF, 0x19, 0xDF, 0x19, 0xDF, 0x19, 0xDF, 0x19, 0xD6, 0xF9, 0xDF, 0x19, 0xDF, 0x3A,
    0xA5, 0x53, 0x29, 0x44, 0x10, 0x81, 0x08, 0x61, 0x10, 0x81, 0x10, 0xA1, 0x10, 0xA1, 0x10, 0xA1, 0x10, 0xA1, 0x10, 0xA1, 0x10, 0xA2, 0x10, 0xA1,
    0x10, 0xA2, 0x10, 0xA1, 0x08, 0x61, 0x08, 0x61, 0x18, 0xC2, 0x63, 0x0B, 0xE7, 0x5B, 0xDF, 0x19, 0xDF, 0x19, 0xF7, 0xBE, 0xFF, 0xFE, 0xD9, 0xE6,
    0xF1, 0x23, 0xE9, 0x85, 0xE9, 0x03, 0xDA, 0x69, 0xFF, 0xFF, 0xE7, 0x5B, 0xDF, 0x19, 0xDF, 0x19, 0xDF, 0x19, 0xDF, 0x19, 0xDF, 0x19, 0xDF, 0x19,
    0xDF, 0x3A, 0xEF, 0x9C, 0xF7, 0x35, 0xED, 0xAE, 0xED, 0xAE, 0xF5, 0xAE, 0xF5, 0x8D, 0xED, 0x4D, 0xED, 0x4C, 0xED, 0x4D, 0xF5, 0x6D, 0xFD, 0xAE,
    0xF5, 0xAE, 0xED, 0xAE, 0xF6, 0x11, 0xF7, 0xB7, 0xEF, 0x7C, 0xDF, 0x3A, 0xDF, 0x19, 0xDF, 0x19, 0xDF, 0x19, 0xDF, 0x19, 0xDF, 0x19, 0xDF, 0x19,
    0xF7, 0xBD, 0xFF, 0x3A, 0xE1, 0x23, 0xF1, 0x44, 0xE9, 0x85, 0xE0, 0xC2, 0xED, 0x75, 0xFF, 0xDE, 0xDF, 0x19, 0xDF, 0x19, 0xDF, 0x19, 0xDF, 0x19,
    0xDF, 0x19, 0xDF, 0x19, 0xDF, 0x19, 0xDF, 0x19, 0xDF, 0x19, 0xDF, 0x19, 0xDF, 0x19, 0xDF, 0x19, 0xDF, 0x19, 0xDF, 0x19, 0xDF, 0x19, 0xDF, 0x19,
    0xDF, 0x19, 0xDF, 0x19, 0xDF, 0x19, 0xDF, 0x19, 0xDF, 0x19, 0xDF, 0x19, 0xDF, 0x19, 0xDF, 0x19, 0xDF, 0x19, 0xE7, 0xBE, 0xDF, 0xBE, 0xA6, 0x39,
    0x7D, 0x35, 0x85, 0x56, 0xD7, 0x5D, 0xEF, 0xDF, 0xAE, 0x7A, 0x7D, 0x16, 0x8D, 0x97, 0xD7, 0x3D, 0xE7, 0x9E, 0xB6, 0x9B, 0x85, 0x56, 0x95, 0xB7,
    0xD7, 0x5E, 0xDF, 0xBF, 0xA6, 0x39, 0x7D, 0x16, 0x8D, 0x96, 0xD7, 0x5E, 0xDF, 0x7E, 0xD7, 0x5E, 0xDF, 0x9E, 0xAE, 0x39, 0x8D, 0x76, 0x8D, 0x97,
    0x8D, 0x97, 0x8D, 0x97, 0x85, 0x76, 0xBE, 0xBB, 0xDF, 0x9E, 0xD7, 0x7E, 0xDF, 0x7E, 0xDF, 0x7E, 0xDF, 0x7E, 0xD7, 0x3D, 0xD7, 0x3D, 0xD7, 0x3D,
    0xD7, 0x3D, 0xD7, 0x3D, 0xD7, 0x3D, 0xD7, 0x3D, 0xD7, 0x3D, 0xD7, 0x3D, 0xD7, 0x3D, 0xD7, 0x3D, 0xD7, 0x3D, 0xD7, 0x3D, 0xD7, 0x5D, 0xDF, 0x7E,
    0xDF, 0x9E, 0xBE, 0xDC, 0x9E, 0x19, 0xA6, 0x39, 0x9E, 0x19, 0x9E, 0x39, 0x7D, 0x36, 0x7C, 0xF5, 0x74, 0xF5, 0x74, 0xF5, 0x74, 0xF5, 0x74, 0xF5,
    0x74, 0xF5, 0x74, 0xF5, 0x74, 0xF5, 0x74, 0xF5, 0x75, 0x15, 0x7D, 0x16, 0x7D, 0x56, 0xB6, 0xDB, 0xDF, 0x19, 0xDF, 0x19, 0xDF, 0x19, 0xDF, 0x19,
    0xDF, 0x19, 0xDF, 0x19, 0xDF, 0x19, 0xDF, 0x19, 0xDF, 0x19, 0xDF, 0x19, 0xDF, 0x19, 0xDF, 0x19, 0xDF, 0x19, 0xDF, 0x19, 0xDF, 0x19, 0xDF, 0x19,
    0xDF, 0x19, 0xDF, 0x19, 0xDF, 0x19, 0xDF, 0x19, 0xDF, 0x19, 0xDF, 0x19, 0xDF, 0x19, 0xDF, 0x19, 0xDF, 0x19, 0xDF, 0x19, 0xDF, 0x19, 0xDF, 0x19,
    0xDF, 0x19, 0xDF, 0x19, 0xDF, 0x19, 0xDF, 0x19, 0xDF, 0x19, 0xDF, 0x19, 0xDF, 0x19, 0xDF, 0x19, 0xDF, 0x19, 0xDF, 0x19, 0xDF, 0x19, 0xDF, 0x19,
    0xDF, 0x19, 0xDF, 0x19, 0xDF, 0x19, 0xDF, 0x19, 0xDF, 0x19, 0xDF, 0x19, 0xDF, 0x19, 0xDF, 0x19, 0xDF, 0x19, 0xDF, 0x19, 0xDF, 0x19, 0xDF, 0x19,
    0xDF, 0x19, 0xDF, 0x19, 0xDF, 0x19, 0xDF, 0x19, 0xDF, 0x19, 0xDF, 0x19, 0xDF, 0x19, 0xDF, 0x19, 0xDF, 0x19, 0xDF, 0x19, 0xDF, 0x19, 0xDF, 0x19,
    0xDF, 0x19, 0xDF, 0x19, 0xDF, 0x19, 0xDF, 0x19, 0xDF, 0x19, 0xDF, 0x19, 0xDF, 0x19, 0xDF, 0x19, 0xDF, 0x19, 0xDF, 0x19, 0xE7, 0x5B, 0x42, 0x47,
    0x10, 0xA1, 0x08, 0x61, 0x10, 0xA2, 0x10, 0xA1, 0x10, 0x81, 0x10, 0x81, 0x10, 0x81, 0x10, 0x81, 0x10, 0x81, 0x10, 0x81, 0x10, 0x81, 0x10, 0x81,
    0x10, 0x81, 0x10, 0x81, 0x10, 0x81, 0x10, 0xA1, 0x10, 0x81, 0x08, 0x61, 0x21, 0x03, 0x9D, 0x33, 0xEF, 0x7C, 0xF6, 0x93, 0xF7, 0xFE, 0xE5, 0x53,
    0xD9, 0x02, 0xE8, 0xE2, 0xD9, 0x02, 0xED, 0xB5, 0xFF, 0xFF, 0xE7, 0x3A, 0xDF, 0x19, 0xDF, 0x19, 0xDF, 0x19, 0xDF, 0x19, 0xDF, 0x3A, 0xF7, 0xBB,
    0xED, 0xCF, 0xF5, 0xAE, 0xED, 0x6C, 0xED, 0x4C, 0xED, 0x4C, 0xED, 0x4C, 0xED, 0x4C, 0xED, 0x4D, 0xED, 0x4C, 0xED, 0x4C, 0xED, 0x4C, 0xED, 0x4C,
    0xED, 0x4D, 0xED, 0x6D, 0xED, 0x4D, 0xF5, 0x8D, 0xF5, 0xAE, 0xFE, 0x11, 0xEF, 0x9C, 0xDF, 0x3A, 0xDF, 0x19, 0xDF, 0x19, 0xDF, 0x19, 0xDF, 0x19,
    0xF7, 0xBD, 0xFF, 0xFF, 0xE4, 0x6F, 0xE1, 0x02, 0xE0, 0xC1, 0xDA, 0xA8, 0xFF, 0xFF, 0xFF, 0xDB, 0xDF, 0x3A, 0xDF, 0x19, 0xDF, 0x19, 0xDF, 0x19,
    0xDF, 0x19, 0xDF, 0x19, 0xDF, 0x19, 0xDF, 0x19, 0xDF, 0x19, 0xDF, 0x19, 0xDF, 0x19, 0xDF, 0x19, 0xDF, 0x19, 0xDF, 0x19, 0xDF, 0x19, 0xDF, 0x19,
    0xDF, 0x19, 0xDF, 0x19, 0xDF, 0x19, 0xDF, 0x19, 0xDF, 0x19, 0xDF, 0x19, 0xDF, 0x19, 0xDF, 0x19, 0xDF, 0x19, 0xE7, 0xBE, 0xDF, 0xBF, 0xA6, 0x39,
    0x7D, 0x36, 0x85, 0x57, 0xCF, 0x5D, 0xEF, 0xDF, 0xAE, 0x79, 0x7D, 0x16, 0x8D, 0x97, 0xD7, 0x3D, 0xE7, 0x9E, 0xB6, 0x9B, 0x7D, 0x37, 0x95, 0xB7,
    0xD7, 0x5D, 0xE7, 0x9F, 0xA6, 0x39, 0x7D, 0x15, 0x8D, 0x77, 0xD7, 0x5D, 0xDF, 0x7E, 0xDF, 0x7D, 0xDF, 0x7E, 0xB6, 0xBB, 0xA6, 0x39, 0xA6, 0x5A,
    0xA6, 0x5A, 0xA6, 0x5A, 0xA6, 0x5A, 0xC7, 0x1C, 0xDF, 0x7E, 0xD7, 0x7E, 0xDF, 0x7E, 0xDF, 0x7E, 0xDF, 0x9E, 0xE7, 0x9F, 0xE7, 0xBF, 0xE7, 0x9E,
    0xE7, 0x9E, 0xE7, 0x9E, 0xE7, 0x9E, 0xE7, 0x9E, 0xE7, 0x9E, 0xE7, 0x9E, 0xE7, 0x9E, 0xE7, 0x9E, 0xDF, 0x9E, 0xDF, 0x9E, 0xDF, 0x9E, 0xDF, 0x7E,
    0xDF, 0x9E, 0xBE, 0xDC, 0x9E, 0x19, 0xA6, 0x3A, 0x9E, 0x39, 0xA6, 0x39, 0x7D, 0x36, 0x7D, 0x36, 0x9E, 0x19, 0x9E, 0x19, 0xA6, 0x19, 0xA6, 0x39,
    0xA6, 0x39, 0x9E, 0x39, 0x9E, 0x39, 0x9E, 0x1A, 0x9E, 0x39, 0x9E, 0x1A, 0x85, 0x77, 0xB6, 0xFB, 0xDF, 0x19, 0xDF, 0x19, 0xDF, 0x19, 0xDF, 0x19,
    0xDF, 0x19, 0xDF, 0x19, 0xDF, 0x19, 0xDF, 0x19, 0xDF, 0x19, 0xDF, 0x19, 0xDF, 0x19, 0xDF, 0x19, 0xDF, 0x19, 0xDF, 0x19, 0xDF, 0x19, 0xDF, 0x19,
    0xDF, 0x19, 0xDF, 0x19, 0xDF, 0x19, 0xDF, 0x19, 0xDF, 0x19, 0xDF, 0x19, 0xDF, 0x19, 0xDF, 0x19, 0xDF, 0x19, 0xDF, 0x19, 0xDF, 0x19, 0xDF, 0x19,
    0xDF, 0x19, 0xDF, 0x19, 0xDF, 0x19, 0xDF, 0x19, 0xDF, 0x19, 0xDF, 0x19, 0xDF, 0x19, 0xDF, 0x19, 0xDF, 0x19, 0xDF, 0x19, 0xDF, 0x19, 0xDF, 0x19,
    0xDF, 0x19, 0xDF, 0x19, 0xDF, 0x19, 0xDF, 0x19, 0xDF, 0x19, 0xDF, 0x19, 0xDF, 0x19, 0xDF, 0x19, 0xDF, 0x19, 0xDF, 0x19, 0xDF, 0x19, 0xDF, 0x19,
    0xDF, 0x19, 0xDF, 0x19, 0xDF, 0x19, 0xDF, 0x19, 0xDF, 0x19, 0xDF, 0x19, 0xDF, 0x19, 0xDF, 0x19, 0xDF, 0x19, 0xDF, 0x19, 0xDF, 0x19, 0xDF, 0x19,
    0xDF, 0x19, 0xDF, 0x19, 0xDF, 0x19, 0xDF, 0x19, 0xDF, 0x19, 0xDF, 0x19, 0xDF, 0x19, 0xDF, 0x19, 0xDF, 0x19, 0xE7, 0x7B, 0x21, 0x23, 0x08, 0x60,
    0x10, 0xA1, 0x10, 0xA1, 0x10, 0x81, 0x10, 0x81, 0x10, 0x81, 0x10, 0x81, 0x10, 0x81, 0x10, 0x81, 0x10, 0x81, 0x10, 0x81, 0x10, 0x81, 0x10, 0x81,
    0x10, 0x81, 0x10, 0xA1, 0x10, 0x81, 0x10, 0x80, 0x10, 0x81, 0x10, 0xA1, 0x08, 0x81, 0x08, 0x61, 0x62, 0xA8, 0xED, 0x8E, 0xE6, 0xB5, 0xFF, 0xFF,
    0xEE, 0x77, 0xEC, 0xD0, 0xEE, 0x57, 0xFF, 0xFF, 0xF6, 0x74, 0xF6, 0xD3, 0xDF, 0x3A, 0xDF, 0x19, 0xDF, 0x19, 0xEF, 0x7C, 0xED, 0xF0, 0xF5, 0x8D,
    0xE5, 0x2C, 0xED, 0x4C, 0xED, 0x6C, 0xF5, 0xAD, 0xF5, 0xAF, 0xE5, 0x8F, 0xE5, 0xAF, 0xED, 0x4C, 0xED, 0x4D, 0xED, 0x4C, 0xED, 0xAF, 0xED, 0xF0,
    0xED, 0xAF, 0xF5, 0xCF, 0xF5, 0x8E, 0xED, 0x2C, 0xED, 0x4D, 0xED, 0x4C, 0xFD, 0xAD, 0xFE, 0x51, 0xE7, 0x7B, 0xDF, 0x19, 0xDF, 0x19, 0xEF, 0x9B,
    0xE5, 0x4D, 0xE7, 0x18, 0xFF, 0xFF, 0xF6, 0x56, 0xED, 0x94, 0xFF, 0xBD, 0xF7, 0xBC, 0xED, 0xAE, 0xFE, 0xB3, 0xDF, 0x39, 0xDF, 0x19, 0xDF, 0x19,
    0xDF, 0x19, 0xDF, 0x19, 0xDF, 0x19, 0xDF, 0x19, 0xDF, 0x19, 0xDF, 0x19, 0xDF, 0x19, 0xDF, 0x19, 0xDF, 0x19, 0xDF, 0x19, 0xDF, 0x19, 0xDF, 0x19,
    0xDF, 0x19, 0xDF, 0x19, 0xDF, 0x19, 0xDF, 0x19, 0xDF, 0x19, 0xDF, 0x19, 0xDF, 0x19, 0xDF, 0x19, 0xDF, 0x39, 0xDF, 0x9E, 0xDF, 0xBE, 0xA6, 0x39,
    0x7D, 0x36, 0x85, 0x76, 0xD7, 0x5D, 0xE7, 0xDF, 0xAE, 0x5A, 0x7D, 0x16, 0x8D, 0x97, 0xD7, 0x3D, 0xE7, 0x9F, 0xB6, 0x9A, 0x7D, 0x56, 0x95, 0xB8,
    0xD7, 0x7D, 0xE7, 0xBF, 0xAE, 0x39, 0x7D, 0x15, 0x8D, 0x77, 0xD7, 0x5E, 0xDF, 0x7E, 0xD7, 0x5D, 0xDF, 0x9F, 0xA5, 0xF8, 0x7C, 0xF4, 0x85, 0x15,
    0x85, 0x15, 0x85, 0x36, 0x7D, 0x15, 0xB6, 0x9A, 0xDF, 0x9E, 0xD7, 0x7E, 0xDF, 0x7E, 0xDF, 0x9F, 0xCF, 0x3D, 0x8D, 0x76, 0x8D, 0x77, 0x8D, 0x77,
    0x8D, 0x76, 0x8D, 0x76, 0x8D, 0x76, 0x8D, 0x76, 0x85, 0x56, 0x85, 0x76, 0x8D, 0x76, 0x8D, 0x77, 0x8D, 0x76, 0x85, 0x56, 0x8D, 0x77, 0xD7, 0x5D,
    0xDF, 0x9E, 0xBE, 0xDC, 0x9E, 0x19, 0xA6, 0x39, 0xA6, 0x1A, 0xA6, 0x3A, 0x7D, 0x36, 0x7D, 0x36, 0xAE, 0x7B, 0xAE, 0x9B, 0xAE, 0x7B, 0xAE, 0x9B,
    0xAE, 0x7B, 0xAE, 0x7B, 0xAE, 0x9B, 0xAE, 0x9B, 0xAE, 0x9B, 0xAE, 0x7A, 0x85, 0x77, 0xC7, 0x3D, 0xDF, 0x19, 0xDF, 0x19, 0xDF, 0x19, 0xDF, 0x19,
    0xDF, 0x19, 0xDF, 0x19, 0xDF, 0x19, 0xDF, 0x19, 0xDF, 0x19, 0xDF, 0x19, 0xDF, 0x19, 0xDF, 0x19, 0xDF, 0x19, 0xDF, 0x19, 0xDF, 0x19, 0xDF, 0x19,
    0xDF, 0x19, 0xDF, 0x19, 0xDF, 0x19, 0xDF, 0x19, 0xDF, 0x19, 0xDF, 0x19, 0xDF, 0x19, 0xDF, 0x19, 0xDF, 0x19, 0xDF, 0x19, 0xDF, 0x19, 0xDF, 0x19,
    0xDF, 0x19, 0xDF, 0x19, 0xDF, 0x19, 0xDF, 0x19, 0xDF, 0x19, 0xDF, 0x19, 0xDF, 0x19, 0xDF, 0x19, 0xDF, 0x19, 0xDF, 0x19, 0xDF, 0x19, 0xDF, 0x19,
    0xDF, 0x19, 0xDF, 0x19, 0xDF, 0x19, 0xDF, 0x19, 0xDF, 0x19, 0xDF, 0x19, 0xDF, 0x19, 0xDF, 0x19, 0xDF, 0x19, 0xDF, 0x19, 0xDF, 0x19, 0xDF, 0x19,
    0xDF, 0x19, 0xDF, 0x19, 0xDF, 0x19, 0xDF, 0x19, 0xDF, 0x19, 0xDF, 0x19, 0xDF, 0x19, 0xDF, 0x19, 0xDF, 0x19, 0xDF, 0x19, 0xDF, 0x19, 0xDF, 0x19,
    0xDF, 0x19, 0xDF, 0x19, 0xDF, 0x19, 0xDF, 0x19, 0xDF, 0x19, 0xDF, 0x19, 0xDF, 0x19, 0xDF, 0x19, 0xE7, 0x3A, 0x18, 0xE2, 0x08, 0x61, 0x10, 0xA1,
    0x10, 0x81, 0x10, 0x81, 0x10, 0x81, 0x10, 0x81, 0x10, 0x81, 0x08, 0x81, 0x10, 0x81, 0x10, 0x81, 0x10, 0x81, 0x10, 0x81, 0x10, 0x81, 0x10, 0x81,
    0x10, 0x81, 0x10, 0x81, 0x10, 0x81, 0x10, 0x81, 0x10, 0x81, 0x10, 0x81, 0x10, 0x81, 0x10, 0xA1, 0x00, 0x20, 0x52, 0x26, 0xF5, 0xAE, 0xE6, 0x53,
    0xFF, 0xFD, 0xFF, 0xFF, 0xF7, 0x9C, 0xEE, 0x12, 0xE5, 0x0C, 0xF5, 0x8D, 0xF7, 0x14, 0xE7, 0x3A, 0xF7, 0xB9, 0xF5, 0xAE, 0xE5, 0x2C, 0xED, 0x4C,
    0xED, 0x6D, 0xF5, 0xAE, 0xFE, 0xD3, 0xEF, 0x9C, 0xE7, 0x5B, 0xE7, 0x3A, 0xEF, 0x9C, 0xF5, 0xAE, 0xED, 0x6D, 0xFD, 0xAE, 0xEF, 0x9C, 0xDF, 0x3A,
    0xE7, 0x5A, 0xEF, 0x7B, 0xF7, 0xBB, 0xFE, 0x51, 0xF5, 0xAE, 0xED, 0x4C, 0xED, 0x6D, 0xED, 0x4C, 0xF5, 0xAF, 0xEF, 0x9C, 0xEF, 0x9C, 0xED, 0x6D,
    0xE5, 0x0B, 0xDD, 0x0C, 0xEE, 0xB5, 0xFF, 0xFF, 0xFF, 0xFF, 0xF7, 0x19, 0xE5, 0x6E, 0xE5, 0x2C, 0xF5, 0xAE, 0xF7, 0xBA, 0xDF, 0x19, 0xDF, 0x19,
    0xDF, 0x19, 0xDF, 0x19, 0xDF, 0x19, 0xDF, 0x19, 0xDF, 0x19, 0xDF, 0x19, 0xDF, 0x19, 0xDF, 0x19, 0xDF, 0x19, 0xDF, 0x19, 0xDF, 0x19, 0xDF, 0x19,
    0xDF, 0x19, 0xDF, 0x19, 0xDF, 0x19, 0xDF, 0x19, 0xDF, 0x19, 0xDF, 0x19, 0xDF, 0x19, 0xDF, 0x19, 0xDF, 0x39, 0xDF, 0x9E, 0xDF, 0x9F, 0xA6, 0x39,
    0x7D, 0x36, 0x85, 0x57, 0xCF, 0x3D, 0xE7, 0xDF, 0xAE, 0x5A, 0x7D, 0x36, 0x8D, 0x97, 0xD7, 0x3D, 0xE7, 0x9E, 0xB6, 0x9B, 0x7D, 0x56, 0x95, 0xB8,
    0xDF, 0x7D, 0xE7, 0xBF, 0xAE, 0x39, 0x7D, 0x16, 0x8D, 0x76, 0xD7, 0x5D, 0xDF, 0x7E, 0xD7, 0x5E, 0xE7, 0x9F, 0x9D, 0xD7, 0x6C, 0x73, 0x74, 0xB3,
    0x74, 0xB3, 0x74, 0xB4, 0x6C, 0x93, 0xAE, 0x5A, 0xDF, 0x9F, 0xD7, 0x5E, 0xDF, 0x7E, 0xDF, 0x9E, 0xCF, 0x1C, 0x74, 0xF5, 0x74, 0xF5, 0x74, 0xF5,
    0x74, 0xF5, 0x74, 0xF5, 0x74, 0xF5, 0x74, 0xF5, 0x74, 0xF5, 0x74, 0xF5, 0x74, 0xF5, 0x74, 0xF5, 0x74, 0xF5, 0x74, 0xD4, 0x7D, 0x15, 0xD7, 0x5D,
    0xDF, 0x9E, 0xBE, 0xDC, 0x9E, 0x19, 0xA6, 0x39, 0x9E, 0x3A, 0x9E, 0x39, 0x7D, 0x36, 0x75, 0x15, 0x7D, 0x35, 0x7D, 0x36, 0x7D, 0x36, 0x7D, 0x35,
    0x75, 0x15, 0x74, 0xF5, 0x74, 0xF5, 0x74, 0xF5, 0x75, 0x16, 0x7D, 0x36, 0x75, 0x36, 0xCF, 0x7D, 0xDF, 0x19, 0xDF, 0x19, 0xDF, 0x19, 0xDF, 0x19,
    0xDF, 0x19, 0xDF, 0x19, 0xDF, 0x19, 0xDF, 0x19, 0xDF, 0x19, 0xDF, 0x19, 0xDF, 0x19, 0xDF, 0x19, 0xDF, 0x19, 0xDF, 0x19, 0xDF, 0x19, 0xDF, 0x19,
    0xDF, 0x19, 0xDF, 0x19, 0xDF, 0x19, 0xDF, 0x19, 0xDF, 0x19, 0xDF, 0x19, 0xDF, 0x19, 0xDF, 0x19, 0xDF, 0x19, 0xDF, 0x19, 0xDF, 0x19, 0xDF, 0x19,
    0xDF, 0x19, 0xDF, 0x19, 0xDF, 0x19, 0xDF, 0x19, 0xDF, 0x19, 0xDF, 0x19, 0xDF, 0x19, 0xDF, 0x19, 0xDF, 0x19, 0xDF, 0x19, 0xDF, 0x19, 0xDF, 0x19,
    0xDF, 0x19, 0xDF, 0x19, 0xDF, 0x19, 0xDF, 0x19, 0xDF, 0x19, 0xDF, 0x19, 0xDF, 0x19, 0xDF, 0x19, 0xDF, 0x19, 0xDF, 0x19, 0xDF, 0x19, 0xDF, 0x19,
    0xDF, 0x19, 0xDF, 0x19, 0xDF, 0x19, 0xDF, 0x19, 0xDF, 0x19, 0xDF, 0x19, 0xDF, 0x19, 0xDF, 0x19, 0xDF, 0x19, 0xDF, 0x19, 0xDF, 0x19, 0xDF, 0x19,
    0xDF, 0x19, 0xDF, 0x19, 0xDF, 0x19, 0xDF, 0x19, 0xDF, 0x19, 0xDF, 0x19, 0xDF, 0x19, 0xE7, 0x5A, 0x21, 0x23, 0x08, 0x81, 0x10, 0xA1, 0x10, 0x81,
    0x10, 0x81, 0x10, 0x81, 0x10, 0x81, 0x10, 0x81, 0x10, 0x81, 0x10, 0x81, 0x10, 0x81, 0x10, 0x81, 0x08, 0x61, 0x08, 0x60, 0x10, 0x81, 0x10, 0x81,
    0x10, 0x81, 0x10, 0x81, 0x10, 0x81, 0x10, 0x81, 0x08, 0x81, 0x08, 0x81, 0x10, 0x81, 0x08, 0x81, 0x10, 0xA1, 0x00, 0x00, 0x6A, 0xC7, 0xFE, 0x50,
    0xF7, 0xB9, 0xDF, 0x39, 0xE7, 0x7B, 0xED, 0x6E, 0xED, 0x2C, 0xED, 0x2C, 0xED, 0x4D, 0xE5, 0x6E, 0xED, 0x6D, 0xED, 0x2C, 0xED, 0x2C, 0xF5, 0xAE,
    0xFF, 0x35, 0xE7, 0x7B, 0xDF, 0x19, 0xDF, 0x19, 0xDF, 0x19, 0xDF, 0x19, 0xEF, 0x7B, 0xF5, 0xAE, 0xED, 0x6D, 0xFD, 0xAD, 0xEF, 0x9C, 0xDF, 0x19,
    0xDF, 0x19, 0xDF, 0x19, 0xDF, 0x19, 0xDF, 0x39, 0xEF, 0x7C, 0xFE, 0x72, 0xF5, 0xAE, 0xE5, 0x2C, 0xE5, 0x2C, 0xF5, 0x8E, 0xF5, 0x8E, 0xE5, 0x0C,
    0xE5, 0x2C, 0xF5, 0x6C, 0xFE, 0x92, 0xDF, 0x39, 0xE7, 0x3A, 0xEE, 0x11, 0xF5, 0x6D, 0xED, 0x4C, 0xED, 0x4C, 0xF5, 0xAE, 0xE7, 0x7B, 0xDF, 0x19,
    0xDF, 0x19, 0xDF, 0x19, 0xDF, 0x19, 0xDF, 0x19, 0xDF, 0x19, 0xDF, 0x19, 0xDF, 0x19, 0xDF, 0x19, 0xDF, 0x19, 0xDF, 0x19, 0xDF, 0x19, 0xDF, 0x19,
    0xDF, 0x19, 0xDF, 0x19, 0xDF, 0x19, 0xDF, 0x19, 0xDF, 0x19, 0xDF, 0x19, 0xDF, 0x19, 0xDF, 0x19, 0xDF, 0x39, 0xD7, 0x5D, 0xDF, 0x9E, 0xA6, 0x39,
    0x7D, 0x36, 0x85, 0x56, 0xCF, 0x3D, 0xE7, 0xDF, 0xAE, 0x5A, 0x7D, 0x36, 0x8D, 0x97, 0xD7, 0x3D, 0xE7, 0x9E, 0xB6, 0x9A, 0x7D, 0x56, 0x95, 0xB8,
    0xDF, 0x7E, 0xE7, 0xBF, 0xAE, 0x39, 0x7D, 0x15, 0x8D, 0x76, 0xD7, 0x5D, 0xDF, 0x7E, 0xDF, 0x5D, 0xDF, 0x9E, 0xAE, 0x7A, 0x95, 0xB7, 0x9D, 0xD8,
    0x9D, 0xD8, 0x9D, 0xF8, 0x95, 0xD7, 0xBE, 0xDB, 0xDF, 0x7E, 0xD7, 0x5E, 0xDF, 0x7E, 0xDF, 0x9E, 0xD7, 0x3D, 0x8D, 0x77, 0x85, 0x76, 0x85, 0x77,
    0x8D, 0x76, 0x8D, 0x77, 0x8D, 0x76, 0x8D, 0x77, 0x8D, 0x77, 0x85, 0x76, 0x85, 0x76, 0x85, 0x56, 0x85, 0x76, 0x85, 0x56, 0x8D, 0x97, 0xD7, 0x5E,
    0xDF, 0x9E, 0xBE, 0xDC, 0x9E, 0x19, 0xA6, 0x3A, 0xA6, 0x39, 0x9E, 0x39, 0x7D, 0x36, 0x74, 0xF5, 0x74, 0xF4, 0x6C, 0xD4, 0x6C, 0xB4, 0x74, 0xD4,
    0x8D, 0x34, 0x9D, 0x95, 0xAD, 0xD5, 0xAD, 0xD6, 0xAD, 0xD6, 0xA5, 0xB6, 0x95, 0xB6, 0xD7, 0x9D, 0xDF, 0x19, 0xDF, 0x19, 0xDF, 0x19, 0xDF, 0x19,
    0xDF, 0x19, 0xDF, 0x19, 0xDF, 0x19, 0xDF, 0x19, 0xDF, 0x19, 0xDF, 0x19, 0xDF, 0x19, 0xDF, 0x19, 0xDF, 0x19, 0xDF, 0x19, 0xDF, 0x19, 0xDF, 0x19,
    0xDF, 0x19, 0xDF, 0x19, 0xDF, 0x19, 0xDF, 0x19, 0xDF, 0x19, 0xDF, 0x19, 0xDF, 0x19, 0xDF, 0x19, 0xDF, 0x19, 0xDF, 0x19, 0xDF, 0x19, 0xDF, 0x19,
    0xDF, 0x19, 0xDF, 0x19, 0xDF, 0x19, 0xDF, 0x19, 0xDF, 0x19, 0xDF, 0x19, 0xDF, 0x19, 0xDF, 0x19, 0xDF, 0x19, 0xDF, 0x19, 0xDF, 0x19, 0xDF, 0x19,
    0xDF, 0x19, 0xDF, 0x19, 0xDF, 0x19, 0xDF, 0x19, 0xDF, 0x19, 0xDF, 0x19, 0xDF, 0x19, 0xDF, 0x19, 0xDF, 0x19, 0xDF, 0x19, 0xDF, 0x19, 0xDF, 0x19,
    0xDF, 0x19, 0xDF, 0x19, 0xDF, 0x19, 0xDF, 0x19, 0xDF, 0x19, 0xDF, 0x19, 0xDF, 0x19, 0xDF, 0x19, 0xDF, 0x19, 0xDF, 0x19, 0xDF, 0x19, 0xDF, 0x19,
    0xDF, 0x19, 0xDF, 0x19, 0xDF, 0x19, 0xDF, 0x19, 0xDF, 0x19, 0xDF, 0x19, 0xDF, 0x39, 0x4A, 0x48, 0x08, 0x60, 0x10, 0xA1, 0x10, 0x81, 0x10, 0x81,
    0x10, 0x81, 0x10, 0xA1, 0x10, 0x81, 0x10, 0x81, 0x10, 0x81, 0x10, 0x81, 0x10, 0xA1, 0x08, 0x41, 0x20, 0xE2, 0x29, 0x23, 0x08, 0x61, 0x10, 0x81,
    0x10, 0x81, 0x10, 0x81, 0x10, 0x81, 0x10, 0x81, 0x10, 0x81, 0x10, 0x81, 0x10, 0x81, 0x08, 0x81, 0x10, 0x81, 0x10, 0xA1, 0x08, 0x60, 0xB5, 0x10,
    0xDF, 0x19, 0xDF, 0x19, 0xDF, 0x19, 0xEF, 0x7C, 0xED, 0xAF, 0xED, 0x4C, 0xED, 0x4D, 0xED, 0x2C, 0xE5, 0x2C, 0xE5, 0x2C, 0xED, 0xCF, 0xEF, 0x9C,
    0xDF, 0x19, 0xDF, 0x19, 0xDF, 0x19, 0xDF, 0x19, 0xDF, 0x19, 0xDF, 0x19, 0xEF, 0x7C, 0xF5, 0xAE, 0xED, 0x6D, 0xF5, 0xAD, 0xEF, 0x9C, 0xDF, 0x19,
    0xDF, 0x19, 0xDF, 0x19, 0xDF, 0x19, 0xDF, 0x19, 0xDF, 0x19, 0xDF, 0x39, 0xF7, 0xBA, 0xED, 0x8D, 0xED, 0x4D, 0xED, 0x4D, 0xED, 0x2D, 0xE5, 0x2D,
    0xED, 0x4D, 0xF7, 0x35, 0xDF, 0x39, 0xDF, 0x19, 0xDF, 0x19, 0xE7, 0x5B, 0xED, 0xAF, 0xED, 0x6C, 0xE5, 0x4D, 0xED, 0x4C, 0xEE, 0x31, 0xDF, 0x39,
    0xDF, 0x19, 0xDF, 0x19, 0xDF, 0x19, 0xDF, 0x19, 0xDF, 0x19, 0xDF, 0x19, 0xDF, 0x19, 0xDF, 0x19, 0xDF, 0x19, 0xDF, 0x19, 0xDF, 0x19, 0xDF, 0x19,
    0xDF, 0x19, 0xDF, 0x19, 0xDF, 0x19, 0xDF, 0x19, 0xDF, 0x19, 0xDF, 0x19, 0xDF, 0x19, 0xDF, 0x19, 0xDF, 0x39, 0xD7, 0x5D, 0xDF, 0x9E, 0xA6, 0x39,
    0x7D, 0x35, 0x85, 0x57, 0xCF, 0x3C, 0xE7, 0xDE, 0xAE, 0x5A, 0x7D, 0x36, 0x8D, 0x97, 0xCF, 0x3D, 0xE7, 0x9F, 0xB6, 0x7B, 0x7D, 0x56, 0x95, 0xB8,
    0xDF, 0x7E, 0xE7, 0xBF, 0xAE, 0x39, 0x75, 0x15, 0x8D, 0x77, 0xD7, 0x5D, 0xDF, 0x7E, 0xDF, 0x5D, 0xDF, 0x7E, 0xBE, 0xDB, 0xAE, 0x5A, 0xAE, 0x7A,
    0xAE, 0x7A, 0xAE, 0x9B, 0xAE, 0x9B, 0xC7, 0x1C, 0xDF, 0x7E, 0xD7, 0x7E, 0xDF, 0x7E, 0xDF, 0x7E, 0xDF, 0x7E, 0xDF, 0x9E, 0xDF, 0x9E, 0xDF, 0x9E,
    0xDF, 0x9E, 0xDF, 0x9E, 0xDF, 0x9E, 0xDF, 0x9E, 0xDF, 0x9E, 0xDF, 0x9E, 0xDF, 0x9E, 0xDF, 0x9E, 0xDF, 0x9E, 0xDF, 0x9E, 0xDF, 0x9E, 0xDF, 0x7E,
    0xDF, 0x9E, 0xBE, 0xDC, 0x9E, 0x19, 0xA6, 0x3A, 0xA6, 0x39, 0xA6, 0x39, 0x85, 0x36, 0x7D, 0x35, 0x7D, 0x77, 0x8D, 0x96, 0xBE, 0x36, 0xE6, 0xF8,
    0xFF, 0x58, 0xFF, 0x78, 0xFF, 0x78, 0xFF, 0x78, 0xFF, 0x78, 0xFF, 0x58, 0xFF, 0x58, 0xFF, 0xFA, 0xEF, 0x9C, 0xDF, 0x3A, 0xDF, 0x19, 0xDF, 0x19,
    0xDF, 0x19, 0xDF, 0x19, 0xDF, 0x19, 0xDF, 0x19, 0xDF, 0x19, 0xDF, 0x19, 0xDF, 0x19, 0xDF, 0x19, 0xDF, 0x19, 0xDF, 0x19, 0xDF, 0x19, 0xDF, 0x19,
    0xDF, 0x19, 0xDF, 0x19, 0xDF, 0x19, 0xDF, 0x19, 0xDF, 0x19, 0xDF, 0x19, 0xDF, 0x19, 0xDF, 0x19, 0xDF, 0x19, 0xDF, 0x19, 0xDF, 0x19, 0xDF, 0x19,
    0xDF, 0x19, 0xDF, 0x19, 0xDF, 0x19, 0xDF, 0x19, 0xDF, 0x19, 0xDF, 0x19, 0xDF, 0x19, 0xDF, 0x19, 0xDF, 0x19, 0xDF, 0x19, 0xDF, 0x19, 0xDF, 0x19,
    0xDF, 0x19, 0xDF, 0x19, 0xDF, 0x19, 0xDF, 0x19, 0xDF, 0x19, 0xDF, 0x19, 0xDF, 0x19, 0xDF, 0x19, 0xDF, 0x19, 0xDF, 0x19, 0xDF, 0x19, 0xDF, 0x19,
    0xDF, 0x19, 0xDF, 0x19, 0xDF, 0x19, 0xDF, 0x19, 0xDF, 0x19, 0xDF, 0x19, 0xDF, 0x19, 0xDF, 0x19, 0xDF, 0x19, 0xDF, 0x19, 0xDF, 0x19, 0xDF, 0x19,
    0xDF, 0x19, 0xDF, 0x19, 0xDF, 0x19, 0xDF, 0x19, 0xDF, 0x19, 0xDF, 0x19, 0x9C, 0xF2, 0x10, 0xA1, 0x10, 0xA1, 0x10, 0x81, 0x10, 0xA1, 0x10, 0x81,
    0x10, 0x81, 0x10, 0x81, 0x10, 0x81, 0x10, 0x81, 0x10, 0x81, 0x10, 0xA1, 0x08, 0x60, 0x00, 0x00, 0xC5, 0xD4, 0x83, 0xED, 0x00, 0x00, 0x10, 0xA1,
    0x10, 0x81, 0x10, 0x81, 0x10, 0x81, 0x10, 0x81, 0x10, 0x81, 0x10, 0x81, 0x10, 0x81, 0x10, 0x81, 0x10, 0x81, 0x10, 0xA1, 0x08, 0x81, 0x21, 0x24,
    0xE7, 0x5A, 0xDF, 0x19, 0xDF, 0x19, 0xDF, 0x19, 0xEF, 0x9C, 0xF5, 0xAE, 0xED, 0x4D, 0xE5, 0x4C, 0xED, 0x2C, 0xED, 0xCF, 0xE7, 0x5B, 0xDF, 0x19,
    0xDF, 0x19, 0xDF, 0x19, 0xDF, 0x19, 0xDF, 0x19, 0xDF, 0x19, 0xDF, 0x19, 0xEF, 0x7C, 0xF5, 0xAE, 0xED, 0x6D, 0xF5, 0xAD, 0xEF, 0x9C, 0xDF, 0x19,
    0xDF, 0x19, 0xDF, 0x19, 0xDF, 0x19, 0xDF, 0x19, 0xDF, 0x19, 0xDF, 0x19, 0xDF, 0x19, 0xF7, 0xBD, 0xF5, 0xAE, 0xED, 0x4D, 0xE5, 0x4D, 0xED, 0x2C,
    0xF6, 0x10, 0xDF, 0x39, 0xDF, 0x19, 0xDF, 0x19, 0xDF, 0x19, 0xDF, 0x19, 0xEF, 0x9C, 0xF5, 0xAE, 0xED, 0x4C, 0xED, 0x4C, 0xF5, 0xAD, 0xEF, 0x9C,
    0xDF, 0x19, 0xDF, 0x19, 0xDF, 0x19, 0xDF, 0x19, 0xDF, 0x19, 0xDF, 0x19, 0xDF, 0x19, 0xDF, 0x19, 0xDF, 0x19, 0xDF, 0x19, 0xDF, 0x19, 0xDF, 0x19,
    0xDF, 0x19, 0xDF, 0x19, 0xDF, 0x19, 0xDF, 0x19, 0xDF, 0x19, 0xDF, 0x19, 0xDF, 0x19, 0xDF, 0x19, 0xDF, 0x39, 0xD7, 0x5D, 0xDF, 0x9E, 0xA6, 0x19,
    0x7D, 0x16, 0x85, 0x57, 0xCF, 0x3D, 0xE7, 0xDF, 0xAE, 0x5A, 0x7D, 0x36, 0x8D, 0x97, 0xCF, 0x3D, 0xE7, 0x9E, 0xB6, 0x7A, 0x7D, 0x56, 0x95, 0xB8,
    0xDF, 0x7E, 0xE7, 0xBF, 0xAE, 0x3A, 0x74, 0xF5, 0x8D, 0x76, 0xD7, 0x5D, 0xDF, 0x7E, 0xDF, 0x5E, 0xE7, 0x9E, 0x9D, 0xD7, 0x74, 0xB3, 0x7C, 0xF4,
    0x7C, 0xF4, 0x7C, 0xF5, 0x74, 0xD4, 0xB6, 0x7A, 0xDF, 0x9F, 0xD7, 0x5E, 0xD7, 0x7E, 0xDF, 0x7E, 0xDF, 0x7E, 0xD7, 0x3D, 0xD7, 0x5D, 0xD7, 0x5D,
    0xD7, 0x5E, 0xD7, 0x5D, 0xD7, 0x5D, 0xD7, 0x5D, 0xD7, 0x5D, 0xD7, 0x5D, 0xD7, 0x5E, 0xD7, 0x5D, 0xD7, 0x3D, 0xD7, 0x3D, 0xD7, 0x3D, 0xDF, 0x7E,
    0xDF, 0x9E, 0xBE, 0xDC, 0x9E, 0x19, 0xA6, 0x39, 0xA6, 0x3A, 0xA6, 0x39, 0x7D, 0x36, 0x74, 0xF5, 0xB6, 0x58, 0xF7, 0x59, 0xFF, 0x98, 0xFF, 0x77,
    0xFF, 0x57, 0xFF, 0x37, 0xFF, 0x37, 0xFF, 0x36, 0xFF, 0x36, 0xFF, 0x16, 0xFF, 0x16, 0xFF, 0x56, 0xFF, 0x98, 0xFF, 0x98, 0xEF, 0x9C, 0xDF, 0x19,
    0xDF, 0x19, 0xDF, 0x19, 0xDF, 0x19, 0xDF, 0x19, 0xDF, 0x19, 0xDF, 0x19, 0xDF, 0x19, 0xDF, 0x19, 0xDF, 0x19, 0xDF, 0x19, 0xDF, 0x19, 0xDF, 0x19,
    0xDF, 0x19, 0xDF, 0x19, 0xDF, 0x19, 0xDF, 0x19, 0xDF, 0x19, 0xDF, 0x19, 0xDF, 0x19, 0xDF, 0x19, 0xDF, 0x19, 0xDF, 0x19, 0xDF, 0x19, 0xDF, 0x19,
    0xDF, 0x19, 0xDF, 0x19, 0xDF, 0x19, 0xDF, 0x19, 0xDF, 0x19, 0xDF, 0x19, 0xDF, 0x19, 0xDF, 0x19, 0xDF, 0x19, 0xDF, 0x19, 0xDF, 0x19, 0xDF, 0x19,
    0xDF, 0x19, 0xDF, 0x19, 0xDF, 0x19, 0xDF, 0x19, 0xDF, 0x19, 0xDF, 0x19, 0xDF, 0x19, 0xDF, 0x19, 0xDF, 0x19, 0xDF, 0x19, 0xDF, 0x19, 0xDF, 0x19,
    0xDF, 0x19, 0xDF, 0x19, 0xDF, 0x19, 0xDF, 0x19, 0xDF, 0x19, 0xDF, 0x19, 0xDF, 0x19, 0xDF, 0x19, 0xDF, 0x19, 0xDF, 0x19, 0xDF, 0x19, 0xDF, 0x19,
    0xDF, 0x19, 0xDF, 0x19, 0xDF, 0x19, 0xDF, 0x19, 0xDF, 0x19, 0xE7, 0x3A, 0x21, 0x23, 0x08, 0x81, 0x10, 0xA1, 0x10, 0x81, 0x10, 0x81, 0x10, 0x81,
    0x10, 0x81, 0x10, 0xA1, 0x10, 0x81, 0x10, 0xA2, 0x10, 0xA1, 0x00, 0x00, 0x18, 0xC2, 0xB5, 0x72, 0xFF, 0xFB, 0xDE, 0x76, 0x10, 0x82, 0x08, 0x61,
    0x10, 0x81, 0x10, 0x81, 0x10, 0x81, 0x10, 0x81, 0x10, 0x81, 0x10, 0x81, 0x10, 0x81, 0x10, 0x81, 0x10, 0x81, 0x10, 0x81, 0x10, 0xA2, 0x10, 0x81,
    0x7B, 0xED, 0xDF, 0x19, 0xDF, 0x19, 0xE7, 0x3A, 0xFE, 0xD3, 0xF5, 0x6D, 0xED, 0x6D, 0xED, 0x6D, 0xED, 0x6C, 0xF5, 0x6D, 0xF7, 0xB8, 0xDF, 0x39,
    0xDF, 0x19, 0xDF, 0x19, 0xDF, 0x19, 0xDF, 0x19, 0xDF, 0x19, 0xDF, 0x19, 0xEF, 0x7C, 0xF5, 0xAE, 0xED, 0x6D, 0xF5, 0xAD, 0xEF, 0x9C, 0xDF, 0x19,
    0xDF, 0x19, 0xDF, 0x19, 0xDF, 0x19, 0xDF, 0x19, 0xDF, 0x19, 0xDF, 0x19, 0xE7, 0x7B, 0xFE, 0x30, 0xED, 0x6D, 0xED, 0x6D, 0xED, 0x4D, 0xED, 0x4D,
    0xF5, 0x8E, 0xEF, 0x9C, 0xDF, 0x19, 0xDF, 0x19, 0xDF, 0x19, 0xDF, 0x19, 0xDF, 0x19, 0xFE, 0x93, 0xF5, 0x6D, 0xED, 0x4D, 0xED, 0x4C, 0xED, 0xD0,
    0xDF, 0x39, 0xDF, 0x19, 0xDF, 0x19, 0xDF, 0x19, 0xDF, 0x19, 0xDF, 0x19, 0xDF, 0x19, 0xDF, 0x19, 0xDF, 0x19, 0xDF, 0x19, 0xDF, 0x19, 0xDF, 0x19,
    0xDF, 0x19, 0xDF, 0x19, 0xDF, 0x19, 0xDF, 0x19, 0xDF, 0x19, 0xDF, 0x19, 0xDF, 0x19, 0xDF, 0x19, 0xDF, 0x39, 0xD7, 0x7D, 0xDF, 0x9E, 0xA6, 0x19,
    0x7D, 0x36, 0x85, 0x56, 0xCF, 0x3D, 0xE7, 0xDF, 0xAE, 0x59, 0x7D, 0x36, 0x8D, 0x77, 0xCF, 0x3D, 0xE7, 0x9E, 0xB6, 0x7A, 0x85, 0x37, 0x95, 0xB8,
    0xDF, 0x7E, 0xE7, 0xBF, 0xA6, 0x39, 0x74, 0xF5, 0x8D, 0x76, 0xD7, 0x5D, 0xDF, 0x7E, 0xDF, 0x5E, 0xE7, 0x9F, 0x95, 0xB7, 0x64, 0x52, 0x6C, 0xB4,
    0x6C, 0xB3, 0x6C, 0xB3, 0x64, 0x73, 0xAE, 0x5A, 0xDF, 0x9F, 0xD7, 0x5E, 0xD7, 0x7E, 0xDF, 0x9F, 0xC6, 0xFC, 0x7D, 0x15, 0x7D, 0x35, 0x7D, 0x35,
    0x7D, 0x36, 0x7D, 0x36, 0x85, 0x36, 0x7D, 0x36, 0x7D, 0x36, 0x7D, 0x36, 0x7D, 0x36, 0x7D, 0x36, 0x7D, 0x36, 0x7D, 0x36, 0x8D, 0x77, 0xD7, 0x5E,
    0xDF, 0x9E, 0xBE, 0xDC, 0x9E, 0x19, 0xA6, 0x39, 0xA6, 0x39, 0x9E, 0x39, 0x85, 0x35, 0xCE, 0x77, 0xFF, 0x98, 0xFF, 0x57, 0xFF, 0x37, 0xFF, 0x57,
    0xFF, 0x57, 0xFF, 0x57, 0xFF, 0x37, 0xFF, 0x37, 0xFF, 0x36, 0xFF, 0x36, 0xFF, 0x36, 0xFF, 0x16, 0xFF, 0x36, 0xFF, 0x16, 0xFF, 0x98, 0xF7, 0xDD,
    0xDF, 0x39, 0xDF, 0x19, 0xDF, 0x19, 0xDF, 0x19, 0xDF, 0x19, 0xDF, 0x19, 0xDF, 0x19, 0xDF, 0x19, 0xDF, 0x19, 0xDF, 0x19, 0xDF, 0x19, 0xDF, 0x19,
    0xDF, 0x19, 0xDF, 0x19, 0xDF, 0x19, 0xDF, 0x19, 0xDF, 0x19, 0xDF, 0x19, 0xDF, 0x19, 0xDF, 0x19, 0xDF, 0x19, 0xDF, 0x19, 0xDF, 0x19, 0xDF, 0x19,
    0xDF, 0x19, 0xDF, 0x19, 0xDF, 0x19, 0xDF, 0x19, 0xDF, 0x19, 0xDF, 0x19, 0xDF, 0x19, 0xDF, 0x19, 0xDF, 0x19, 0xDF, 0x19, 0xDF, 0x19, 0xDF, 0x19,
    0xDF, 0x19, 0xDF, 0x19, 0xDF, 0x19, 0xDF, 0x19, 0xDF, 0x19, 0xDF, 0x19, 0xDF, 0x19, 0xDF, 0x19, 0xDF, 0x19, 0xDF, 0x19, 0xDF, 0x19, 0xDF, 0x19,
    0xDF, 0x19, 0xDF, 0x19, 0xDF, 0x19, 0xDF, 0x19, 0xDF, 0x19, 0xDF, 0x19, 0xDF, 0x19, 0xDF, 0x19, 0xDF, 0x19, 0xDF, 0x19, 0xDF, 0x19, 0xDF, 0x19,
    0xDF, 0x19, 0xDF, 0x19, 0xDF, 0x19, 0xDE, 0xF9, 0xDF, 0x19, 0x94, 0x90, 0x10, 0x81, 0x10, 0xA1, 0x10, 0x81, 0x10, 0x81, 0x10, 0x81, 0x10, 0x81,
    0x10, 0xA1, 0x10, 0xA2, 0x10, 0xA1, 0x00, 0x40, 0x00, 0x20, 0x5A, 0xA9, 0xE6, 0xB7, 0xFF, 0xB9, 0xFF, 0x17, 0xFF, 0xDA, 0x9C, 0x8F, 0x00, 0x00,
    0x10, 0xA1, 0x10, 0xA1, 0x10, 0xA1, 0x10, 0x81, 0x10, 0x81, 0x10, 0x81, 0x10, 0x81, 0x10, 0x81, 0x10, 0x81, 0x10, 0x81, 0x10, 0xA1, 0x08, 0x81,
    0x21, 0x03, 0xE7, 0x5A, 0xDF, 0x19, 0xF7, 0x76, 0xFD, 0xAE, 0xED, 0x4D, 0xF5, 0x6D, 0xF5, 0xCF, 0xED, 0x4C, 0xED, 0x4D, 0xFD, 0xAE, 0xF7, 0xB7,
    0xDF, 0x19, 0xDF, 0x19, 0xDF, 0x19, 0xDF, 0x19, 0xDF, 0x19, 0xDF, 0x19, 0xEF, 0x7C, 0xF5, 0xAE, 0xED, 0x6D, 0xF5, 0xAD, 0xEF, 0x9C, 0xDF, 0x19,
    0xDF, 0x19, 0xDF, 0x19, 0xDF, 0x19, 0xDF, 0x19, 0xDF, 0x19, 0xEF, 0x7B, 0xED, 0xCF, 0xED, 0x6D, 0xED, 0x4D, 0xF5, 0x8E, 0xF5, 0xAF, 0xE5, 0x4D,
    0xED, 0x4C, 0xF5, 0xAE, 0xE7, 0x5B, 0xDF, 0x19, 0xDF, 0x19, 0xDF, 0x19, 0xDF, 0x19, 0xE7, 0x5B, 0xF5, 0x8E, 0xED, 0x4C, 0xED, 0x4C, 0xF5, 0xAE,
    0xEF, 0x7C, 0xDF, 0x19, 0xDF, 0x19, 0xDF, 0x19, 0xDF, 0x19, 0xDF, 0x19, 0xDF, 0x19, 0xDF, 0x19, 0xDF, 0x19, 0xDF, 0x19, 0xDF, 0x19, 0xDF, 0x19,
    0xDF, 0x19, 0xDF, 0x19, 0xDF, 0x19, 0xDF, 0x19, 0xDF, 0x19, 0xDF, 0x19, 0xDF, 0x19, 0xDF, 0x19, 0xDF, 0x39, 0xDF, 0x7D, 0xDF, 0x9E, 0xA6, 0x19,
    0x7D, 0x16, 0x85, 0x57, 0xCF, 0x3D, 0xE7, 0xDF, 0xAE, 0x5A, 0x7D, 0x36, 0x8D, 0x77, 0xCF, 0x3D, 0xDF, 0x9E, 0xB6, 0x7A, 0x85, 0x57, 0x95, 0xB8,
    0xDF, 0x7E, 0xE7, 0xBF, 0xA6, 0x39, 0x74, 0xF5, 0x85, 0x76, 0xD7, 0x5D, 0xDF, 0x7E, 0xDF, 0x7D, 0xDF, 0x9E, 0xAE, 0x7A, 0x95, 0xD8, 0x9D, 0xF9,
    0x9D, 0xF8, 0x9D, 0xF8, 0x9D, 0xF8, 0xBE, 0xDC, 0xDF, 0x7E, 0xD7, 0x5E, 0xD7, 0x7E, 0xDF, 0x9F, 0xC6, 0xFC, 0x6C, 0xD4, 0x6C, 0xD5, 0x6C, 0xD5,
    0x6C, 0xD4, 0x6C, 0xD4, 0x6C, 0xD5, 0x6C, 0xD5, 0x6C, 0xD4, 0x6C, 0xD5, 0x74, 0xD5, 0x6C, 0xD5, 0x74, 0xF5, 0x6C, 0xD5, 0x7D, 0x36, 0xD7, 0x5D,
    0xDF, 0x7E, 0xBE, 0xDC, 0x9E, 0x19, 0xA6, 0x39, 0xA6, 0x19, 0x9E, 0x19, 0xDE, 0xD8, 0xFF, 0x97, 0xFF, 0x37, 0xFF, 0x57, 0xFF, 0x57, 0xFF, 0x57,
    0xFF, 0x57, 0xFF, 0x37, 0xFF, 0x37, 0xFF, 0x37, 0xFF, 0x36, 0xFF, 0x36, 0xFF, 0x36, 0xFF, 0x16, 0xFF, 0x16, 0xFF, 0x16, 0xFF, 0x36, 0xFF, 0x98,
    0xFF, 0xDC, 0xDF, 0x39, 0xDF, 0x19, 0xDF, 0x19, 0xDF, 0x19, 0xDF, 0x19, 0xDF, 0x19, 0xDF, 0x19, 0xDF, 0x19, 0xDF, 0x19, 0xDF, 0x19, 0xDF, 0x19,
    0xDF, 0x19, 0xDF, 0x19, 0xDF, 0x19, 0xDF, 0x19, 0xDF, 0x19, 0xDF, 0x19, 0xDF, 0x19, 0xDF, 0x19, 0xDF, 0x19, 0xDF, 0x19, 0xDF, 0x19, 0xDF, 0x19,
    0xDF, 0x19, 0xDF, 0x19, 0xDF, 0x19, 0xDF, 0x19, 0xDF, 0x19, 0xDF, 0x19, 0xDF, 0x19, 0xDF, 0x19, 0xDF, 0x19, 0xDF, 0x19, 0xDF, 0x19, 0xDF, 0x19,
    0xDF, 0x19, 0xDF, 0x19, 0xDF, 0x19, 0xDF, 0x19, 0xDF, 0x19, 0xDF, 0x19, 0xDF, 0x19, 0xDF, 0x19, 0xDF, 0x19, 0xDF, 0x19, 0xDF, 0x19, 0xDF, 0x19,
    0xDF, 0x19, 0xDF, 0x19, 0xDF, 0x19, 0xDF, 0x19, 0xDF, 0x19, 0xDF, 0x19, 0xDF, 0x19, 0xDF, 0x19, 0xDF, 0x19, 0xDF, 0x19, 0xDF, 0x19, 0xDF, 0x19,
    0xDF, 0x19, 0xDF, 0x19, 0xDF, 0x19, 0xDF, 0x19, 0xDF, 0x39, 0x29, 0x44, 0x08, 0x81, 0x10, 0xA1, 0x10, 0x81, 0x10, 0x81, 0x10, 0x81, 0x10, 0x81,
    0x10, 0xA1, 0x08, 0x40, 0x00, 0x20, 0x42, 0x06, 0xB5, 0x72, 0xFF, 0xBA, 0xFF, 0x78, 0xFF, 0x37, 0xFF, 0x57, 0xFF, 0x37, 0xFF, 0xBA, 0x73, 0x4A,
    0x00, 0x00, 0x10, 0xC2, 0x10, 0xA1, 0x10, 0x81, 0x10, 0x81, 0x10, 0x81, 0x10, 0x81, 0x10, 0x81, 0x10, 0x81, 0x10, 0x81, 0x10, 0xA1, 0x10, 0xA1,
    0x10, 0xA1, 0x94, 0xB1, 0xE7, 0x5B, 0xFD, 0xCF, 0xED, 0x6D, 0xF5, 0x8D, 0xFE, 0xD3, 0xEF, 0x7C, 0xE5, 0x8E, 0xED, 0x4C, 0xED, 0x6D, 0xFD, 0xAE,
    0xF7, 0x97, 0xDF, 0x19, 0xDF, 0x19, 0xDF, 0x19, 0xDF, 0x19, 0xDF, 0x19, 0xEF, 0x7C, 0xF5, 0xAE, 0xED, 0x6D, 0xF5, 0xAD, 0xEF, 0x9C, 0xDF, 0x19,
    0xDF, 0x19, 0xDF, 0x19, 0xDF, 0x19, 0xDF, 0x19, 0xEF, 0x7B, 0xED, 0xAE, 0xED, 0x4C, 0xED, 0x6D, 0xFD, 0xCE, 0xF7, 0xB8, 0xEF, 0x7C, 0xF5, 0xAF,
    0xED, 0x6D, 0xF5, 0x6D, 0xFE, 0xB3, 0xDF, 0x19, 0xDF, 0x19, 0xDF, 0x19, 0xDF, 0x19, 0xDF, 0x19, 0xFE, 0xB3, 0xF5, 0x6C, 0xED, 0x6D, 0xF5, 0x6C,
    0xFE, 0xB4, 0xDF, 0x19, 0xDF, 0x19, 0xDF, 0x19, 0xDF, 0x19, 0xDF, 0x19, 0xDF, 0x19, 0xDF, 0x19, 0xDF, 0x19, 0xDF, 0x19, 0xDF, 0x19, 0xDF, 0x19,
    0xDF, 0x19, 0xDF, 0x19, 0xDF, 0x19, 0xDF, 0x19, 0xDF, 0x19, 0xDF, 0x19, 0xDF, 0x19, 0xDF, 0x19, 0xDF, 0x39, 0xDF, 0x7E, 0xDF, 0x9F, 0xA6, 0x39,
    0x7D, 0x36, 0x85, 0x57, 0xCF, 0x3D, 0xE7, 0xDF, 0xAE, 0x5A, 0x7D, 0x35, 0x8D, 0x77, 0xCF, 0x1D, 0xE7, 0x9E, 0xB6, 0x7A, 0x85, 0x56, 0x95, 0xB7,
    0xDF, 0x7E, 0xE7, 0xBF, 0xA6, 0x39, 0x74, 0xF5, 0x85, 0x56, 0xD7, 0x5D, 0xDF, 0x7E, 0xDF, 0x7E, 0xDF, 0x9E, 0xBE, 0xBB, 0xAE, 0x5A, 0xAE, 0x7A,
    0xAE, 0x5A, 0xAE, 0x5A, 0xAE, 0x7A, 0xC7, 0x1C, 0xDF, 0x7E, 0xD7, 0x7E, 0xD7, 0x7E, 0xDF, 0x7E, 0xD7, 0x3D, 0x9D, 0xF8, 0x9D, 0xF8, 0x9D, 0xF8,
    0x9D, 0xF8, 0x9D, 0xF8, 0x9D, 0xF8, 0xA5, 0xF8, 0xA5, 0xF8, 0xA5, 0xF8, 0xA5, 0xF8, 0x9D, 0xF8, 0x9D, 0xF8, 0x9D, 0xD8, 0xA6, 0x18, 0xD7, 0x5E,
    0xDF, 0x7E, 0xBE, 0xDC, 0x9E, 0x19, 0xA6, 0x39, 0x9D, 0xF9, 0xDE, 0xD9, 0xFF, 0x78, 0xFF, 0x37, 0xFF, 0x37, 0xFF, 0x57, 0xFF, 0x57, 0xFF, 0x37,
    0xFF, 0x57, 0xFF, 0x37, 0xFF, 0x37, 0xFF, 0x37, 0xFF, 0x37, 0xFF, 0x36, 0xFF, 0x36, 0xFF, 0x36, 0xFF, 0x16, 0xFF, 0x16, 0xFF, 0x16, 0xFF, 0x36,
    0xFF, 0x98, 0xF7, 0xDD, 0xDF, 0x19, 0xDF, 0x19, 0xDF, 0x19, 0xDF, 0x19, 0xDF, 0x19, 0xDF, 0x19, 0xDF, 0x19, 0xDF, 0x19, 0xDF, 0x19, 0xDF, 0x19,
    0xDF, 0x19, 0xDF, 0x19, 0xDF, 0x19, 0xDF, 0x19, 0xDF, 0x19, 0xDF, 0x19, 0xDF, 0x19, 0xDF, 0x19, 0xDF, 0x19, 0xDF, 0x19, 0xDF, 0x19, 0xDF, 0x19,
    0xDF, 0x19, 0xDF, 0x19, 0xDF, 0x19, 0xDF, 0x19, 0xDF, 0x19, 0xDF, 0x19, 0xDF, 0x19, 0xDF, 0x19, 0xDF, 0x19, 0xDF, 0x19, 0xDF, 0x19, 0xDF, 0x19,
    0xDF, 0x19, 0xDF, 0x19, 0xDF, 0x19, 0xDF, 0x19, 0xDF, 0x19, 0xDF, 0x19, 0xDF, 0x19, 0xDF, 0x19, 0xDF, 0x19, 0xDF, 0x19, 0xDF, 0x19, 0xDF, 0x19,
    0xDF, 0x19, 0xDF, 0x19, 0xDF, 0x19, 0xDF, 0x19, 0xDF, 0x19, 0xDF, 0x19, 0xDF, 0x19, 0xDF, 0x19, 0xDF, 0x19, 0xDF, 0x19, 0xDF, 0x19, 0xDF, 0x19,
    0xDF, 0x19, 0xDF, 0x19, 0xDF, 0x19, 0xDF, 0x19, 0xCE, 0x78, 0x10, 0xA1, 0x10, 0x81, 0x10, 0x81, 0x10, 0x81, 0x10, 0x81, 0x10, 0x81, 0x10, 0x81,
    0x00, 0x00, 0x31, 0xA5, 0xAD, 0x31, 0xFF, 0x99, 0xFF, 0xB9, 0xFF, 0x38, 0xFF, 0x37, 0xFF, 0x57, 0xFF, 0x57, 0xFF, 0x57, 0xFF, 0x58, 0xFF, 0x99,
    0x6B, 0x4B, 0x00, 0x00, 0x08, 0x81, 0x10, 0xA1, 0x10, 0x81, 0x10, 0x81, 0x10, 0x81, 0x10, 0x81, 0x10, 0x81, 0x10, 0x81, 0x10, 0x81, 0x10, 0xA1,
    0x08, 0x60, 0x39, 0xE6, 0xFE, 0xD3, 0xF5, 0x8D, 0xF5, 0x6C, 0xF5, 0xCF, 0xE7, 0x5A, 0xDF, 0x19, 0xEF, 0x7B, 0xED, 0xAF, 0xED, 0x6D, 0xED, 0x6D,
    0xFD, 0xCE, 0xF7, 0xB8, 0xDF, 0x19, 0xDF, 0x19, 0xDF, 0x19, 0xDF, 0x19, 0xEF, 0x7B, 0xF5, 0xAE, 0xED, 0x6D, 0xF5, 0xAD, 0xEF, 0x9C, 0xDF, 0x19,
    0xDF, 0x19, 0xDF, 0x19, 0xDF, 0x19, 0xEF, 0x7B, 0xED, 0x8E, 0xED, 0x4C, 0xED, 0x4D, 0xFD, 0xAE, 0xFF, 0x97, 0xDF, 0x19, 0xDF, 0x19, 0xF7, 0xB8,
    0xF5, 0x8D, 0xED, 0x6D, 0xF5, 0xAE, 0xEF, 0x7B, 0xDF, 0x19, 0xDF, 0x19, 0xDF, 0x19, 0xDF, 0x19, 0xEF, 0x7C, 0xF5, 0xAE, 0xED, 0x6C, 0xED, 0x4C,
    0xED, 0xAE, 0xE7, 0x5A, 0xDF, 0x19, 0xDF, 0x19, 0xDF, 0x19, 0xDF, 0x19, 0xDF, 0x19, 0xDF, 0x19, 0xDF, 0x19, 0xDF, 0x19, 0xDF, 0x19, 0xDF, 0x19,
    0xDF, 0x19, 0xDF, 0x19, 0xDF, 0x19, 0xDF, 0x19, 0xDF, 0x19, 0xDF, 0x19, 0xDF, 0x19, 0xDF, 0x19, 0xDF, 0x39, 0xDF, 0x9E, 0xDF, 0xBE, 0xA6, 0x39,
    0x7D, 0x35, 0x85, 0x77, 0xCF, 0x5D, 0xE7, 0xDF, 0xAE, 0x5A, 0x7D, 0x36, 0x8D, 0x77, 0xCF, 0x3D, 0xE7, 0x9E, 0xB6, 0x7A, 0x85, 0x37, 0x95, 0xB7,
    0xDF, 0x7E, 0xE7, 0xBF, 0xAE, 0x39, 0x74, 0xF5, 0x85, 0x56, 0xD7, 0x5D, 0xDF, 0x7E, 0xDF, 0x5D, 0xE7, 0xBF, 0x9D, 0xB7, 0x6C, 0x93, 0x74, 0xD4,
    0x74, 0xD4, 0x74, 0xD4, 0x74, 0xB4, 0xAE, 0x5A, 0xDF, 0x9F, 0xD7, 0x7E, 0xD7, 0x7E, 0xDF, 0x7E, 0xDF, 0x9F, 0xEF, 0xDF, 0xEF, 0xFF, 0xEF, 0xFF,
    0xF7, 0xFF, 0xF7, 0xFF, 0xF7, 0xFF, 0xF7, 0xFF, 0xF7, 0xFF, 0xF7, 0xFF, 0xF7, 0xFF, 0xF7, 0xFF, 0xEF, 0xFF, 0xEF, 0xDF, 0xEF, 0xDF, 0xDF, 0x7E,
    0xDF, 0x7E, 0xBE, 0xDC, 0xA6, 0x19, 0x9E, 0x19, 0xC6, 0x99, 0xFF, 0x78, 0xFF, 0x37, 0xFF, 0x37, 0xFF, 0x56, 0xFF, 0x57, 0xFF, 0x56, 0xFF, 0x37,
    0xFF, 0x37, 0xFF, 0x57, 0xFF, 0x37, 0xFF, 0x37, 0xFF, 0x37, 0xFF, 0x37, 0xFF, 0x36, 0xFF, 0x37, 0xFF, 0x36, 0xFF, 0x36, 0xFF, 0x36, 0xFF, 0x16,
    0xFF, 0x37, 0xFF, 0xB8, 0xEF, 0x9C, 0xDF, 0x19, 0xDF, 0x19, 0xDF, 0x19, 0xDF, 0x19, 0xDF, 0x19, 0xDF, 0x19, 0xDF, 0x19, 0xDF, 0x19, 0xDF, 0x19,
    0xDF, 0x19, 0xDF, 0x19, 0xDF, 0x19, 0xDF, 0x19, 0xDF, 0x19, 0xDF, 0x19, 0xDF, 0x19, 0xDF, 0x19, 0xDF, 0x19, 0xDF, 0x19, 0xDF, 0x19, 0xDF, 0x19,
    0xDF, 0x19, 0xDF, 0x19, 0xDF, 0x19, 0xDF, 0x19, 0xDF, 0x19, 0xDF, 0x19, 0xDF, 0x19, 0xDF, 0x19, 0xDF, 0x19, 0xDF, 0x19, 0xDF, 0x19, 0xDF, 0x19,
    0xDF, 0x19, 0xDF, 0x19, 0xDF, 0x19, 0xDF, 0x19, 0xDF, 0x19, 0xDF, 0x19, 0xDF, 0x19, 0xDF, 0x19, 0xDF, 0x19, 0xDF, 0x19, 0xDF, 0x19, 0xDF, 0x19,
    0xDF, 0x19, 0xDF, 0x19, 0xDF, 0x19, 0xDF, 0x19, 0xDF, 0x19, 0xDF, 0x19, 0xDF, 0x19, 0xDF, 0x19, 0xDF, 0x19, 0xDF, 0x19, 0xDF, 0x19, 0xDF, 0x19,
    0xDF, 0x19, 0xDF, 0x19, 0xDE, 0xF8, 0xDF, 0x19, 0x73, 0xCD, 0x10, 0x81, 0x10, 0xA1, 0x10, 0x81, 0x10, 0x81, 0x10, 0xA1, 0x08, 0x81, 0x08, 0x40,
    0x7B, 0xAC, 0xF7, 0x59, 0xFF, 0xB9, 0xFF, 0x38, 0xFF, 0x38, 0xFF, 0x58, 0xFF, 0x58, 0xFF, 0x57, 0xFF, 0x58, 0xFF, 0x57, 0xFF, 0x37, 0xFF, 0x58,
    0xFF, 0xDA, 0x8C, 0x4F, 0x08, 0x41, 0x00, 0x20, 0x10, 0xA1, 0x10, 0xA1, 0x10, 0x81, 0x10, 0x81, 0x08, 0x81, 0x08, 0x81, 0x10, 0x81, 0x10, 0x81,
    0x10, 0x81, 0x10, 0x81, 0xCC, 0xCC, 0xF5, 0xAD, 0xF5, 0xAE, 0xF7, 0x9C, 0xDF, 0x19, 0xDF, 0x19, 0xDF, 0x19, 0xEF, 0x7B, 0xED, 0xAE, 0xED, 0x4D,
    0xED, 0x6D, 0xFD, 0xCE, 0xF7, 0xB8, 0xDF, 0x19, 0xDF, 0x19, 0xDF, 0x19, 0xEF, 0x7B, 0xF5, 0xAE, 0xED, 0x6D, 0xF5, 0xAD, 0xEF, 0x9C, 0xDF, 0x19,
    0xDF, 0x19, 0xDF, 0x19, 0xEF, 0x7B, 0xED, 0x8E, 0xED, 0x4C, 0xED, 0x4C, 0xF5, 0x8D, 0xFF, 0x76, 0xDF, 0x39, 0xDF, 0x19, 0xDF, 0x19, 0xE7, 0x3A,
    0xED, 0xAF, 0xED, 0x4D, 0xF5, 0x6D, 0xFE, 0xD4, 0xDF, 0x19, 0xDF, 0x19, 0xDF, 0x19, 0xDF, 0x19, 0xE7, 0x39, 0xED, 0xF0, 0xED, 0x6D, 0xED, 0x6D,
    0xF5, 0xAD, 0xF7, 0x9C, 0xDF, 0x19, 0xDF, 0x19, 0xDF, 0x19, 0xDF, 0x19, 0xDF, 0x19, 0xDF, 0x19, 0xDF, 0x19, 0xDF, 0x19, 0xDF, 0x19, 0xDF, 0x19,
    0xDF, 0x19, 0xDF, 0x19, 0xDF, 0x19, 0xDF, 0x19, 0xDF, 0x19, 0xDF, 0x19, 0xDF, 0x19, 0xDF, 0x19, 0xE7, 0x39, 0xDF, 0x9E, 0xDF, 0xBF, 0xA6, 0x3A,
    0x7D, 0x36, 0x85, 0x77, 0xCF, 0x5D, 0xE7, 0xDF, 0xAE, 0x59, 0x7D, 0x36, 0x8D, 0x77, 0xCF, 0x3D, 0xE7, 0x9E, 0xB6, 0x7B, 0x85, 0x37, 0x95, 0xB7,
    0xD7, 0x7D, 0xE7, 0xBF, 0xAE, 0x39, 0x74, 0xF4, 0x85, 0x56, 0xD7, 0x5D, 0xDF, 0x7E, 0xDF, 0x5D, 0xE7, 0xBF, 0x95, 0xB7, 0x64, 0x72, 0x74, 0xB4,
    0x6C, 0xB4, 0x74, 0xB4, 0x6C, 0x93, 0xAE, 0x5A, 0xDF, 0x9F, 0xD7, 0x7E, 0xDF, 0x7E, 0xDF, 0x9E, 0xD7, 0x7E, 0xBE, 0xBB, 0xBE, 0xBB, 0xBE, 0xBB,
    0xBE, 0x9B, 0xBE, 0x9B, 0xBE, 0x9B, 0xBE, 0x9A, 0xB6, 0x9B, 0xB6, 0x7A, 0xB6, 0x7A, 0xB6, 0x7A, 0xB6, 0x7A, 0xAE, 0x5A, 0xB6, 0x7A, 0xD7, 0x5D,
    0xDF, 0x7E, 0xBE, 0xDC, 0x9E, 0x19, 0xAE, 0x39, 0xF7, 0x38, 0xFF, 0x57, 0xFF, 0x37, 0xFF, 0x37, 0xFF, 0x37, 0xFF, 0x37, 0xFF, 0x37, 0xFF, 0x37,
    0xFF, 0x37, 0xFF, 0x37, 0xFF, 0x37, 0xFF, 0x37, 0xFF, 0x36, 0xFF, 0x37, 0xFF, 0x37, 0xFF, 0x36, 0xFF, 0x36, 0xFF, 0x37, 0xFF, 0x37, 0xFF, 0x16,
    0xFF, 0x16, 0xFF, 0x37, 0xFF, 0x78, 0xE7, 0x3A, 0xDF, 0x19, 0xDF, 0x19, 0xDF, 0x19, 0xDF, 0x19, 0xDF, 0x19, 0xDF, 0x19, 0xDF, 0x19, 0xDF, 0x19,
    0xDF, 0x19, 0xDF, 0x19, 0xDF, 0x19, 0xDF, 0x19, 0xDF, 0x19, 0xDF, 0x19, 0xDF, 0x19, 0xDF, 0x19, 0xDF, 0x19, 0xDF, 0x19, 0xDF, 0x19, 0xDF, 0x19,
    0xDF, 0x19, 0xDF, 0x19, 0xDF, 0x19, 0xDF, 0x19, 0xDF, 0x19, 0xDF, 0x19, 0xDF, 0x19, 0xDF, 0x19, 0xDF, 0x19, 0xDF, 0x19, 0xDF, 0x19, 0xDF, 0x19,
    0xDF, 0x19, 0xDF, 0x19, 0xDF, 0x19, 0xDF, 0x19, 0xDF, 0x19, 0xDF, 0x19, 0xDF, 0x19, 0xDF, 0x19, 0xDF, 0x19, 0xDF, 0x19, 0xDF, 0x19, 0xDF, 0x19,
    0xDF, 0x19, 0xDF, 0x19, 0xDF, 0x19, 0xDF, 0x19, 0xDF, 0x19, 0xDF, 0x19, 0xDF, 0x19, 0xDF, 0x19, 0xDF, 0x19, 0xDF, 0x19, 0xDF, 0x19, 0xDF, 0x19,
    0xDF, 0x19, 0xDF, 0x19, 0xDF, 0x19, 0xDF, 0x19, 0x42, 0x07, 0x08, 0x60, 0x10, 0xA1, 0x10, 0x81, 0x10, 0x81, 0x10, 0x81, 0x08, 0x60, 0xAC, 0xF0,
    0xFF, 0xFA, 0xFF, 0x58, 0xFF, 0x37, 0xFF, 0x58, 0xFF, 0x58, 0xFF, 0x57, 0xFF, 0x58, 0xFF, 0x57, 0xFF, 0x57, 0xFF, 0x57, 0xFF, 0x57, 0xFF, 0x57,
    0xFF, 0x57, 0xFF, 0xFB, 0xCE, 0x15, 0x41, 0xE6, 0x00, 0x00, 0x00, 0x40, 0x10, 0xA1, 0x10, 0xA1, 0x10, 0x81, 0x08, 0x81, 0x10, 0x81, 0x10, 0x81,
    0x10, 0xA1, 0x00, 0x20, 0x9B, 0xE9, 0xFD, 0xEE, 0xFE, 0x52, 0xE7, 0x19, 0xDF, 0x19, 0xDF, 0x19, 0xDF, 0x19, 0xDF, 0x19, 0xEF, 0x7C, 0xF5, 0xCF,
    0xED, 0x6D, 0xED, 0x6D, 0xFD, 0xCE, 0xF7, 0xB8, 0xDF, 0x19, 0xDF, 0x19, 0xEF, 0x7C, 0xF5, 0xAE, 0xED, 0x6D, 0xF5, 0xAD, 0xEF, 0x9C, 0xDF, 0x19,
    0xDF, 0x19, 0xEF, 0x7B, 0xED, 0x8E, 0xED, 0x4C, 0xED, 0x4D, 0xF5, 0x8D, 0xFF, 0x77, 0xE7, 0x39, 0xDF, 0x19, 0xDF, 0x19, 0xDF, 0x19, 0xDF, 0x19,
    0xF7, 0xBA, 0xF5, 0x8E, 0xED, 0x4D, 0xED, 0x8F, 0xE7, 0x5A, 0xDF, 0x19, 0xDF, 0x19, 0xDF, 0x19, 0xDF, 0x19, 0xF7, 0xB7, 0xF5, 0xAE, 0xED, 0x6D,
    0xF5, 0x6D, 0xFE, 0xB3, 0xDF, 0x19, 0xDF, 0x19, 0xDF, 0x19, 0xDF, 0x19, 0xDF, 0x19, 0xDF, 0x19, 0xDF, 0x19, 0xDF, 0x19, 0xDF, 0x19, 0xDF, 0x19,
    0xDF, 0x19, 0xDF, 0x19, 0xDF, 0x19, 0xDF, 0x19, 0xDF, 0x19, 0xDF, 0x19, 0xDF, 0x19, 0xDF, 0x19, 0xE7, 0x39, 0xDF, 0x9E, 0xDF, 0xBF, 0xA6, 0x39,
    0x7D, 0x36, 0x85, 0x77, 0xCF, 0x5D, 0xE7, 0xDF, 0xAE, 0x5A, 0x7D, 0x36, 0x8D, 0x77, 0xD7, 0x3D, 0xE7, 0x9E, 0xB6, 0x7A, 0x85, 0x56, 0x95, 0xB8,
    0xD7, 0x7E, 0xE7, 0xBF, 0xAE, 0x59, 0x74, 0xF5, 0x85, 0x56, 0xD7, 0x5D, 0xDF, 0x7E, 0xDF, 0x7E, 0xDF, 0x9E, 0xB6, 0x9B, 0x9E, 0x19, 0xA6, 0x39,
    0xA6, 0x39, 0xA6, 0x39, 0x9E, 0x19, 0xC6, 0xFC, 0xDF, 0x9E, 0xDF, 0x7E, 0xDF, 0x7E, 0xDF, 0x9F, 0xCF, 0x1D, 0x75, 0x16, 0x75, 0x16, 0x75, 0x15,
    0x75, 0x15, 0x75, 0x15, 0x75, 0x15, 0x74, 0xF5, 0x74, 0xF4, 0x74, 0xF5, 0x74, 0xF4, 0x74, 0xD4, 0x74, 0xD4, 0x6C, 0xD4, 0x7D, 0x15, 0xD7, 0x5D,
    0xDF, 0x7E, 0xBE, 0xDC, 0x9E, 0x19, 0xD6, 0xD9, 0xFF, 0x57, 0xFF, 0x36, 0xFF, 0x37, 0xFF, 0x37, 0xFF, 0x37, 0xFF, 0x37, 0xFF, 0x37, 0xFF, 0x37,
    0xFF, 0x37, 0xFF, 0x37, 0xFF, 0x57, 0xFF, 0x37, 0xFF, 0x37, 0xFF, 0x37, 0xFF, 0x37, 0xFF, 0x37, 0xFF, 0x36, 0xFF, 0x36, 0xFF, 0x36, 0xFF, 0x37,
    0xFF, 0x16, 0xFF, 0x36, 0xFF, 0x98, 0xF7, 0x9C, 0xDF, 0x19, 0xDF, 0x19, 0xDF, 0x19, 0xDF, 0x19, 0xDF, 0x19, 0xDF, 0x19, 0xDF, 0x19, 0xDF, 0x19,
    0xDF, 0x19, 0xDF, 0x19, 0xDF, 0x19, 0xDF, 0x19, 0xDF, 0x19, 0xDF, 0x19, 0xDF, 0x19, 0xDF, 0x19, 0xDF, 0x19, 0xDF, 0x19, 0xDF, 0x19, 0xDF, 0x19,
    0xDF, 0x19, 0xDF, 0x19, 0xDF, 0x19, 0xDF, 0x19, 0xDF, 0x19, 0xDF, 0x19, 0xDF, 0x19, 0xDF, 0x19, 0xDF, 0x19, 0xDF, 0x19, 0xDF, 0x19, 0xDF, 0x19,
    0xDF, 0x19, 0xDF, 0x19, 0xDF, 0x19, 0xDF, 0x19, 0xDF, 0x19, 0xDF, 0x19, 0xDF, 0x19, 0xDF, 0x19, 0xDF, 0x19, 0xDF, 0x19, 0xDF, 0x19, 0xDF, 0x19,
    0xDF, 0x19, 0xDF, 0x19, 0xDF, 0x19, 0xDF, 0x19, 0xDF, 0x19, 0xDF, 0x19, 0xDF, 0x19, 0xDF, 0x19, 0xDF, 0x19, 0xDF, 0x19, 0xDF, 0x19, 0xDF, 0x19,
    0xDF, 0x19, 0xDF, 0x19, 0xDF, 0x19, 0xE7, 0x3A, 0x21, 0x24, 0x08, 0x60, 0x10, 0x81, 0x10, 0x81, 0x10, 0xA1, 0x00, 0x20, 0x9C, 0x8F, 0xFF, 0xFA,
    0xFF, 0x17, 0xFF, 0x57, 0xFF, 0x58, 0xFF, 0x57, 0xFF, 0x57, 0xFF, 0x57, 0xFF, 0x57, 0xFF, 0x58, 0xFF, 0x58, 0xFF, 0x57, 0xFF, 0x57, 0xFF, 0x58,
    0xFF, 0x58, 0xFF, 0x37, 0xFF, 0xB9, 0xFF, 0x9A, 0xA4, 0xF0, 0x31, 0x85, 0x00, 0x00, 0x00, 0x00, 0x08, 0x81, 0x10, 0xA1, 0x08, 0x81, 0x10, 0x81,
    0x10, 0xA1, 0x00, 0x20, 0x72, 0xE7, 0xFE, 0x70, 0xF7, 0x9C, 0xDF, 0x19, 0xDF, 0x19, 0xDF, 0x19, 0xDF, 0x19, 0xDF, 0x19, 0xDF, 0x19, 0xEF, 0x7C,
    0xED, 0xCE, 0xED, 0x4C, 0xED, 0x6D, 0xF5, 0xAE, 0xF7, 0xB8, 0xDF, 0x19, 0xEF, 0x7B, 0xFD, 0xCE, 0xED, 0x6C, 0xFD, 0xAD, 0xEF, 0x9C, 0xDF, 0x19,
    0xEF, 0x7B, 0xED, 0xAF, 0xED, 0x2C, 0xED, 0x4C, 0xF5, 0x8D, 0xFF, 0x35, 0xE7, 0x39, 0xDF, 0x19, 0xDF, 0x19, 0xDF, 0x19, 0xDF, 0x19, 0xDF, 0x19,
    0xE7, 0x5A, 0xED, 0xAE, 0xED, 0x4D, 0xF5, 0xAE, 0xF7, 0x9C, 0xDF, 0x19, 0xDF, 0x19, 0xDF, 0x19, 0xDF, 0x19, 0xEF, 0x7C, 0xFD, 0xCF, 0xED, 0x6D,
    0xED, 0x4C, 0xE5, 0x8E, 0xE7, 0x3A, 0xDF, 0x19, 0xDF, 0x19, 0xDF, 0x19, 0xDF, 0x19, 0xDF, 0x19, 0xDF, 0x19, 0xDF, 0x19, 0xDF, 0x19, 0xDF, 0x19,
    0xDF, 0x19, 0xDF, 0x19, 0xDF, 0x19, 0xDF, 0x19, 0xDF, 0x19, 0xDF, 0x19, 0xDF, 0x19, 0xDF, 0x19, 0xE7, 0x39, 0xDF, 0x9E, 0xDF, 0xBF, 0xA6, 0x5A,
    0x7D, 0x36, 0x85, 0x77, 0xCF, 0x3D, 0xE7, 0xDF, 0xAE, 0x5A, 0x7D, 0x36, 0x8D, 0x77, 0xD7, 0x3D, 0xE7, 0x9E, 0xB6, 0x7B, 0x85, 0x56, 0x95, 0xB8,
    0xD7, 0x7E, 0xE7, 0xBF, 0xAE, 0x59, 0x74, 0xF5, 0x85, 0x56, 0xD7, 0x5D, 0xDF, 0x7E, 0xDF, 0x7E, 0xDF, 0x9E, 0xB6, 0x9B, 0x9E, 0x19, 0xA6, 0x3A,
    0xA6, 0x39, 0x9E, 0x39, 0x9E, 0x19, 0xC6, 0xFC, 0xDF, 0x9F, 0xDF, 0x7E, 0xDF, 0x7E, 0xDF, 0x9F, 0xCF, 0x1D, 0x7D, 0x36, 0x7D, 0x36, 0x7D, 0x36,
    0x7D, 0x36, 0x7D, 0x15, 0x75, 0x15, 0x75, 0x15, 0x74, 0xF5, 0x74, 0xF5, 0x74, 0xF4, 0x74, 0xF4, 0x74, 0xD5, 0x74, 0xD4, 0x7D, 0x15, 0xD7, 0x5D,
    0xDF, 0x7E, 0xBE, 0xBB, 0xAE, 0x19, 0xF7, 0x38, 0xFF, 0x36, 0xFF, 0x37, 0xFF, 0x37, 0xFF, 0x57, 0xFF, 0x37, 0xFF, 0x37, 0xFF, 0x37, 0xFF, 0x37,
    0xFF, 0x57, 0xFF, 0x78, 0xFF, 0x37, 0xFF, 0x37, 0xFF, 0x57, 0xFF, 0x37, 0xFF, 0x37, 0xFF, 0x37, 0xFF, 0x77, 0xFF, 0x37, 0xFF, 0x36, 0xFF, 0x36,
    0xFF, 0x16, 0xFF, 0x16, 0xFF, 0x57, 0xFF, 0xD9, 0xE7, 0x19, 0xDF, 0x19, 0xDF, 0x19, 0xDF, 0x19, 0xDF, 0x19, 0xDF, 0x19, 0xDF, 0x19, 0xDF, 0x19,
    0xDF, 0x19, 0xDF, 0x19, 0xDF, 0x19, 0xDF, 0x19, 0xDF, 0x19, 0xDF, 0x19, 0xDF, 0x19, 0xDF, 0x19, 0xDF, 0x19, 0xDF, 0x19, 0xDF, 0x19, 0xDF, 0x19,
    0xDF, 0x19, 0xDF, 0x19, 0xDF, 0x19, 0xDF, 0x19, 0xDF, 0x19, 0xDF, 0x19, 0xDF, 0x19, 0xDF, 0x19, 0xDF, 0x19, 0xDF, 0x19, 0xDF, 0x19, 0xDF, 0x19,
    0xDF, 0x19, 0xDF, 0x19, 0xDF, 0x19, 0xDF, 0x19, 0xDF, 0x19, 0xDF, 0x19, 0xDF, 0x19, 0xDF, 0x19, 0xDF, 0x19, 0xDF, 0x19, 0xDF, 0x19, 0xDF, 0x19,
    0xDF, 0x19, 0xDF, 0x19, 0xDF, 0x19, 0xDF, 0x19, 0xDF, 0x19, 0xDF, 0x19, 0xDF, 0x19, 0xDF, 0x19, 0xDF, 0x19, 0xDF, 0x19, 0xDF, 0x19, 0xDF, 0x19,
    0xDF, 0x19, 0xDF, 0x19, 0xDF, 0x19, 0xE7, 0x5A, 0x18, 0xE3, 0x08, 0x60, 0x10, 0x81, 0x10, 0xA1, 0x00, 0x20, 0x52, 0x47, 0xFF, 0xB9, 0xFF, 0x37,
    0xFF, 0x58, 0xFF, 0x57, 0xFF, 0x57, 0xFF, 0x98, 0xFF, 0x78, 0xFF, 0x58, 0xFF, 0x58, 0xFF, 0x57, 0xFF, 0x58, 0xFF, 0x58, 0xFF, 0x99, 0xFF, 0x98,
    0xFF, 0x57, 0xFF, 0x58, 0xFF, 0x57, 0xFF, 0x57, 0xFF, 0xDA, 0xFF, 0x79, 0xB5, 0x52, 0x52, 0x88, 0x08, 0x61, 0x08, 0x40, 0x10, 0xA1, 0x10, 0x81,
    0x10, 0xA1, 0x00, 0x20, 0x5A, 0x45, 0xFE, 0x51, 0xE7, 0x3A, 0xDF, 0x18, 0xDF, 0x19, 0xDF, 0x19, 0xDF, 0x19, 0xDF, 0x19, 0xE7, 0x19, 0xDF, 0x19,
    0xEF, 0x7B, 0xED, 0x8F, 0xED, 0x6D, 0xED, 0x6D, 0xFD, 0xEF, 0xF7, 0xBB, 0xEF, 0x7B, 0xF5, 0xAE, 0xF5, 0x6D, 0xFD, 0xCE, 0xEF, 0x7C, 0xEF, 0x5A,
    0xED, 0xCF, 0xED, 0x2C, 0xED, 0x4D, 0xF5, 0x6D, 0xFF, 0x76, 0xE7, 0x39, 0xDF, 0x19, 0xDF, 0x19, 0xDF, 0x19, 0xDF, 0x19, 0xDF, 0x19, 0xDF, 0x18,
    0xE7, 0x19, 0xFE, 0xB3, 0xED, 0x6D, 0xED, 0x6D, 0xFE, 0xD4, 0xDF, 0x19, 0xDF, 0x18, 0xDF, 0x19, 0xDF, 0x19, 0xE7, 0x5A, 0xED, 0xAF, 0xED, 0x4D,
    0xED, 0x6D, 0xF5, 0xAE, 0xEF, 0x7B, 0xDF, 0x19, 0xE7, 0x19, 0xDF, 0x19, 0xDF, 0x19, 0xDF, 0x19, 0xDF, 0x19, 0xDF, 0x19, 0xDF, 0x19, 0xDF, 0x19,
    0xDF, 0x19, 0xDF, 0x19, 0xDF, 0x19, 0xDF, 0x19, 0xDF, 0x19, 0xDF, 0x19, 0xDF, 0x19, 0xDF, 0x19, 0xE7, 0x39, 0xDF, 0x7E, 0xDF, 0xBF, 0xA6, 0x59,
    0x7D, 0x36, 0x85, 0x77, 0xCF, 0x3D, 0xE7, 0xDF, 0xAE, 0x5A, 0x7D, 0x16, 0x8D, 0x77, 0xD7, 0x3D, 0xE7, 0x9F, 0xB6, 0x9A, 0x85, 0x36, 0x95, 0xB8,
    0xD7, 0x7E, 0xE7, 0xBF, 0xAE, 0x5A, 0x74, 0xF5, 0x85, 0x56, 0xD7, 0x5D, 0xDF, 0x7E, 0xDF, 0x5E, 0xE7, 0xBF, 0x9D, 0xD7, 0x64, 0x73, 0x6C, 0xB4,
    0x6C, 0xB3, 0x6C, 0xB4, 0x64, 0x73, 0xAE, 0x7A, 0xE7, 0xBF, 0xDF, 0x7E, 0xDF, 0x7E, 0xDF, 0x7F, 0xD7, 0x7E, 0xC6, 0xFC, 0xC6, 0xDC, 0xC6, 0xFB,
    0xC6, 0xDC, 0xC6, 0xDB, 0xC6, 0xDB, 0xC6, 0xDB, 0xC6, 0xDB, 0xC6, 0xBB, 0xBE, 0xBB, 0xBE, 0xBB, 0xBE, 0xBB, 0xBE, 0x9A, 0xBE, 0xBB, 0xD7, 0x7D,
    0xDF, 0x7E, 0xBE, 0xBC, 0xBE, 0x79, 0xFF, 0x58, 0xFF, 0x36, 0xFF, 0x36, 0xFF, 0x37, 0xFF, 0x57, 0xFF, 0x37, 0xFF, 0x37, 0xFF, 0x37, 0xFF, 0x57,
    0xFF, 0x58, 0xDE, 0x75, 0xFF, 0x58, 0xFF, 0x37, 0xFF, 0x37, 0xFF, 0x37, 0xFF, 0x57, 0xFF, 0x78, 0xD6, 0x54, 0xF7, 0x37, 0xFF, 0x57, 0xFF, 0x16,
    0xFF, 0x16, 0xFF, 0x16, 0xFF, 0x16, 0xFF, 0x57, 0xE7, 0x5A, 0xDF, 0x19, 0xDF, 0x19, 0xDF, 0x19, 0xDF, 0x19, 0xDF, 0x19, 0xDF, 0x19, 0xDF, 0x19,
    0xDF, 0x19, 0xDF, 0x19, 0xDF, 0x19, 0xDF, 0x19, 0xDF, 0x19, 0xDF, 0x19, 0xDF, 0x19, 0xDF, 0x19, 0xDF, 0x19, 0xDF, 0x19, 0xDF, 0x19, 0xDF, 0x19,
    0xDF, 0x19, 0xDF, 0x19, 0xDF, 0x19, 0xDF, 0x19, 0xDF, 0x19, 0xDF, 0x19, 0xDF, 0x19, 0xDF, 0x19, 0xDF, 0x19, 0xDF, 0x19, 0xDF, 0x19, 0xDF, 0x19,
    0xDF, 0x19, 0xDF, 0x19, 0xDF, 0x19, 0xDF, 0x19, 0xDF, 0x19, 0xDF, 0x19, 0xDF, 0x19, 0xDF, 0x19, 0xDF, 0x19, 0xDF, 0x19, 0xDF, 0x19, 0xDF, 0x19,
    0xDF, 0x19, 0xDF, 0x19, 0xDF, 0x19, 0xDF, 0x19, 0xDF, 0x19, 0xDF, 0x19, 0xDF, 0x19, 0xDF, 0x19, 0xDF, 0x19, 0xDF, 0x19, 0xDF, 0x19, 0xDF, 0x19,
    0xDF, 0x19, 0xDF, 0x19, 0xDF, 0x19, 0xE7, 0x5A, 0x18, 0xC2, 0x08, 0x80, 0x10, 0x81, 0x10, 0xA1, 0x00, 0x20, 0xBD, 0x73, 0xFF, 0xB9, 0xFF, 0x37,
    0xFF, 0x58, 0xFF, 0x78, 0xFF, 0x78, 0xD6, 0x34, 0xF7, 0x37, 0xFF, 0x78, 0xFF, 0x57, 0xFF, 0x58, 0xFF, 0x57, 0xFF, 0x99, 0xD6, 0x34, 0xD6, 0x55,
    0xFF, 0x99, 0xFF, 0x57, 0xFF, 0x58, 0xFF, 0x58, 0xFF, 0x37, 0xFF, 0x58, 0xFF, 0xB9, 0xFF, 0xBA, 0xD6, 0x56, 0x31, 0x85, 0x08, 0x40, 0x10, 0xA1,
    0x10, 0xA1, 0x00, 0x40, 0x52, 0x25, 0xFF, 0x96, 0xDF, 0x19, 0xDF, 0x19, 0xDF, 0x19, 0xDF, 0x18, 0xDF, 0x18, 0xDF, 0x19, 0xDF, 0x19, 0xE7, 0x19,
    0xDF, 0x19, 0xEF, 0x7B, 0xED, 0xAF, 0xED, 0x6D, 0xED, 0x6D, 0xED, 0x8E, 0xF6, 0x53, 0xED, 0x6D, 0xED, 0x4D, 0xF5, 0x6D, 0xFF, 0x15, 0xED, 0xAF,
    0xED, 0x4D, 0xED, 0x4D, 0xF5, 0x6D, 0xFF, 0x15, 0xE7, 0x39, 0xDF, 0x19, 0xDF, 0x19, 0xDF, 0x19, 0xDF, 0x19, 0xDF, 0x19, 0xDF, 0x19, 0xE7, 0x19,
    0xDF, 0x19, 0xF7, 0x9C, 0xF5, 0xAE, 0xED, 0x4D, 0xED, 0xAF, 0xE7, 0x39, 0xDF, 0x19, 0xDF, 0x19, 0xDF, 0x19, 0xE7, 0x39, 0xF6, 0x11, 0xF5, 0x8D,
    0xF5, 0x8D, 0xFD, 0xCE, 0xF7, 0x9C, 0xDF, 0x19, 0xE7, 0x19, 0xDF, 0x19, 0xDF, 0x19, 0xDF, 0x19, 0xDF, 0x19, 0xDF, 0x19, 0xDF, 0x19, 0xDF, 0x19,
    0xE7, 0x19, 0xE7, 0x19, 0xE7, 0x19, 0xE7, 0x19, 0xE7, 0x19, 0xE7, 0x19, 0xE7, 0x19, 0xE7, 0x19, 0xE7, 0x39, 0xD7, 0x7E, 0xDF, 0xBF, 0xA6, 0x39,
    0x7D, 0x37, 0x85, 0x77, 0xCF, 0x3D, 0xE7, 0xDF, 0xAE, 0x5A, 0x7D, 0x16, 0x8D, 0x77, 0xD7, 0x3D, 0xE7, 0x9F, 0xB6, 0x7A, 0x85, 0x36, 0x95, 0xB8,
    0xD7, 0x7E, 0xE7, 0xBF, 0xAE, 0x5A, 0x75, 0x15, 0x85, 0x76, 0xD7, 0x5E, 0xDF, 0x7E, 0xDF, 0x7E, 0xE7, 0x9F, 0xA6, 0x19, 0x74, 0xF5, 0x7D, 0x36,
    0x7D, 0x15, 0x7D, 0x15, 0x74, 0xF5, 0xB6, 0x9A, 0xE7, 0xBF, 0xDF, 0x7E, 0xDF, 0x7E, 0xDF, 0x7E, 0xDF, 0x9F, 0xEF, 0xDF, 0xEF, 0xDF, 0xE7, 0xDF,
    0xE7, 0xDF, 0xEF, 0xBF, 0xE7, 0xBF, 0xEF, 0xBF, 0xEF, 0xBF, 0xEF, 0xBF, 0xEF, 0xBE, 0xE7, 0xBF, 0xE7, 0xBF, 0xE7, 0xBE, 0xE7, 0xBF, 0xDF, 0x7E,
    0xDF, 0x9E, 0xBE, 0xBB, 0xD6, 0xB9, 0xFF, 0x57, 0xFF, 0x37, 0xFF, 0x37, 0xFF, 0x37, 0xFF, 0x37, 0xFF, 0x37, 0xFF, 0x37, 0xFF, 0x37, 0xFF, 0x78,
    0x73, 0x4A, 0x10, 0x60, 0x7B, 0xAC, 0xFF, 0x78, 0xFF, 0x36, 0xFF, 0x37, 0xFF, 0x98, 0x94, 0x2E, 0x00, 0x20, 0x5A, 0xA8, 0xFF, 0x57, 0xFF, 0x16,
    0xFF, 0x17, 0xFF, 0x16, 0xFF, 0x36, 0xFF, 0x98, 0xEF, 0x7B, 0xE7, 0x19, 0xE7, 0x19, 0xE7, 0x19, 0xE7, 0x19, 0xE7, 0x19, 0xE7, 0x19, 0xE7, 0x19,
    0xE7, 0x19, 0xE7, 0x19, 0xE7, 0x19, 0xE7, 0x19, 0xE7, 0x19, 0xE7, 0x19, 0xE7, 0x19, 0xE7, 0x19, 0xE7, 0x19, 0xE7, 0x19, 0xE7, 0x19, 0xE7, 0x19,
    0xE7, 0x19, 0xE7, 0x19, 0xE7, 0x19, 0xE7, 0x19, 0xE7, 0x19, 0xE7, 0x19, 0xE7, 0x19, 0xE7, 0x19, 0xE7, 0x19, 0xE7, 0x19, 0xE7, 0x19, 0xE7, 0x19,
    0xE7, 0x19, 0xE7, 0x19, 0xE7, 0x19, 0xE7, 0x19, 0xE7, 0x19, 0xE7, 0x19, 0xE7, 0x19, 0xE7, 0x19, 0xE7, 0x19, 0xE7, 0x19, 0xE7, 0x19, 0xE7, 0x19,
    0xE7, 0x19, 0xE7, 0x19, 0xE7, 0x19, 0xE7, 0x19, 0xE7, 0x19, 0xE7, 0x19, 0xE7, 0x19, 0xE7, 0x19, 0xE7, 0x19, 0xE7, 0x19, 0xE7, 0x19, 0xE7, 0x19,
    0xE7, 0x19, 0xE7, 0x19, 0xE7, 0x19, 0xE7, 0x5A, 0x10, 0xA2, 0x08, 0x81, 0x10, 0x81, 0x08, 0x60, 0x21, 0x03, 0xF7, 0x18, 0xFF, 0x78, 0xFF, 0x57,
    0xFF, 0x58, 0xFF, 0x99, 0x73, 0x6B, 0x00, 0x20, 0x5A, 0x88, 0xFF, 0x78, 0xFF, 0x57, 0xFF, 0x37, 0xFF, 0xB9, 0xBD, 0x92, 0x10, 0x60, 0x18, 0xA1,
    0xCE, 0x14, 0xFF, 0x99, 0xFF, 0x37, 0xFF, 0x58, 0xFF, 0x58, 0xFF, 0x57, 0xFF, 0x37, 0xFF, 0x17, 0xFF, 0xFB, 0xAD, 0x12, 0x00, 0x00, 0x10, 0xA1,
    0x10, 0xA1, 0x00, 0x40, 0x52, 0x26, 0xF7, 0x9C, 0xE7, 0x18, 0xE7, 0x19, 0xE7, 0x19, 0xE7, 0x19, 0xE7, 0x19, 0xE7, 0x19, 0xE7, 0x19, 0xE7, 0x19,
    0xE7, 0x18, 0xE7, 0x19, 0xEF, 0x7B, 0xED, 0xAF, 0xED, 0x4D, 0xED, 0x6D, 0xED, 0x6D, 0xED, 0x6D, 0xED, 0x6D, 0xED, 0x6D, 0xF5, 0x8D, 0xED, 0x6D,
    0xED, 0x4D, 0xFD, 0x8D, 0xFE, 0xD4, 0xE7, 0x39, 0xE7, 0x18, 0xE7, 0x19, 0xE7, 0x19, 0xE7, 0x19, 0xE7, 0x19, 0xE7, 0x19, 0xE7, 0x19, 0xE7, 0x19,
    0xE7, 0x19, 0xEF, 0x7B, 0xF5, 0xCF, 0xED, 0x6D, 0xED, 0xAE, 0xEF, 0x5A, 0xE7, 0x19, 0xE7, 0x19, 0xE7, 0x19, 0xE7, 0x19, 0xFE, 0xF3, 0xF5, 0xAD,
    0xF5, 0x8D, 0xF5, 0xAD, 0xF7, 0xB8, 0xE7, 0x19, 0xE7, 0x19, 0xE7, 0x19, 0xE7, 0x19, 0xE7, 0x19, 0xE7, 0x19, 0xE7, 0x19, 0xE7, 0x19, 0xE7, 0x19,
    0xE7, 0x18, 0xE7, 0x18, 0xE7, 0x18, 0xE7, 0x18, 0xE7, 0x18, 0xE7, 0x18, 0xE7, 0x18, 0xE7, 0x18, 0xE7, 0x39, 0xD7, 0x7D, 0xDF, 0xBF, 0xA6, 0x39,
    0x7D, 0x36, 0x85, 0x76, 0xCF, 0x3D, 0xE7, 0xBF, 0xAE, 0x5A, 0x7D, 0x16, 0x8D, 0x76, 0xD7, 0x3D, 0xE7, 0xBE, 0xB6, 0x7A, 0x85, 0x36, 0x95, 0xB7,
    0xD7, 0x7E, 0xE7, 0xBF, 0xAE, 0x5A, 0x75, 0x15, 0x85, 0x76, 0xD7, 0x5D, 0xDF, 0x7E, 0xDF, 0x7D, 0xDF, 0x9E, 0xBE, 0xBB, 0xA6, 0x5A, 0xA6, 0x5A,
    0xA6, 0x5A, 0xA6, 0x5A, 0xA6, 0x5B, 0xC7, 0x1D, 0xDF, 0x9E, 0xDF, 0x7E, 0xDF, 0x7E, 0xDF, 0x9F, 0xCF, 0x3D, 0x8D, 0x97, 0x8D, 0x97, 0x8D, 0x97,
    0x95, 0x97, 0x95, 0x97, 0x95, 0x97, 0x95, 0x97, 0x95, 0x97, 0x8D, 0x97, 0x8D, 0x97, 0x8D, 0x97, 0x8D, 0x97, 0x8D, 0x97, 0x95, 0xB8, 0xD7, 0x5E,
    0xDF, 0x9E, 0xBE, 0xBB, 0xDE, 0xD8, 0xFF, 0x57, 0xFF, 0x37, 0xFF, 0x57, 0xFF, 0x57, 0xFF, 0x57, 0xFF, 0x57, 0xFF, 0x37, 0xFF, 0x98, 0xE6, 0xB6,
    0x18, 0x80, 0x10, 0x60, 0x20, 0xE2, 0xF6, 0xF7, 0xFF, 0x37, 0xFF, 0x37, 0xFF, 0x58, 0x31, 0x44, 0x08, 0x20, 0x10, 0x81, 0xE6, 0x75, 0xFF, 0x57,
    0xFF, 0x16, 0xFF, 0x16, 0xFF, 0x36, 0xFF, 0x98, 0xEF, 0x9C, 0xE7, 0x18, 0xE7, 0x19, 0xE7, 0x18, 0xE7, 0x18, 0xE7, 0x18, 0xE7, 0x18, 0xE7, 0x18,
    0xE7, 0x18, 0xE7, 0x18, 0xE7, 0x18, 0xE7, 0x18, 0xE7, 0x18, 0xE7, 0x18, 0xE7, 0x18, 0xE7, 0x18, 0xE7, 0x18, 0xE7, 0x18, 0xE7, 0x18, 0xE7, 0x18,
    0xE7, 0x18, 0xE7, 0x18, 0xE7, 0x18, 0xE7, 0x18, 0xE7, 0x18, 0xE7, 0x18, 0xE7, 0x18, 0xE7, 0x18, 0xE7, 0x18, 0xE7, 0x18, 0xE7, 0x18, 0xE7, 0x18,
    0xE7, 0x18, 0xE7, 0x18, 0xE7, 0x18, 0xE7, 0x18, 0xE7, 0x18, 0xE7, 0x18, 0xE7, 0x18, 0xE7, 0x18, 0xE7, 0x18, 0xE7, 0x18, 0xE7, 0x18, 0xE7, 0x18,
    0xE7, 0x18, 0xE7, 0x18, 0xE7, 0x18, 0xE7, 0x18, 0xE7, 0x18, 0xE7, 0x18, 0xE7, 0x18, 0xE7, 0x18, 0xE7, 0x18, 0xE7, 0x18, 0xE7, 0x18, 0xE7, 0x18,
    0xE7, 0x18, 0xE7, 0x19, 0xE7, 0x18, 0xE7, 0x5A, 0x10, 0xA2, 0x08, 0x81, 0x10, 0xA1, 0x00, 0x20, 0x42, 0x06, 0xFF, 0x99, 0xFF, 0x38, 0xFF, 0x58,
    0xFF, 0x98, 0xEE, 0xF7, 0x18, 0x81, 0x10, 0x60, 0x10, 0x81, 0xDE, 0x96, 0xFF, 0x98, 0xFF, 0x37, 0xFF, 0xFA, 0x6B, 0x09, 0x00, 0x00, 0x00, 0x00,
    0x8C, 0x2E, 0xFF, 0xD9, 0xFF, 0x37, 0xFF, 0x57, 0xFF, 0x58, 0xFF, 0x57, 0xFF, 0x57, 0xFF, 0x37, 0xFF, 0x98, 0xDE, 0x96, 0x10, 0xA1, 0x10, 0x81,
    0x10, 0xA1, 0x08, 0x40, 0x4A, 0x06, 0xEF, 0x5B, 0xE7, 0x18, 0xE7, 0x18, 0xE7, 0x18, 0xE7, 0x18, 0xE7, 0x18, 0xE7, 0x18, 0xE7, 0x18, 0xE7, 0x18,
    0xE7, 0x18, 0xE7, 0x19, 0xE7, 0x18, 0xEF, 0x7B, 0xED, 0xCF, 0xED, 0x6D, 0xED, 0x6D, 0xED, 0x6D, 0xED, 0x6D, 0xED, 0x6D, 0xED, 0x6D, 0xED, 0x8D,
    0xF5, 0x8E, 0xFF, 0x97, 0xE7, 0x19, 0xE7, 0x18, 0xE7, 0x18, 0xE7, 0x18, 0xE7, 0x18, 0xE7, 0x18, 0xE7, 0x18, 0xE7, 0x18, 0xE7, 0x18, 0xE7, 0x18,
    0xE7, 0x18, 0xE7, 0x39, 0xED, 0xAF, 0xED, 0x4D, 0xF5, 0xAE, 0xEF, 0x5B, 0xE7, 0x18, 0xE7, 0x18, 0xE7, 0x18, 0xE6, 0xF8, 0xF7, 0x96, 0xF5, 0x6C,
    0xF5, 0x8C, 0xF5, 0xAD, 0xFF, 0x76, 0xE7, 0x18, 0xE7, 0x18, 0xE7, 0x18, 0xE7, 0x18, 0xE7, 0x18, 0xE7, 0x18, 0xE7, 0x18, 0xE7, 0x18, 0xE7, 0x18,
    0xE7, 0x18, 0xE7, 0x18, 0xE7, 0x18, 0xE7, 0x18, 0xE7, 0x18, 0xE7, 0x18, 0xE7, 0x18, 0xE7, 0x18, 0xE7, 0x39, 0xDF, 0x7E, 0xDF, 0xBF, 0xA6, 0x39,
    0x7D, 0x37, 0x85, 0x77, 0xCF, 0x3D, 0xE7, 0xBF, 0xAE, 0x59, 0x7D, 0x36, 0x8D, 0x77, 0xD7, 0x3D, 0xE7, 0x9F, 0xB6, 0x7A, 0x85, 0x36, 0x95, 0xB8,
    0xD7, 0x7D, 0xE7, 0xBF, 0xA6, 0x59, 0x74, 0xF5, 0x85, 0x77, 0xD7, 0x5E, 0xDF, 0x7E, 0xDF, 0x7E, 0xE7, 0x9F, 0xAE, 0x59, 0x85, 0x76, 0x8D, 0x97,
    0x8D, 0x77, 0x8D, 0x77, 0x85, 0x56, 0xBE, 0xBB, 0xE7, 0x9F, 0xDF, 0x7E, 0xDF, 0x7E, 0xDF, 0x9F, 0xC7, 0x1D, 0x6C, 0xD5, 0x74, 0xF5, 0x74, 0xF5,
    0x74, 0xF5, 0x74, 0xF5, 0x74, 0xF5, 0x74, 0xF5, 0x74, 0xF5, 0x74, 0xF5, 0x74, 0xF5, 0x74, 0xF5, 0x74, 0xF5, 0x6C, 0xF5, 0x7D, 0x56, 0xD7, 0x5D,
    0xDF, 0x9E, 0xBE, 0xBB, 0xE6, 0xF8, 0xFF, 0x57, 0xFF, 0x37, 0xFF, 0x57, 0xFF, 0x57, 0xFF, 0x58, 0xFF, 0x57, 0xFF, 0x57, 0xFF, 0x58, 0xFF, 0x99,
    0x6B, 0x0A, 0x08, 0x20, 0x6B, 0x2A, 0xFF, 0x78, 0xFF, 0x37, 0xFF, 0x36, 0xFF, 0x99, 0x8C, 0x0E, 0x10, 0x61, 0x6A, 0xE9, 0xFF, 0x38, 0xFF, 0x36,
    0xFF, 0x16, 0xFF, 0x16, 0xFF, 0x36, 0xFF, 0x98, 0xF7, 0x9C, 0xE7, 0x18, 0xE7, 0x19, 0xE7, 0x18, 0xE7, 0x18, 0xE7, 0x18, 0xE7, 0x18, 0xE7, 0x18,
    0xE7, 0x18, 0xE7, 0x18, 0xE7, 0x18, 0xE7, 0x18, 0xE7, 0x18, 0xE7, 0x18, 0xE7, 0x18, 0xE7, 0x18, 0xE7, 0x18, 0xE7, 0x18, 0xE7, 0x18, 0xE7, 0x18,
    0xE7, 0x18, 0xE7, 0x18, 0xE7, 0x18, 0xE7, 0x18, 0xE7, 0x18, 0xE7, 0x18, 0xE7, 0x18, 0xE7, 0x18, 0xE7, 0x18, 0xE7, 0x18, 0xE7, 0x18, 0xE7, 0x18,
    0xE7, 0x18, 0xE7, 0x18, 0xE7, 0x18, 0xE7, 0x18, 0xE7, 0x18, 0xE7, 0x18, 0xE7, 0x18, 0xE7, 0x18, 0xE7, 0x18, 0xE7, 0x18, 0xE7, 0x18, 0xE7, 0x18,
    0xE7, 0x18, 0xE7, 0x18, 0xE7, 0x18, 0xE7, 0x18, 0xE7, 0x18, 0xE7, 0x18, 0xE7, 0x18, 0xE7, 0x18, 0xE7, 0x18, 0xE7, 0x18, 0xE7, 0x18, 0xE7, 0x18,
    0xE7, 0x18, 0xE7, 0x19, 0xE7, 0x18, 0xE7, 0x3A, 0x10, 0xA2, 0x08, 0x81, 0x10, 0xA1, 0x00, 0x00, 0x52, 0x88, 0xFF, 0xB9, 0xFF, 0x37, 0xFF, 0x58,
    0xFF, 0x58, 0xFF, 0x9A, 0x63, 0x0A, 0x08, 0x20, 0x52, 0x68, 0xF7, 0x58, 0xFF, 0x57, 0xFF, 0x57, 0xFF, 0xD9, 0xBD, 0x93, 0x10, 0x61, 0x18, 0xC2,
    0xCE, 0x14, 0xFF, 0x79, 0xFF, 0x37, 0xFF, 0x57, 0xFF, 0x58, 0xFF, 0x57, 0xFF, 0x57, 0xFF, 0x37, 0xFF, 0x78, 0xEF, 0x18, 0x21, 0x24, 0x08, 0x60,
    0x10, 0xA1, 0x08, 0x40, 0x39, 0x84, 0xFF, 0x35, 0xFE, 0xF4, 0xFE, 0xF4, 0xFE, 0xD4, 0xFE, 0xD4, 0xFE, 0xD4, 0xFE, 0xD4, 0xFE, 0xD4, 0xFE, 0xF4,
    0xFE, 0xF4, 0xFE, 0xF4, 0xFE, 0xD4, 0xFF, 0x35, 0xED, 0xCF, 0xED, 0x6D, 0xED, 0x6D, 0xED, 0x6D, 0xED, 0x6D, 0xED, 0x6D, 0xED, 0x6D, 0xED, 0x6D,
    0xF5, 0xAE, 0xFF, 0x15, 0xF7, 0xB8, 0xF7, 0xB7, 0xF7, 0xB7, 0xF7, 0x96, 0xF7, 0x96, 0xF7, 0x96, 0xF7, 0x76, 0xF7, 0xB7, 0xF7, 0xB6, 0xF7, 0xB7,
    0xF7, 0x97, 0xFF, 0x97, 0xE5, 0x8E, 0xED, 0x4C, 0xED, 0x6D, 0xFE, 0xF4, 0xF7, 0x99, 0xF7, 0xBA, 0xF7, 0xBD, 0xFF, 0xDE, 0xFF, 0xFD, 0xF7, 0x9A,
    0xED, 0xF0, 0xF5, 0x8C, 0xFE, 0xF4, 0xDF, 0x18, 0xE7, 0x18, 0xE7, 0x18, 0xE7, 0x18, 0xE7, 0x18, 0xE7, 0x18, 0xE7, 0x18, 0xE7, 0x18, 0xE7, 0x18,
    0xE7, 0x18, 0xE7, 0x18, 0xE7, 0x18, 0xE7, 0x18, 0xE7, 0x18, 0xE7, 0x18, 0xE7, 0x18, 0xE7, 0x18, 0xE7, 0x39, 0xD7, 0x5D, 0xDF, 0x9F, 0xA6, 0x39,
    0x7D, 0x36, 0x85, 0x77, 0xCF, 0x3D, 0xE7, 0xBE, 0xAE, 0x5A, 0x7D, 0x36, 0x8D, 0x76, 0xD7, 0x3D, 0xE7, 0x9E, 0xB6, 0x7A, 0x85, 0x36, 0x95, 0xB8,
    0xD7, 0x5E, 0xE7, 0xBF, 0xA6, 0x59, 0x74, 0xF5, 0x8D, 0x76, 0xDF, 0x7E, 0xDF, 0x7E, 0xDF, 0x7E, 0xE7, 0xBF, 0x9D, 0xD8, 0x6C, 0xB3, 0x74, 0xD4,
    0x74, 0xD4, 0x74, 0xD4, 0x6C, 0x93, 0xB6, 0x7A, 0xE7, 0xBF, 0xDF, 0x7E, 0xDF, 0x7E, 0xDF, 0x9E, 0xCF, 0x3D, 0x8D, 0x97, 0x8D, 0x97, 0x8D, 0x97,
    0x8D, 0x97, 0x8D, 0x97, 0x8D, 0x97, 0x8D, 0x77, 0x8D, 0x97, 0x8D, 0x97, 0x8D, 0x97, 0x8D, 0x97, 0x8D, 0x97, 0x8D, 0x97, 0x95, 0xB8, 0xD7, 0x5E,
    0xDF, 0x9E, 0xBE, 0xBB, 0xE6, 0xF9, 0xFF, 0x77, 0xFF, 0x57, 0xFF, 0x57, 0xFF, 0x57, 0xFF, 0x57, 0xFF, 0x58, 0xFF, 0x58, 0xFF, 0x58, 0xFF, 0x78,
    0xFF, 0x79, 0xD6, 0x55, 0xFF, 0x58, 0xFF, 0x57, 0xFF, 0x37, 0xFF, 0x37, 0xFF, 0x57, 0xFF, 0x79, 0xE6, 0x96, 0xFF, 0x37, 0xFF, 0x57, 0xFF, 0x37,
    0xFF, 0x36, 0xFF, 0x16, 0xFF, 0x36, 0xFF, 0x98, 0xF7, 0x9C, 0xE7, 0x18, 0xE7, 0x19, 0xE7, 0x18, 0xE7, 0x18, 0xE7, 0x18, 0xE7, 0x18, 0xE7, 0x18,
    0xE7, 0x18, 0xE7, 0x18, 0xE7, 0x18, 0xE7, 0x18, 0xE7, 0x18, 0xE7, 0x18, 0xE7, 0x18, 0xE7, 0x18, 0xE7, 0x18, 0xE7, 0x18, 0xE7, 0x18, 0xE7, 0x18,
    0xE7, 0x18, 0xE7, 0x18, 0xE7, 0x18, 0xE7, 0x18, 0xE7, 0x18, 0xE7, 0x18, 0xE7, 0x18, 0xE7, 0x18, 0xE7, 0x18, 0xE7, 0x18, 0xE7, 0x18, 0xE7, 0x18,
    0xE7, 0x18, 0xE7, 0x18, 0xE7, 0x18, 0xE7, 0x18, 0xE7, 0x18, 0xE7, 0x18, 0xE7, 0x18, 0xE7, 0x18, 0xE7, 0x18, 0xE7, 0x18, 0xE7, 0x18, 0xE7, 0x18,
    0xE7, 0x18, 0xE7, 0x18, 0xE7, 0x18, 0xE7, 0x18, 0xE7, 0x18, 0xE7, 0x18, 0xE7, 0x18, 0xE7, 0x18, 0xE7, 0x18, 0xE7, 0x18, 0xE7, 0x18, 0xE7, 0x18,
    0xE7, 0x18, 0xE7, 0x19, 0xE7, 0x18, 0xE7, 0x5A, 0x10, 0xC2, 0x08, 0x81, 0x10, 0xA1, 0x00, 0x00, 0x5A, 0xC9, 0xFF, 0xDA, 0xFF, 0x37, 0xFF, 0x58,
    0xFF, 0x58, 0xFF, 0x79, 0xFF, 0x79, 0xD6, 0x56, 0xF7, 0x38, 0xFF, 0x78, 0xFF, 0x57, 0xFF, 0x58, 0xFF, 0x78, 0xFF, 0xBA, 0xDE, 0x96, 0xE6, 0xB6,
    0xFF, 0x98, 0xFF, 0x58, 0xFF, 0x58, 0xFF, 0x57, 0xFF, 0x57, 0xFF, 0x57, 0xFF, 0x57, 0xFF, 0x37, 0xFF, 0x58, 0xF7, 0x38, 0x29, 0x44, 0x08, 0x60,
    0x10, 0xA1, 0x08, 0x41, 0x31, 0x63, 0xF5, 0xCE, 0xF5, 0x8D, 0xF5, 0x8D, 0xF5, 0x8D, 0xED, 0x6D, 0xED, 0x6D, 0xED, 0x6D, 0xED, 0x6D, 0xF5, 0x6D,
    0xF5, 0x6D, 0xF5, 0x6D, 0xF5, 0x8D, 0xF5, 0x8D, 0xED, 0x6D, 0xED, 0x8D, 0xED, 0x6E, 0xED, 0x6D, 0xED, 0x6D, 0xED, 0x6D, 0xED, 0x6E, 0xED, 0x6D,
    0xED, 0x6D, 0xF5, 0x6D, 0xF5, 0xAE, 0xF5, 0x8D, 0xF5, 0x8E, 0xF5, 0x8E, 0xF5, 0x8E, 0xF5, 0x8E, 0xF5, 0x8D, 0xF5, 0x8E, 0xF5, 0xAE, 0xF5, 0xAE,
    0xF5, 0xAE, 0xF5, 0x8D, 0xED, 0x4D, 0xED, 0x4D, 0xED, 0x4D, 0xF5, 0x6D, 0xF5, 0x6D, 0xFF, 0x38, 0xFF, 0xFF, 0xE4, 0x91, 0xDA, 0x69, 0xE5, 0x54,
    0xFF, 0xFE, 0xED, 0xAF, 0xFE, 0x52, 0xE7, 0x19, 0xE7, 0x18, 0xE7, 0x18, 0xE7, 0x18, 0xE7, 0x18, 0xE7, 0x18, 0xE7, 0x18, 0xE7, 0x18, 0xE7, 0x18,
    0xE7, 0x18, 0xE7, 0x18, 0xE7, 0x18, 0xE7, 0x18, 0xE7, 0x18, 0xE7, 0x18, 0xE7, 0x18, 0xE7, 0x18, 0xE7, 0x39, 0xDF, 0x5E, 0xDF, 0x9F, 0xA6, 0x39,
    0x7D, 0x36, 0x85, 0x77, 0xCF, 0x3D, 0xE7, 0xBE, 0xAE, 0x5A, 0x7D, 0x35, 0x8D, 0x97, 0xD7, 0x3D, 0xE7, 0x9E, 0xB6, 0x7A, 0x85, 0x36, 0x95, 0xB8,
    0xD7, 0x7E, 0xE7, 0xBF, 0xAE, 0x59, 0x75, 0x15, 0x8D, 0x76, 0xD7, 0x7E, 0xDF, 0x9E, 0xDF, 0x7E, 0xDF, 0x9E, 0xB6, 0x7A, 0x95, 0xD8, 0x9D, 0xF9,
    0x9D, 0xF9, 0x9E, 0x19, 0x9D, 0xF9, 0xC6, 0xFC, 0xDF, 0x9E, 0xDF, 0x7E, 0xDF, 0x7E, 0xDF, 0x7E, 0xDF, 0x9E, 0xE7, 0xBF, 0xE7, 0xBE, 0xE7, 0xBF,
    0xE7, 0x9E, 0xDF, 0x9E, 0xDF, 0x9E, 0xDF, 0x7E, 0xDF, 0x7E, 0xDF, 0x9E, 0xE7, 0x9E, 0xE7, 0x9E, 0xE7, 0x9E, 0xE7, 0x9E, 0xE7, 0x9E, 0xDF, 0x7E,
    0xDF, 0x9E, 0xBE, 0x9B, 0xDE, 0xD8, 0xFF, 0x78, 0xFF, 0x57, 0xFF, 0x57, 0xFF, 0x57, 0xFF, 0x57, 0xFF, 0x58, 0xFF, 0x58, 0xFF, 0x58, 0xFF, 0x58,
    0xFF, 0x58, 0xFF, 0x99, 0xFF, 0x58, 0xFF, 0x37, 0xFF, 0x57, 0xFF, 0x57, 0xFF, 0x57, 0xFF, 0x37, 0xFF, 0x58, 0xFF, 0x37, 0xFF, 0x37, 0xFF, 0x36,
    0xFF, 0x36, 0xFF, 0x16, 0xFF, 0x36, 0xFF, 0x98, 0xEF, 0x7B, 0xE7, 0x18, 0xE7, 0x19, 0xE7, 0x18, 0xE7, 0x18, 0xE7, 0x18, 0xE7, 0x18, 0xE7, 0x18,
    0xE7, 0x18, 0xE7, 0x18, 0xE7, 0x18, 0xE7, 0x18, 0xE7, 0x18, 0xE7, 0x18, 0xE7, 0x18, 0xE7, 0x18, 0xE7, 0x18, 0xE7, 0x18, 0xE7, 0x18, 0xE7, 0x18,
    0xE7, 0x18, 0xE7, 0x18, 0xE7, 0x18, 0xE7, 0x18, 0xE7, 0x18, 0xE7, 0x18, 0xE7, 0x18, 0xE7, 0x18, 0xE7, 0x18, 0xE7, 0x18, 0xE7, 0x18, 0xE7, 0x18,
    0xE7, 0x18, 0xE7, 0x18, 0xE7, 0x18, 0xE7, 0x18, 0xE7, 0x18, 0xE7, 0x18, 0xE7, 0x18, 0xE7, 0x18, 0xE7, 0x18, 0xE7, 0x18, 0xE7, 0x18, 0xE7, 0x18,
    0xE7, 0x18, 0xE7, 0x18, 0xE7, 0x18, 0xE7, 0x18, 0xE7, 0x18, 0xE7, 0x18, 0xE7, 0x18, 0xE7, 0x18, 0xE7, 0x18, 0xE7, 0x18, 0xE7, 0x18, 0xE7, 0x18,
    0xE7, 0x18, 0xE7, 0x19, 0xE7, 0x18, 0xE7, 0x3A, 0x10, 0xC2, 0x08, 0x81, 0x10, 0xA1, 0x00, 0x20, 0x52, 0x68, 0xFF, 0xB9, 0xFF, 0x38, 0xFF, 0x58,
    0xFF, 0x58, 0xFF, 0x58, 0xFF, 0x58, 0xFF, 0x99, 0xFF, 0x58, 0xFF, 0x37, 0xFF, 0x58, 0xFF, 0x57, 0xFF, 0x57, 0xFF, 0x57, 0xFF, 0x98, 0xFF, 0x78,
    0xFF, 0x57, 0xFF, 0x58, 0xFF, 0x57, 0xFF, 0x57, 0xFF, 0x57, 0xFF, 0x57, 0xFF, 0x37, 0xFF, 0x37, 0xFF, 0x78, 0xE6, 0xD8, 0x18, 0xE2, 0x08, 0x61,
    0x10, 0xA1, 0x08, 0x41, 0x31, 0x63, 0xED, 0x8E, 0xED, 0x4D, 0xED, 0x6D, 0xED, 0x4D, 0xED, 0x4C, 0xED, 0x4C, 0xED, 0x4C, 0xED, 0x4C, 0xED, 0x4C,
    0xED, 0x4C, 0xED, 0x4C, 0xED, 0x6C, 0xF5, 0x6D, 0xED, 0x6D, 0xED, 0x8D, 0xED, 0x6E, 0xED, 0x6E, 0xED, 0x8E, 0xED, 0x8D, 0xED, 0x6D, 0xED, 0x6D,
    0xED, 0x6D, 0xF5, 0x6D, 0xED, 0x6D, 0xED, 0x4C, 0xE5, 0x4D, 0xE5, 0x4C, 0xE5, 0x4C, 0xE5, 0x4D, 0xE5, 0x2C, 0xED, 0x4D, 0xE5, 0x4D, 0xED, 0x4C,
    0xED, 0x4D, 0xED, 0x4C, 0xED, 0x6C, 0xED, 0x4D, 0xED, 0x6D, 0xED, 0x4C, 0xED, 0x8F, 0xF7, 0xFE, 0xE4, 0x6F, 0xE0, 0x81, 0xF0, 0xE3, 0xE0, 0xC2,
    0xEE, 0x58, 0xF7, 0x37, 0xF6, 0x10, 0xE7, 0x19, 0xE7, 0x18, 0xE7, 0x18, 0xE7, 0x18, 0xE7, 0x18, 0xE7, 0x18, 0xE7, 0x18, 0xE7, 0x18, 0xE7, 0x18,
    0xE7, 0x18, 0xE7, 0x18, 0xE7, 0x18, 0xE7, 0x18, 0xE7, 0x18, 0xE7, 0x18, 0xE7, 0x18, 0xE7, 0x18, 0xE7, 0x39, 0xD7, 0x7D, 0xDF, 0x9F, 0xA6, 0x39,
    0x7D, 0x36, 0x85, 0x77, 0xCF, 0x3C, 0xE7, 0xBE, 0xAE, 0x59, 0x7D, 0x36, 0x8D, 0x97, 0xD7, 0x3D, 0xE7, 0x9E, 0xB6, 0x7A, 0x85, 0x56, 0x95, 0xB7,
    0xD7, 0x7E, 0xE7, 0xBF, 0xAE, 0x5A, 0x75, 0x15, 0x8D, 0x77, 0xD7, 0x5D, 0xDF, 0x7E, 0xDF, 0x7E, 0xDF, 0x9E, 0xB6, 0x9B, 0x9D, 0xF9, 0x9E, 0x19,
    0x9E, 0x19, 0xA6, 0x39, 0x9E, 0x19, 0xC6, 0xFB, 0xDF, 0x7E, 0xDF, 0x7E, 0xDF, 0x7E, 0xDF, 0x7E, 0xDF, 0x7E, 0xCF, 0x1D, 0xCF, 0x1D, 0xCF, 0x1D,
    0xCF, 0x1D, 0xCF, 0x1C, 0xCF, 0x1C, 0xCF, 0x1C, 0xCF, 0x1C, 0xCF, 0x1C, 0xCF, 0x1C, 0xCF, 0x1C, 0xCE, 0xFC, 0xCE, 0xFC, 0xCF, 0x1C, 0xDF, 0x7E,
    0xDF, 0x9E, 0xBE, 0x9B, 0xCE, 0x98, 0xFF, 0x78, 0xFF, 0x58, 0xFF, 0x57, 0xFF, 0x57, 0xFF, 0x57, 0xFF, 0x57, 0xFF, 0x58, 0xFF, 0x58, 0xFF, 0x78,
    0xFF, 0xD9, 0xFF, 0x78, 0xFF, 0x57, 0xFF, 0x57, 0xFF, 0x57, 0xFF, 0x37, 0xFF, 0x37, 0xFF, 0x98, 0xFF, 0x37, 0xFF, 0x37, 0xFF, 0x36, 0xFF, 0x37,
    0xFF, 0x36, 0xFF, 0x16, 0xFF, 0x16, 0xFF, 0x78, 0xEF, 0x5A, 0xE7, 0x18, 0xE7, 0x18, 0xE7, 0x18, 0xE7, 0x18, 0xE7, 0x18, 0xE7, 0x18, 0xE7, 0x18,
    0xE7, 0x18, 0xE7, 0x18, 0xE7, 0x18, 0xE7, 0x18, 0xE7, 0x18, 0xE7, 0x18, 0xE7, 0x18, 0xE7, 0x18, 0xE7, 0x18, 0xE7, 0x18, 0xE7, 0x18, 0xE7, 0x18,
    0xE7, 0x18, 0xE7, 0x18, 0xE7, 0x18, 0xE7, 0x18, 0xE7, 0x18, 0xE7, 0x18, 0xE7, 0x18, 0xE7, 0x18, 0xE7, 0x18, 0xE7, 0x18, 0xE7, 0x18, 0xE7, 0x18,
    0xE7, 0x18, 0xE7, 0x18, 0xE7, 0x18, 0xE7, 0x18, 0xE7, 0x18, 0xE7, 0x18, 0xE7, 0x18, 0xE7, 0x18, 0xE7, 0x18, 0xE7, 0x18, 0xE7, 0x18, 0xE7, 0x18,
    0xE7, 0x18, 0xE7, 0x18, 0xE7, 0x18, 0xE7, 0x18, 0xE7, 0x18, 0xE7, 0x18, 0xE7, 0x18, 0xE7, 0x18, 0xE7, 0x18, 0xE7, 0x18, 0xE7, 0x18, 0xE7, 0x18,
    0xE7, 0x18, 0xE7, 0x18, 0xE7, 0x18, 0xEF, 0x3A, 0x10, 0xA2, 0x08, 0x81, 0x10, 0xA1, 0x00, 0x40, 0x31, 0x84, 0xFF, 0x79, 0xFF, 0x58, 0xFF, 0x58,
    0xFF, 0x58, 0xFF, 0x58, 0xFF, 0x58, 0xFF, 0x37, 0xFF, 0xB9, 0xFF, 0x98, 0xFF, 0x57, 0xFF, 0x57, 0xFF, 0x16, 0xFF, 0x78, 0xFF, 0x57, 0xFF, 0xB9,
    0xFF, 0x78, 0xFF, 0x57, 0xFF, 0x57, 0xFF, 0x58, 0xFF, 0x57, 0xFF, 0x57, 0xFF, 0x57, 0xFF, 0x37, 0xFF, 0xB9, 0xC5, 0xD4, 0x08, 0x40, 0x10, 0x81,
    0x10, 0xA1, 0x00, 0x40, 0x39, 0x84, 0xF6, 0x31, 0xF6, 0x31, 0xF6, 0x31, 0xF6, 0x11, 0xF6, 0x10, 0xF5, 0xF0, 0xED, 0xF0, 0xED, 0xF0, 0xEE, 0x10,
    0xF6, 0x10, 0xF6, 0x10, 0xF5, 0xF0, 0xFE, 0x51, 0xED, 0x8E, 0xED, 0x6D, 0xED, 0x8D, 0xED, 0x8E, 0xED, 0x8E, 0xED, 0x6D, 0xED, 0x6D, 0xED, 0x6D,
    0xED, 0x8E, 0xFE, 0x92, 0xF6, 0x31, 0xEE, 0x11, 0xEE, 0x11, 0xED, 0xF1, 0xED, 0xF0, 0xED, 0xF0, 0xED, 0xD0, 0xED, 0xF0, 0xED, 0xF0, 0xED, 0xCF,
    0xED, 0xAF, 0xE5, 0x8F, 0xED, 0x6E, 0xED, 0x6C, 0xED, 0x4D, 0xF5, 0x8D, 0xDD, 0xF1, 0xF7, 0xFE, 0xE2, 0x68, 0xF1, 0x03, 0xE9, 0xA5, 0xE8, 0xA2,
    0xE5, 0x34, 0xF7, 0xBA, 0xED, 0xF0, 0xE7, 0x19, 0xE7, 0x18, 0xE7, 0x18, 0xE7, 0x18, 0xE7, 0x18, 0xE7, 0x18, 0xE7, 0x18, 0xE7, 0x18, 0xE7, 0x18,
    0xE7, 0x18, 0xE7, 0x18, 0xE7, 0x18, 0xE7, 0x18, 0xE7, 0x18, 0xE7, 0x18, 0xE7, 0x18, 0xE7, 0x18, 0xE7, 0x39, 0xDF, 0x7D, 0xDF, 0x9F, 0xA6, 0x3A,
    0x7D, 0x36, 0x85, 0x77, 0xCF, 0x3D, 0xE7, 0xBE, 0xAE, 0x5A, 0x7D, 0x36, 0x8D, 0x97, 0xD7, 0x3D, 0xE7, 0x9E, 0xB6, 0x9B, 0x85, 0x56, 0x95, 0xB7,
    0xD7, 0x7E, 0xE7, 0xBF, 0xAE, 0x3A, 0x75, 0x15, 0x85, 0x76, 0xD7, 0x5D, 0xDF, 0x7E, 0xDF, 0x7E, 0xE7, 0xBF, 0x9D, 0xF8, 0x6C, 0x93, 0x74, 0xD4,
    0x74, 0xD4, 0x74, 0xF5, 0x74, 0xB4, 0xAE, 0x5A, 0xDF, 0x9E, 0xDF, 0x7E, 0xDF, 0x7E, 0xDF, 0x9F, 0xCF, 0x1C, 0x74, 0xF4, 0x7D, 0x15, 0x7D, 0x15,
    0x7D, 0x15, 0x7D, 0x15, 0x7D, 0x35, 0x7D, 0x35, 0x7D, 0x35, 0x7D, 0x35, 0x7D, 0x15, 0x7D, 0x15, 0x7D, 0x15, 0x74, 0xF5, 0x7D, 0x35, 0xD7, 0x5D,
    0xE7, 0x9E, 0xBE, 0x9B, 0xB6, 0x18, 0xFF, 0x79, 0xFF, 0x57, 0xFF, 0x57, 0xFF, 0x58, 0xFF, 0x57, 0xFF, 0x57, 0xFF, 0x57, 0xFF, 0x58, 0xFF, 0x58,
    0xC5, 0xB2, 0xEF, 0x17, 0xFF, 0x98, 0xFF, 0x57, 0xFF, 0x57, 0xFF, 0x57, 0xFF, 0x78, 0xD6, 0x13, 0xF7, 0x16, 0xFF, 0x37, 0xFF, 0x37, 0xFF, 0x37,
    0xFF, 0x36, 0xFF, 0x16, 0xFF, 0x36, 0xFF, 0x58, 0xE7, 0x39, 0xE7, 0x18, 0xE7, 0x18, 0xE7, 0x18, 0xE7, 0x18, 0xE7, 0x18, 0xE7, 0x18, 0xE7, 0x18,
    0xE7, 0x18, 0xE7, 0x18, 0xE7, 0x18, 0xE7, 0x18, 0xE7, 0x18, 0xE7, 0x18, 0xE7, 0x18, 0xE7, 0x18, 0xE7, 0x18, 0xE7, 0x18, 0xE7, 0x18, 0xE7, 0x18,
    0xE7, 0x18, 0xE7, 0x18, 0xE7, 0x18, 0xE7, 0x18, 0xE7, 0x18, 0xE7, 0x18, 0xE7, 0x18, 0xE7, 0x18, 0xE7, 0x18, 0xE7, 0x18, 0xE7, 0x18, 0xE7, 0x18,
    0xE7, 0x18, 0xE7, 0x18, 0xE7, 0x18, 0xE7, 0x18, 0xE7, 0x18, 0xE7, 0x18, 0xE7, 0x18, 0xE7, 0x18, 0xE7, 0x18, 0xE7, 0x18, 0xE7, 0x18, 0xE7, 0x18,
    0xE7, 0x18, 0xE7, 0x18, 0xE7, 0x18, 0xE7, 0x18, 0xE7, 0x18, 0xE7, 0x18, 0xE7, 0x18, 0xE7, 0x18, 0xE7, 0x18, 0xE7, 0x18, 0xE7, 0x18, 0xE7, 0x18,
    0xE7, 0x18, 0xE7, 0x18, 0xE7, 0x18, 0xEF, 0x39, 0x10, 0xA2, 0x08, 0x81, 0x08, 0x81, 0x08, 0x81, 0x10, 0x61, 0xD6, 0x55, 0xFF, 0x99, 0xFF, 0x38,
    0xFF, 0x58, 0xFF, 0x58, 0xFF, 0x58, 0xFF, 0x79, 0xC5, 0xB2, 0xD6, 0x54, 0xFF, 0xB9, 0xFF, 0x58, 0xFF, 0x78, 0xFF, 0x57, 0xFF, 0x78, 0xCE, 0x14,
    0xF7, 0x37, 0xFF, 0x58, 0xFF, 0x57, 0xFF, 0x58, 0xFF, 0x58, 0xFF, 0x57, 0xFF, 0x58, 0xFF, 0x37, 0xFF, 0xFB, 0x83, 0xCD, 0x00, 0x00, 0x10, 0xA1,
    0x10, 0xA1, 0x00, 0x60, 0x41, 0xC5, 0xEF, 0x7B, 0xE7, 0x39, 0xE7, 0x39, 0xE7, 0x39, 0xE7, 0x39, 0xE7, 0x39, 0xE7, 0x39, 0xE7, 0x39, 0xE7, 0x39,
    0xE7, 0x39, 0xE7, 0x39, 0xE7, 0x19, 0xF7, 0x9C, 0xF5, 0xD0, 0xF5, 0x8E, 0xED, 0x8E, 0xED, 0x8D, 0xED, 0x8D, 0xED, 0x8D, 0xED, 0x8E, 0xED, 0x8D,
    0xFD, 0xAF, 0xF7, 0xBC, 0xE7, 0x19, 0xE7, 0x39, 0xE7, 0x39, 0xE7, 0x39, 0xE7, 0x39, 0xE7, 0x39, 0xE7, 0x39, 0xE7, 0x39, 0xE7, 0x39, 0xE7, 0x39,
    0xE7, 0x39, 0xEF, 0x5A, 0xF6, 0x10, 0xED, 0x4C, 0xF5, 0xAE, 0xF7, 0x9C, 0xE7, 0x3A, 0xFF, 0xFE, 0xED, 0x94, 0xE0, 0xE2, 0xE8, 0xC1, 0xD9, 0xC5,
    0xF7, 0x7D, 0xF6, 0xF6, 0xF6, 0x30, 0xE7, 0x18, 0xE7, 0x18, 0xE7, 0x18, 0xE7, 0x18, 0xE7, 0x18, 0xE7, 0x18, 0xE7, 0x18, 0xE7, 0x18, 0xE7, 0x18,
    0xE7, 0x18, 0xE7, 0x18, 0xE7, 0x18, 0xE7, 0x18, 0xE7, 0x18, 0xE7, 0x18, 0xE7, 0x18, 0xE7, 0x18, 0xE7, 0x39, 0xD7, 0x5D, 0xDF, 0x9E, 0xA6, 0x59,
    0x7D, 0x36, 0x85, 0x77, 0xCF, 0x3D, 0xE7, 0xBE, 0xAE, 0x59, 0x7D, 0x36, 0x8D, 0x97, 0xD7, 0x3D, 0xE7, 0x9E, 0xB6, 0x9B, 0x85, 0x56, 0x95, 0xB8,
    0xD7, 0x7E, 0xE7, 0xBF, 0xAE, 0x39, 0x75, 0x15, 0x85, 0x77, 0xD7, 0x5D, 0xDF, 0x7E, 0xDF, 0x7E, 0xE7, 0x9F, 0xA6, 0x18, 0x74, 0xD4, 0x85, 0x16,
    0x7D, 0x15, 0x7D, 0x35, 0x7D, 0x15, 0xB6, 0x7A, 0xDF, 0x9F, 0xDF, 0x7E, 0xDF, 0x7E, 0xDF, 0x9F, 0xCF, 0x1C, 0x6C, 0xB3, 0x6C, 0xD4, 0x6C, 0xD4,
    0x74, 0xD4, 0x74, 0xD4, 0x74, 0xD4, 0x6C, 0xF4, 0x6C, 0xD4, 0x6C, 0xD4, 0x6C, 0xD4, 0x6C, 0xD4, 0x6C, 0xD4, 0x6C, 0xB4, 0x74, 0xF4, 0xD7, 0x3D,
    0xE7, 0x9E, 0xBE, 0xBB, 0x9D, 0xD7, 0xEF, 0x39, 0xFF, 0x78, 0xFF, 0x57, 0xFF, 0x58, 0xFF, 0x58, 0xFF, 0x57, 0xFF, 0x57, 0xFF, 0x99, 0xDE, 0x55,
    0x00, 0x00, 0x41, 0xE6, 0xFF, 0x58, 0xFF, 0x98, 0xFF, 0x37, 0xFF, 0xFA, 0x94, 0x6E, 0x00, 0x00, 0xB5, 0x52, 0xFF, 0x98, 0xFF, 0x17, 0xFF, 0x36,
    0xFF, 0x16, 0xFF, 0x36, 0xFF, 0x97, 0xFF, 0xDD, 0xE7, 0x18, 0xE7, 0x18, 0xE7, 0x18, 0xE7, 0x18, 0xE7, 0x18, 0xE7, 0x18, 0xE7, 0x18, 0xE7, 0x18,
    0xE7, 0x18, 0xE7, 0x18, 0xE7, 0x18, 0xE7, 0x18, 0xE7, 0x18, 0xE7, 0x18, 0xE7, 0x18, 0xE7, 0x18, 0xE7, 0x18, 0xE7, 0x18, 0xE7, 0x18, 0xE7, 0x18,
    0xE7, 0x18, 0xE7, 0x18, 0xE7, 0x18, 0xE7, 0x18, 0xE7, 0x18, 0xE7, 0x18, 0xE7, 0x18, 0xE7, 0x18, 0xE7, 0x18, 0xE7, 0x18, 0xE7, 0x18, 0xE7, 0x18,
    0xE7, 0x18, 0xE7, 0x18, 0xE7, 0x18, 0xE7, 0x18, 0xE7, 0x18, 0xE7, 0x18, 0xE7, 0x18, 0xE7, 0x18, 0xE7, 0x18, 0xE7, 0x18, 0xE7, 0x18, 0xE7, 0x18,
    0xE7, 0x18, 0xE7, 0x18, 0xE7, 0x18, 0xE7, 0x18, 0xE7, 0x18, 0xE7, 0x18, 0xE7, 0x18, 0xE7, 0x18, 0xE7, 0x18, 0xE7, 0x18, 0xE7, 0x18, 0xE7, 0x18,
    0xE7, 0x18, 0xE7, 0x18, 0xE7, 0x18, 0xEF, 0x5A, 0x10, 0xA2, 0x08, 0x81, 0x08, 0x81, 0x10, 0xA1, 0x00, 0x00, 0x84, 0x0D, 0xFF, 0xDA, 0xFF, 0x38,
    0xFF, 0x58, 0xFF, 0x58, 0xFF, 0x58, 0xFF, 0xB9, 0x31, 0x23, 0x21, 0x03, 0xF7, 0x58, 0xFF, 0xD9, 0xFF, 0x57, 0xFF, 0xFA, 0xA4, 0xD0, 0x00, 0x00,
    0xAD, 0x10, 0xFF, 0xD9, 0xFF, 0x37, 0xFF, 0x58, 0xFF, 0x58, 0xFF, 0x58, 0xFF, 0x58, 0xFF, 0x58, 0xF7, 0x39, 0x29, 0x44, 0x08, 0x40, 0x10, 0x81,
    0x10, 0x81, 0x00, 0x40, 0x49, 0xC5, 0xF7, 0x9C, 0xE7, 0x18, 0xE7, 0x18, 0xE7, 0x18, 0xE7, 0x18, 0xE7, 0x18, 0xE7, 0x18, 0xE7, 0x18, 0xE7, 0x18,
    0xE7, 0x18, 0xE7, 0x18, 0xEF, 0x7B, 0xED, 0xAE, 0xF5, 0x6D, 0xF5, 0x8E, 0xF5, 0x8E, 0xED, 0x8E, 0xED, 0x8E, 0xED, 0x6D, 0xF5, 0x8F, 0xF5, 0x6D,
    0xED, 0x6D, 0xFD, 0xCF, 0xF7, 0xBA, 0xE7, 0x18, 0xE7, 0x18, 0xE7, 0x18, 0xE7, 0x18, 0xE7, 0x18, 0xE7, 0x18, 0xE7, 0x18, 0xE7, 0x18, 0xE7, 0x18,
    0xE7, 0x18, 0xEF, 0x3A, 0xED, 0xAF, 0xED, 0x4C, 0xF5, 0xCE, 0xEF, 0x5A, 0xE7, 0x18, 0xF7, 0x7C, 0xFF, 0xFF, 0xF6, 0x57, 0xE4, 0x8F, 0xF7, 0x1B,
    0xF7, 0xDD, 0xED, 0x8E, 0xFF, 0x34, 0xE7, 0x18, 0xE7, 0x18, 0xE7, 0x18, 0xE7, 0x18, 0xE7, 0x18, 0xE7, 0x18, 0xE7, 0x18, 0xE7, 0x18, 0xE7, 0x18,
    0xE7, 0x18, 0xE7, 0x18, 0xE7, 0x18, 0xE7, 0x18, 0xE7, 0x18, 0xE7, 0x18, 0xE7, 0x18, 0xE7, 0x18, 0xE7, 0x39, 0xD7, 0x5D, 0xDF, 0x9E, 0xA6, 0x3A,
    0x7D, 0x37, 0x85, 0x97, 0xCF, 0x5D, 0xE7, 0xBE, 0xAE, 0x5A, 0x7D, 0x36, 0x8D, 0x97, 0xD7, 0x3D, 0xE7, 0x9E, 0xB6, 0x9B, 0x85, 0x56, 0x95, 0xD8,
    0xD7, 0x7E, 0xE7, 0xBF, 0xAE, 0x39, 0x75, 0x15, 0x85, 0x76, 0xD7, 0x5D, 0xDF, 0x7E, 0xDF, 0x7D, 0xDF, 0x9E, 0xBE, 0xDB, 0xAE, 0x5A, 0xAE, 0x5A,
    0xAE, 0x5A, 0xAE, 0x7A, 0xAE, 0x5A, 0xC6, 0xFC, 0xDF, 0x7E, 0xDF, 0x7E, 0xDF, 0x7E, 0xDF, 0x9E, 0xD7, 0x5D, 0x9D, 0xF8, 0x9D, 0xF8, 0xA5, 0xF8,
    0xA5, 0xF8, 0x9D, 0xF8, 0x9D, 0xF8, 0x9D, 0xF8, 0x9D, 0xF8, 0x9D, 0xD8, 0x9D, 0xF8, 0x9D, 0xD8, 0x9D, 0xF8, 0x9D, 0xF8, 0xA5, 0xF8, 0xD7, 0x5D,
    0xDF, 0x9E, 0xBE, 0xBB, 0x95, 0xB8, 0xC6, 0x79, 0xFF, 0x98, 0xFF, 0x57, 0xFF, 0x77, 0xFF, 0x58, 0xFF, 0x57, 0xFF, 0x57, 0xFF, 0x58, 0xF7, 0x58,
    0x41, 0xE7, 0x00, 0x00, 0x62, 0xE9, 0xE6, 0xD6, 0xF7, 0x57, 0xAD, 0x31, 0x08, 0x41, 0x10, 0xA2, 0xDE, 0x75, 0xFF, 0x57, 0xFF, 0x17, 0xFF, 0x36,
    0xFF, 0x36, 0xFF, 0x36, 0xFF, 0x57, 0xEF, 0x5A, 0xE7, 0x18, 0xE7, 0x18, 0xE7, 0x18, 0xE7, 0x18, 0xE7, 0x18, 0xE7, 0x18, 0xE7, 0x18, 0xE7, 0x18,
    0xE7, 0x18, 0xE7, 0x18, 0xE7, 0x18, 0xE7, 0x18, 0xE7, 0x18, 0xE7, 0x18, 0xE7, 0x18, 0xE7, 0x18, 0xE7, 0x18, 0xE7, 0x18, 0xE7, 0x18, 0xE7, 0x18,
    0xE7, 0x18, 0xE7, 0x18, 0xE7, 0x18, 0xE7, 0x18, 0xE7, 0x18, 0xE7, 0x18, 0xE7, 0x18, 0xE7, 0x18, 0xE7, 0x18, 0xE7, 0x18, 0xE7, 0x18, 0xE7, 0x18,
    0xE7, 0x18, 0xE7, 0x18, 0xE7, 0x18, 0xE7, 0x18, 0xE7, 0x18, 0xE7, 0x18, 0xE7, 0x18, 0xE7, 0x18, 0xE7, 0x18, 0xE7, 0x18, 0xE7, 0x18, 0xE7, 0x18,
    0xE7, 0x18, 0xE7, 0x18, 0xE7, 0x18, 0xE7, 0x18, 0xE7, 0x18, 0xE7, 0x18, 0xE7, 0x18, 0xE7, 0x18, 0xE7, 0x18, 0xE7, 0x18, 0xE7, 0x18, 0xE7, 0x18,
    0xE7, 0x18, 0xE7, 0x18, 0xE7, 0x18, 0xEF, 0x3A, 0x10, 0xA2, 0x08, 0x81, 0x08, 0x81, 0x10, 0x81, 0x08, 0x40, 0x29, 0x23, 0xF7, 0x38, 0xFF, 0x58,
    0xFF, 0x58, 0xFF, 0x58, 0xFF, 0x38, 0xFF, 0xDA, 0x83, 0xCD, 0x00, 0x00, 0x4A, 0x27, 0xD6, 0x76, 0xF7, 0x59, 0xC5, 0xF4, 0x18, 0xC2, 0x00, 0x00,
    0xCD, 0xD3, 0xFF, 0x99, 0xFF, 0x37, 0xFF, 0x57, 0xFF, 0x58, 0xFF, 0x58, 0xFF, 0x37, 0xFF, 0xDA, 0x9C, 0x90, 0x00, 0x00, 0x10, 0xA1, 0x08, 0x81,
    0x10, 0x81, 0x00, 0x40, 0x41, 0x84, 0xFE, 0xF5, 0xE7, 0x18, 0xE7, 0x18, 0xE7, 0x18, 0xE7, 0x18, 0xE7, 0x18, 0xE7, 0x18, 0xE7, 0x18, 0xE7, 0x18,
    0xE7, 0x18, 0xF7, 0x7B, 0xF5, 0xEF, 0xED, 0x4C, 0xED, 0x6D, 0xF5, 0xAE, 0xF6, 0x73, 0xED, 0x8E, 0xED, 0x6D, 0xF5, 0x8D, 0xFF, 0x37, 0xED, 0xAF,
    0xF5, 0x8D, 0xF5, 0x8D, 0xFD, 0xEE, 0xF7, 0xB9, 0xE7, 0x18, 0xE7, 0x18, 0xE7, 0x18, 0xE7, 0x18, 0xE7, 0x18, 0xE7, 0x18, 0xE7, 0x18, 0xE7, 0x18,
    0xE7, 0x18, 0xEF, 0x7B, 0xF5, 0xCF, 0xED, 0x4C, 0xED, 0xAF, 0xEF, 0x39, 0xE7, 0x18, 0xE7, 0x18, 0xEF, 0x7B, 0xFF, 0xDE, 0xFF, 0xFE, 0xEF, 0x19,
    0xE5, 0x8F, 0xF5, 0x6D, 0xF7, 0xB9, 0xE7, 0x18, 0xE7, 0x18, 0xE7, 0x18, 0xE7, 0x18, 0xE7, 0x18, 0xE7, 0x18, 0xE7, 0x18, 0xE7, 0x18, 0xE7, 0x18,
    0xE7, 0x18, 0xE7, 0x18, 0xE7, 0x18, 0xE7, 0x18, 0xE7, 0x18, 0xE7, 0x18, 0xE7, 0x18, 0xE7, 0x18, 0xE7, 0x39, 0xDF, 0x7D, 0xDF, 0x9E, 0xA6, 0x3A,
    0x7D, 0x57, 0x85, 0x97, 0xD7, 0x5D, 0xE7, 0xBE, 0xAE, 0x5A, 0x7D, 0x56, 0x8D, 0x97, 0xD7, 0x3D, 0xE7, 0x9E, 0xB6, 0x9B, 0x85, 0x56, 0x95, 0xD8,
    0xD7, 0x7E, 0xE7, 0xBF, 0xA6, 0x39, 0x75, 0x15, 0x8D, 0x77, 0xD7, 0x5D, 0xDF, 0x7E, 0xDF, 0x7E, 0xDF, 0x9E, 0xAE, 0x5A, 0x95, 0x97, 0x95, 0xD8,
    0x95, 0xD8, 0x95, 0xD8, 0x95, 0xB7, 0xBE, 0xBB, 0xDF, 0x9E, 0xDF, 0x7E, 0xDF, 0x7E, 0xDF, 0x7E, 0xDF, 0x9E, 0xEF, 0xDF, 0xEF, 0xDF, 0xEF, 0xBF,
    0xEF, 0xBF, 0xE7, 0xBF, 0xE7, 0xBE, 0xE7, 0xBF, 0xE7, 0xBE, 0xE7, 0xBF, 0xEF, 0xBE, 0xEF, 0xBE, 0xEF, 0xBF, 0xEF, 0xBE, 0xEF, 0xBF, 0xDF, 0x7E,
    0xDF, 0x9E, 0xBE, 0xBB, 0x9D, 0xF9, 0x9D, 0xF8, 0xEF, 0x19, 0xFF, 0x78, 0xFF, 0x57, 0xFF, 0x57, 0xFF, 0x57, 0xFF, 0x57, 0xFF, 0x37, 0xFF, 0xB9,
    0xC5, 0xF4, 0x10, 0xC3, 0x00, 0x00, 0x18, 0xA2, 0x29, 0x24, 0x00, 0x00, 0x00, 0x00, 0x9C, 0x8F, 0xFF, 0xB9, 0xFF, 0x16, 0xFF, 0x37, 0xFF, 0x37,
    0xFF, 0x36, 0xFF, 0x98, 0xFF, 0xBD, 0xE7, 0x18, 0xE7, 0x18, 0xE7, 0x18, 0xE7, 0x18, 0xE7, 0x18, 0xE7, 0x18, 0xE7, 0x18, 0xE7, 0x18, 0xE7, 0x18,
    0xE7, 0x18, 0xE7, 0x18, 0xE7, 0x18, 0xE7, 0x18, 0xE7, 0x18, 0xE7, 0x18, 0xE7, 0x18, 0xE7, 0x18, 0xE7, 0x18, 0xE7, 0x18, 0xE7, 0x18, 0xE7, 0x18,
    0xE7, 0x18, 0xE7, 0x18, 0xE7, 0x18, 0xE7, 0x18, 0xE7, 0x18, 0xE7, 0x18, 0xE7, 0x18, 0xE7, 0x18, 0xE7, 0x18, 0xE7, 0x18, 0xE7, 0x18, 0xE7, 0x18,
    0xE7, 0x18, 0xE7, 0x18, 0xE7, 0x18, 0xE7, 0x18, 0xE7, 0x18, 0xE7, 0x18, 0xE7, 0x18, 0xE7, 0x18, 0xE7, 0x18, 0xE7, 0x18, 0xE7, 0x18, 0xE7, 0x18,
    0xE7, 0x18, 0xE7, 0x18, 0xE7, 0x18, 0xE7, 0x18, 0xE7, 0x18, 0xE7, 0x18, 0xE7, 0x18, 0xE7, 0x18, 0xE7, 0x18, 0xE7, 0x18, 0xE7, 0x18, 0xE7, 0x18,
    0xE7, 0x18, 0xE7, 0x18, 0xE7, 0x18, 0xE7, 0x19, 0x10, 0xA1, 0x08, 0x80, 0x08, 0x81, 0x08, 0x81, 0x10, 0xA1, 0x00, 0x00, 0x83, 0xCC, 0xFF, 0xFA,
    0xFF, 0x17, 0xFF, 0x58, 0xFF, 0x58, 0xFF, 0x78, 0xF7, 0x39, 0x4A, 0x27, 0x00, 0x00, 0x08, 0x62, 0x21, 0x24, 0x08, 0x40, 0x00, 0x00, 0x6A, 0xEA,
    0xFF, 0x99, 0xFF, 0x37, 0xFF, 0x57, 0xFF, 0x58, 0xFF, 0x58, 0xFF, 0x38, 0xFF, 0x79, 0xEE, 0xF8, 0x21, 0x03, 0x08, 0x40, 0x10, 0x81, 0x10, 0x81,
    0x10, 0x81, 0x00, 0x40, 0x39, 0x63, 0xF6, 0x10, 0xEF, 0x5A, 0xE7, 0x18, 0xE7, 0x18, 0xE7, 0x18, 0xE7, 0x18, 0xE7, 0x18, 0xE7, 0x18, 0xE7, 0x18,
    0xF7, 0x7C, 0xED, 0xAF, 0xED, 0x6C, 0xED, 0x6C, 0xFD, 0xEE, 0xF7, 0xBB, 0xEF, 0x5A, 0xF5, 0x8E, 0xF5, 0x8D, 0xFD, 0xEE, 0xEF, 0x7B, 0xEF, 0x5A,
    0xF5, 0xD0, 0xF5, 0x8D, 0xF5, 0x8D, 0xFD, 0xCE, 0xF7, 0xB8, 0xE7, 0x18, 0xE7, 0x18, 0xE7, 0x18, 0xE7, 0x18, 0xE7, 0x18, 0xE7, 0x18, 0xE7, 0x18,
    0xE7, 0x18, 0xF7, 0xB8, 0xF5, 0x8E, 0xED, 0x4D, 0xFE, 0x51, 0xE7, 0x18, 0xE7, 0x18, 0xE7, 0x18, 0xE7, 0x18, 0xEF, 0x5A, 0xED, 0x8F, 0xED, 0x2C,
    0xED, 0x4D, 0xF5, 0xAE, 0xF7, 0x7B, 0xE7, 0x18, 0xE7, 0x18, 0xE7, 0x18, 0xE7, 0x18, 0xE7, 0x18, 0xE7, 0x18, 0xE7, 0x18, 0xE7, 0x18, 0xE7, 0x18,
    0xE7, 0x18, 0xE7, 0x18, 0xE7, 0x18, 0xE7, 0x18, 0xE7, 0x18, 0xE7, 0x18, 0xE7, 0x18, 0xE7, 0x18, 0xE7, 0x39, 0xDF, 0x7E, 0xDF, 0x9E, 0xA6, 0x39,
    0x7D, 0x56, 0x85, 0x97, 0xD7, 0x5D, 0xE7, 0xDE, 0xAE, 0x7A, 0x85, 0x56, 0x8D, 0xB8, 0xD7, 0x3D, 0xE7, 0x9E, 0xB6, 0xBB, 0x85, 0x57, 0x95, 0xD8,
    0xD7, 0x7E, 0xE7, 0xBF, 0xAE, 0x39, 0x75, 0x15, 0x8D, 0x77, 0xD7, 0x5D, 0xDF, 0x7E, 0xDF, 0x5E, 0xE7, 0xBF, 0x9D, 0xB7, 0x64, 0x52, 0x6C, 0xB3,
    0x6C, 0xB4, 0x74, 0xB4, 0x6C, 0x73, 0xAE, 0x3A, 0xDF, 0x9F, 0xDF, 0x7E, 0xDF, 0x7E, 0xDF, 0x7E, 0xDF, 0x7E, 0xCE, 0xFC, 0xCE, 0xFC, 0xC6, 0xFC,
    0xC6, 0xFC, 0xC6, 0xFC, 0xC6, 0xDB, 0xC6, 0xDC, 0xC6, 0xDC, 0xC6, 0xFC, 0xCE, 0xFC, 0xC6, 0xFC, 0xC6, 0xDC, 0xC6, 0xDB, 0xCE, 0xDC, 0xDF, 0x7D,
    0xE7, 0x9E, 0xBE, 0xBB, 0x9D, 0xF9, 0x9D, 0xF9, 0xAE, 0x39, 0xFF, 0x79, 0xFF, 0x58, 0xFF, 0x57, 0xFF, 0x57, 0xFF, 0x57, 0xFF, 0x57, 0xFF, 0x57,
    0xFF, 0xBA, 0xCE, 0x15, 0x52, 0x89, 0x21, 0x03, 0x10, 0xA2, 0x31, 0x85, 0xAC, 0xF0, 0xFF, 0x99, 0xFF, 0x37, 0xFF, 0x37, 0xFF, 0x36, 0xFF, 0x37,
    0xFF, 0x57, 0xFF, 0xB9, 0xE7, 0x39, 0xE7, 0x18, 0xE7, 0x18, 0xE7, 0x18, 0xE7, 0x18, 0xE7, 0x18, 0xE7, 0x18, 0xE7, 0x18, 0xE7, 0x18, 0xE7, 0x18,
    0xE7, 0x18, 0xE7, 0x18, 0xE7, 0x18, 0xE7, 0x18, 0xE7, 0x18, 0xE7, 0x18, 0xE7, 0x18, 0xE7, 0x18, 0xE7, 0x18, 0xE7, 0x18, 0xE7, 0x18, 0xE7, 0x18,
    0xE7, 0x18, 0xE7, 0x18, 0xE7, 0x18, 0xE7, 0x18, 0xE7, 0x18, 0xE7, 0x18, 0xE7, 0x18, 0xE7, 0x18, 0xE7, 0x18, 0xE7, 0x18, 0xE7, 0x18, 0xE7, 0x18,
    0xE7, 0x18, 0xE7, 0x18, 0xE7, 0x18, 0xE7, 0x18, 0xE7, 0x18, 0xE7, 0x18, 0xE7, 0x18, 0xE7, 0x18, 0xE7, 0x18, 0xE7, 0x18, 0xE7, 0x18, 0xE7, 0x18,
    0xE7, 0x18, 0xE7, 0x18, 0xE7, 0x18, 0xE7, 0x18, 0xE7, 0x18, 0xE7, 0x18, 0xE7, 0x18, 0xE7, 0x18, 0xE7, 0x18, 0xE7, 0x18, 0xE7, 0x18, 0xE7, 0x18,
    0xE7, 0x18, 0xE7, 0x18, 0xE7, 0x18, 0xE7, 0x19, 0x10, 0xA1, 0x08, 0x81, 0x08, 0x81, 0x08, 0x81, 0x10, 0x81, 0x08, 0x81, 0x08, 0x40, 0xBD, 0x92,
    0xFF, 0xDA, 0xFF, 0x37, 0xFF, 0x58, 0xFF, 0x58, 0xFF, 0x79, 0xEF, 0x19, 0x73, 0x4B, 0x21, 0x03, 0x10, 0x81, 0x29, 0x23, 0x83, 0xCC, 0xFF, 0x58,
    0xFF, 0x58, 0xFF, 0x37, 0xFF, 0x57, 0xFF, 0x58, 0xFF, 0x37, 0xFF, 0x57, 0xFF, 0xBA, 0x52, 0x68, 0x00, 0x20, 0x10, 0xA1, 0x08, 0x81, 0x10, 0x81,
    0x10, 0x81, 0x00, 0x40, 0x39, 0x64, 0xFE, 0x30, 0xF7, 0x9C, 0xE7, 0x18, 0xE7, 0x18, 0xE7, 0x18, 0xE7, 0x18, 0xE7, 0x18, 0xE7, 0x18, 0xF7, 0x9C,
    0xF5, 0xCF, 0xED, 0x4C, 0xED, 0x6C, 0xFD, 0xAD, 0xF7, 0xB9, 0xE7, 0x18, 0xEF, 0x7B, 0xF5, 0xAE, 0xF5, 0x8D, 0xFD, 0xCD, 0xF7, 0x9C, 0xE7, 0x18,
    0xEF, 0x7B, 0xF5, 0xCF, 0xF5, 0x8D, 0xF5, 0x8D, 0xFD, 0xCE, 0xF7, 0xBA, 0xE7, 0x18, 0xE7, 0x18, 0xE7, 0x18, 0xE7, 0x18, 0xE7, 0x18, 0xE7, 0x18,
    0xE7, 0x39, 0xE5, 0xD0, 0xED, 0x4D, 0xF5, 0xAE, 0xF7, 0xB9, 0xE7, 0x18, 0xE7, 0x18, 0xE7, 0x18, 0xE7, 0x18, 0xF7, 0x7B, 0xFD, 0xAE, 0xED, 0x6D,
    0xED, 0x4D, 0xED, 0x8E, 0xEF, 0x5A, 0xE7, 0x18, 0xE7, 0x18, 0xE7, 0x18, 0xE7, 0x18, 0xE7, 0x18, 0xE7, 0x18, 0xE7, 0x18, 0xE7, 0x18, 0xE7, 0x18,
    0xE7, 0x18, 0xE7, 0x18, 0xE7, 0x18, 0xE7, 0x18, 0xE7, 0x18, 0xE7, 0x18, 0xE7, 0x18, 0xE7, 0x18, 0xE7, 0x39, 0xDF, 0x9E, 0xDF, 0xBF, 0xA6, 0x3A,
    0x7D, 0x56, 0x85, 0x97, 0xCF, 0x5C, 0xE7, 0xBF, 0xAE, 0x7A, 0x85, 0x57, 0x8D, 0xB8, 0xD7, 0x3D, 0xE7, 0x9F, 0xB6, 0x9B, 0x85, 0x57, 0x95, 0xD8,
    0xD7, 0x5D, 0xE7, 0x9F, 0xA6, 0x39, 0x75, 0x15, 0x85, 0x76, 0xD7, 0x5E, 0xDF, 0x7E, 0xDF, 0x7E, 0xDF, 0x9E, 0xA6, 0x39, 0x85, 0x36, 0x8D, 0x77,
    0x8D, 0x76, 0x8D, 0x77, 0x85, 0x56, 0xBE, 0x9B, 0xDF, 0x9E, 0xDF, 0x7D, 0xDF, 0x7E, 0xDF, 0x9E, 0xCF, 0x3C, 0x74, 0xD4, 0x6C, 0xD4, 0x74, 0xF5,
    0x74, 0xF5, 0x74, 0xF5, 0x74, 0xF5, 0x74, 0xF4, 0x74, 0xF5, 0x74, 0xF5, 0x75, 0x14, 0x74, 0xF5, 0x74, 0xF4, 0x74, 0xF4, 0x7D, 0x35, 0xD7, 0x5D,
    0xE7, 0x9E, 0xBE, 0xDC, 0x9D, 0xF9, 0xA6, 0x19, 0x9D, 0xF9, 0xBE, 0x78, 0xFF, 0x78, 0xFF, 0x57, 0xFF, 0x37, 0xFF, 0x57, 0xFF, 0x58, 0xFF, 0x58,
    0xFF, 0x57, 0xFF, 0xB9, 0xFF, 0xBA, 0xEE, 0xF7, 0xE6, 0xD6, 0xFF, 0x58, 0xFF, 0xB9, 0xFF, 0x37, 0xFF, 0x37, 0xFF, 0x37, 0xFF, 0x37, 0xFF, 0x57,
    0xFF, 0x78, 0xEF, 0x5A, 0xE7, 0x18, 0xE7, 0x18, 0xE7, 0x18, 0xE7, 0x18, 0xE7, 0x18, 0xE7, 0x18, 0xE7, 0x18, 0xE7, 0x18, 0xE7, 0x18, 0xE7, 0x18,
    0xE7, 0x18, 0xE7, 0x18, 0xE7, 0x18, 0xE7, 0x18, 0xE7, 0x18, 0xE7, 0x18, 0xE7, 0x18, 0xE7, 0x18, 0xE7, 0x18, 0xE7, 0x18, 0xE7, 0x18, 0xE7, 0x18,
    0xE7, 0x18, 0xE7, 0x18, 0xE7, 0x18, 0xE7, 0x18, 0xE7, 0x18, 0xE7, 0x18, 0xE7, 0x18, 0xE7, 0x18, 0xE7, 0x18, 0xE7, 0x18, 0xE7, 0x18, 0xE7, 0x18,
    0xE7, 0x18, 0xE7, 0x18, 0xE7, 0x18, 0xE7, 0x18, 0xE7, 0x18, 0xE7, 0x18, 0xE7, 0x18, 0xE7, 0x18, 0xE7, 0x18, 0xE7, 0x18, 0xE7, 0x18, 0xE7, 0x18,
    0xE7, 0x18, 0xE7, 0x18, 0xE7, 0x18, 0xE7, 0x18, 0xE7, 0x18, 0xE7, 0x18, 0xE7, 0x18, 0xE7, 0x18, 0xE7, 0x18, 0xE7, 0x18, 0xE7, 0x18, 0xE7, 0x18,
    0xE7, 0x18, 0xE7, 0x18, 0xE7, 0x18, 0xEF, 0x39, 0x10, 0xA2, 0x08, 0x80, 0x08, 0x81, 0x08, 0x81, 0x08, 0x81, 0x10, 0x81, 0x08, 0x60, 0x10, 0x81,
    0xC5, 0xF4, 0xFF, 0xDA, 0xFF, 0x17, 0xFF, 0x38, 0xFF, 0x37, 0xFF, 0x58, 0xFF, 0x9A, 0xEE, 0xF7, 0xE6, 0x95, 0xF7, 0x17, 0xFF, 0xB9, 0xFF, 0x57,
    0xFF, 0x37, 0xFF, 0x37, 0xFF, 0x57, 0xFF, 0x37, 0xFF, 0x78, 0xFF, 0xBA, 0x6B, 0x0A, 0x00, 0x00, 0x10, 0xA1, 0x08, 0x81, 0x10, 0x81, 0x10, 0x81,
    0x10, 0x81, 0x00, 0x40, 0x39, 0x84, 0xFD, 0xCE, 0xF6, 0x31, 0xE7, 0x39, 0xE7, 0x18, 0xE7, 0x18, 0xE7, 0x18, 0xE7, 0x18, 0xF7, 0x9C, 0xF5, 0xAE,
    0xED, 0x4C, 0xED, 0x4D, 0xF5, 0xAD, 0xF7, 0xB7, 0xE7, 0x18, 0xE7, 0x18, 0xEF, 0x7B, 0xF5, 0xAE, 0xF5, 0x8D, 0xFD, 0xCD, 0xF7, 0x9C, 0xE7, 0x18,
    0xE7, 0x18, 0xF7, 0x7B, 0xF5, 0xEF, 0xED, 0x6D, 0xED, 0x6E, 0xFD, 0xEF, 0xF7, 0xBB, 0xE7, 0x18, 0xE7, 0x18, 0xE7, 0x18, 0xE7, 0x18, 0xE7, 0x18,
    0xF7, 0x9C, 0xF5, 0xAF, 0xED, 0x6D, 0xF5, 0xAF, 0xEF, 0x5A, 0xE7, 0x18, 0xE7, 0x18, 0xE7, 0x18, 0xE7, 0x18, 0xF7, 0xB8, 0xFD, 0xAE, 0xED, 0x6E,
    0xED, 0x6D, 0xF6, 0x10, 0xE7, 0x39, 0xE7, 0x18, 0xE7, 0x18, 0xE7, 0x18, 0xE7, 0x18, 0xE7, 0x18, 0xE7, 0x18, 0xE7, 0x18, 0xE7, 0x18, 0xE7, 0x18,
    0xE7, 0x18, 0xE7, 0x18, 0xE7, 0x18, 0xE7, 0x18, 0xE7, 0x18, 0xE7, 0x18, 0xE7, 0x18, 0xE7, 0x18, 0xE7, 0x39, 0xDF, 0x9E, 0xDF, 0xBF, 0xA6, 0x59,
    0x7D, 0x56, 0x85, 0x77, 0xCF, 0x3D, 0xE7, 0xDE, 0xAE, 0x7A, 0x85, 0x56, 0x95, 0xB8, 0xD7, 0x3D, 0xE7, 0xBE, 0xB6, 0x9B, 0x85, 0x56, 0x95, 0xD8,
    0xD7, 0x5E, 0xDF, 0xBE, 0xA6, 0x39, 0x75, 0x15, 0x85, 0x77, 0xD7, 0x5E, 0xDF, 0x7E, 0xDF, 0x7E, 0xDF, 0x7E, 0xC6, 0xFC, 0xB6, 0x9B, 0xB6, 0xBB,
    0xB6, 0xBB, 0xB6, 0xBB, 0xB6, 0xBB, 0xCF, 0x1D, 0xDF, 0x7E, 0xDF, 0x7E, 0xDF, 0x7E, 0xDF, 0x9E, 0xCF, 0x3D, 0x6C, 0xD4, 0x64, 0xB4, 0x6C, 0xD4,
    0x6C, 0xD4, 0x6C, 0xD4, 0x6C, 0xD4, 0x6C, 0xD4, 0x6C, 0xD4, 0x6C, 0xD4, 0x6C, 0xD4, 0x74, 0xD4, 0x74, 0xF4, 0x74, 0xD4, 0x7D, 0x15, 0xD7, 0x5D,
    0xE7, 0x9E, 0xBE, 0xDC, 0x9D, 0xF9, 0x9E, 0x19, 0x9E, 0x19, 0x95, 0xF9, 0xAD, 0xF6, 0xFF, 0x59, 0xFF, 0x78, 0xFF, 0x37, 0xFF, 0x57, 0xFF, 0x58,
    0xFF, 0x58, 0xFF, 0x58, 0xFF, 0x57, 0xFF, 0x78, 0xFF, 0x99, 0xFF, 0x58, 0xFF, 0x38, 0xFF, 0x58, 0xFF, 0x57, 0xFF, 0x57, 0xFF, 0x98, 0xFF, 0xFA,
    0xEF, 0x5A, 0xE7, 0x18, 0xE7, 0x18, 0xE7, 0x18, 0xE7, 0x18, 0xE7, 0x18, 0xE7, 0x18, 0xE7, 0x18, 0xE7, 0x18, 0xE7, 0x18, 0xE7, 0x18, 0xE7, 0x18,
    0xE7, 0x18, 0xE7, 0x18, 0xE7, 0x18, 0xE7, 0x18, 0xE7, 0x18, 0xE7, 0x18, 0xE7, 0x18, 0xE7, 0x18, 0xE7, 0x18, 0xE7, 0x18, 0xE7, 0x18, 0xE7, 0x18,
    0xE7, 0x18, 0xE7, 0x18, 0xE7, 0x18, 0xE7, 0x18, 0xE7, 0x18, 0xE7, 0x18, 0xE7, 0x18, 0xE7, 0x18, 0xE7, 0x18, 0xE7, 0x18, 0xE7, 0x18, 0xE7, 0x18,
    0xE7, 0x18, 0xE7, 0x18, 0xE7, 0x18, 0xE7, 0x18, 0xE7, 0x18, 0xE7, 0x18, 0xE7, 0x18, 0xE7, 0x18, 0xE7, 0x18, 0xE7, 0x18, 0xE7, 0x18, 0xE7, 0x18,
    0xE7, 0x18, 0xE7, 0x18, 0xE7, 0x18, 0xE7, 0x18, 0xE7, 0x18, 0xE7, 0x18, 0xE7, 0x18, 0xE7, 0x18, 0xE7, 0x18, 0xE7, 0x18, 0xE7, 0x18, 0xE7, 0x18,
    0xE7, 0x18, 0xE7, 0x18, 0xE7, 0x18, 0xEF, 0x39, 0x10, 0xA2, 0x08, 0x80, 0x08, 0x61, 0x08, 0x81, 0x08, 0x81, 0x08, 0x81, 0x10, 0xA1, 0x00, 0x40,
    0x10, 0x61, 0xB5, 0x72, 0xFF, 0xFA, 0xFF, 0x58, 0xFF, 0x37, 0xFF, 0x37, 0xFF, 0x37, 0xFF, 0x58, 0xFF, 0x78, 0xFF, 0x58, 0xFF, 0x37, 0xFF, 0x38,
    0xFF, 0x37, 0xFF, 0x37, 0xFF, 0x37, 0xFF, 0xB9, 0xEF, 0x38, 0x52, 0xA9, 0x00, 0x00, 0x10, 0xA1, 0x08, 0x81, 0x10, 0x81, 0x10, 0x81, 0x10, 0x81,
    0x10, 0xA1, 0x00, 0x40, 0x39, 0x84, 0xFD, 0xEF, 0xFD, 0xEE, 0xF7, 0x9C, 0xE7, 0x18, 0xE7, 0x18, 0xE7, 0x18, 0xF7, 0x9C, 0xF5, 0xAE, 0xED, 0x4C,
    0xED, 0x4C, 0xF5, 0x8D, 0xF7, 0x96, 0xE7, 0x18, 0xE7, 0x18, 0xE7, 0x18, 0xF7, 0x7B, 0xF5, 0xAE, 0xF5, 0x6C, 0xFD, 0xAD, 0xF7, 0x9C, 0xE7, 0x18,
    0xE7, 0x18, 0xE7, 0x18, 0xF7, 0x9C, 0xF5, 0xF0, 0xED, 0x8D, 0xED, 0x8D, 0xFD, 0xCF, 0xF7, 0xB9, 0xE7, 0x18, 0xE7, 0x18, 0xE7, 0x18, 0xE7, 0x39,
    0xF6, 0x31, 0xED, 0x6D, 0xED, 0x6D, 0xF6, 0x52, 0xE7, 0x18, 0xE7, 0x18, 0xE7, 0x18, 0xE7, 0x18, 0xE7, 0x38, 0xF6, 0x11, 0xF5, 0x6D, 0xED, 0x6E,
    0xF5, 0x8D, 0xFF, 0xB7, 0xE7, 0x18, 0xE7, 0x18, 0xE7, 0x18, 0xE7, 0x18, 0xE7, 0x18, 0xE7, 0x18, 0xE7, 0x18, 0xE7, 0x18, 0xE7, 0x18, 0xE7, 0x18,
    0xE7, 0x18, 0xE7, 0x18, 0xE7, 0x18, 0xE7, 0x18, 0xE7, 0x18, 0xE7, 0x18, 0xE7, 0x18, 0xE7, 0x18, 0xE7, 0x39, 0xDF, 0xBE, 0xDF, 0xBF, 0xAE, 0x5A,
    0x7D, 0x56, 0x85, 0x77, 0xCF, 0x5D, 0xE7, 0xDE, 0xAE, 0x5A, 0x85, 0x56, 0x95, 0xB7, 0xD7, 0x3D, 0xE7, 0xBF, 0xB6, 0x9B, 0x85, 0x56, 0x95, 0xD8,
    0xD7, 0x5D, 0xDF, 0x9F, 0xA6, 0x39, 0x75, 0x15, 0x85, 0x76, 0xD7, 0x5E, 0xDF, 0x7E, 0xDF, 0x7E, 0xDF, 0x9E, 0xA6, 0x39, 0x85, 0x56, 0x8D, 0x76,
    0x8D, 0x76, 0x8D, 0x76, 0x85, 0x56, 0xB6, 0x9B, 0xDF, 0x9E, 0xDF, 0x7E, 0xDF, 0x7E, 0xDF, 0x7E, 0xDF, 0x7E, 0xBE, 0xBB, 0xBE, 0x9B, 0xBE, 0x9B,
    0xBE, 0x9A, 0xBE, 0x9A, 0xBE, 0x9A, 0xBE, 0xBA, 0xBE, 0x9B, 0xBE, 0xBA, 0xBE, 0x9A, 0xBE, 0x9A, 0xBE, 0x9A, 0xBE, 0x9A, 0xBE, 0xBA, 0xDF, 0x5D,
    0xE7, 0x9E, 0xC6, 0xDC, 0x9D, 0xF9, 0x9E, 0x19, 0x9E, 0x19, 0x9E, 0x39, 0x85, 0x55, 0x9D, 0xB6, 0xE6, 0xF8, 0xFF, 0x98, 0xFF, 0x78, 0xFF, 0x58,
    0xFF, 0x58, 0xFF, 0x58, 0xFF, 0x58, 0xFF, 0x58, 0xFF, 0x58, 0xFF, 0x38, 0xFF, 0x37, 0xFF, 0x57, 0xFF, 0xB9, 0xFF, 0xB9, 0xFF, 0xDE, 0xEF, 0x39,
    0xE7, 0x18, 0xE7, 0x18, 0xE7, 0x18, 0xE7, 0x18, 0xE7, 0x18, 0xE7, 0x18, 0xE7, 0x18, 0xE7, 0x18, 0xE7, 0x18, 0xE7, 0x18, 0xE7, 0x18, 0xE7, 0x18,
    0xE7, 0x18, 0xE7, 0x18, 0xE7, 0x18, 0xE7, 0x18, 0xE7, 0x18, 0xE7, 0x18, 0xE7, 0x18, 0xE7, 0x18, 0xE7, 0x18, 0xE7, 0x18, 0xE7, 0x18, 0xE7, 0x18,
    0xE7, 0x18, 0xE7, 0x18, 0xE7, 0x18, 0xE7, 0x18, 0xE7, 0x18, 0xE7, 0x18, 0xEF, 0x39, 0xF7, 0x7B, 0xEF, 0x59, 0xE7, 0x18, 0xE7, 0x18, 0xE7, 0x18,
    0xE7, 0x18, 0xE7, 0x18, 0xE7, 0x18, 0xE7, 0x18, 0xE7, 0x18, 0xE7, 0x18, 0xE7, 0x18, 0xE7, 0x18, 0xE7, 0x18, 0xE7, 0x18, 0xE7, 0x18, 0xE7, 0x18,
    0xE7, 0x18, 0xE7, 0x18, 0xE7, 0x18, 0xE7, 0x18, 0xE7, 0x18, 0xE7, 0x18, 0xE7, 0x18, 0xE7, 0x18, 0xE7, 0x18, 0xE7, 0x18, 0xE7, 0x18, 0xE7, 0x18,
    0xE7, 0x18, 0xE7, 0x18, 0xE7, 0x18, 0xEF, 0x3A, 0x10, 0xA2, 0x08, 0x81, 0x08, 0x81, 0x08, 0x81, 0x08, 0x81, 0x08, 0x81, 0x10, 0x81, 0x10, 0x81,
    0x00, 0x20, 0x00, 0x20, 0x73, 0x8C, 0xEF, 0x18, 0xFF, 0xDA, 0xFF, 0x78, 0xFF, 0x37, 0xFF, 0x37, 0xFF, 0x37, 0xFF, 0x37, 0xFF, 0x37, 0xFF, 0x37,
    0xFF, 0x58, 0xFF, 0xB9, 0xFF, 0xDA, 0xB5, 0x72, 0x29, 0x44, 0x00, 0x00, 0x10, 0xA1, 0x08, 0x81, 0x10, 0x81, 0x10, 0x81, 0x10, 0x81, 0x10, 0x81,
    0x10, 0xA1, 0x00, 0x40, 0x41, 0xA4, 0xFD, 0xCF, 0xF5, 0x8D, 0xF6, 0x10, 0xEF, 0x59, 0xE7, 0x18, 0xF7, 0x9C, 0xF5, 0xAE, 0xED, 0x4C, 0xED, 0x4D,
    0xF5, 0x8D, 0xFF, 0x75, 0xE7, 0x18, 0xE7, 0x18, 0xE7, 0x18, 0xE7, 0x18, 0xF7, 0x7B, 0xF5, 0xAE, 0xF5, 0x6D, 0xFD, 0xAD, 0xF7, 0x9C, 0xE7, 0x18,
    0xE7, 0x18, 0xE7, 0x18, 0xE7, 0x18, 0xF7, 0x9C, 0xF5, 0xD0, 0xF5, 0x8D, 0xED, 0x8D, 0xFD, 0xCE, 0xF7, 0xBA, 0xE7, 0x18, 0xE7, 0x18, 0xF7, 0xBB,
    0xF5, 0x8E, 0xED, 0x6D, 0xF5, 0xAF, 0xF7, 0x9C, 0xE7, 0x18, 0xE7, 0x18, 0xE7, 0x18, 0xE7, 0x18, 0xEF, 0x5A, 0xF5, 0xCF, 0xED, 0x4D, 0xED, 0x6D,
    0xF5, 0xCE, 0xF7, 0x7B, 0xE7, 0x18, 0xE7, 0x18, 0xE7, 0x18, 0xE7, 0x18, 0xE7, 0x18, 0xE7, 0x18, 0xE7, 0x18, 0xE7, 0x18, 0xE7, 0x18, 0xE7, 0x18,
    0xE7, 0x18, 0xE7, 0x18, 0xE7, 0x18, 0xE7, 0x18, 0xE7, 0x18, 0xE7, 0x18, 0xE7, 0x18, 0xE7, 0x18, 0xEF, 0x39, 0xDF, 0x9E, 0xDF, 0xBF, 0xAE, 0x5A,
    0x7D, 0x56, 0x85, 0x77, 0xCF, 0x3D, 0xE7, 0xBE, 0xAE, 0x5A, 0x85, 0x56, 0x8D, 0xB7, 0xD7, 0x5D, 0xE7, 0xBF, 0xB6, 0x9B, 0x85, 0x56, 0x95, 0xB8,
    0xD7, 0x5D, 0xDF, 0x9F, 0xAE, 0x3A, 0x75, 0x15, 0x85, 0x77, 0xD7, 0x5E, 0xDF, 0x7E, 0xD7, 0x7E, 0xE7, 0xBF, 0x95, 0x97, 0x5C, 0x32, 0x6C, 0x93,
    0x64, 0x73, 0x6C, 0x93, 0x64, 0x52, 0xAE, 0x39, 0xDF, 0x9F, 0xD7, 0x7E, 0xDF, 0x7E, 0xDF, 0x7E, 0xDF, 0x9E, 0xEF, 0xFF, 0xF7, 0xFF, 0xF7, 0xFF,
    0xF7, 0xFF, 0xF7, 0xFF, 0xF7, 0xFF, 0xF7, 0xFF, 0xF7, 0xFF, 0xF7, 0xFF, 0xF7, 0xFF, 0xF7, 0xDF, 0xEF, 0xDF, 0xEF, 0xDF, 0xEF, 0xDE, 0xDF, 0x7D,
    0xDF, 0x9E, 0xBE, 0xDC, 0x9D, 0xF9, 0x9E, 0x19, 0x9E, 0x19, 0x9E, 0x19, 0x8D, 0x76, 0x7D, 0x36, 0x85, 0x55, 0xB6, 0x37, 0xE7, 0x19, 0xFF, 0xBA,
    0xFF, 0xFA, 0xFF, 0xDA, 0xFF, 0xDA, 0xFF, 0xDA, 0xFF, 0xD9, 0xFF, 0xD9, 0xFF, 0xFA, 0xFF, 0xBA, 0xFF, 0xDE, 0xEF, 0x7B, 0xE7, 0x18, 0xE7, 0x18,
    0xE7, 0x18, 0xE7, 0x18, 0xE7, 0x18, 0xE7, 0x18, 0xE7, 0x18, 0xE7, 0x18, 0xE7, 0x18, 0xE7, 0x18, 0xE7, 0x18, 0xE7, 0x18, 0xE7, 0x18, 0xE7, 0x18,
    0xE7, 0x18, 0xE7, 0x18, 0xE7, 0x18, 0xE7, 0x18, 0xE7, 0x18, 0xE7, 0x18, 0xE7, 0x18, 0xE7, 0x18, 0xE7, 0x18, 0xE7, 0x18, 0xE7, 0x18, 0xE7, 0x18,
    0xE7, 0x18, 0xE7, 0x18, 0xE7, 0x18, 0xE7, 0x18, 0xE7, 0x18, 0xF7, 0x9C, 0x8E, 0x51, 0x86, 0x71, 0x8E, 0x51, 0xF7, 0x9C, 0xE7, 0x18, 0xE7, 0x18,
    0xE7, 0x18, 0xE7, 0x18, 0xE7, 0x18, 0xE7, 0x18, 0xE7, 0x18, 0xE7, 0x18, 0xE7, 0x18, 0xE7, 0x18, 0xE7, 0x18, 0xE7, 0x18, 0xE7, 0x18, 0xE7, 0x18,
    0xE7, 0x18, 0xE7, 0x18, 0xE7, 0x18, 0xE7, 0x18, 0xE7, 0x18, 0xE7, 0x18, 0xE7, 0x18, 0xE7, 0x18, 0xE7, 0x18, 0xE7, 0x18, 0xE7, 0x18, 0xE7, 0x18,
    0xE7, 0x18, 0xE7, 0x18, 0xE7, 0x18, 0xEF, 0x5A, 0x10, 0xA2, 0x08, 0x81, 0x08, 0x81, 0x08, 0x81, 0x08, 0x81, 0x08, 0x81, 0x10, 0x81, 0x08, 0x61,
    0x08, 0x40, 0x08, 0x40, 0x00, 0x00, 0x21, 0x03, 0x84, 0x0E, 0xDE, 0x96, 0xFF, 0x99, 0xFF, 0xDA, 0xFF, 0xDA, 0xFF, 0xDA, 0xFF, 0xDA, 0xFF, 0xDA,
    0xF7, 0x58, 0xBD, 0x93, 0x4A, 0x68, 0x00, 0x00, 0x00, 0x00, 0x08, 0x61, 0x08, 0x81, 0x10, 0x81, 0x10, 0x81, 0x10, 0x81, 0x10, 0x81, 0x10, 0x81,
    0x10, 0xA1, 0x00, 0x40, 0x41, 0xA5, 0xFD, 0xF0, 0xF5, 0x8D, 0xFD, 0xCE, 0xFF, 0x75, 0xF7, 0x9C, 0xED, 0xAE, 0xED, 0x2C, 0xED, 0x4D, 0xF5, 0x8D,
    0xFF, 0x96, 0xE7, 0x18, 0xE7, 0x18, 0xE7, 0x18, 0xE7, 0x18, 0xE7, 0x18, 0xF7, 0x7B, 0xFD, 0xCE, 0xF5, 0x6D, 0xFD, 0xAE, 0xF7, 0x9C, 0xE7, 0x18,
    0xE7, 0x18, 0xE7, 0x18, 0xE7, 0x18, 0xE7, 0x18, 0xF7, 0x7B, 0xF5, 0xF0, 0xED, 0x6D, 0xED, 0x6D, 0xFD, 0xCE, 0xF7, 0xBB, 0xEF, 0x7B, 0xED, 0x8E,
    0xE5, 0x4D, 0xED, 0x6D, 0xFE, 0x52, 0xE7, 0x18, 0xE7, 0x18, 0xE7, 0x18, 0xE7, 0x18, 0xE7, 0x18, 0xFF, 0xB8, 0xF5, 0xAE, 0xED, 0x6D, 0xED, 0x6D,
    0xED, 0xF0, 0xEF, 0x39, 0xE7, 0x18, 0xE7, 0x18, 0xE7, 0x18, 0xE7, 0x18, 0xE7, 0x18, 0xE7, 0x18, 0xE7, 0x18, 0xE7, 0x18, 0xE7, 0x18, 0xE7, 0x18,
    0xE7, 0x18, 0xE7, 0x18, 0xE7, 0x18, 0xE7, 0x18, 0xE7, 0x18, 0xE7, 0x18, 0xE7, 0x18, 0xE7, 0x18, 0xEF, 0x39, 0xDF, 0x7D, 0xDF, 0xBF, 0xAE, 0x5A,
    0x7D, 0x56, 0x8D, 0x77, 0xCF, 0x5D, 0xE7, 0xDE, 0xAE, 0x7A, 0x85, 0x56, 0x8D, 0xB7, 0xD7, 0x3D, 0xE7, 0xBF, 0xB6, 0x9A, 0x7D, 0x36, 0x95, 0xB8,
    0xD7, 0x5E, 0xE7, 0x9E, 0xA6, 0x59, 0x75, 0x15, 0x85, 0x77, 0xD7, 0x5E, 0xDF, 0x7E, 0xDF, 0x5E, 0xDF, 0x9F, 0xAE, 0x39, 0x85, 0x56, 0x8D, 0x97,
    0x8D, 0x97, 0x8D, 0x97, 0x8D, 0x77, 0xBE, 0xBB, 0xDF, 0x7E, 0xD7, 0x7E, 0xDF, 0x7E, 0xDF, 0x9E, 0xD7, 0x3D, 0xA6, 0x18, 0xA6, 0x19, 0xA6, 0x19,
    0xA6, 0x18, 0xA6, 0x18, 0xA6, 0x18, 0xA6, 0x19, 0xA6, 0x19, 0xA6, 0x19, 0xA6, 0x38, 0xA6, 0x18, 0xA6, 0x39, 0xA6, 0x39, 0xAE, 0x39, 0xD7, 0x5D,
    0xDF, 0x9E, 0xBE, 0xDB, 0x9E, 0x19, 0x9E, 0x19, 0x9E, 0x19, 0x9E, 0x19, 0x85, 0x76, 0x85, 0x56, 0x85, 0x56, 0x7D, 0x56, 0x7D, 0x15, 0x52, 0xED,
    0x84, 0x51, 0xAD, 0x54, 0xBD, 0xB5, 0xBD, 0xD5, 0xBD, 0xB5, 0xAD, 0x54, 0x84, 0x31, 0x94, 0xB2, 0xE7, 0x18, 0xE7, 0x18, 0xE7, 0x18, 0xE7, 0x18,
    0xE7, 0x18, 0xE7, 0x18, 0xE7, 0x18, 0xE7, 0x18, 0xE7, 0x18, 0xE7, 0x18, 0xE7, 0x18, 0xE7, 0x18, 0xE7, 0x18, 0xE7, 0x18, 0xE7, 0x18, 0xE7, 0x18,
    0xE7, 0x18, 0xE7, 0x18, 0xE7, 0x18, 0xE7, 0x18, 0xE7, 0x18, 0xE7, 0x18, 0xE7, 0x18, 0xE7, 0x18, 0xE7, 0x18, 0xE7, 0x18, 0xE7, 0x18, 0xE7, 0x18,
    0xE7, 0x18, 0xE7, 0x18, 0xE7, 0x18, 0xEF, 0x39, 0xBF, 0x76, 0x86, 0x71, 0x7D, 0xEF, 0x7E, 0x10, 0x7E, 0x0F, 0x86, 0x71, 0xCF, 0xD8, 0xEF, 0x39,
    0xE7, 0x18, 0xE7, 0x18, 0xE7, 0x18, 0xE7, 0x18, 0xE7, 0x18, 0xE7, 0x18, 0xE7, 0x18, 0xE7, 0x18, 0xE7, 0x18, 0xE7, 0x18, 0xE7, 0x18, 0xE7, 0x18,
    0xE7, 0x18, 0xE7, 0x18, 0xE7, 0x18, 0xE7, 0x18, 0xE7, 0x18, 0xE7, 0x18, 0xE7, 0x18, 0xE7, 0x18, 0xE7, 0x18, 0xE7, 0x18, 0xE7, 0x18, 0xE7, 0x18,
    0xE7, 0x18, 0xE7, 0x18, 0xE7, 0x18, 0xEF, 0x59, 0x10, 0xA2, 0x08, 0x81, 0x08, 0x81, 0x08, 0x81, 0x08, 0x81, 0x10, 0x81, 0x10, 0x81, 0x08, 0x60,
    0x00, 0x40, 0x08, 0x40, 0x08, 0x61, 0x00, 0x20, 0x00, 0x00, 0x08, 0x61, 0x39, 0xE6, 0x6B, 0x2A, 0x83, 0xED, 0x8C, 0x4E, 0x8C, 0x0D, 0x62, 0xE9,
    0x29, 0x23, 0x00, 0x00, 0x00, 0x00, 0x08, 0x40, 0x08, 0x40, 0x08, 0x40, 0x10, 0x81, 0x10, 0x81, 0x10, 0x81, 0x10, 0x81, 0x10, 0x81, 0x10, 0x81,
    0x10, 0xA1, 0x08, 0x60, 0x42, 0x28, 0xF7, 0xBD, 0xFE, 0x0F, 0xED, 0x8D, 0xF5, 0xAD, 0xF5, 0xCF, 0xED, 0x2C, 0xE5, 0x2C, 0xFD, 0xAD, 0xFF, 0x96,
    0xE7, 0x18, 0xE7, 0x18, 0xE7, 0x18, 0xE7, 0x18, 0xE7, 0x18, 0xE7, 0x18, 0xF7, 0x7B, 0xFD, 0xCF, 0xF5, 0x8D, 0xF5, 0xAD, 0xF7, 0x9C, 0xE7, 0x18,
    0xE7, 0x18, 0xE7, 0x18, 0xE7, 0x18, 0xE7, 0x18, 0xE7, 0x18, 0xF7, 0x7B, 0xF5, 0xCF, 0xED, 0x4C, 0xED, 0x4C, 0xF5, 0x8D, 0xED, 0xAF, 0xE5, 0x2C,
    0xED, 0x2D, 0xF5, 0xCF, 0xEF, 0x7B, 0xE7, 0x18, 0xE7, 0x18, 0xE7, 0x18, 0xE7, 0x18, 0xEF, 0x39, 0xED, 0xCF, 0xED, 0x6C, 0xED, 0x6D, 0xFD, 0xAE,
    0xF7, 0xB9, 0xE7, 0x18, 0xE7, 0x18, 0xE7, 0x18, 0xE7, 0x18, 0xE7, 0x18, 0xE7, 0x18, 0xE7, 0x18, 0xE7, 0x18, 0xE7, 0x18, 0xE7, 0x18, 0xE7, 0x18,
    0xE7, 0x18, 0xE7, 0x18, 0xE7, 0x18, 0xE7, 0x18, 0xE7, 0x18, 0xE7, 0x18, 0xE7, 0x18, 0xE7, 0x18, 0xEF, 0x39, 0xDF, 0x7E, 0xDF, 0xBF, 0xAE, 0x5A,
    0x7D, 0x56, 0x8D, 0x77, 0xCF, 0x3D, 0xE7, 0xBF, 0xAE, 0x5A, 0x85, 0x56, 0x8D, 0xB7, 0xD7, 0x5D, 0xE7, 0xBF, 0xB6, 0x9B, 0x7D, 0x36, 0x95, 0xB7,
    0xD7, 0x5D, 0xE7, 0x9F, 0xA6, 0x39, 0x75, 0x15, 0x85, 0x77, 0xD7, 0x5E, 0xDF, 0x7E, 0xD7, 0x7D, 0xDF, 0x7E, 0xBE, 0xDC, 0xB6, 0xBB, 0xB6, 0xBC,
    0xB6, 0xBB, 0xB6, 0xBB, 0xB6, 0xBB, 0xCF, 0x1D, 0xDF, 0x7E, 0xD7, 0x7E, 0xD7, 0x7E, 0xDF, 0x9E, 0xCF, 0x1C, 0x64, 0x94, 0x64, 0x94, 0x64, 0x94,
    0x64, 0x94, 0x64, 0x94, 0x64, 0x93, 0x64, 0x93, 0x64, 0x93, 0x64, 0x94, 0x64, 0x94, 0x64, 0x93, 0x64, 0xB4, 0x64, 0x94, 0x6C, 0xD4, 0xCF, 0x3C,
    0xDF, 0x7E, 0xBE, 0xBB, 0x9D, 0xF9, 0xA6, 0x19, 0x9E, 0x19, 0x9E, 0x39, 0x8D, 0x76, 0x85, 0x56, 0x85, 0x76, 0x85, 0x97, 0x7D, 0x16, 0x09, 0x2A,
    0x00, 0x89, 0x00, 0xA9, 0x00, 0xA9, 0x00, 0xC9, 0x00, 0xC9, 0x00, 0xA9, 0x00, 0x88, 0x42, 0xAD, 0xEF, 0x39, 0xE7, 0x18, 0xE7, 0x18, 0xE7, 0x18,
    0xE7, 0x18, 0xE7, 0x18, 0xE7, 0x18, 0xE7, 0x18, 0xE7, 0x18, 0xE7, 0x18, 0xE7, 0x18, 0xE7, 0x18, 0xE7, 0x18, 0xE7, 0x18, 0xE7, 0x18, 0xE7, 0x18,
    0xE7, 0x18, 0xE7, 0x18, 0xE7, 0x18, 0xE7, 0x18, 0xE7, 0x18, 0xE7, 0x18, 0xE7, 0x18, 0xE7, 0x18, 0xE7, 0x18, 0xE7, 0x18, 0xE7, 0x18, 0xE7, 0x18,
    0xE7, 0x18, 0xE7, 0x18, 0xEF, 0x5A, 0x96, 0x92, 0x7E, 0x50, 0x7E, 0x0F, 0x7E, 0x0F, 0x7E, 0x0F, 0x7E, 0x0F, 0x7E, 0x0F, 0x86, 0x50, 0x9E, 0xD3,
    0xEF, 0x5A, 0xE7, 0x18, 0xE7, 0x18, 0xE7, 0x18, 0xE7, 0x18, 0xE7, 0x18, 0xE7, 0x18, 0xE7, 0x18, 0xE7, 0x18, 0xE7, 0x18, 0xE7, 0x18, 0xE7, 0x18,
    0xE7, 0x18, 0xE7, 0x18, 0xE7, 0x18, 0xE7, 0x18, 0xE7, 0x18, 0xE7, 0x18, 0xE7, 0x18, 0xE7, 0x18, 0xE7, 0x18, 0xE7, 0x18, 0xE7, 0x18, 0xE7, 0x18,
    0xE7, 0x18, 0xE7, 0x18, 0xE7, 0x18, 0xEF, 0x39, 0x10, 0xA2, 0x08, 0x81, 0x08, 0x81, 0x08, 0x81, 0x08, 0x81, 0x08, 0x80, 0x10, 0x81, 0x08, 0x61,
    0x00, 0x40, 0x08, 0x40, 0x08, 0x60, 0x00, 0x20, 0x08, 0x20, 0x10, 0x40, 0x00, 0x00, 0x00, 0x00, 0x00, 0x00, 0x00, 0x00, 0x00, 0x00, 0x00, 0x00,
    0x08, 0x20, 0x08, 0x40, 0x00, 0x00, 0x08, 0x60, 0x08, 0x41, 0x08, 0x40, 0x10, 0x81, 0x10, 0x81, 0x10, 0x81, 0x10, 0x81, 0x10, 0x81, 0x10, 0x81,
    0x10, 0x81, 0x08, 0x60, 0x41, 0xE7, 0xEF, 0x39, 0xFF, 0x96, 0xF5, 0xAE, 0xED, 0x6D, 0xED, 0x6C, 0xED, 0x4C, 0xF5, 0x6D, 0xFF, 0xB7, 0xEF, 0x18,
    0xE7, 0x18, 0xE7, 0x18, 0xE7, 0x18, 0xE7, 0x18, 0xE7, 0x18, 0xE7, 0x18, 0xF7, 0x7B, 0xFD, 0xCE, 0xF5, 0x8D, 0xF5, 0xAD, 0xF7, 0x9B, 0xE7, 0x18,
    0xE7, 0x18, 0xE7, 0x18, 0xE7, 0x18, 0xE7, 0x18, 0xE7, 0x18, 0xE7, 0x18, 0xF7, 0x9C, 0xED, 0xAE, 0xED, 0x4C, 0xED, 0x4C, 0xED, 0x2C, 0xE5, 0x2D,
    0xF5, 0x8D, 0xF7, 0xBB, 0xE7, 0x18, 0xE7, 0x18, 0xE7, 0x18, 0xE7, 0x18, 0xE7, 0x18, 0xF7, 0xBA, 0xFD, 0xCE, 0xED, 0x6D, 0xED, 0x6D, 0xED, 0xAE,
    0xEF, 0x5A, 0xE7, 0x18, 0xE7, 0x18, 0xE7, 0x18, 0xE7, 0x18, 0xE7, 0x18, 0xE7, 0x18, 0xE7, 0x18, 0xE7, 0x18, 0xE7, 0x18, 0xE7, 0x18, 0xE7, 0x18,
    0xE7, 0x18, 0xE7, 0x18, 0xE7, 0x18, 0xE7, 0x18, 0xE7, 0x18, 0xE7, 0x18, 0xE7, 0x18, 0xE7, 0x18, 0xEF, 0x39, 0xD7, 0x5D, 0xDF, 0xBF, 0xAE, 0x5A,
    0x7D, 0x56, 0x8D, 0x77, 0xCF, 0x3C, 0xE7, 0xBE, 0xAE, 0x5A, 0x85, 0x56, 0x8D, 0xB7, 0xD7, 0x3D, 0xE7, 0xBF, 0xB6, 0x9A, 0x7D, 0x36, 0x95, 0xB8,
    0xD7, 0x5D, 0xE7, 0x9E, 0xA6, 0x39, 0x75, 0x15, 0x85, 0x77, 0xD7, 0x5E, 0xDF, 0x7E, 0xD7, 0x7E, 0xDF, 0x9F, 0xA6, 0x19, 0x85, 0x36, 0x8D, 0x77,
    0x8D, 0x77, 0x8D, 0x77, 0x85, 0x56, 0xB6, 0x9B, 0xDF, 0x9E, 0xD7, 0x5E, 0xDF, 0x7E, 0xDF, 0x9E, 0xCF, 0x3D, 0x7D, 0x15, 0x75, 0x15, 0x7D, 0x15,
    0x75, 0x15, 0x75, 0x15, 0x74, 0xF5, 0x75, 0x15, 0x75, 0x15, 0x7D, 0x15, 0x7D, 0x15, 0x7D, 0x15, 0x7D, 0x15, 0x7D, 0x15, 0x85, 0x35, 0xD7, 0x3C,
    0xDF, 0x7E, 0xBE, 0xBB, 0x9D, 0xF9, 0xA6, 0x19, 0x9E, 0x19, 0x9E, 0x1A, 0x85, 0x77, 0x85, 0x77, 0x74, 0xF9, 0x53, 0xD9, 0x43, 0x7A, 0x3B, 0x18,
    0x32, 0xF8, 0x32, 0xF7, 0x32, 0xD7, 0x32, 0xD8, 0x32, 0xF7, 0x32, 0xD8, 0x32, 0xF8, 0x33, 0x18, 0x53, 0xD9, 0xCF, 0x3C, 0xEF, 0x18, 0xE7, 0x18,
    0xE7, 0x18, 0xE7, 0x18, 0xE7, 0x18, 0xE7, 0x18, 0xE7, 0x18, 0xE7, 0x18, 0xE7, 0x18, 0xE7, 0x18, 0xE7, 0x18, 0xE7, 0x18, 0xE7, 0x18, 0xE7, 0x18,
    0xE7, 0x18, 0xE7, 0x18, 0xE7, 0x18, 0xE7, 0x18, 0xE7, 0x18, 0xE7, 0x18, 0xE7, 0x18, 0xE7, 0x18, 0xE7, 0x18, 0xE7, 0x18, 0xE7, 0x18, 0xE7, 0x18,
    0xE7, 0x18, 0xF7, 0x7B, 0x86, 0x31, 0x76, 0x2F, 0x7E, 0x30, 0x7E, 0x10, 0x7E, 0x10, 0x7E, 0x0F, 0x7E, 0x0F, 0x7E, 0x10, 0x7E, 0x0F, 0x7E, 0x0F,
    0x8E, 0x31, 0xF7, 0x7B, 0xE7, 0x18, 0xE7, 0x18, 0xE7, 0x18, 0xE7, 0x18, 0xE7, 0x18, 0xE7, 0x18, 0xE7, 0x18, 0xE7, 0x18, 0xE7, 0x18, 0xE7, 0x18,
    0xE7, 0x18, 0xE7, 0x18, 0xE7, 0x18, 0xE7, 0x18, 0xE7, 0x18, 0xE7, 0x18, 0xE7, 0x18, 0xE7, 0x18, 0xE7, 0x18, 0xE7, 0x18, 0xE7, 0x18, 0xE7, 0x18,
    0xE7, 0x18, 0xE7, 0x18, 0xE7, 0x18, 0xEF, 0x19, 0x10, 0xA2, 0x08, 0x81, 0x08, 0x81, 0x08, 0x81, 0x08, 0x81, 0x08, 0x81, 0x08, 0x81, 0x08, 0x61,
    0x08, 0x40, 0x08, 0x40, 0x00, 0x00, 0x41, 0x46, 0xBB, 0x91, 0xDB, 0xF3, 0xD3, 0xD2, 0xD3, 0xD3, 0xD3, 0xD2, 0xD3, 0xD2, 0xD3, 0xF2, 0xD3, 0xF3,
    0xDC, 0x34, 0xCC, 0x13, 0x6A, 0x0A, 0x08, 0x40, 0x00, 0x20, 0x08, 0x41, 0x10, 0x81, 0x10, 0x81, 0x10, 0x81, 0x10, 0x81, 0x10, 0x81, 0x10, 0x81,
    0x10, 0xA1, 0x08, 0x60, 0x39, 0xE6, 0xE7, 0x18, 0xF7, 0x7B, 0xFD, 0xEE, 0xED, 0x6D, 0xED, 0x6D, 0xF5, 0x6C, 0xFE, 0x72, 0xEF, 0x18, 0xE7, 0x18,
    0xEF, 0x18, 0xE7, 0x18, 0xE7, 0x18, 0xE7, 0x18, 0xE7, 0x18, 0xE7, 0x18, 0xF7, 0x7B, 0xFD, 0xCE, 0xF5, 0x8D, 0xFD, 0xAD, 0xF7, 0x9C, 0xE7, 0x18,
    0xE7, 0x18, 0xE7, 0x18, 0xE7, 0x18, 0xE7, 0x18, 0xE7, 0x18, 0xEF, 0x18, 0xE7, 0x18, 0xF7, 0xBC, 0xFD, 0xAE, 0xED, 0x6D, 0xE5, 0x4D, 0xED, 0x4C,
    0xF6, 0x31, 0xEF, 0x38, 0xE7, 0x18, 0xE7, 0x18, 0xE7, 0x18, 0xE7, 0x18, 0xEF, 0x5A, 0xF5, 0xCF, 0xED, 0x8C, 0xED, 0x6D, 0xFD, 0x8D, 0xFF, 0x96,
    0xE7, 0x18, 0xE7, 0x18, 0xE7, 0x18, 0xE7, 0x18, 0xE7, 0x18, 0xE7, 0x18, 0xE7, 0x18, 0xE7, 0x18, 0xE7, 0x18, 0xE7, 0x18, 0xE7, 0x18, 0xE7, 0x18,
    0xEF, 0x18, 0xEF, 0x18, 0xEF, 0x18, 0xEF, 0x18, 0xEF, 0x18, 0xEF, 0x18, 0xEF, 0x18, 0xEF, 0x18, 0xEF, 0x39, 0xD7, 0x5D, 0xDF, 0x9F, 0xAE, 0x5A,
    0x7D, 0x36, 0x85, 0x77, 0xCF, 0x3D, 0xE7, 0xBE, 0xAE, 0x5A, 0x85, 0x56, 0x8D, 0x97, 0xD7, 0x3D, 0xE7, 0xBF, 0xB6, 0x9B, 0x7D, 0x36, 0x95, 0xB8,
    0xD7, 0x5D, 0xE7, 0x9E, 0xAE, 0x39, 0x75, 0x15, 0x85, 0x96, 0xD7, 0x7E, 0xDF, 0x7E, 0xD7, 0x7E, 0xDF, 0x9F, 0x95, 0xB7, 0x64, 0x73, 0x6C, 0xB4,
    0x6C, 0x94, 0x6C, 0xB4, 0x64, 0x53, 0xAE, 0x5A, 0xDF, 0x9F, 0xD7, 0x5E, 0xDF, 0x7E, 0xDF, 0x7E, 0xDF, 0x9E, 0xDF, 0x7E, 0xDF, 0x7E, 0xDF, 0x9E,
    0xDF, 0x9E, 0xDF, 0x7E, 0xDF, 0x7E, 0xDF, 0x7E, 0xDF, 0x7E, 0xDF, 0x7D, 0xDF, 0x7E, 0xDF, 0x7D, 0xDF, 0x7D, 0xDF, 0x5D, 0xDF, 0x5D, 0xDF, 0x5D,
    0xDF, 0x7E, 0xBE, 0xDB, 0x9D, 0xF9, 0xA6, 0x19, 0x9E, 0x19, 0x9E, 0x39, 0x8D, 0xB7, 0x64, 0x79, 0x3B, 0x3A, 0x3B, 0x3A, 0x3B, 0x5A, 0x3B, 0x7B,
    0x3B, 0x7B, 0x43, 0x7B, 0x3B, 0x7B, 0x3B, 0x7B, 0x3B, 0x7C, 0x3B, 0x7C, 0x3B, 0x7B, 0x3B, 0x5B, 0x33, 0x3B, 0x3B, 0x5B, 0x7D, 0x1C, 0xEF, 0x39,
    0xEF, 0x18, 0xEF, 0x18, 0xEF, 0x18, 0xEF, 0x18, 0xEF, 0x18, 0xEF, 0x18, 0xEF, 0x18, 0xEF, 0x18, 0xEF, 0x18, 0xEF, 0x18, 0xEF, 0x18, 0xEF, 0x18,
    0xEF, 0x18, 0xEF, 0x18, 0xEF, 0x18, 0xEF, 0x18, 0xEF, 0x39, 0xF7, 0x7A, 0xF7, 0x9C, 0xF7, 0xBD, 0xF7, 0xBD, 0xF7, 0x9C, 0xF7, 0x9C, 0xEF, 0x5A,
    0xF7, 0x9C, 0x7E, 0x10, 0x76, 0x10, 0x7E, 0x10, 0x7E, 0x0F, 0x7E, 0x0F, 0x7E, 0x0F, 0x7E, 0x0F, 0x7E, 0x0F, 0x7E, 0x0F, 0x7E, 0x0F, 0x7E, 0x0F,
    0x7E, 0x0F, 0x86, 0x30, 0xF7, 0x9C, 0xEF, 0x18, 0xEF, 0x18, 0xEF, 0x18, 0xEF, 0x38, 0xEF, 0x18, 0xEF, 0x18, 0xEF, 0x18, 0xEF, 0x18, 0xEF, 0x18,
    0xEF, 0x18, 0xEF, 0x18, 0xEF, 0x18, 0xEF, 0x18, 0xEF, 0x18, 0xEF, 0x18, 0xEF, 0x18, 0xEF, 0x39, 0xEF, 0x39, 0xEF, 0x18, 0xEF, 0x18, 0xEF, 0x18,
    0xEF, 0x18, 0xEF, 0x18, 0xEF, 0x18, 0xEF, 0x39, 0x10, 0xA1, 0x08, 0x81, 0x08, 0x81, 0x08, 0x80, 0x08, 0x81, 0x08, 0x81, 0x08, 0x81, 0x08, 0x61,
    0x00, 0x20, 0x08, 0x40, 0x92, 0xED, 0xFC, 0xB7, 0xFC, 0x98, 0xFC, 0x77, 0xFC, 0x97, 0xFC, 0x97, 0xFC, 0x97, 0xFC, 0x97, 0xFC, 0x97, 0xFC, 0x97,
    0xFC, 0x97, 0xFC, 0x97, 0xFC, 0xD8, 0xC3, 0xF2, 0x31, 0x25, 0x00, 0x00, 0x10, 0xA1, 0x08, 0x81, 0x10, 0x81, 0x10, 0x81, 0x08, 0x81, 0x08, 0x81,
    0x10, 0x81, 0x08, 0x61, 0x39, 0xE6, 0xF7, 0x9C, 0xED, 0xAE, 0xED, 0x6D, 0xED, 0x6D, 0xED, 0x6D, 0xED, 0x8C, 0xF5, 0x8D, 0xFF, 0x97, 0xEF, 0x39,
    0xEF, 0x18, 0xEF, 0x18, 0xEF, 0x18, 0xEF, 0x18, 0xEF, 0x18, 0xEF, 0x18, 0xF7, 0x7B, 0xFD, 0xCE, 0xF5, 0x8D, 0xFD, 0xAD, 0xF7, 0x9C, 0xEF, 0x18,
    0xEF, 0x18, 0xEF, 0x18, 0xEF, 0x18, 0xEF, 0x18, 0xEF, 0x18, 0xEF, 0x18, 0xEF, 0x5A, 0xFE, 0xB3, 0xED, 0x6D, 0xED, 0x4D, 0xED, 0x4D, 0xE5, 0x4C,
    0xED, 0x6D, 0xFF, 0x97, 0xEF, 0x18, 0xEF, 0x18, 0xEF, 0x18, 0xEF, 0x18, 0xFE, 0xF4, 0xF5, 0x8D, 0xED, 0x6D, 0xED, 0x6C, 0xED, 0xAE, 0xEF, 0x59,
    0xEF, 0x18, 0xEF, 0x18, 0xEF, 0x18, 0xEF, 0x18, 0xEF, 0x18, 0xEF, 0x18, 0xEF, 0x18, 0xEF, 0x18, 0xEF, 0x18, 0xEF, 0x18, 0xEF, 0x18, 0xEF, 0x18,
    0xEF, 0x18, 0xEF, 0x18, 0xEF, 0x18, 0xEF, 0x18, 0xEF, 0x18, 0xEF, 0x18, 0xEF, 0x18, 0xEF, 0x18, 0xEF, 0x39, 0xD7, 0x5D, 0xDF, 0x9E, 0xAE, 0x5A,
    0x7D, 0x36, 0x85, 0x77, 0xCF, 0x3D, 0xE7, 0xBE, 0xAE, 0x5A, 0x85, 0x56, 0x8D, 0x97, 0xD7, 0x3D, 0xE7, 0xBF, 0xB6, 0x9A, 0x85, 0x36, 0x95, 0xB8,
    0xD7, 0x5D, 0xE7, 0x9E, 0xA6, 0x59, 0x75, 0x15, 0x8D, 0x97, 0xDF, 0x7E, 0xDF, 0x7E, 0xDF, 0x7E, 0xDF, 0x9E, 0xAE, 0x5A, 0x8D, 0x97, 0x95, 0xB8,
    0x95, 0xB8, 0x95, 0xB8, 0x8D, 0x97, 0xBE, 0xDB, 0xDF, 0x9E, 0xD7, 0x5E, 0xDF, 0x7E, 0xDF, 0x7E, 0xDF, 0x9E, 0xE7, 0xBE, 0xE7, 0xBE, 0xE7, 0xBE,
    0xE7, 0xBE, 0xE7, 0x9E, 0xDF, 0x9E, 0xE7, 0x9E, 0xE7, 0x9E, 0xE7, 0x9E, 0xE7, 0x9E, 0xDF, 0x9E, 0xDF, 0x7D, 0xDF, 0x7D, 0xDF, 0x5D, 0xDF, 0x5D,
    0xDF, 0x7E, 0xBE, 0xBB, 0x9D, 0xF9, 0xA6, 0x19, 0x9E, 0x19, 0xA6, 0x5A, 0x64, 0x99, 0x32, 0xFA, 0x3B, 0x5B, 0x3B, 0x5A, 0x3B, 0x5A, 0x3B, 0x5A,
    0x3B, 0x5A, 0x3B, 0x5A, 0x3B, 0x3A, 0x3B, 0x3A, 0x3B, 0x3B, 0x3B, 0x3B, 0x3B, 0x3A, 0x3B, 0x3A, 0x3B, 0x3A, 0x3B, 0x5B, 0x33, 0x5B, 0x6C, 0x9B,
    0xEF, 0x39, 0xEF, 0x18, 0xEF, 0x18, 0xEF, 0x18, 0xEF, 0x18, 0xEF, 0x18, 0xEF, 0x18, 0xEF, 0x18, 0xEF, 0x18, 0xEF, 0x18, 0xEF, 0x18, 0xEF, 0x18,
    0xEF, 0x18, 0xEF, 0x18, 0xEF, 0x39, 0xF7, 0xBD, 0xFF, 0xFA, 0xFF, 0xDA, 0xFF, 0xFA, 0xFF, 0xFA, 0xFF, 0xFA, 0xFF, 0xFA, 0xFF, 0xFA, 0xFF, 0x9A,
    0xF7, 0x78, 0xBE, 0x94, 0x85, 0xF0, 0x76, 0x0F, 0x7E, 0x2F, 0x7E, 0x0F, 0x7E, 0x0F, 0x7E, 0x0F, 0x7E, 0x0F, 0x7E, 0x0F, 0x7E, 0x0F, 0x7E, 0x0F,
    0x7E, 0x0F, 0x7E, 0x0F, 0x8E, 0x71, 0xD7, 0xB8, 0xEF, 0x39, 0xFF, 0xDA, 0xFF, 0x98, 0xF7, 0x9C, 0xEF, 0x38, 0xEF, 0x18, 0xEF, 0x18, 0xEF, 0x18,
    0xEF, 0x18, 0xEF, 0x18, 0xEF, 0x18, 0xEF, 0x18, 0xEF, 0x18, 0xEF, 0x18, 0xF7, 0x7B, 0xFF, 0x56, 0xFF, 0x57, 0xEF, 0x39, 0xEF, 0x18, 0xEF, 0x18,
    0xEF, 0x18, 0xEF, 0x18, 0xEF, 0x18, 0xEF, 0x39, 0x10, 0xA1, 0x08, 0x81, 0x08, 0x81, 0x08, 0x81, 0x08, 0x81, 0x08, 0x61, 0x10, 0x81, 0x08, 0x40,
    0x10, 0x41, 0xBB, 0xB1, 0xFC, 0xB8, 0xFC, 0x36, 0xFC, 0x36, 0xFC, 0x56, 0xFC, 0x56, 0xFC, 0x56, 0xFC, 0x56, 0xFC, 0x56, 0xFC, 0x55, 0xFC, 0x56,
    0xFC, 0x56, 0xFC, 0x56, 0xFC, 0x56, 0xFC, 0xD8, 0xEC, 0xD6, 0x49, 0x87, 0x00, 0x20, 0x10, 0xA1, 0x10, 0x81, 0x10, 0x81, 0x08, 0x81, 0x08, 0x81,
    0x10, 0x81, 0x00, 0x40, 0x31, 0x85, 0xF5, 0xF0, 0xF5, 0x6D, 0xED, 0x6D, 0xF5, 0x8D, 0xFD, 0xCF, 0xF5, 0x6C, 0xED, 0x6D, 0xFD, 0xCE, 0xFE, 0x31,
    0xF7, 0x7B, 0xEF, 0x18, 0xEF, 0x18, 0xEF, 0x18, 0xEF, 0x18, 0xEF, 0x18, 0xF7, 0x7B, 0xFD, 0xCE, 0xF5, 0x8D, 0xFD, 0xAD, 0xF7, 0x9C, 0xEF, 0x18,
    0xEF, 0x18, 0xEF, 0x18, 0xEF, 0x18, 0xEF, 0x18, 0xEF, 0x38, 0xF7, 0x9C, 0xED, 0xAF, 0xF5, 0x6D, 0xED, 0x4C, 0xF5, 0x8D, 0xF5, 0xAE, 0xED, 0x4C,
    0xE5, 0x4C, 0xF5, 0xCE, 0xFF, 0xB8, 0xEF, 0x18, 0xEF, 0x18, 0xF7, 0xB8, 0xFD, 0xCE, 0xED, 0x6D, 0xED, 0x6D, 0xFD, 0xAE, 0xF7, 0xBA, 0xEF, 0x18,
    0xEF, 0x18, 0xEF, 0x18, 0xEF, 0x18, 0xEF, 0x18, 0xEF, 0x18, 0xEF, 0x18, 0xEF, 0x18, 0xEF, 0x18, 0xEF, 0x18, 0xEF, 0x18, 0xEF, 0x18, 0xEF, 0x18,
    0xEF, 0x18, 0xEF, 0x18, 0xEF, 0x18, 0xEF, 0x18, 0xEF, 0x18, 0xEF, 0x18, 0xEF, 0x18, 0xEF, 0x18, 0xEF, 0x39, 0xD7, 0x5D, 0xDF, 0x9E, 0xAE, 0x59,
    0x7D, 0x35, 0x85, 0x77, 0xCF, 0x3C, 0xE7, 0xBE, 0xAE, 0x5A, 0x85, 0x56, 0x8D, 0x97, 0xD7, 0x5D, 0xE7, 0xBF, 0xB6, 0x9A, 0x85, 0x36, 0x95, 0xB8,
    0xD7, 0x5D, 0xE7, 0x9E, 0xAE, 0x59, 0x75, 0x15, 0x8D, 0x77, 0xDF, 0x7E, 0xDF, 0x7E, 0xDF, 0x7E, 0xDF, 0x7E, 0xBE, 0xDC, 0xAE, 0x7B, 0xAE, 0x9B,
    0xAE, 0x9B, 0xAE, 0x9B, 0xAE, 0x9B, 0xC7, 0x1C, 0xDF, 0x7E, 0xD7, 0x7E, 0xDF, 0x7E, 0xDF, 0x9E, 0xD7, 0x3D, 0x7D, 0x36, 0x7D, 0x36, 0x7D, 0x35,
    0x7D, 0x16, 0x7D, 0x35, 0x7D, 0x15, 0x7D, 0x16, 0x7D, 0x15, 0x7D, 0x16, 0x7D, 0x15, 0x7D, 0x16, 0x7D, 0x36, 0x7D, 0x15, 0x85, 0x36, 0xCF, 0x3D,
    0xDF, 0x7E, 0xBE, 0xBB, 0x9E, 0x18, 0x9E, 0x19, 0xA6, 0x59, 0x7D, 0x1A, 0x33, 0x1A, 0x3B, 0x5B, 0x3B, 0x3B, 0x3B, 0x5B, 0x3B, 0x5B, 0x3B, 0x5B,
    0x3B, 0x5B, 0x3B, 0x5B, 0x3B, 0x5B, 0x3B, 0x5B, 0x3B, 0x5B, 0x3B, 0x5B, 0x3B, 0x3B, 0x3B, 0x3A, 0x3B, 0x3A, 0x3B, 0x3A, 0x3B, 0x5A, 0x33, 0x5B,
    0x74, 0xFB, 0xEF, 0x38, 0xE7, 0x18, 0xEF, 0x18, 0xEF, 0x18, 0xEF, 0x18, 0xEF, 0x18, 0xEF, 0x18, 0xEF, 0x18, 0xEF, 0x18, 0xEF, 0x18, 0xEF, 0x39,
    0xEF, 0x5A, 0xF7, 0x7B, 0xFF, 0xBA, 0xFF, 0xFA, 0xFF, 0x78, 0xFF, 0x79, 0xFF, 0x98, 0xFF, 0x99, 0xFF, 0x99, 0xFF, 0x99, 0xFF, 0x79, 0xFF, 0x78,
    0xFF, 0x99, 0xFF, 0x99, 0xEF, 0x78, 0xAE, 0x11, 0x8D, 0xCE, 0x7E, 0x30, 0x7E, 0x30, 0x7E, 0x0F, 0x7E, 0x2F, 0x7E, 0x2F, 0x7E, 0x0F, 0x7E, 0x0F,
    0x7E, 0x0F, 0x7E, 0x0F, 0x7E, 0x2F, 0x76, 0x0F, 0xCE, 0xD4, 0xFE, 0xD3, 0xF6, 0x32, 0xFF, 0x36, 0xFF, 0xD8, 0xEF, 0x5A, 0xEF, 0x18, 0xEF, 0x18,
    0xEF, 0x18, 0xEF, 0x18, 0xEF, 0x18, 0xEF, 0x18, 0xEF, 0x18, 0xF7, 0xBD, 0xFF, 0x14, 0xF5, 0x8E, 0xFE, 0x91, 0xFF, 0xBD, 0xEF, 0x18, 0xEF, 0x18,
    0xEF, 0x18, 0xEF, 0x18, 0xEF, 0x18, 0xEF, 0x39, 0x10, 0xA2, 0x08, 0x81, 0x08, 0x81, 0x08, 0x81, 0x08, 0x80, 0x08, 0x81, 0x08, 0x80, 0x08, 0x40,
    0xB3, 0x50, 0xFC, 0xB8, 0xF4, 0x16, 0xFC, 0x56, 0xFC, 0x56, 0xFC, 0x56, 0xFC, 0x56, 0xFC, 0x56, 0xFC, 0x56, 0xFC, 0x56, 0xFC, 0x56, 0xFC, 0x56,
    0xFC, 0x56, 0xFC, 0x56, 0xFC, 0x56, 0xFC, 0x56, 0xFC, 0x96, 0xF4, 0xD7, 0x41, 0x45, 0x00, 0x40, 0x10, 0x81, 0x08, 0x81, 0x08, 0x81, 0x08, 0x81,
    0x10, 0x81, 0x00, 0x20, 0x39, 0xA5, 0xFE, 0x0F, 0xF5, 0x6D, 0xFD, 0xCE, 0xFF, 0x76, 0xF7, 0x7B, 0xF6, 0x31, 0xFD, 0xCE, 0xF5, 0x8D, 0xF5, 0x8D,
    0xFD, 0xEF, 0xFF, 0x14, 0xF7, 0x7B, 0xEF, 0x39, 0xEF, 0x18, 0xEF, 0x18, 0xF7, 0x7B, 0xFD, 0xEE, 0xF5, 0x8D, 0xFD, 0xCD, 0xF7, 0x9C, 0xEF, 0x18,
    0xEF, 0x18, 0xEF, 0x18, 0xEF, 0x39, 0xF7, 0x9B, 0xFE, 0x72, 0xFD, 0xCE, 0xED, 0x6D, 0xF5, 0x6D, 0xFD, 0xEE, 0xFF, 0xB7, 0xF7, 0xBB, 0xF5, 0xAE,
    0xED, 0x4D, 0xE5, 0x2B, 0xF6, 0x11, 0xFF, 0xBD, 0xFF, 0xBD, 0xF6, 0x72, 0xED, 0x2C, 0xED, 0x6D, 0xF5, 0x8D, 0xFE, 0xB3, 0xEF, 0x18, 0xEF, 0x18,
    0xEF, 0x18, 0xEF, 0x18, 0xEF, 0x18, 0xEF, 0x18, 0xEF, 0x18, 0xEF, 0x18, 0xEF, 0x18, 0xEF, 0x18, 0xEF, 0x18, 0xEF, 0x18, 0xEF, 0x18, 0xEF, 0x18,
    0xEF, 0x18, 0xEF, 0x18, 0xEF, 0x18, 0xEF, 0x18, 0xEF, 0x18, 0xEF, 0x18, 0xEF, 0x18, 0xEF, 0x18, 0xEF, 0x39, 0xD7, 0x5D, 0xDF, 0x9E, 0xA6, 0x3A,
    0x7D, 0x36, 0x85, 0x77, 0xCF, 0x3D, 0xE7, 0xBE, 0xAE, 0x5A, 0x85, 0x36, 0x8D, 0x97, 0xD7, 0x3D, 0xE7, 0xBF, 0xB6, 0x9A, 0x7D, 0x36, 0x95, 0xB7,
    0xD7, 0x5D, 0xE7, 0x9E, 0xA6, 0x39, 0x7D, 0x15, 0x8D, 0x97, 0xDF, 0x7E, 0xDF, 0x7E, 0xDF, 0x7E, 0xDF, 0x9E, 0xA6, 0x18, 0x7D, 0x35, 0x85, 0x56,
    0x85, 0x56, 0x85, 0x56, 0x7D, 0x16, 0xB6, 0x7A, 0xDF, 0x9E, 0xD7, 0x5D, 0xD7, 0x7E, 0xDF, 0x7E, 0xCF, 0x3D, 0x64, 0x94, 0x5C, 0x94, 0x64, 0x94,
    0x64, 0x94, 0x64, 0x94, 0x64, 0x94, 0x64, 0x94, 0x64, 0x94, 0x64, 0x95, 0x64, 0x94, 0x64, 0x94, 0x64, 0xB4, 0x64, 0x94, 0x6C, 0xD4, 0xCF, 0x3C,
    0xDF, 0x7E, 0xBE, 0xBB, 0x9E, 0x18, 0xA6, 0x39, 0x8D, 0xBA, 0x33, 0x39, 0x33, 0x3B, 0x3B, 0x5B, 0x3B, 0x5B, 0x3B, 0x5B, 0x3B, 0x5B, 0x3B, 0x5B,
    0x3B, 0x5B, 0x3B, 0x5B, 0x3B, 0x5B, 0x3B, 0x5B, 0x3B, 0x5B, 0x3B, 0x5B, 0x3B, 0x5B, 0x3B, 0x3A, 0x3B, 0x3A, 0x3B, 0x3A, 0x33, 0x3A, 0x3B, 0x5B,
    0x3B, 0x5A, 0xA6, 0x3D, 0xEF, 0x18, 0xEF, 0x18, 0xEF, 0x18, 0xEF, 0x18, 0xEF, 0x18, 0xEF, 0x18, 0xEF, 0x18, 0xEF, 0x18, 0xF7, 0x7B, 0xD4, 0xCD,
    0xCC, 0x09, 0xFE, 0xF6, 0xFF, 0xB9, 0xFF, 0x79, 0xFF, 0x79, 0xFF, 0x79, 0xFF, 0x78, 0xFF, 0x78, 0xFF, 0x79, 0xFF, 0x78, 0xFF, 0x79, 0xFF, 0x78,
    0xFF, 0x78, 0xFF, 0x58, 0xFF, 0xDA, 0xDD, 0x70, 0xBB, 0xC8, 0xAD, 0x0C, 0x86, 0x10, 0x7E, 0x30, 0x7E, 0x0F, 0x7E, 0x2F, 0x7E, 0x2F, 0x7E, 0x2F,
    0x7E, 0x2F, 0x7E, 0x2F, 0x86, 0x2F, 0x76, 0x0E, 0xC6, 0xB2, 0xFD, 0xEF, 0xE4, 0x08, 0xED, 0x2D, 0xFE, 0x94, 0xFE, 0xD5, 0xF7, 0x7A, 0xF7, 0x5A,
    0xF7, 0x9B, 0xF7, 0x9C, 0xF7, 0x9B, 0xF7, 0x7A, 0xFF, 0xBD, 0xFE, 0xD3, 0xED, 0x0C, 0xE4, 0x28, 0xF5, 0x2C, 0xFF, 0x56, 0xEF, 0x18, 0xEF, 0x18,
    0xEF, 0x18, 0xEF, 0x18, 0xEF, 0x18, 0xEF, 0x59, 0x10, 0xA2, 0x08, 0x81, 0x08, 0x81, 0x08, 0x61, 0x08, 0x61, 0x10, 0x81, 0x00, 0x20, 0x82, 0x6B,
    0xFC, 0xB8, 0xF4, 0x16, 0xFC, 0x56, 0xFC, 0x56, 0xFC, 0x36, 0xFC, 0x36, 0xFC, 0x56, 0xFC, 0x56, 0xFC, 0x56, 0xFC, 0x56, 0xFC, 0x36, 0xFC, 0x36,
    0xFC, 0x36, 0xFC, 0x36, 0xFC, 0x56, 0xFC, 0x56, 0xFC, 0x56, 0xFC, 0x97, 0xDC, 0x55, 0x18, 0xA2, 0x08, 0x61, 0x10, 0x81, 0x08, 0x81, 0x08, 0x81,
    0x10, 0x81, 0x08, 0x40, 0x42, 0x07, 0xFF, 0xBA, 0xFD, 0xEE, 0xFF, 0x35, 0xEF, 0x38, 0xEF, 0x18, 0xEF, 0x39, 0xFF, 0xB8, 0xFE, 0x0F, 0xF5, 0x6D,
    0xF5, 0x8D, 0xF5, 0xAD, 0xFD, 0xCF, 0xF5, 0xD0, 0xFF, 0x55, 0xF7, 0x9C, 0xF7, 0xBA, 0xF5, 0xAD, 0xF5, 0x8C, 0xF5, 0xAD, 0xFF, 0xB8, 0xF7, 0x7B,
    0xF7, 0x9C, 0xFF, 0x76, 0xE5, 0xAE, 0xF5, 0xCE, 0xED, 0x6C, 0xED, 0x6D, 0xF5, 0x6C, 0xFD, 0xEF, 0xF7, 0xBA, 0xE7, 0x18, 0xEF, 0x18, 0xFF, 0xB9,
    0xF5, 0x8D, 0xEE, 0x53, 0xFF, 0xFE, 0xFF, 0x5C, 0xF6, 0x98, 0xFF, 0xFE, 0xEE, 0xF7, 0xED, 0x4C, 0xF5, 0xD0, 0xEF, 0x59, 0xEF, 0x18, 0xEF, 0x18,
    0xEF, 0x18, 0xEF, 0x18, 0xEF, 0x18, 0xEF, 0x18, 0xEF, 0x18, 0xEF, 0x18, 0xEF, 0x18, 0xEF, 0x18, 0xEF, 0x18, 0xEF, 0x18, 0xEF, 0x18, 0xEF, 0x18,
    0xEF, 0x18, 0xEF, 0x18, 0xEF, 0x18, 0xEF, 0x18, 0xEF, 0x18, 0xEF, 0x18, 0xEF, 0x18, 0xEF, 0x18, 0xEF, 0x39, 0xD7, 0x5D, 0xDF, 0x9E, 0xA6, 0x39,
    0x7D, 0x36, 0x85, 0x77, 0xCF, 0x3C, 0xE7, 0xBE, 0xAE, 0x5A, 0x85, 0x36, 0x8D, 0x97, 0xD7, 0x5D, 0xE7, 0xBF, 0xB6, 0x9A, 0x7D, 0x37, 0x95, 0xB7,
    0xD7, 0x5D, 0xE7, 0x9E, 0xA6, 0x39, 0x75, 0x15, 0x8D, 0x77, 0xDF, 0x7E, 0xDF, 0x7E, 0xDF, 0x7E, 0xE7, 0x9F, 0x9D, 0xD7, 0x6C, 0x73, 0x74, 0xB4,
    0x74, 0xB4, 0x74, 0xD4, 0x6C, 0x93, 0xAE, 0x5A, 0xDF, 0x9F, 0xD7, 0x5E, 0xDF, 0x7E, 0xDF, 0x7E, 0xD7, 0x5E, 0xA6, 0x19, 0x9D, 0xF9, 0x9D, 0xF9,
    0x9D, 0xF9, 0x9D, 0xF9, 0x9D, 0xF8, 0x9D, 0xF8, 0x9E, 0x18, 0x9E, 0x19, 0xA6, 0x18, 0xA6, 0x18, 0x9D, 0xF9, 0x9D, 0xF8, 0x9D, 0xF8, 0xCF, 0x3D,
    0xD7, 0x7D, 0xBE, 0xBB, 0xA6, 0x18, 0xAE, 0x5A, 0x4B, 0xD9, 0x2B, 0x1A, 0x3B, 0x5B, 0x3B, 0x3B, 0x3B, 0x3B, 0x3B, 0x3B, 0x3B, 0x3B, 0x3B, 0x5B,
    0x3B, 0x5B, 0x3B, 0x5B, 0x3B, 0x5B, 0x3B, 0x5B, 0x3B, 0x5B, 0x3B, 0x5B, 0x3B, 0x3B, 0x3B, 0x3B, 0x3B, 0x3B, 0x3B, 0x3A, 0x33, 0x3A, 0x33, 0x3A,
    0x33, 0x3B, 0x43, 0x99, 0xF7, 0x5A, 0xEF, 0x18, 0xEF, 0x18, 0xEF, 0x18, 0xEF, 0x18, 0xEF, 0x18, 0xEF, 0x18, 0xF7, 0x9B, 0xD4, 0x6B, 0xCB, 0xC8,
    0xC3, 0x87, 0xE6, 0x33, 0xFF, 0xBA, 0xFF, 0x78, 0xFF, 0x99, 0xFF, 0x99, 0xFF, 0x99, 0xFF, 0x98, 0xFF, 0x99, 0xFF, 0x79, 0xFF, 0x78, 0xFF, 0x78,
    0xFF, 0x78, 0xFF, 0x78, 0xFF, 0xB9, 0xD4, 0xED, 0xC3, 0xA7, 0xCB, 0xE9, 0xBC, 0x8A, 0x8D, 0xEF, 0x7E, 0x2F, 0x86, 0x10, 0x7E, 0x2F, 0x7E, 0x30,
    0x7E, 0x30, 0x7E, 0x2F, 0x86, 0x2F, 0x7E, 0x0F, 0xD6, 0xD2, 0xFD, 0xCE, 0xEC, 0x69, 0xE4, 0x28, 0xE5, 0x2D, 0xFE, 0xB3, 0xFE, 0xD4, 0xFE, 0xF4,
    0xFF, 0x14, 0xFF, 0x14, 0xFF, 0x14, 0xFE, 0xF4, 0xFE, 0xF4, 0xF5, 0xAF, 0xE4, 0x49, 0xE4, 0x49, 0xEC, 0xCA, 0xF6, 0x93, 0xEF, 0x39, 0xEF, 0x18,
    0xEF, 0x18, 0xEF, 0x18, 0xEF, 0x18, 0xEF, 0x5A, 0x10, 0xC2, 0x08, 0x81, 0x08, 0x81, 0x08, 0x81, 0x10, 0xA1, 0x08, 0x60, 0x31, 0x04, 0xF4, 0x76,
    0xFC, 0x16, 0xFC, 0x36, 0xFC, 0x56, 0xFC, 0x56, 0xFC, 0x36, 0xFC, 0x36, 0xFC, 0x36, 0xFC, 0x36, 0xFC, 0x36, 0xFC, 0x36, 0xFC, 0x36, 0xFC, 0x36,
    0xFC, 0x36, 0xFC, 0x36, 0xFC, 0x36, 0xFC, 0x56, 0xFC, 0x56, 0xFC, 0x15, 0xFC, 0xB8, 0x92, 0xED, 0x00, 0x20, 0x10, 0xA1, 0x10, 0xA1, 0x10, 0x81,
    0x10, 0x81, 0x08, 0x60, 0x39, 0xA5, 0xEF, 0x39, 0xF7, 0x7B, 0xEF, 0x39, 0xEF, 0x18, 0xEF, 0x18, 0xEF, 0x18, 0xEF, 0x18, 0xF7, 0x7B, 0xF6, 0x52,
    0xF5, 0x8D, 0xF5, 0x8D, 0xF5, 0x8D, 0xF5, 0x6D, 0xFD, 0xAE, 0xFD, 0xEE, 0xF5, 0xAE, 0xED, 0x6D, 0xED, 0x6D, 0xED, 0x6C, 0xF5, 0xCE, 0xF5, 0xCF,
    0xF5, 0xCE, 0xF5, 0x8D, 0xED, 0x4C, 0xED, 0x6D, 0xED, 0x6C, 0xFD, 0xCE, 0xFE, 0x93, 0xF7, 0x7B, 0xEF, 0x18, 0xEF, 0x18, 0xEF, 0x18, 0xEF, 0x18,
    0xF7, 0xBB, 0xFF, 0xFE, 0xED, 0xB4, 0xD9, 0x45, 0xE0, 0xC3, 0xDB, 0x2B, 0xFF, 0xFF, 0xF6, 0xB5, 0xF7, 0x7B, 0xEF, 0x18, 0xEF, 0x18, 0xEF, 0x18,
    0xEF, 0x18, 0xEF, 0x18, 0xEF, 0x18, 0xEF, 0x18, 0xEF, 0x18, 0xEF, 0x18, 0xEF, 0x18, 0xEF, 0x18, 0xEF, 0x18, 0xEF, 0x18, 0xEF, 0x18, 0xEF, 0x18,
    0xEF, 0x18, 0xEF, 0x18, 0xEF, 0x18, 0xEF, 0x18, 0xEF, 0x18, 0xEF, 0x18, 0xEF, 0x18, 0xEF, 0x18, 0xEF, 0x39, 0xD7, 0x7D, 0xDF, 0xBE, 0xA6, 0x39,
    0x7D, 0x36, 0x85, 0x57, 0xCF, 0x3C, 0xE7, 0xBE, 0xAE, 0x5A, 0x85, 0x36, 0x8D, 0x97, 0xD7, 0x5D, 0xE7, 0xBF, 0xB6, 0x9A, 0x7D, 0x36, 0x95, 0xB7,
    0xD7, 0x5D, 0xE7, 0x9E, 0xA6, 0x39, 0x7D, 0x15, 0x8D, 0x77, 0xDF, 0x7E, 0xDF, 0x9E, 0xDF, 0x7D, 0xE7, 0xBF, 0x9D, 0xD8, 0x6C, 0xB3, 0x74, 0xF4,
    0x74, 0xD4, 0x74, 0xF4, 0x6C, 0xB4, 0xAE, 0x5A, 0xDF, 0x9F, 0xDF, 0x5E, 0xDF, 0x7E, 0xDF, 0x7E, 0xDF, 0x7D, 0xCF, 0x5B, 0xDF, 0xBE, 0xDF, 0xBF,
    0xDF, 0xDE, 0xDF, 0xBF, 0xE7, 0xDF, 0xDF, 0xBF, 0xE7, 0x9D, 0xFF, 0xBC, 0xFF, 0xBB, 0xFF, 0xBB, 0xF7, 0xBC, 0xEF, 0x9C, 0xE7, 0x7D, 0xD7, 0x3D,
    0xD7, 0x5D, 0xB6, 0x9B, 0xA6, 0x59, 0x7D, 0x39, 0x2A, 0xF9, 0x3B, 0x5B, 0x33, 0x5A, 0x3B, 0x3B, 0x3B, 0x3B, 0x3B, 0x3B, 0x3B, 0x3B, 0x3B, 0x5B,
    0x3B, 0x5B, 0x3B, 0x5B, 0x3B, 0x5B, 0x3B, 0x5B, 0x3B, 0x5B, 0x3B, 0x5B, 0x3B, 0x3B, 0x3B, 0x3A, 0x3B, 0x3A, 0x3B, 0x3A, 0x3B, 0x3A, 0x3B, 0x5A,
    0x3B, 0x5A, 0x3B, 0x7A, 0x85, 0x3B, 0xEF, 0x18, 0xEF, 0x18, 0xEF, 0x18, 0xEF, 0x18, 0xEF, 0x18, 0xF7, 0x9C, 0xD4, 0x4A, 0xCB, 0xE8, 0xCB, 0xE8,
    0xC3, 0xA7, 0xEE, 0x74, 0xFF, 0xDA, 0xFF, 0x79, 0xFF, 0x99, 0xFF, 0x98, 0xFF, 0x99, 0xFF, 0x99, 0xFF, 0x99, 0xFF, 0x99, 0xFF, 0x99, 0xFF, 0x99,
    0xFF, 0x99, 0xFF, 0x78, 0xFF, 0xDA, 0xD4, 0xEE, 0xC3, 0xA7, 0xC4, 0x09, 0xCB, 0xC8, 0xB4, 0x6A, 0x8D, 0xEF, 0x7E, 0x30, 0x86, 0x2F, 0x7E, 0x30,
    0x7E, 0x30, 0x7E, 0x30, 0x86, 0x4F, 0x7E, 0x2F, 0xDE, 0xD3, 0xFD, 0x8D, 0xEC, 0x89, 0xF5, 0xF0, 0xFE, 0x92, 0xFE, 0x93, 0xFE, 0x93, 0xFE, 0xB3,
    0xFE, 0xB3, 0xFE, 0xB3, 0xFE, 0xB3, 0xFE, 0xB2, 0xFE, 0x92, 0xFE, 0xB2, 0xF6, 0x31, 0xED, 0x0C, 0xE4, 0x69, 0xFE, 0x73, 0xEF, 0x59, 0xEF, 0x18,
    0xEF, 0x18, 0xEF, 0x18, 0xEF, 0x18, 0xF7, 0x5A, 0x18, 0xC2, 0x08, 0x81, 0x08, 0x60, 0x00, 0x20, 0x00, 0x00, 0x00, 0x00, 0x92, 0xED, 0xFC, 0xD7,
    0xF4, 0x96, 0xFC, 0x96, 0xFC, 0x16, 0xFC, 0x16, 0xFC, 0x36, 0xFC, 0x36, 0xFC, 0x56, 0xFC, 0x36, 0xFC, 0x36, 0xFC, 0x36, 0xFC, 0x36, 0xFC, 0x35,
    0xFC, 0x35, 0xFC, 0x35, 0xFC, 0x36, 0xFB, 0xF5, 0xFC, 0x35, 0xF4, 0x75, 0xF4, 0x55, 0xEC, 0x96, 0x28, 0xC3, 0x00, 0x00, 0x00, 0x00, 0x00, 0x20,
    0x08, 0x60, 0x08, 0x81, 0x41, 0x23, 0xFE, 0x56, 0xEF, 0x18, 0xEF, 0x18, 0xEF, 0x18, 0xEF, 0x18, 0xEF, 0x18, 0xEF, 0x18, 0xF7, 0x7B, 0xA6, 0xB2,
    0xAE, 0x2F, 0xD5, 0xCF, 0xED, 0xAE, 0xED, 0x8D, 0xF5, 0x8D, 0xF5, 0x8D, 0xF5, 0x6D, 0xED, 0x6D, 0xED, 0x6D, 0xED, 0x6D, 0xED, 0x6D, 0xED, 0x6C,
    0xED, 0x6D, 0xF5, 0x8D, 0xFD, 0xCD, 0xF5, 0xCF, 0xFE, 0xB2, 0xF7, 0x9B, 0xEF, 0x38, 0xEF, 0x18, 0xEF, 0x18, 0xEF, 0x18, 0xEF, 0x18, 0xEF, 0x18,
    0xF7, 0x7B, 0xFF, 0xBD, 0xE1, 0xA5, 0xF1, 0x03, 0xF1, 0x64, 0xE0, 0xA2, 0xF5, 0xF6, 0xFF, 0xBD, 0xEF, 0x18, 0xEF, 0x18, 0xEF, 0x18, 0xEF, 0x18,
    0xEF, 0x18, 0xEF, 0x18, 0xEF, 0x18, 0xEF, 0x18, 0xEF, 0x18, 0xEF, 0x18, 0xEF, 0x18, 0xEF, 0x18, 0xEF, 0x18, 0xEF, 0x18, 0xEF, 0x18, 0xEF, 0x18,
    0xEF, 0x18, 0xEF, 0x18, 0xEF, 0x18, 0xEF, 0x18, 0xEF, 0x18, 0xEF, 0x18, 0xEF, 0x18, 0xEF, 0x18, 0xEF, 0x38, 0xD7, 0x5D, 0xDF, 0xBF, 0xA6, 0x59,
    0x7D, 0x36, 0x85, 0x57, 0xCF, 0x3C, 0xE7, 0xBE, 0xAE, 0x5A, 0x7D, 0x36, 0x8D, 0x97, 0xD7, 0x5D, 0xE7, 0xBF, 0xB6, 0x9A, 0x7D, 0x36, 0x95, 0xB7,
    0xDF, 0x7D, 0xE7, 0xBE, 0xA6, 0x39, 0x7D, 0x15, 0x8D, 0x76, 0xDF, 0x7E, 0xDF, 0x9E, 0xDF, 0x7E, 0xE7, 0xBE, 0x9D, 0xD8, 0x6C, 0xB3, 0x74, 0xF4,
    0x74, 0xD4, 0x74, 0xF4, 0x6C, 0xB4, 0xAE, 0x5A, 0xE7, 0xBE, 0xD7, 0x7E, 0xDF, 0x7E, 0xDF, 0x7E, 0xD7, 0x7C, 0x9E, 0xB3, 0xA6, 0xD5, 0xBF, 0x1A,
    0xBE, 0xBB, 0xBE, 0xDB, 0xBE, 0xBB, 0xCE, 0xFB, 0xF7, 0x79, 0xFF, 0x57, 0xFF, 0x57, 0xFF, 0x57, 0xFF, 0x57, 0xFF, 0x57, 0xFF, 0x58, 0xF7, 0x79,
    0xEF, 0x7B, 0xD6, 0xFA, 0xB6, 0x79, 0x4B, 0x97, 0x22, 0xB9, 0x22, 0xDA, 0x2A, 0xFA, 0x33, 0x3B, 0x3B, 0x5B, 0x3B, 0x3B, 0x3B, 0x5B, 0x3B, 0x5B,
    0x3B, 0x5B, 0x3B, 0x5B, 0x3B, 0x5B, 0x3B, 0x5B, 0x3B, 0x5B, 0x3B, 0x5A, 0x3B, 0x5A, 0x3B, 0x3A, 0x3B, 0x3A, 0x3B, 0x5A, 0x33, 0x3A, 0x2B, 0x1A,
    0x2A, 0xF9, 0x22, 0xF9, 0x3B, 0x58, 0xF7, 0x7A, 0xEF, 0x39, 0xF7, 0x9B, 0xFF, 0xBD, 0xFF, 0xBB, 0xCC, 0x0A, 0xCB, 0xC8, 0xCB, 0xE8, 0xCB, 0xE8,
    0xC3, 0xA7, 0xEE, 0xB5, 0xFF, 0xDA, 0xFF, 0x79, 0xFF, 0x79, 0xFF, 0x99, 0xFF, 0x99, 0xFF, 0x99, 0xFF, 0x99, 0xFF, 0x99, 0xFF, 0x99, 0xFF, 0x78,
    0xFF, 0x79, 0xFF, 0x99, 0xFF, 0xDA, 0xD5, 0x2F, 0xC3, 0xA7, 0xCC, 0x09, 0xC4, 0x09, 0xCB, 0xC8, 0xB4, 0xAB, 0x86, 0x2F, 0x7E, 0x2F, 0x86, 0x2F,
    0x86, 0x50, 0x86, 0x50, 0x86, 0x4F, 0x7E, 0x2F, 0xDE, 0xD3, 0xFE, 0x0F, 0xFE, 0x51, 0xFE, 0xF3, 0xFE, 0xB3, 0xFE, 0xB3, 0xFE, 0xB3, 0xFE, 0xB3,
    0xFE, 0xB3, 0xFE, 0xB3, 0xFE, 0x93, 0xFE, 0x92, 0xFE, 0xB2, 0xFE, 0xB2, 0xFE, 0xB3, 0xFE, 0xB3, 0xF5, 0xAE, 0xFE, 0x72, 0xEF, 0x59, 0xEF, 0x18,
    0xEF, 0x18, 0xEF, 0x18, 0xEF, 0x18, 0xEF, 0x5A, 0x08, 0x61, 0x00, 0x20, 0x18, 0xC2, 0x39, 0xA5, 0x62, 0xEA, 0x94, 0x4E, 0xEE, 0x96, 0xFF, 0x37,
    0xFF, 0x58, 0xFF, 0x38, 0xFE, 0x78, 0xFC, 0x96, 0xFC, 0x36, 0xFC, 0x56, 0xFC, 0x36, 0xFC, 0x36, 0xFC, 0x36, 0xFC, 0x36, 0xFC, 0x36, 0xFC, 0x35,
    0xFC, 0x35, 0xFC, 0x15, 0xFB, 0xF5, 0xF5, 0x96, 0xFE, 0xF7, 0xFF, 0x18, 0xFE, 0xF7, 0xFE, 0xF9, 0xCD, 0x94, 0x83, 0xCD, 0x62, 0xEA, 0x39, 0xC6,
    0x18, 0xC2, 0x00, 0x20, 0x20, 0x20, 0xF4, 0x6F, 0xEF, 0x39, 0xEF, 0x18, 0xEF, 0x18, 0xEF, 0x18, 0xEF, 0x38, 0xE7, 0xBA, 0x9E, 0xB2, 0x8E, 0x50,
    0x8E, 0x50, 0x8E, 0x50, 0x9E, 0x30, 0xAE, 0x0F, 0xC5, 0xEF, 0xD5, 0xCE, 0xE5, 0xAD, 0xED, 0x8D, 0xED, 0x8D, 0xED, 0x6D, 0xED, 0xAE, 0xFE, 0x71,
    0xFE, 0xB2, 0xFF, 0x96, 0xF7, 0x9B, 0xF7, 0x5A, 0xEF, 0x18, 0xEF, 0x18, 0xEF, 0x18, 0xEF, 0x18, 0xEF, 0x18, 0xEF, 0x18, 0xEF, 0x18, 0xEF, 0x18,
    0xFF, 0xBD, 0xFF, 0x7B, 0xE1, 0x43, 0xF1, 0x44, 0xE9, 0x85, 0xE0, 0xC2, 0xF5, 0xF7, 0xFF, 0xBD, 0xEF, 0x18, 0xEF, 0x18, 0xEF, 0x18, 0xEF, 0x18,
    0xEF, 0x18, 0xEF, 0x18, 0xEF, 0x18, 0xEF, 0x18, 0xEF, 0x18, 0xEF, 0x18, 0xEF, 0x18, 0xEF, 0x18, 0xEF, 0x18, 0xEF, 0x18, 0xEF, 0x18, 0xEF, 0x18,
    0xEF, 0x18, 0xEF, 0x18, 0xEF, 0x18, 0xEF, 0x18, 0xEF, 0x18, 0xEF, 0x18, 0xEF, 0x18, 0xEF, 0x18, 0xEF, 0x38, 0xD7, 0x7D, 0xDF, 0xBF, 0xA6, 0x39,
    0x7D, 0x36, 0x85, 0x57, 0xCF, 0x3C, 0xE7, 0xDE, 0xAE, 0x5A, 0x7D, 0x36, 0x8D, 0x97, 0xD7, 0x5D, 0xE7, 0xBE, 0xB6, 0x7A, 0x7D, 0x36, 0x95, 0xB7,
    0xDF, 0x5D, 0xE7, 0xBE, 0xA6, 0x39, 0x75, 0x15, 0x8D, 0x77, 0xDF, 0x7D, 0xDF, 0x9E, 0xDF, 0x7E, 0xE7, 0xBF, 0x9D, 0xF8, 0x6C, 0xB3, 0x74, 0xF4,
    0x74, 0xF4, 0x74, 0xF4, 0x6C, 0xB3, 0xAE, 0x5A, 0xE7, 0xBF, 0xD7, 0x7E, 0xDF, 0x7E, 0xDF, 0x7E, 0xD7, 0x7D, 0x9E, 0xD4, 0x9E, 0xB2, 0x96, 0x93,
    0x7D, 0x94, 0x6C, 0xD4, 0x64, 0x93, 0xBE, 0x36, 0xFF, 0x99, 0xFF, 0x57, 0xFF, 0x57, 0xFF, 0x57, 0xFF, 0x57, 0xFF, 0x57, 0xFF, 0x57, 0xFF, 0x56,
    0xFF, 0x57, 0xFF, 0x77, 0xFF, 0x58, 0xDE, 0xB7, 0xAD, 0xB7, 0x84, 0xD8, 0x64, 0x18, 0x43, 0x59, 0x2A, 0xFA, 0x33, 0x5B, 0x3B, 0x5B, 0x3B, 0x5B,
    0x3B, 0x5B, 0x3B, 0x5B, 0x3B, 0x5B, 0x3B, 0x5B, 0x3B, 0x5B, 0x3B, 0x5B, 0x3B, 0x5A, 0x3B, 0x3A, 0x3B, 0x3A, 0x2B, 0x1A, 0x43, 0x79, 0x5C, 0x18,
    0x7C, 0xB8, 0x9D, 0x58, 0xBE, 0x17, 0xEE, 0xF6, 0xFF, 0x56, 0xFF, 0xD8, 0xFF, 0xF9, 0xDD, 0x2E, 0xC3, 0xA8, 0xCB, 0xE9, 0xCB, 0xE9, 0xCB, 0xE8,
    0xCB, 0xC8, 0xF7, 0x17, 0xFF, 0xBA, 0xFF, 0xFA, 0xFF, 0xFB, 0xFF, 0xDA, 0xFF, 0x99, 0xFF, 0x99, 0xFF, 0x99, 0xFF, 0x99, 0xFF, 0x99, 0xFF, 0xFA,
    0xFF, 0xFB, 0xFF, 0xB9, 0xFF, 0xFA, 0xDD, 0xB1, 0xC3, 0x87, 0xCC, 0x09, 0xCB, 0xE9, 0xCC, 0x09, 0xCB, 0xC8, 0xA5, 0x2D, 0x7E, 0x50, 0x86, 0x2F,
    0x86, 0x4F, 0x86, 0x50, 0x86, 0x50, 0x7E, 0x2F, 0xDE, 0xB3, 0xFE, 0xF4, 0xFE, 0xD3, 0xFE, 0xB3, 0xFE, 0xB3, 0xFE, 0xB4, 0xFE, 0xB3, 0xFE, 0xB3,
    0xFE, 0xB3, 0xFE, 0xB3, 0xFE, 0xB3, 0xFE, 0xB3, 0xFE, 0xB3, 0xFE, 0xB3, 0xFE, 0xB2, 0xFE, 0xB3, 0xFE, 0xF4, 0xFF, 0x15, 0xF7, 0x5A, 0xEF, 0x38,
    0xF7, 0x9C, 0xFF, 0xDD, 0xFF, 0xBD, 0xFF, 0xBC, 0x8C, 0x2E, 0xBD, 0x92, 0xE6, 0xB6, 0xFF, 0x58, 0xFF, 0xB9, 0xFF, 0xB9, 0xFF, 0x77, 0xFF, 0x57,
    0xFF, 0x57, 0xFF, 0x57, 0xFF, 0xB8, 0xFE, 0xB8, 0xFC, 0x56, 0xFC, 0x56, 0xFC, 0x57, 0xFC, 0x56, 0xFC, 0x36, 0xFC, 0x36, 0xFC, 0x36, 0xFC, 0x36,
    0xFC, 0x36, 0xFB, 0xF5, 0xF5, 0x76, 0xFF, 0xB9, 0xFF, 0x78, 0xFF, 0x77, 0xFF, 0x78, 0xFF, 0x77, 0xFF, 0xB9, 0xFF, 0xD9, 0xFF, 0xDA, 0xFF, 0x99,
    0xE6, 0xD7, 0xAD, 0x53, 0x94, 0x0D, 0xF6, 0xB6, 0xFF, 0xD9, 0xFF, 0xDB, 0xF7, 0x7B, 0xEF, 0x59, 0xC7, 0xB7, 0x96, 0xB1, 0x8E, 0x70, 0x8E, 0x50,
    0x8E, 0x70, 0x8E, 0x70, 0x86, 0x70, 0x86, 0x70, 0x86, 0x70, 0x86, 0x6F, 0xB5, 0xEF, 0xF5, 0x8D, 0xED, 0x8D, 0xF5, 0x8D, 0xB6, 0x0F, 0xF7, 0xBC,
    0xEF, 0x38, 0xEF, 0x18, 0xEF, 0x18, 0xEF, 0x18, 0xEF, 0x18, 0xEF, 0x18, 0xEF, 0x18, 0xEF, 0x18, 0xEF, 0x18, 0xEF, 0x18, 0xEF, 0x39, 0xFF, 0x96,
    0xE6, 0x32, 0xF7, 0xFF, 0xE4, 0x4F, 0xE0, 0xC2, 0xE8, 0xC1, 0xDA, 0xA8, 0xFF, 0xFF, 0xF7, 0x9C, 0xEF, 0x18, 0xEF, 0x18, 0xEF, 0x18, 0xEF, 0x18,
    0xEF, 0x18, 0xEF, 0x18, 0xEF, 0x18, 0xEF, 0x18, 0xEF, 0x18, 0xEF, 0x18, 0xEF, 0x18, 0xEF, 0x18, 0xEF, 0x18, 0xEF, 0x18, 0xEF, 0x18, 0xEF, 0x18,
    0xEF, 0x18, 0xEF, 0x18, 0xEF, 0x18, 0xEF, 0x18, 0xEF, 0x18, 0xEF, 0x18, 0xEF, 0x18, 0xEF, 0x18, 0xEF, 0x38, 0xD7, 0x7D, 0xDF, 0xBE, 0xA6, 0x39,
    0x7D, 0x36, 0x85, 0x57, 0xCF, 0x3C, 0xE7, 0xDF, 0xAE, 0x5A, 0x7D, 0x36, 0x8D, 0x97, 0xD7, 0x5D, 0xE7, 0xBE, 0xB6, 0x7A, 0x7D, 0x36, 0x95, 0xB7,
    0xDF, 0x7D, 0xE7, 0xBF, 0xA6, 0x39, 0x7D, 0x15, 0x8D, 0x76, 0xDF, 0x7E, 0xDF, 0x9E, 0xDF, 0x7E, 0xE7, 0xBF, 0x9D, 0xF8, 0x6C, 0xB4, 0x74, 0xF5,
    0x74, 0xF5, 0x74, 0xF5, 0x6C, 0xB4, 0xAE, 0x5A, 0xE7, 0xBF, 0xD7, 0x7D, 0xDF, 0x7E, 0xDF, 0x7E, 0xD7, 0x7D, 0x9E, 0xD4, 0x9E, 0xB3, 0x9E, 0xD3,
    0xA6, 0xF4, 0x85, 0xD5, 0x64, 0x93, 0xCE, 0xB7, 0xFF, 0x98, 0xFF, 0x57, 0xFF, 0x57, 0xFF, 0x57, 0xFF, 0x57, 0xFF, 0x57, 0xFF, 0x57, 0xFF, 0x57,
    0xFF, 0x57, 0xFF, 0x56, 0xFF, 0x56, 0xFF, 0x76, 0xFF, 0xB7, 0xFF, 0xB7, 0xFF, 0x98, 0xEF, 0x38, 0x9D, 0x59, 0x33, 0x3A, 0x3B, 0x5B, 0x3B, 0x5B,
    0x3B, 0x5B, 0x3B, 0x5B, 0x3B, 0x5B, 0x3B, 0x5B, 0x3B, 0x5A, 0x3B, 0x5A, 0x3B, 0x3A, 0x3B, 0x3A, 0x33, 0x19, 0x8C, 0xF8, 0xE7, 0x19, 0xFF, 0x78,
    0xFF, 0x97, 0xFF, 0x97, 0xFF, 0x97, 0xFF, 0x56, 0xFF, 0x36, 0xFF, 0x97, 0xEE, 0x73, 0xC3, 0xA7, 0xCB, 0xE9, 0xCB, 0xE8, 0xCB, 0xE8, 0xCB, 0xE8,
    0xCC, 0x29, 0xF7, 0x79, 0xFF, 0xFB, 0xC5, 0xF5, 0x6B, 0x2B, 0xE6, 0xD7, 0xFF, 0xDA, 0xFF, 0x99, 0xFF, 0x99, 0xFF, 0x99, 0xFF, 0xDA, 0x9C, 0xD0,
    0x7B, 0xAC, 0xF7, 0x9A, 0xFF, 0xFB, 0xE6, 0x53, 0xC3, 0xA7, 0xCC, 0x09, 0xCB, 0xE9, 0xCB, 0xE9, 0xCB, 0xE9, 0xBC, 0x2A, 0x8E, 0x0F, 0x7E, 0x4F,
    0x86, 0x50, 0x86, 0x50, 0x7E, 0x50, 0x96, 0x50, 0xF6, 0xD4, 0xFE, 0xD4, 0xFE, 0xB3, 0xFE, 0xD4, 0xFE, 0xD3, 0xFE, 0xB3, 0xFE, 0xB3, 0xFE, 0xD3,
    0xFE, 0xB3, 0xFE, 0xB3, 0xFE, 0xB3, 0xFE, 0xB3, 0xFE, 0x92, 0xFE, 0xB3, 0xFE, 0xB3, 0xFE, 0xB3, 0xFE, 0xB3, 0xFF, 0x14, 0xFF, 0xBD, 0xFF, 0xDD,
    0xFF, 0xF9, 0xFF, 0x97, 0xFF, 0xB8, 0xFF, 0xB8, 0xFF, 0xB9, 0xFF, 0xB8, 0xFF, 0x77, 0xFF, 0x57, 0xFF, 0x37, 0xFF, 0x37, 0xFF, 0x57, 0xFF, 0x57,
    0xFF, 0x57, 0xFF, 0x57, 0xFF, 0x57, 0xFF, 0x78, 0xFC, 0xD7, 0xFC, 0x36, 0xFC, 0x57, 0xFC, 0x56, 0xFC, 0x56, 0xFC, 0x36, 0xFC, 0x36, 0xFC, 0x35,
    0xFC, 0x36, 0xFB, 0xF5, 0xFE, 0x77, 0xFF, 0x97, 0xFF, 0x58, 0xFF, 0x57, 0xFF, 0x57, 0xFF, 0x58, 0xFF, 0x57, 0xFF, 0x37, 0xFF, 0x57, 0xFF, 0x57,
    0xFF, 0x78, 0xFF, 0xD9, 0xFF, 0xFA, 0xFF, 0x78, 0xFF, 0x57, 0xFF, 0x97, 0xFF, 0xB8, 0xDE, 0xF5, 0x8E, 0x70, 0x86, 0x70, 0x8E, 0x50, 0x8E, 0x70,
    0x8E, 0x70, 0x86, 0x70, 0x8E, 0x70, 0x8E, 0x70, 0x8E, 0x70, 0x86, 0x70, 0xA6, 0x0F, 0xED, 0x8D, 0xED, 0x8D, 0xF5, 0x8D, 0xA5, 0xEE, 0x86, 0x90,
    0xDF, 0xB9, 0xEF, 0x38, 0xEF, 0x18, 0xEF, 0x38, 0xEF, 0x18, 0xEF, 0x18, 0xEF, 0x18, 0xEF, 0x18, 0xEF, 0x18, 0xF7, 0x7A, 0xFE, 0x72, 0xF5, 0xAD,
    0xE5, 0x2B, 0xE6, 0xF7, 0xFF, 0xFF, 0xED, 0xD4, 0xED, 0x32, 0xFF, 0xBD, 0xFF, 0xDE, 0xEF, 0x38, 0xEF, 0x18, 0xEF, 0x18, 0xEF, 0x18, 0xEF, 0x18,
    0xEF, 0x18, 0xEF, 0x18, 0xEF, 0x18, 0xEF, 0x18, 0xEF, 0x18, 0xEF, 0x18, 0xEF, 0x18, 0xEF, 0x18, 0xEF, 0x18, 0xEF, 0x18, 0xEF, 0x18, 0xEF, 0x18,
    0xEF, 0x18, 0xEF, 0x18, 0xEF, 0x18, 0xEF, 0x18, 0xEF, 0x18, 0xEF, 0x18, 0xEF, 0x18, 0xEF, 0x18, 0xEF, 0x38, 0xD7, 0x5D, 0xDF, 0x9E, 0xA6, 0x39,
    0x7D, 0x16, 0x85, 0x56, 0xCF, 0x3D, 0xE7, 0xDF, 0xAE, 0x7A, 0x7D, 0x35, 0x8D, 0x97, 0xD7, 0x5D, 0xE7, 0x9F, 0xB6, 0x7A, 0x7D, 0x36, 0x95, 0xB7,
    0xDF, 0x5D, 0xE7, 0xBE, 0xA6, 0x39, 0x7D, 0x15, 0x8D, 0x76, 0xDF, 0x7D, 0xDF, 0x9E, 0xDF, 0x7E, 0xE7, 0xBF, 0x9D, 0xF8, 0x6C, 0xB3, 0x74, 0xF4,
    0x74, 0xF4, 0x74, 0xF5, 0x6C, 0xB4, 0xAE, 0x7A, 0xE7, 0xBE, 0xD7, 0x7E, 0xDF, 0x7E, 0xDF, 0x7E, 0xD7, 0x7D, 0x9E, 0xD4, 0x9E, 0xD3, 0x9E, 0xD3,
    0x9E, 0xD3, 0xA7, 0x13, 0x7D, 0x92, 0xB5, 0xF6, 0xFF, 0xB9, 0xFF, 0x57, 0xFF, 0x77, 0xFF, 0x57, 0xFF, 0x57, 0xFF, 0x57, 0xFF, 0x57, 0xFF, 0x57,
    0xFF, 0x56, 0xFF, 0x56, 0xFF, 0x57, 0xFF, 0x56, 0xFF, 0x56, 0xFF, 0x56, 0xFF, 0x56, 0xFF, 0x96, 0xFF, 0xF8, 0x9D, 0x79, 0x2B, 0x1A, 0x3B, 0x7B,
    0x3B, 0x5B, 0x3B, 0x5B, 0x3B, 0x5B, 0x3B, 0x5B, 0x3B, 0x5B, 0x3B, 0x5A, 0x3B, 0x5A, 0x32, 0xFA, 0x74, 0x77, 0xFF, 0xB8, 0xFF, 0x76, 0xFF, 0x56,
    0xFF, 0x36, 0xFF, 0x36, 0xFF, 0x35, 0xFF, 0x35, 0xFF, 0x35, 0xFF, 0x97, 0xD5, 0x0E, 0xC3, 0xA7, 0xCC, 0x09, 0xCB, 0xE8, 0xCC, 0x09, 0xCB, 0xC8,
    0xD4, 0xCC, 0xFF, 0xDA, 0xFF, 0xFC, 0x5A, 0x88, 0x00, 0x00, 0x7B, 0xAD, 0xFF, 0xFC, 0xFF, 0x99, 0xFF, 0xFA, 0xFF, 0xDA, 0xF7, 0x79, 0x18, 0x81,
    0x00, 0x00, 0xC5, 0xF4, 0xFF, 0xFC, 0xEE, 0xD6, 0xC3, 0xC8, 0xCB, 0xE9, 0xCB, 0xE9, 0xCB, 0xE9, 0xCC, 0x09, 0xCB, 0xC9, 0x9D, 0x6E, 0x7E, 0x70,
    0x86, 0x2F, 0x86, 0x4F, 0x76, 0x2E, 0xBE, 0x92, 0xFE, 0xD4, 0xFE, 0xB3, 0xFE, 0xD4, 0xFE, 0xD3, 0xFE, 0xF4, 0xFF, 0x55, 0xFF, 0x15, 0xFE, 0xD4,
    0xFE, 0xD4, 0xFE, 0xD4, 0xFE, 0xD3, 0xFE, 0xD4, 0xFF, 0x35, 0xFF, 0x14, 0xFE, 0xB3, 0xFE, 0xB3, 0xFE, 0xB3, 0xFE, 0x93, 0xFF, 0x35, 0xFF, 0x97,
    0xFF, 0x56, 0xFF, 0x36, 0xFF, 0x57, 0xFF, 0x57, 0xFF, 0x36, 0xFF, 0x36, 0xFF, 0x57, 0xFF, 0x57, 0xFF, 0x57, 0xFF, 0x57, 0xFF, 0x57, 0xFF, 0x57,
    0xFF, 0x57, 0xFF, 0x57, 0xFF, 0x78, 0xFF, 0x39, 0xFC, 0x97, 0xFC, 0x56, 0xFC, 0x56, 0xFC, 0x56, 0xFC, 0x56, 0xFC, 0x36, 0xFC, 0x36, 0xFC, 0x36,
    0xFC, 0x36, 0xFB, 0xD5, 0xF5, 0xF7, 0xFF, 0xB8, 0xFF, 0x37, 0xFF, 0x57, 0xFF, 0x57, 0xFF, 0x57, 0xFF, 0x57, 0xFF, 0x57, 0xFF, 0x78, 0xFF, 0x57,
    0xFF, 0x57, 0xFF, 0x57, 0xFF, 0x37, 0xFF, 0x57, 0xFF, 0x57, 0xFF, 0x57, 0xFF, 0x57, 0xFF, 0x98, 0xDE, 0x10, 0xB5, 0xEF, 0x8E, 0x50, 0x86, 0x70,
    0x86, 0x70, 0x86, 0x70, 0x8E, 0x70, 0x8E, 0x70, 0x8E, 0x70, 0x86, 0x90, 0xAE, 0x0F, 0xED, 0x8D, 0xED, 0x8D, 0xF5, 0x8D, 0xA5, 0xEF, 0x7E, 0x50,
    0x8E, 0x91, 0xC7, 0x96, 0xEF, 0x38, 0xEF, 0x18, 0xEF, 0x18, 0xEF, 0x18, 0xEF, 0x18, 0xF7, 0x59, 0xFF, 0xB8, 0xF5, 0xCF, 0xED, 0x6C, 0xED, 0x6C,
    0xED, 0x4C, 0xDC, 0xEB, 0xE6, 0xD7, 0xF7, 0xFF, 0xE7, 0x9D, 0xCE, 0x9A, 0xF7, 0x59, 0xEF, 0x18, 0xEF, 0x18, 0xEF, 0x18, 0xEF, 0x18, 0xEF, 0x18,
    0xEF, 0x18, 0xEF, 0x18, 0xEF, 0x18, 0xEF, 0x18, 0xEF, 0x18, 0xEF, 0x18, 0xEF, 0x18, 0xEF, 0x18, 0xEF, 0x18, 0xEF, 0x18, 0xEF, 0x18, 0xEF, 0x18,
    0xEF, 0x18, 0xEF, 0x18, 0xEF, 0x18, 0xEF, 0x18, 0xEF, 0x18, 0xEF, 0x18, 0xEF, 0x18, 0xEF, 0x18, 0xEF, 0x38, 0xD7, 0x5D, 0xDF, 0x9E, 0xA6, 0x39,
    0x7D, 0x16, 0x85, 0x57, 0xD7, 0x3D, 0xE7, 0xDF, 0xAE, 0x5A, 0x7D, 0x36, 0x8D, 0x97, 0xD7, 0x5D, 0xE7, 0xBE, 0xB6, 0x9A, 0x7D, 0x36, 0x95, 0xB7,
    0xDF, 0x5D, 0xE7, 0xBF, 0xA6, 0x39, 0x7D, 0x15, 0x8D, 0x77, 0xDF, 0x7D, 0xDF, 0x9E, 0xDF, 0x7E, 0xE7, 0xBF, 0x9D, 0xF8, 0x6C, 0xB3, 0x74, 0xF4,
    0x74, 0xF4, 0x74, 0xF4, 0x6C, 0xB4, 0xAE, 0x5A, 0xE7, 0x9E, 0xD7, 0x5D, 0xDF, 0x7E, 0xDF, 0x7E, 0xD7, 0x7D, 0x9E, 0xD4, 0x9E, 0xD3, 0x9E, 0xD3,
    0x9E, 0xD3, 0x9E, 0xD3, 0x9E, 0xF3, 0x9E, 0x33, 0xEF, 0x59, 0xFF, 0x98, 0xFF, 0x77, 0xFF, 0x77, 0xFF, 0x57, 0xFF, 0x57, 0xFF, 0x57, 0xFF, 0x57,
    0xFF, 0x57, 0xFF, 0x57, 0xFF, 0x56, 0xFF, 0x56, 0xFF, 0x56, 0xFF, 0x56, 0xFF, 0x56, 0xFF, 0x56, 0xFF, 0x96, 0xE7, 0x19, 0x3B, 0x5A, 0x3B, 0x5B,
    0x3B, 0x5A, 0x3B, 0x5B, 0x3B, 0x5B, 0x3B, 0x5A, 0x3B, 0x5A, 0x3B, 0x5A, 0x3B, 0x5A, 0x2A, 0xF9, 0xAD, 0xB7, 0xFF, 0x97, 0xFF, 0x36, 0xFF, 0x56,
    0xFF, 0x56, 0xFF, 0x56, 0xFF, 0x36, 0xFF, 0x56, 0xFF, 0x36, 0xFF, 0x77, 0xCC, 0x8B, 0xCB, 0xC8, 0xCC, 0x09, 0xCC, 0x08, 0xD4, 0x09, 0xCB, 0xA7,
    0xDD, 0xB1, 0xFF, 0xFB, 0xFF, 0xFC, 0xA4, 0xF1, 0x39, 0xC6, 0xCE, 0x15, 0xFF, 0xFC, 0xEF, 0x39, 0xC5, 0xF4, 0xEF, 0x59, 0xFF, 0xDC, 0x7B, 0x8C,
    0x4A, 0x27, 0xEF, 0x39, 0xFF, 0xDB, 0xF7, 0x78, 0xC4, 0x0A, 0xC3, 0xC8, 0xCB, 0xE9, 0xCB, 0xE9, 0xCC, 0x09, 0xCB, 0xC8, 0xA5, 0x0C, 0x7E, 0x70,
    0x86, 0x4F, 0x86, 0x4F, 0x7E, 0x2F, 0xE6, 0xF3, 0xFF, 0x15, 0xFE, 0xF4, 0xFE, 0xF4, 0xFF, 0x14, 0xD5, 0xD1, 0x5A, 0xA8, 0xCD, 0xB1, 0xFF, 0x15,
    0xFE, 0xD4, 0xFE, 0xD4, 0xFE, 0xF4, 0xEE, 0x53, 0x6A, 0xC8, 0xAC, 0xCE, 0xFF, 0x15, 0xFE, 0xD4, 0xFE, 0xF4, 0xFE, 0xF4, 0xFE, 0xD4, 0xFF, 0x36,
    0xFF, 0x56, 0xFF, 0x36, 0xFF, 0x56, 0xFF, 0x57, 0xFF, 0x57, 0xFF, 0x57, 0xFF, 0x57, 0xFF, 0x57, 0xFF, 0x77, 0xFF, 0x57, 0xFF, 0x57, 0xFF, 0x77,
    0xFF, 0x78, 0xFF, 0x98, 0xFF, 0x99, 0xF5, 0xB8, 0xFC, 0x36, 0xFC, 0x77, 0xFC, 0x56, 0xFC, 0x56, 0xFC, 0x56, 0xFC, 0x36, 0xFC, 0x36, 0xFC, 0x36,
    0xFC, 0x36, 0xFC, 0x16, 0xF4, 0x75, 0xFE, 0xF8, 0xFF, 0x98, 0xFF, 0x78, 0xFF, 0x77, 0xFF, 0x77, 0xFF, 0x57, 0xFF, 0x78, 0xFF, 0x78, 0xFF, 0x78,
    0xFF, 0x77, 0xFF, 0x77, 0xFF, 0x57, 0xFF, 0x57, 0xFF, 0x57, 0xFF, 0x77, 0xFF, 0x57, 0xFF, 0x98, 0xEE, 0x30, 0xED, 0x6C, 0xDD, 0xAE, 0xBD, 0xEF,
    0x96, 0x4F, 0x86, 0x70, 0x86, 0x90, 0x86, 0x90, 0x8E, 0x90, 0x86, 0x90, 0xAE, 0x2E, 0xED, 0x8D, 0xED, 0x8D, 0xF5, 0x8D, 0xA5, 0xEF, 0x7E, 0x50,
    0x8E, 0x50, 0x86, 0x70, 0xAE, 0xF4, 0xF7, 0x59, 0xEF, 0x38, 0xF7, 0x5A, 0xFF, 0xBA, 0xED, 0xEF, 0xFD, 0xCE, 0xED, 0x6C, 0xED, 0x6D, 0xED, 0x4C,
    0xE5, 0x0B, 0xE6, 0x13, 0xFF, 0xDE, 0xA5, 0x34, 0x63, 0x6E, 0x94, 0xF4, 0xEF, 0x18, 0xEF, 0x18, 0xEF, 0x17, 0xEF, 0x18, 0xEF, 0x18, 0xEF, 0x18,
    0xEF, 0x18, 0xEF, 0x18, 0xEF, 0x18, 0xEF, 0x18, 0xEF, 0x18, 0xEF, 0x18, 0xEF, 0x18, 0xEF, 0x18, 0xEF, 0x18, 0xEF, 0x18, 0xEF, 0x18, 0xEF, 0x18,
    0xEF, 0x18, 0xEF, 0x18, 0xEF, 0x18, 0xEF, 0x18, 0xEF, 0x18, 0xEF, 0x18, 0xEF, 0x18, 0xEF, 0x18, 0xEF, 0x38, 0xD7, 0x5D, 0xDF, 0x9E, 0xA6, 0x39,
    0x7D, 0x15, 0x85, 0x57, 0xD7, 0x3D, 0xE7, 0xDF, 0xAE, 0x5A, 0x7D, 0x36, 0x8D, 0x97, 0xD7, 0x5D, 0xE7, 0xBE, 0xB6, 0x9A, 0x7D, 0x36, 0x95, 0xB7,
    0xDF, 0x5D, 0xE7, 0x9E, 0xA6, 0x39, 0x7D, 0x15, 0x8D, 0x97, 0xDF, 0x7D, 0xDF, 0x9E, 0xDF, 0x7E, 0xE7, 0xBF, 0x9D, 0xF8, 0x6C, 0xB3, 0x74, 0xF4,
    0x74, 0xF4, 0x74, 0xF4, 0x6C, 0xB3, 0xAE, 0x5A, 0xDF, 0x9E, 0xD7, 0x5D, 0xDF, 0x7D, 0xDF, 0x7E, 0xD7, 0x7C, 0x9E, 0xD4, 0x9E, 0xD3, 0x9E, 0xD3,
    0x9E, 0xD3, 0x9E, 0xD3, 0x9E, 0xD3, 0x9E, 0xD3, 0xAE, 0xB4, 0xEF, 0x58, 0xFF, 0x99, 0xFF, 0x99, 0xFF, 0xB9, 0xFF, 0xB8, 0xFF, 0x98, 0xFF, 0x77,
    0xFF, 0x57, 0xFF, 0x57, 0xFF, 0x57, 0xFF, 0x57, 0xFF, 0x56, 0xFF, 0x56, 0xFF, 0x56, 0xFF, 0x56, 0xFF, 0xB7, 0xCE, 0x98, 0x33, 0x3A, 0x3B, 0x7B,
    0x3B, 0x5B, 0x3B, 0x5B, 0x3B, 0x5B, 0x3B, 0x5B, 0x3B, 0x5A, 0x3B, 0x5A, 0x3B, 0x5B, 0x2A, 0xFA, 0x9D, 0x78, 0xFF, 0xD7, 0xFF, 0x36, 0xFF, 0x36,
    0xFF, 0x36, 0xFF, 0x36, 0xFF, 0x36, 0xFF, 0x56, 0xFF, 0x56, 0xFF, 0x56, 0xCC, 0x4A, 0xCB, 0xE8, 0xCC, 0x09, 0xCC, 0x09, 0xD4, 0x08, 0xCB, 0xC8,
    0xEE, 0xF7, 0xFF, 0xFB, 0xFF, 0xBA, 0xFF, 0xFC, 0xFF, 0xFB, 0xFF, 0xFB, 0xFF, 0xFC, 0x52, 0x68, 0x00, 0x00, 0x8C, 0x2E, 0xFF, 0xFD, 0xFF, 0xDB,
    0xFF, 0xFB, 0xFF, 0xDB, 0xFF, 0xBA, 0xFF, 0xFB, 0xD5, 0x0E, 0xC3, 0xA7, 0xCC, 0x09, 0xCB, 0xE9, 0xCB, 0xE9, 0xCB, 0xC8, 0xA5, 0x0C, 0x7E, 0x6F,
    0x86, 0x4F, 0x7E, 0x4F, 0x8E, 0x50, 0xEE, 0xB2, 0xED, 0xAE, 0xED, 0xCF, 0xEE, 0x10, 0xFF, 0x76, 0x93, 0xCB, 0x00, 0x00, 0x8B, 0xEC, 0xFF, 0x77,
    0xFE, 0xF5, 0xFF, 0x15, 0xFF, 0x56, 0xB4, 0xEF, 0x00, 0x00, 0x52, 0x06, 0xFF, 0x35, 0xEE, 0x10, 0xED, 0xF0, 0xE5, 0xF0, 0xF6, 0x92, 0xFF, 0x57,
    0xFF, 0x57, 0xFF, 0x36, 0xFF, 0x56, 0xFF, 0x57, 0xFF, 0x57, 0xFF, 0x57, 0xFF, 0x57, 0xFF, 0x98, 0xFF, 0xD9, 0xFF, 0xB8, 0xFF, 0x78, 0xFF, 0x58,
    0xFF, 0x18, 0xFE, 0x98, 0xF5, 0x37, 0xFC, 0x36, 0xFC, 0x56, 0xFC, 0x56, 0xFC, 0x57, 0xFC, 0x56, 0xFC, 0x56, 0xFC, 0x56, 0xFC, 0x36, 0xFC, 0x36,
    0xFC, 0x36, 0xFC, 0x36, 0xFC, 0x15, 0xF4, 0x75, 0xF5, 0xB6, 0xFE, 0x98, 0xFF, 0x18, 0xFF, 0x58, 0xFF, 0xB8, 0xFF, 0xF9, 0xFF, 0xD9, 0xFF, 0x98,
    0xFF, 0x78, 0xFF, 0x57, 0xFF, 0x57, 0xFF, 0x57, 0xFF, 0x57, 0xFF, 0x77, 0xFF, 0x77, 0xFF, 0x97, 0xED, 0xCF, 0xED, 0x8D, 0xED, 0x8D, 0xF5, 0x8D,
    0xE5, 0xAD, 0xCD, 0xCE, 0xAE, 0x0F, 0x9E, 0x4F, 0x8E, 0x70, 0x86, 0x8F, 0xA6, 0x2F, 0xF5, 0x8D, 0xED, 0x8D, 0xF5, 0x8D, 0xA6, 0x0E, 0x7E, 0x51,
    0x86, 0x50, 0x96, 0x30, 0xA6, 0x30, 0xCE, 0x10, 0xFE, 0x93, 0xF5, 0xCF, 0xFD, 0xCE, 0xF5, 0x6C, 0xED, 0x8D, 0xED, 0x6C, 0xED, 0x2B, 0xE5, 0x6D,
    0xEE, 0xB6, 0xFF, 0xFF, 0xF7, 0x9E, 0x7C, 0x31, 0x74, 0x11, 0xE7, 0x7C, 0xEF, 0x18, 0xEF, 0x18, 0xEF, 0x18, 0xEF, 0x18, 0xEF, 0x18, 0xEF, 0x18,
    0xEF, 0x18, 0xEF, 0x18, 0xEF, 0x18, 0xEF, 0x18, 0xEF, 0x18, 0xEF, 0x18, 0xEF, 0x18, 0xEF, 0x18, 0xEF, 0x18, 0xEF, 0x18, 0xEF, 0x18, 0xEF, 0x18,
    0xEF, 0x17, 0xEF, 0x17, 0xEF, 0x17, 0xEF, 0x17, 0xEF, 0x17, 0xEF, 0x17, 0xEF, 0x17, 0xEF, 0x17, 0xEF, 0x38, 0xD7, 0x7D, 0xDF, 0x9E, 0xA6, 0x39,
    0x7D, 0x15, 0x85, 0x56, 0xD7, 0x5D, 0xE7, 0xDE, 0xAE, 0x7A, 0x7D, 0x36, 0x8D, 0x97, 0xD7, 0x5D, 0xE7, 0xBF, 0xB6, 0x9B, 0x7D, 0x36, 0x95, 0xB7,
    0xD7, 0x5D, 0xE7, 0xBE, 0xA6, 0x39, 0x7D, 0x15, 0x8D, 0x97, 0xDF, 0x7E, 0xDF, 0x7E, 0xDF, 0x7E, 0xE7, 0xBF, 0x9D, 0xF8, 0x6C, 0xB4, 0x74, 0xF4,
    0x74, 0xF4, 0x74, 0xF4, 0x6C, 0xB4, 0xAE, 0x59, 0xE7, 0x9E, 0xD7, 0x5D, 0xDF, 0x7E, 0xDF, 0x7E, 0xD7, 0x7D, 0x9E, 0xF4, 0x9E, 0xD3, 0x9E, 0xF3,
    0x9E, 0xD3, 0x9E, 0xD3, 0x9E, 0xD3, 0x9E, 0xD3, 0x9E, 0xD3, 0x9E, 0x74, 0x85, 0x75, 0x8D, 0x56, 0x9D, 0xB6, 0xAD, 0xF7, 0xC6, 0x77, 0xF7, 0x59,
    0xFF, 0x78, 0xFF, 0x57, 0xFF, 0x78, 0xFF, 0xB8, 0xFF, 0xD8, 0xFF, 0xD8, 0xFF, 0xD7, 0xFF, 0xD8, 0xF7, 0x78, 0x6C, 0x38, 0x33, 0x3B, 0x3B, 0x7B,
    0x3B, 0x5B, 0x3B, 0x5B, 0x3B, 0x5B, 0x3B, 0x5B, 0x3B, 0x5B, 0x3B, 0x5B, 0x3B, 0x5A, 0x33, 0x3B, 0x4B, 0x99, 0xDE, 0xF9, 0xFF, 0xB8, 0xFF, 0xB7,
    0xFF, 0xB7, 0xFF, 0xB8, 0xFF, 0x97, 0xFF, 0x56, 0xFF, 0x57, 0xFF, 0x99, 0xD4, 0xEE, 0xCB, 0xA7, 0xCC, 0x09, 0xD4, 0x09, 0xCB, 0xA7, 0xD4, 0xED,
    0xFF, 0xDB, 0xFF, 0xBA, 0xFF, 0xBA, 0xFF, 0xBA, 0xFF, 0xBA, 0xFF, 0xDB, 0xE7, 0x19, 0x21, 0x03, 0x00, 0x00, 0x6B, 0x4B, 0xFF, 0xFC, 0xFF, 0x9A,
    0xFF, 0xBA, 0xFF, 0xBA, 0xFF, 0xBA, 0xFF, 0xDB, 0xEE, 0xF6, 0xC3, 0xA8, 0xCB, 0xE8, 0xCC, 0x09, 0xCB, 0xE9, 0xCB, 0xE8, 0x9D, 0xAD, 0x7E, 0x70,
    0x86, 0x4F, 0x7E, 0x2F, 0x8E, 0x70, 0xF6, 0xF3, 0xEE, 0x10, 0xEE, 0x10, 0xED, 0xEF, 0xFF, 0x14, 0xE6, 0x94, 0x7B, 0x4A, 0xDE, 0x53, 0xFF, 0x76,
    0xA4, 0x4D, 0x62, 0x87, 0xF6, 0xD4, 0xF6, 0xD5, 0x94, 0x0C, 0xD5, 0xF1, 0xFE, 0xF4, 0xE5, 0xCF, 0xE5, 0xCF, 0xE5, 0xCF, 0xF6, 0x72, 0xFF, 0x98,
    0xFF, 0xB8, 0xFF, 0x57, 0xFF, 0x57, 0xFF, 0x78, 0xFF, 0xD8, 0xFF, 0xB9, 0xFF, 0x57, 0xFF, 0xDB, 0xFF, 0xBD, 0xFE, 0xFA, 0xFD, 0x36, 0xF4, 0xB6,
    0xF4, 0x76, 0xF4, 0x35, 0xFC, 0x16, 0xFC, 0x56, 0xFC, 0x56, 0xFC, 0x56, 0xFC, 0x56, 0xFC, 0x56, 0xFC, 0x57, 0xFC, 0x56, 0xFC, 0x36, 0xFC, 0x36,
    0xFC, 0x36, 0xFC, 0x36, 0xFC, 0x36, 0xFC, 0x16, 0xFB, 0xF5, 0xF4, 0x15, 0xF4, 0x75, 0xF4, 0xD6, 0xFE, 0xDA, 0xF7, 0x9C, 0xFF, 0xBD, 0xFF, 0xFA,
    0xFF, 0xB9, 0xFF, 0xB8, 0xFF, 0xB8, 0xFF, 0x78, 0xFF, 0x77, 0xFF, 0x77, 0xFF, 0xB8, 0xE6, 0xD4, 0xE5, 0x6D, 0xED, 0x8D, 0xED, 0x8D, 0xED, 0x8D,
    0xED, 0x8D, 0xF5, 0x8D, 0xF5, 0x8D, 0xE5, 0xAD, 0xDD, 0xAD, 0xCD, 0xEE, 0xCD, 0xCD, 0xED, 0x8D, 0xED, 0x8D, 0xF5, 0x8D, 0xCD, 0xCE, 0xC5, 0xEE,
    0xD5, 0xCE, 0xE5, 0xAE, 0xF5, 0x8E, 0xF5, 0x8D, 0xF5, 0x8D, 0xED, 0x6D, 0xED, 0x8D, 0xED, 0x6C, 0xED, 0x4C, 0xED, 0x6C, 0xE6, 0x33, 0xF7, 0x9D,
    0xFF, 0xFF, 0xFF, 0xFF, 0xC6, 0x38, 0x63, 0x8F, 0x74, 0x31, 0xF7, 0x59, 0xEF, 0x17, 0xEF, 0x18, 0xEF, 0x17, 0xEF, 0x17, 0xEF, 0x17, 0xEF, 0x17,
    0xEF, 0x17, 0xEF, 0x17, 0xEF, 0x17, 0xEF, 0x17, 0xEF, 0x17, 0xEF, 0x17, 0xEF, 0x17, 0xEF, 0x17, 0xEF, 0x17, 0xEF, 0x17, 0xEF, 0x17, 0xEF, 0x17,
    0xEF, 0x17, 0xEF, 0x17, 0xEF, 0x17, 0xEF, 0x17, 0xEF, 0x17, 0xEF, 0x17, 0xEF, 0x18, 0xEF, 0x17, 0xEF, 0x38, 0xD7, 0x5D, 0xDF, 0x9F, 0xA6, 0x39,
    0x7D, 0x15, 0x85, 0x56, 0xD7, 0x5D, 0xE7, 0xDF, 0xAE, 0x7A, 0x7D, 0x36, 0x8D, 0x97, 0xD7, 0x3D, 0xE7, 0xBF, 0xB6, 0x9B, 0x85, 0x56, 0x95, 0xB7,
    0xD7, 0x5D, 0xE7, 0x9F, 0xA6, 0x39, 0x7D, 0x35, 0x8D, 0x97, 0xDF, 0x7D, 0xDF, 0x9E, 0xDF, 0x7D, 0xE7, 0xBF, 0x9D, 0xF7, 0x6C, 0xB3, 0x74, 0xF4,
    0x74, 0xF4, 0x74, 0xF4, 0x6C, 0xB3, 0xAE, 0x5A, 0xE7, 0x9E, 0xD7, 0x5D, 0xD7, 0x7E, 0xDF, 0x7E, 0xD7, 0x7D, 0x9E, 0xF4, 0x9E, 0xF3, 0x9E, 0xF3,
    0x9E, 0xF2, 0x9E, 0xF3, 0x9E, 0xD3, 0x9E, 0xD2, 0x9E, 0xD3, 0x9E, 0xF3, 0x8E, 0x14, 0x64, 0xB5, 0x5C, 0x95, 0x5C, 0x74, 0x64, 0x94, 0xCE, 0xFB,
    0xE7, 0x5D, 0xCE, 0xFB, 0xBE, 0xBA, 0x8C, 0xD6, 0x95, 0x17, 0xAD, 0xB9, 0xB5, 0xD9, 0x9D, 0x79, 0x53, 0xB8, 0x33, 0x1A, 0x3B, 0x5B, 0x3B, 0x5B,
    0x3B, 0x5B, 0x3B, 0x5B, 0x3B, 0x5B, 0x3B, 0x5B, 0x3B, 0x5A, 0x3B, 0x5B, 0x3B, 0x5B, 0x3B, 0x5A, 0x33, 0x3A, 0x4B, 0x99, 0x8D, 0x19, 0xB5, 0xD9,
    0xB5, 0xD9, 0x94, 0xF7, 0x94, 0xF6, 0xFF, 0xDD, 0xFF, 0xFE, 0xFF, 0xFF, 0xEF, 0x1A, 0xCC, 0x2A, 0xD3, 0xE8, 0xD3, 0xE7, 0xD4, 0x6A, 0xF7, 0x38,
    0xFF, 0xDA, 0xFF, 0xBA, 0xFF, 0xBA, 0xFF, 0xBA, 0xFF, 0xBA, 0xFF, 0xDA, 0xFF, 0x9B, 0xDE, 0xB8, 0xD6, 0x97, 0xE7, 0x19, 0xFF, 0xDB, 0xFF, 0xBA,
    0xFF, 0xBA, 0xFF, 0xBA, 0xFF, 0xBA, 0xFF, 0x9A, 0xFF, 0xFB, 0xDD, 0xF2, 0xC3, 0xA8, 0xCB, 0xC9, 0xCB, 0xC8, 0xB4, 0xCB, 0x86, 0x4F, 0x7E, 0x4F,
    0x86, 0x4F, 0x7E, 0x4F, 0x8E, 0x4F, 0xF7, 0x74, 0xFF, 0x34, 0xEE, 0x72, 0xE5, 0xAF, 0xEE, 0x51, 0xFF, 0x76, 0xFF, 0x97, 0xFF, 0x55, 0xF6, 0xF5,
    0x49, 0xE5, 0x20, 0x60, 0xC5, 0x30, 0xFF, 0x56, 0xFF, 0x76, 0xFF, 0x76, 0xF6, 0x93, 0xE5, 0x8F, 0xED, 0xF0, 0xEE, 0x11, 0xFE, 0xF4, 0xF7, 0x9C,
    0xFF, 0xBD, 0xFF, 0x99, 0xFF, 0x78, 0xFF, 0xDB, 0xFF, 0xBC, 0xF7, 0x7B, 0xF7, 0x59, 0xEF, 0x38, 0xEF, 0x17, 0xFE, 0x3A, 0xFC, 0x16, 0xFC, 0x16,
    0xFC, 0x35, 0xFC, 0x56, 0xFC, 0x56, 0xFC, 0x56, 0xFC, 0x56, 0xFC, 0x56, 0xFC, 0x56, 0xFC, 0x56, 0xFC, 0x56, 0xFC, 0x56, 0xFC, 0x36, 0xFC, 0x36,
    0xFC, 0x36, 0xFC, 0x36, 0xFC, 0x36, 0xFC, 0x35, 0xFC, 0x36, 0xFC, 0x35, 0xFC, 0x35, 0xFC, 0x16, 0xFD, 0xB9, 0xEF, 0x17, 0xEF, 0x17, 0xEF, 0x17,
    0xE7, 0x59, 0x94, 0xF2, 0xA5, 0x52, 0xD7, 0x16, 0xEF, 0x77, 0xE7, 0x77, 0xC7, 0x15, 0x9E, 0xB2, 0xB6, 0x71, 0xD5, 0xEE, 0xED, 0x8E, 0xF5, 0x8D,
    0xED, 0x8D, 0xED, 0x8E, 0xED, 0x8D, 0xED, 0x8D, 0xF5, 0x6D, 0xF5, 0x6D, 0xF5, 0x8D, 0xED, 0x8D, 0xF5, 0x8D, 0xED, 0x8D, 0xF5, 0x8D, 0xF5, 0x8E,
    0xF5, 0x8D, 0xF5, 0x8D, 0xED, 0x8D, 0xED, 0x6D, 0xF5, 0x8D, 0xF5, 0x6D, 0xF5, 0x6D, 0xED, 0xAE, 0xEE, 0x53, 0xF7, 0x7B, 0xFF, 0xFF, 0xFF, 0xFF,
    0xFF, 0xFF, 0xFF, 0xFF, 0x8C, 0xB3, 0x63, 0xD0, 0x9D, 0x76, 0xEF, 0x18, 0xEF, 0x17, 0xEF, 0x17, 0xEF, 0x17, 0xEF, 0x17, 0xEF, 0x17, 0xEF, 0x17,
    0xEF, 0x17, 0xEF, 0x17, 0xEF, 0x17, 0xEF, 0x17, 0xEF, 0x17, 0xEF, 0x17, 0xEF, 0x17, 0xEF, 0x17, 0xEF, 0x17, 0xEF, 0x17, 0xEF, 0x17, 0xEF, 0x17,
    0xEF, 0x17, 0xEF, 0x17, 0xEF, 0x17, 0xEF, 0x17, 0xEF, 0x17, 0xEF, 0x17, 0xEF, 0x18, 0xEF, 0x17, 0xF7, 0x38, 0xD7, 0x7E, 0xDF, 0xBF, 0xA6, 0x39,
    0x7D, 0x16, 0x85, 0x56, 0xD7, 0x3D, 0xE7, 0xBF, 0xAE, 0x7A, 0x7D, 0x36, 0x8D, 0x97, 0xD7, 0x3D, 0xE7, 0xBF, 0xB6, 0x9B, 0x85, 0x56, 0x95, 0xB7,
    0xD7, 0x7D, 0xE7, 0x9E, 0xA6, 0x39, 0x7D, 0x36, 0x8D, 0x97, 0xDF, 0x7E, 0xDF, 0x7E, 0xDF, 0x7E, 0xE7, 0xBF, 0x9D, 0xF8, 0x6C, 0xB3, 0x74, 0xF4,
    0x74, 0xF4, 0x74, 0xF5, 0x6C, 0xB3, 0xAE, 0x5A, 0xE7, 0x9E, 0xD7, 0x5D, 0xD7, 0x7D, 0xDF, 0x7E, 0xD7, 0x7D, 0x9E, 0xF4, 0x9E, 0xF3, 0x9E, 0xF3,
    0x9E, 0xF3, 0x9E, 0xF3, 0x9E, 0xF3, 0x9E, 0xF3, 0x9E, 0xD3, 0x9E, 0xD3, 0x9E, 0xF3, 0xA6, 0xB6, 0xC6, 0xFB, 0xC6, 0xDB, 0xC6, 0xDB, 0xD7, 0x3D,
    0xDF, 0x5D, 0xC6, 0xFC, 0xAE, 0x7B, 0x3B, 0x38, 0x22, 0xBA, 0x2A, 0xDA, 0x32, 0xDA, 0x2A, 0xDA, 0x33, 0x1B, 0x3B, 0x5B, 0x3B, 0x5B, 0x3B, 0x5B,
    0x3B, 0x5B, 0x3B, 0x5B, 0x3B, 0x5B, 0x3B, 0x5B, 0x3B, 0x5A, 0x3B, 0x5A, 0x3B, 0x5A, 0x3B, 0x5B, 0x3B, 0x5B, 0x3B, 0x3B, 0x2A, 0xFA, 0x32, 0xF9,
    0x2A, 0xD8, 0x1A, 0x78, 0x4B, 0x77, 0xFF, 0xFF, 0xFF, 0xFF, 0xFF, 0xFF, 0xFF, 0xFF, 0xD6, 0xD7, 0xA5, 0x4E, 0x9D, 0x4D, 0xC6, 0x94, 0xFF, 0xFB,
    0xFF, 0xBA, 0xFF, 0xBA, 0xFF, 0xBA, 0xFF, 0xBB, 0xFF, 0xDB, 0xFF, 0xDA, 0xFF, 0xDB, 0xFF, 0xFB, 0xFF, 0xFB, 0xFF, 0xDB, 0xFF, 0xBA, 0xFF, 0xBA,
    0xFF, 0xBA, 0xFF, 0xBA, 0xFF, 0xBA, 0xFF, 0xBA, 0xFF, 0xDB, 0xEF, 0x99, 0x9D, 0x8D, 0xAD, 0x0C, 0x9D, 0x6D, 0x86, 0x4F, 0x86, 0x50, 0x86, 0x50,
    0x86, 0x50, 0x86, 0x4F, 0x7E, 0x2F, 0xD6, 0xF3, 0xED, 0xAE, 0xE5, 0x6E, 0xEE, 0x31, 0xFE, 0xF4, 0xFF, 0x15, 0xFE, 0xF4, 0xFF, 0x15, 0xFF, 0x15,
    0xEE, 0xB5, 0xE6, 0x74, 0xFE, 0xF5, 0xFE, 0xF5, 0xFE, 0xD4, 0xFE, 0xF5, 0xFE, 0xF4, 0xF6, 0x52, 0xED, 0xD0, 0xE5, 0x6E, 0xF6, 0xD4, 0xEF, 0x38,
    0xEF, 0x17, 0xF7, 0x38, 0xF7, 0x39, 0xEF, 0x38, 0xEF, 0x17, 0xEF, 0x17, 0xEF, 0x17, 0xEF, 0x17, 0xEF, 0x18, 0xFD, 0xB9, 0xFC, 0x36, 0xFC, 0x36,
    0xFC, 0x36, 0xFC, 0x36, 0xFC, 0x56, 0xFC, 0x56, 0xFC, 0x56, 0xFC, 0x56, 0xFC, 0x56, 0xFC, 0x56, 0xFC, 0x56, 0xFC, 0x56, 0xFC, 0x56, 0xFC, 0x36,
    0xFC, 0x56, 0xFC, 0x36, 0xFC, 0x36, 0xFC, 0x36, 0xFC, 0x36, 0xFC, 0x36, 0xFC, 0x56, 0xFC, 0x35, 0xFD, 0x17, 0xEF, 0x38, 0xEF, 0x17, 0xF7, 0x7A,
    0x9E, 0x54, 0x6B, 0xF0, 0x63, 0xD0, 0x8D, 0xB2, 0x9E, 0xF3, 0x9E, 0xB3, 0x96, 0xB3, 0x9E, 0xD3, 0x9E, 0xD3, 0x9E, 0xB2, 0xB6, 0x71, 0xCE, 0x0F,
    0xE5, 0xCE, 0xED, 0x8D, 0xF5, 0x8D, 0xF5, 0x8D, 0xF5, 0x8D, 0xF5, 0x8D, 0xF5, 0x8D, 0xF5, 0x8D, 0xF5, 0x8D, 0xF5, 0x8D, 0xF5, 0x8D, 0xED, 0x8D,
    0xF5, 0x8D, 0xF5, 0x8D, 0xF5, 0x6D, 0xF5, 0x6D, 0xED, 0x8D, 0xDD, 0xCD, 0xC5, 0xEF, 0xE7, 0x59, 0xFF, 0xFF, 0xFF, 0xFF, 0xFF, 0xFF, 0xFF, 0xFF,
    0xFF, 0xFF, 0xD6, 0xDB, 0x6B, 0xCF, 0x74, 0x52, 0xF7, 0x9B, 0xEF, 0x17, 0xEF, 0x18, 0xEF, 0x17, 0xEF, 0x17, 0xEF, 0x17, 0xEF, 0x17, 0xEF, 0x17,
    0xEF, 0x17, 0xEF, 0x17, 0xEF, 0x17, 0xEF, 0x17, 0xEF, 0x17, 0xEF, 0x17, 0xEF, 0x17, 0xEF, 0x17, 0xEF, 0x17, 0xEF, 0x17, 0xEF, 0x17, 0xEF, 0x17,
    0xEF, 0x17, 0xEF, 0x17, 0xEF, 0x17, 0xEF, 0x17, 0xEF, 0x17, 0xEF, 0x17, 0xEF, 0x17, 0xEF, 0x17, 0xF7, 0x38, 0xD7, 0x7E, 0xDF, 0xBF, 0xA6, 0x39,
    0x7D, 0x16, 0x85, 0x56, 0xCF, 0x3D, 0xE7, 0xBF, 0xAE, 0x7A, 0x7D, 0x36, 0x8D, 0x97, 0xD7, 0x5D, 0xE7, 0xBF, 0xB6, 0x9B, 0x85, 0x56, 0x95, 0xB8,
    0xD7, 0x7D, 0xE7, 0x9E, 0xA6, 0x39, 0x7D, 0x36, 0x8D, 0x97, 0xDF, 0x7E, 0xDF, 0x7E, 0xDF, 0x7E, 0xE7, 0xBF, 0x9D, 0xF8, 0x6C, 0xB3, 0x74, 0xF4,
    0x74, 0xF4, 0x74, 0xF4, 0x6C, 0xB3, 0xB6, 0x7A, 0xE7, 0x9E, 0xD7, 0x5E, 0xDF, 0x7D, 0xDF, 0x7E, 0xD7, 0x7D, 0xA6, 0xF4, 0x9E, 0xF3, 0x9E, 0xF3,
    0x9E, 0xF3, 0x9E, 0xF3, 0x9E, 0xF3, 0x9E, 0xF3, 0x9E, 0xF3, 0x9E, 0xF3, 0x9E, 0xF3, 0x9E, 0xF3, 0xAF, 0x16, 0xD7, 0x5D, 0xDF, 0x7E, 0xD7, 0x5D,
    0xDF, 0x5D, 0xC6, 0xFC, 0xAE, 0x7B, 0x4B, 0xB9, 0x3B, 0x3B, 0x3B, 0x5B, 0x3B, 0x5B, 0x3B, 0x5B, 0x3B, 0x5B, 0x3B, 0x3B, 0x3B, 0x5B, 0x3B, 0x5B,
    0x3B, 0x5B, 0x3B, 0x5B, 0x3B, 0x5B, 0x3B, 0x5B, 0x3B, 0x5B, 0x3B, 0x5A, 0x3B, 0x5A, 0x3B, 0x5A, 0x3B, 0x5A, 0x3B, 0x5A, 0x3B, 0x5A, 0x3B, 0x5A,
    0x3B, 0x5A, 0x33, 0x19, 0x53, 0xD7, 0xFF, 0xDE, 0xFF, 0xFF, 0xFF, 0xFF, 0xC6, 0xF8, 0x86, 0x30, 0x86, 0x71, 0x86, 0x51, 0x86, 0x10, 0xD7, 0x17,
    0xFF, 0xFB, 0xFF, 0xBA, 0xFF, 0xBA, 0xFF, 0xBA, 0xFF, 0xDA, 0xFF, 0xDA, 0xFF, 0xBA, 0xFF, 0xBA, 0xFF, 0xBA, 0xFF, 0xBA, 0xFF, 0xBA, 0xFF, 0xBA,
    0xFF, 0xBA, 0xFF, 0xBA, 0xFF, 0xBA, 0xFF, 0xDB, 0xFF, 0xDA, 0x9E, 0x71, 0x7E, 0x50, 0x86, 0x71, 0x86, 0x70, 0x86, 0x50, 0x86, 0x50, 0x86, 0x50,
    0x86, 0x50, 0x86, 0x50, 0x7E, 0x2F, 0x9E, 0x71, 0xFF, 0x76, 0xFF, 0x55, 0xFF, 0x35, 0xFF, 0x15, 0xFF, 0x15, 0xFF, 0x15, 0xFF, 0x15, 0xFF, 0x15,
    0xFF, 0x35, 0xFF, 0x36, 0xFF, 0x15, 0xFE, 0xF5, 0xFE, 0xF5, 0xFE, 0xF4, 0xFE, 0xF5, 0xFF, 0x15, 0xFF, 0x35, 0xFF, 0xD7, 0xF7, 0x9B, 0xEF, 0x18,
    0xEF, 0x38, 0xEF, 0x17, 0xEF, 0x17, 0xEF, 0x17, 0xEF, 0x18, 0xEF, 0x18, 0xEF, 0x18, 0xEF, 0x17, 0xEF, 0x17, 0xFD, 0x99, 0xFC, 0x16, 0xFC, 0x36,
    0xFC, 0x36, 0xFC, 0x56, 0xFC, 0x56, 0xFC, 0x56, 0xFC, 0x56, 0xFC, 0x56, 0xFC, 0x56, 0xFC, 0x56, 0xFC, 0x56, 0xFC, 0x56, 0xFC, 0x56, 0xFC, 0x56,
    0xFC, 0x56, 0xFC, 0x36, 0xFC, 0x56, 0xFC, 0x36, 0xFC, 0x36, 0xFC, 0x36, 0xFC, 0x36, 0xFC, 0x35, 0xF4, 0xB6, 0xEF, 0x38, 0xF7, 0x5A, 0xA6, 0x94,
    0x9E, 0xD3, 0x7C, 0xD1, 0x74, 0x11, 0x7C, 0xF2, 0x9E, 0xD3, 0x9E, 0xD3, 0x9E, 0xD3, 0x9E, 0xD3, 0x9E, 0xD3, 0x9E, 0xD3, 0x9E, 0xF3, 0x9E, 0xF2,
    0xA6, 0xB1, 0xB6, 0x70, 0xC6, 0x2F, 0xD5, 0xEE, 0xDD, 0xCE, 0xE5, 0xAD, 0xE5, 0x8D, 0xED, 0x8D, 0xED, 0xAE, 0xDD, 0xCE, 0xE5, 0xAE, 0xED, 0x8E,
    0xE5, 0xAE, 0xDD, 0xCE, 0xCD, 0xEF, 0xB6, 0x2F, 0xA6, 0x71, 0x96, 0x91, 0x96, 0x91, 0x9E, 0x93, 0xE7, 0x7B, 0xFF, 0xFF, 0xFF, 0xFF, 0xFF, 0xFF,
    0xFF, 0xFF, 0x9D, 0x14, 0x63, 0xAF, 0x7C, 0x72, 0xF7, 0x38, 0xEF, 0x17, 0xEF, 0x18, 0xEF, 0x17, 0xEF, 0x17, 0xEF, 0x17, 0xEF, 0x17, 0xEF, 0x17,
    0xEF, 0x17, 0xEF, 0x17, 0xEF, 0x17, 0xEF, 0x17, 0xEF, 0x17, 0xEF, 0x17, 0xEF, 0x17, 0xEF, 0x17, 0xEF, 0x17, 0xEF, 0x17, 0xEF, 0x17, 0xEF, 0x17,
    0xEF, 0x17, 0xEF, 0x17, 0xEF, 0x17, 0xEF, 0x17, 0xEF, 0x17, 0xEF, 0x17, 0xEF, 0x17, 0xEF, 0x17, 0xF7, 0x38, 0xDF, 0x9E, 0xDF, 0xBF, 0xA6, 0x39,
    0x7D, 0x15, 0x85, 0x56, 0xCF, 0x3C, 0xE7, 0xBF, 0xAE, 0x5A, 0x7D, 0x36, 0x8D, 0x97, 0xD7, 0x3D, 0xE7, 0xBF, 0xB6, 0x9B, 0x7D, 0x36, 0x95, 0xB7,
    0xD7, 0x7D, 0xE7, 0x9E, 0xA6, 0x19, 0x7D, 0x16, 0x8D, 0x97, 0xDF, 0x7E, 0xDF, 0x7E, 0xDF, 0x7E, 0xE7, 0xBE, 0x9D, 0xF8, 0x6C, 0xB3, 0x74, 0xF4,
    0x74, 0xF4, 0x74, 0xF4, 0x6C, 0xB3, 0xAE, 0x7A, 0xDF, 0x9E, 0xD7, 0x5E, 0xDF, 0x7D, 0xDF, 0x7E, 0xD7, 0x7D, 0xA6, 0xF4, 0x9E, 0xF3, 0x9E, 0xF3,
    0x9E, 0xF3, 0x9E, 0xF3, 0x9E, 0xF3, 0x9E, 0xF3, 0x9E, 0xF3, 0x9E, 0xF3, 0x9E, 0xF3, 0x9E, 0xF3, 0x9E, 0xF3, 0xA6, 0xD5, 0xCF, 0x3B, 0xDF, 0x5E,
    0xDF, 0x5D, 0xC6, 0xFC, 0xAE, 0x7B, 0x43, 0xB9, 0x33, 0x3B, 0x3B, 0x5B, 0x3B, 0x5B, 0x3B, 0x5B, 0x3B, 0x5B, 0x3B, 0x5B, 0x3B, 0x5B, 0x3B, 0x5B,
    0x3B, 0x5B, 0x3B, 0x5B, 0x3B, 0x5B, 0x3B, 0x5B, 0x3B, 0x5B, 0x3B, 0x5B, 0x3B, 0x5A, 0x3B, 0x5A, 0x3B, 0x5A, 0x3B, 0x5A, 0x3B, 0x5A, 0x3B, 0x5A,
    0x3B, 0x3A, 0x32, 0xF9, 0x53, 0xD7, 0xFF, 0xFE, 0xFF, 0xFF, 0xBE, 0xD7, 0x7E, 0x0F, 0x7E, 0x50, 0x86, 0x30, 0x86, 0x30, 0x86, 0x30, 0x86, 0x10,
    0xC7, 0x15, 0xFF, 0xDB, 0xFF, 0xDB, 0xFF, 0xDA, 0xFF, 0xDA, 0xFF, 0xDA, 0xFF, 0xDA, 0xFF, 0xBA, 0xFF, 0xBA, 0xFF, 0xBA, 0xFF, 0xBA, 0xFF, 0xBA,
    0xFF, 0xBA, 0xFF, 0xBA, 0xFF, 0xDB, 0xEF, 0xB9, 0xA6, 0x93, 0x7E, 0x2F, 0x86, 0x50, 0x86, 0x50, 0x86, 0x50, 0x86, 0x50, 0x86, 0x50, 0x86, 0x50,
    0x86, 0x50, 0x86, 0x50, 0x86, 0x4F, 0x7E, 0x2F, 0xB6, 0xB2, 0xFF, 0x55, 0xFF, 0x35, 0xFF, 0x15, 0xFF, 0x15, 0xFF, 0x15, 0xFF, 0x15, 0xFF, 0x15,
    0xFE, 0xF5, 0xFE, 0xF5, 0xFF, 0x15, 0xFE, 0xF5, 0xFE, 0xF5, 0xFE, 0xF5, 0xFE, 0xF4, 0xFE, 0xF5, 0xFF, 0x35, 0xD6, 0xF4, 0xF7, 0x59, 0xEF, 0x17,
    0xEF, 0x38, 0xEF, 0x17, 0xEF, 0x17, 0xEF, 0x17, 0xEF, 0x17, 0xEF, 0x17, 0xEF, 0x17, 0xEF, 0x17, 0xEF, 0x17, 0xFD, 0x79, 0xFC, 0x36, 0xFC, 0x36,
    0xFC, 0x36, 0xFC, 0x56, 0xFC, 0x56, 0xFC, 0x56, 0xFC, 0x56, 0xFC, 0x56, 0xFC, 0x56, 0xFC, 0x56, 0xFC, 0x56, 0xFC, 0x56, 0xFC, 0x56, 0xFC, 0x56,
    0xFC, 0x56, 0xFC, 0x56, 0xFC, 0x56, 0xFC, 0x56, 0xFC, 0x36, 0xFC, 0x36, 0xFC, 0x36, 0xFC, 0x56, 0xFC, 0xD6, 0xF7, 0x5A, 0xAE, 0xB4, 0x9E, 0xB3,
    0x9E, 0xD3, 0x8D, 0xF2, 0x74, 0x31, 0x74, 0x51, 0x96, 0x33, 0x9E, 0xF3, 0x9E, 0xD3, 0x9E, 0xD3, 0x9E, 0xF3, 0x9E, 0xF3, 0x9E, 0xF3, 0x9E, 0xF3,
    0x9E, 0xF3, 0x9E, 0xF3, 0x9E, 0xD2, 0x9E, 0xD2, 0x9E, 0xB1, 0xAE, 0x91, 0xB6, 0x71, 0xAE, 0xB2, 0xAE, 0xB2, 0x9E, 0xB2, 0xA6, 0x91, 0xAE, 0x71,
    0x9E, 0x91, 0x96, 0xB1, 0x8E, 0xB2, 0x8E, 0xD2, 0x8E, 0xB2, 0x96, 0xB2, 0x96, 0xB2, 0x96, 0x92, 0x96, 0x72, 0xD7, 0x5A, 0xFF, 0xFF, 0xFF, 0xFF,
    0xEF, 0x5D, 0x74, 0x10, 0x74, 0x31, 0xC6, 0x99, 0xEF, 0x17, 0xEF, 0x17, 0xEF, 0x17, 0xEF, 0x17, 0xEF, 0x17, 0xEF, 0x17, 0xEF, 0x17, 0xEF, 0x17,
    0xEF, 0x17, 0xEF, 0x17, 0xEF, 0x17, 0xEF, 0x17, 0xEF, 0x17, 0xEF, 0x17, 0xEF, 0x17, 0xEF, 0x17, 0xEF, 0x17, 0xEF, 0x17, 0xEF, 0x17, 0xEF, 0x17,
    0xEF, 0x17, 0xEF, 0x17, 0xEF, 0x17, 0xEF, 0x17, 0xEF, 0x17, 0xEF, 0x17, 0xEF, 0x17, 0xEF, 0x17, 0xF7, 0x38, 0xDF, 0xBE, 0xDF, 0xBF, 0xA6, 0x39,
    0x7D, 0x15, 0x85, 0x56, 0xCF, 0x3C, 0xE7, 0xBE, 0xAE, 0x5A, 0x7D, 0x35, 0x8D, 0x97, 0xD7, 0x5D, 0xE7, 0xBF, 0xB6, 0x9A, 0x7D, 0x35, 0x95, 0xB7,
    0xD7, 0x7D, 0xE7, 0x9F, 0xA6, 0x19, 0x7D, 0x15, 0x8D, 0x97, 0xDF, 0x7D, 0xDF, 0x7E, 0xDF, 0x7E, 0xE7, 0xBE, 0x9D, 0xF8, 0x6C, 0xB3, 0x74, 0xF4,
    0x74, 0xF4, 0x74, 0xF4, 0x6C, 0xB3, 0xAE, 0x7A, 0xDF, 0x9E, 0xD7, 0x5D, 0xDF, 0x7D, 0xDF, 0x7E, 0xD7, 0x7C, 0xA6, 0xF4, 0x9E, 0xF3, 0x9E, 0xF3,
    0x9E, 0xF3, 0x9F, 0x13, 0x9E, 0xF3, 0x9E, 0xF3, 0x9E, 0xF3, 0x9E, 0xF3, 0x9E, 0xF3, 0x9E, 0xF3, 0x9E, 0xF3, 0x9E, 0xF3, 0x9E, 0xD4, 0xC7, 0x3B,
    0xDF, 0x5E, 0xC6, 0xFC, 0xAE, 0x9B, 0x4B, 0xBA, 0x33, 0x3B, 0x3B, 0x5B, 0x3B, 0x5B, 0x3B, 0x5B, 0x3B, 0x5B, 0x3B, 0x5B, 0x3B, 0x5B, 0x3B, 0x5B,
    0x3B, 0x5B, 0x3B, 0x5B, 0x3B, 0x7B, 0x3B, 0x7B, 0x3B, 0x7B, 0x3B, 0x5B, 0x3B, 0x5B, 0x3B, 0x5B, 0x3B, 0x5B, 0x3B, 0x5A, 0x3B, 0x5A, 0x3B, 0x5A,
    0x3B, 0x3A, 0x2B, 0x19, 0x53, 0xF8, 0xFF, 0xFF, 0xB6, 0xD6, 0x76, 0x0F, 0x7E, 0x51, 0x7E, 0x50, 0x7E, 0x50, 0x86, 0x50, 0x86, 0x50, 0x86, 0x50,
    0x7E, 0x0F, 0xA6, 0x52, 0xF7, 0x79, 0xFF, 0xBA, 0xFF, 0xDA, 0xFF, 0xDB, 0xFF, 0xDA, 0xFF, 0xDA, 0xFF, 0xDA, 0xFF, 0xDA, 0xFF, 0xBA, 0xFF, 0xBA,
    0xFF, 0xBA, 0xFF, 0xB9, 0xE7, 0x37, 0x86, 0x51, 0x7E, 0x50, 0x86, 0x51, 0x86, 0x50, 0x86, 0x50, 0x86, 0x50, 0x86, 0x70, 0x86, 0x50, 0x86, 0x50,
    0x86, 0x50, 0x86, 0x50, 0x86, 0x50, 0x86, 0x50, 0x7E, 0x10, 0x9E, 0x51, 0xDE, 0xF4, 0xFF, 0x36, 0xFF, 0x35, 0xFF, 0x35, 0xFF, 0x15, 0xFF, 0x15,
    0xFF, 0x15, 0xFF, 0x15, 0xFF, 0x15, 0xFF, 0x15, 0xFF, 0x15, 0xFF, 0x15, 0xFF, 0x36, 0xEE, 0xF5, 0xAE, 0x52, 0x7E, 0x10, 0x96, 0x94, 0xF7, 0x7A,
    0xEF, 0x17, 0xEF, 0x17, 0xEF, 0x17, 0xEF, 0x17, 0xEF, 0x17, 0xEF, 0x17, 0xEF, 0x17, 0xEF, 0x17, 0xEF, 0x17, 0xFD, 0x59, 0xFC, 0x36, 0xFC, 0x56,
    0xFC, 0x36, 0xFC, 0x56, 0xFC, 0x56, 0xFC, 0x56, 0xFC, 0x56, 0xFC, 0x56, 0xFC, 0x56, 0xFC, 0x56, 0xFC, 0x56, 0xFC, 0x56, 0xFC, 0x56, 0xFC, 0x56,
    0xFC, 0x56, 0xFC, 0x56, 0xFC, 0x56, 0xFC, 0x56, 0xFC, 0x56, 0xFC, 0x36, 0xFC, 0x36, 0xFC, 0x36, 0xFC, 0x76, 0xBE, 0x95, 0x96, 0xD3, 0x96, 0x92,
    0x96, 0xB3, 0x9E, 0x93, 0x7C, 0xB2, 0x74, 0x32, 0x85, 0x72, 0x9F, 0x13, 0x9E, 0xD3, 0x9E, 0xF3, 0x9E, 0xF3, 0x9E, 0xF3, 0x9E, 0xF2, 0x9E, 0xF3,
    0x9E, 0xF3, 0x9E, 0xD3, 0x9E, 0xD2, 0x9E, 0xD2, 0x9E, 0xD2, 0x9E, 0xB2, 0x9E, 0xD2, 0x96, 0xF3, 0x96, 0xF3, 0x96, 0xF3, 0x96, 0xD3, 0x96, 0xD2,
    0x96, 0xD2, 0x96, 0xD2, 0x96, 0xD1, 0x96, 0xD1, 0x96, 0xD2, 0x96, 0xB1, 0x96, 0xB2, 0x96, 0xB2, 0x96, 0xB2, 0x8E, 0x72, 0xCF, 0x19, 0xFF, 0xFF,
    0xB5, 0xB7, 0x63, 0xAF, 0x7C, 0x52, 0xF7, 0x7A, 0xEF, 0x17, 0xEF, 0x17, 0xEF, 0x17, 0xEF, 0x17, 0xEF, 0x17, 0xEF, 0x17, 0xEF, 0x17, 0xEF, 0x17,
    0xEF, 0x17, 0xEF, 0x17, 0xEF, 0x17, 0xEF, 0x17, 0xEF, 0x17, 0xEF, 0x17, 0xEF, 0x17, 0xEF, 0x17, 0xEF, 0x17, 0xEF, 0x17, 0xEF, 0x17, 0xEF, 0x17,
    0xF7, 0x17, 0xF7, 0x17, 0xF7, 0x17, 0xF7, 0x17, 0xF7, 0x17, 0xF7, 0x17, 0xF7, 0x17, 0xF7, 0x17, 0xF7, 0x38, 0xE7, 0xDF, 0xE7, 0xDF, 0xA6, 0x3A,
    0x7D, 0x15, 0x85, 0x57, 0xCF, 0x3D, 0xE7, 0xBE, 0xAE, 0x59, 0x7D, 0x35, 0x8D, 0x96, 0xD7, 0x5D, 0xE7, 0xBF, 0xB6, 0x7B, 0x7D, 0x35, 0x95, 0xB7,
    0xD7, 0x7D, 0xE7, 0x9E, 0xA6, 0x19, 0x7D, 0x15, 0x8D, 0x97, 0xDF, 0x7E, 0xDF, 0x7E, 0xDF, 0x7E, 0xE7, 0xBE, 0x9D, 0xF7, 0x6C, 0xB3, 0x74, 0xF4,
    0x74, 0xF4, 0x74, 0xF4, 0x6C, 0xB3, 0xAE, 0x79, 0xDF, 0x9E, 0xD7, 0x5D, 0xDF, 0x5D, 0xDF, 0x7E, 0xD7, 0x7D, 0xA7, 0x14, 0x9F, 0x13, 0x9F, 0x13,
    0x9F, 0x13, 0x9F, 0x13, 0x9F, 0x13, 0x9E, 0xF3, 0x9E, 0xF3, 0x9F, 0x13, 0x9E, 0xF3, 0x9E, 0xF3, 0x9E, 0xF3, 0x9E, 0xF3, 0x9E, 0xF3, 0x9E, 0xB3,
    0xC7, 0x3B, 0xC6, 0xFD, 0xAE, 0x9B, 0x4B, 0xD9, 0x33, 0x3B, 0x3B, 0x5B, 0x3B, 0x5B, 0x3B, 0x5B, 0x3B, 0x5B, 0x3B, 0x5B, 0x3B, 0x5B, 0x3B, 0x5B,
    0x3B, 0x5B, 0x3B, 0x7B, 0x3B, 0x7B, 0x3B, 0x7B, 0x3B, 0x7B, 0x3B, 0x5B, 0x3B, 0x5B, 0x3B, 0x5B, 0x3B, 0x5A, 0x3B, 0x5B, 0x3B, 0x5A, 0x3B, 0x5A,
    0x3B, 0x5A, 0x2B, 0x19, 0x5C, 0x18, 0xB6, 0xD6, 0x7E, 0x2F, 0x86, 0x51, 0x86, 0x50, 0x7E, 0x50, 0x7E, 0x50, 0x7E, 0x50, 0x86, 0x50, 0x86, 0x50,
    0x7E, 0x30, 0xA6, 0x71, 0xFF, 0x16, 0xFF, 0x16, 0xFF, 0x37, 0xFF, 0x58, 0xFF, 0x58, 0xFF, 0x58, 0xFF, 0x58, 0xFF, 0x58, 0xFF, 0x58, 0xFF, 0x37,
    0xFF, 0x17, 0xFF, 0x16, 0xFF, 0x36, 0xA6, 0x92, 0x7E, 0x50, 0x86, 0x51, 0x86, 0x50, 0x86, 0x70, 0x86, 0x50, 0x86, 0x70, 0x86, 0x50, 0x86, 0x50,
    0x86, 0x50, 0x86, 0x50, 0x86, 0x50, 0x86, 0x50, 0x86, 0x50, 0x7E, 0x30, 0x86, 0x10, 0x9E, 0x31, 0xE6, 0x93, 0xFE, 0xF4, 0xFE, 0xF4, 0xFE, 0xF4,
    0xFF, 0x14, 0xFE, 0xF5, 0xFE, 0xF5, 0xFE, 0xF4, 0xFE, 0xD5, 0xFE, 0xD3, 0xED, 0x8D, 0xCD, 0x6D, 0x85, 0xEF, 0x7E, 0x10, 0x86, 0x50, 0x8E, 0x52,
    0xF7, 0x7B, 0xF7, 0x17, 0xF7, 0x17, 0xF7, 0x17, 0xF7, 0x17, 0xF7, 0x17, 0xF7, 0x17, 0xF7, 0x17, 0xF7, 0x38, 0xFD, 0x38, 0xFC, 0x36, 0xFC, 0x56,
    0xFC, 0x36, 0xFC, 0x56, 0xFC, 0x56, 0xFC, 0x56, 0xFC, 0x56, 0xFC, 0x56, 0xFC, 0x56, 0xFC, 0x56, 0xFC, 0x56, 0xFC, 0x56, 0xFC, 0x56, 0xFC, 0x56,
    0xFC, 0x56, 0xFC, 0x56, 0xFC, 0x56, 0xFC, 0x56, 0xFC, 0x36, 0xFC, 0x36, 0xFC, 0x36, 0xFC, 0x36, 0xF4, 0x55, 0xAE, 0x73, 0x96, 0xB3, 0x96, 0xB3,
    0x96, 0xB3, 0x9E, 0xF3, 0x85, 0x72, 0x74, 0x31, 0x7C, 0xB2, 0x9E, 0xB3, 0x9E, 0xF4, 0x9E, 0xF3, 0x9E, 0xF3, 0x9E, 0xF3, 0x9E, 0xF3, 0x9E, 0xF3,
    0x9E, 0xF3, 0x9E, 0xF3, 0x9E, 0xD3, 0x9E, 0xD2, 0x9E, 0xD2, 0x9E, 0xB2, 0x9E, 0xB2, 0x9E, 0xD2, 0x9E, 0xD2, 0x96, 0xD2, 0x96, 0xD2, 0x96, 0xD2,
    0x96, 0xD2, 0x96, 0xD2, 0x96, 0xD2, 0x96, 0xD2, 0x96, 0xD2, 0x96, 0xD2, 0x96, 0xB2, 0x96, 0xB2, 0x96, 0xB2, 0x96, 0xB2, 0x8E, 0x72, 0xBE, 0xD8,
    0x7C, 0x72, 0x6C, 0x10, 0x94, 0xF4, 0xF7, 0x38, 0xF7, 0x17, 0xEF, 0x17, 0xF7, 0x17, 0xF7, 0x17, 0xF7, 0x17, 0xF7, 0x17, 0xF7, 0x17, 0xF7, 0x17,
    0xF7, 0x17, 0xF7, 0x17, 0xF7, 0x17, 0xF7, 0x17, 0xF7, 0x17, 0xF7, 0x17, 0xF7, 0x17, 0xF7, 0x17, 0xF7, 0x17, 0xF7, 0x17, 0xF7, 0x17, 0xF7, 0x17,
    0xF7, 0x17, 0xF7, 0x17, 0xF7, 0x17, 0xF7, 0x17, 0xF7, 0x17, 0xF7, 0x17, 0xF7, 0x17, 0xF7, 0x17, 0xF7, 0x38, 0xEF, 0xFF, 0xE7, 0xDF, 0xAE, 0x59,
    0x7D, 0x15, 0x85, 0x56, 0xCF, 0x3C, 0xE7, 0xBE, 0xAE, 0x59, 0x7D, 0x15, 0x8D, 0x77, 0xD7, 0x5D, 0xE7, 0xBF, 0xB6, 0x9A, 0x7D, 0x15, 0x95, 0x97,
    0xD7, 0x5D, 0xE7, 0x9E, 0xA6, 0x19, 0x7D, 0x15, 0x8D, 0x96, 0xDF, 0x7E, 0xDF, 0x7E, 0xDF, 0x7E, 0xE7, 0x9F, 0x9D, 0xF8, 0x6C, 0xB4, 0x74, 0xF5,
    0x74, 0xF4, 0x74, 0xF4, 0x6C, 0xB3, 0xAE, 0x5A, 0xDF, 0x9E, 0xD7, 0x5D, 0xDF, 0x7D, 0xDF, 0x7E, 0xD7, 0x7C, 0xA7, 0x14, 0x9F, 0x13, 0x9F, 0x13,
    0x9F, 0x13, 0x9F, 0x13, 0x9E, 0xF3, 0x9E, 0xF3, 0x9E, 0xF3, 0x9F, 0x13, 0x9E, 0xF3, 0x9E, 0xF3, 0x9E, 0xF3, 0x9E, 0xF3, 0x9E, 0xF3, 0x9E, 0xD3,
    0x9E, 0xD3, 0xB6, 0xD9, 0xAE, 0xBB, 0x4C, 0x19, 0x33, 0x3B, 0x3B, 0x5B, 0x3B, 0x5B, 0x3B, 0x5B, 0x3B, 0x7B, 0x3B, 0x5B, 0x3B, 0x5B, 0x3B, 0x7B,
    0x3B, 0x7B, 0x3B, 0x7B, 0x3B, 0x7B, 0x3B, 0x5B, 0x3B, 0x7B, 0x3B, 0x5B, 0x3B, 0x5B, 0x3B, 0x5B, 0x3B, 0x5B, 0x3B, 0x5A, 0x3B, 0x5A, 0x3B, 0x5A,
    0x3B, 0x5A, 0x33, 0x1B, 0x43, 0xD6, 0x7E, 0x31, 0x86, 0x51, 0x86, 0x50, 0x7E, 0x50, 0x7E, 0x50, 0x7E, 0x50, 0x86, 0x50, 0x86, 0x50, 0x86, 0x50,
    0x86, 0x30, 0xE7, 0x16, 0xFF, 0x37, 0xFF, 0x16, 0xFF, 0x16, 0xFF, 0x16, 0xFE, 0xF6, 0xFE, 0xF6, 0xFE, 0xF6, 0xFE, 0xF6, 0xFE, 0xF6, 0xFF, 0x16,
    0xFF, 0x16, 0xFF, 0x16, 0xFF, 0x37, 0xEF, 0x36, 0x86, 0x50, 0x86, 0x70, 0x86, 0x70, 0x86, 0x71, 0x86, 0x70, 0x86, 0x71, 0x86, 0x50, 0x86, 0x50,
    0x86, 0x50, 0x86, 0x50, 0x86, 0x51, 0x86, 0x50, 0x86, 0x50, 0x86, 0x50, 0x86, 0x31, 0x96, 0x10, 0xEE, 0x51, 0xFE, 0x51, 0xFE, 0x51, 0xFE, 0x51,
    0xFE, 0x71, 0xFE, 0x71, 0xFE, 0x71, 0xFE, 0x71, 0xFE, 0x51, 0xFE, 0x71, 0xF5, 0xCF, 0xF4, 0xAA, 0xD5, 0xCE, 0x86, 0x31, 0x7E, 0x10, 0x7E, 0x30,
    0x8E, 0x72, 0xF7, 0x9B, 0xF7, 0x17, 0xF7, 0x17, 0xF7, 0x17, 0xF7, 0x17, 0xEF, 0x17, 0xF7, 0x17, 0xEF, 0x17, 0xFD, 0x79, 0xFC, 0x37, 0xFC, 0x56,
    0xFC, 0x56, 0xFC, 0x57, 0xFC, 0x56, 0xFC, 0x56, 0xFC, 0x56, 0xFC, 0x56, 0xFC, 0x56, 0xFC, 0x56, 0xFC, 0x56, 0xFC, 0x56, 0xFC, 0x56, 0xFC, 0x56,
    0xFC, 0x56, 0xFC, 0x56, 0xFC, 0x56, 0xFC, 0x56, 0xFC, 0x37, 0xFC, 0x36, 0xFC, 0x36, 0xFC, 0x36, 0xF4, 0x55, 0xA6, 0x73, 0x96, 0xD3, 0x96, 0xB3,
    0x96, 0xB3, 0x9E, 0xF3, 0x96, 0x53, 0x74, 0x51, 0x74, 0x52, 0x8E, 0x13, 0x9F, 0x13, 0x9E, 0xF3, 0x9E, 0xF3, 0x9E, 0xF3, 0x9E, 0xF3, 0x9E, 0xF3,
    0x9E, 0xF3, 0x9E, 0xF3, 0x9E, 0xF3, 0x9E, 0xD3, 0x96, 0xD2, 0x96, 0xD3, 0x96, 0xD2, 0x96, 0xD2, 0x96, 0xD2, 0x96, 0xD2, 0x96, 0xD2, 0x96, 0xD2,
    0x96, 0xD2, 0x96, 0xD2, 0x96, 0xD2, 0x96, 0xD2, 0x96, 0xD2, 0x96, 0xD2, 0x96, 0xB2, 0x96, 0xB2, 0x96, 0xB2, 0x96, 0xB2, 0x9E, 0xF3, 0x85, 0x92,
    0x6B, 0xF1, 0x7C, 0x72, 0xF7, 0x9C, 0xF7, 0x17, 0xF7, 0x17, 0xF7, 0x17, 0xF7, 0x17, 0xF7, 0x17, 0xF7, 0x17, 0xF7, 0x17, 0xF7, 0x17, 0xF7, 0x17,
    0xF7, 0x17, 0xF7, 0x17, 0xF7, 0x17, 0xF7, 0x17, 0xF7, 0x17, 0xF7, 0x17, 0xF7, 0x17, 0xF7, 0x17, 0xF7, 0x17, 0xF7, 0x17, 0xF7, 0x17, 0xF7, 0x17,
    0xF7, 0x17, 0xF7, 0x17, 0xF7, 0x17, 0xF7, 0x17, 0xF7, 0x17, 0xF7, 0x17, 0xF7, 0x17, 0xF7, 0x17, 0xF7, 0x38, 0xEF, 0xFF, 0xE7, 0xDF, 0xAE, 0x39,
    0x7D, 0x15, 0x85, 0x56, 0xCF, 0x3C, 0xE7, 0xBE, 0xAE, 0x39, 0x7D, 0x15, 0x8D, 0x76, 0xD7, 0x5D, 0xE7, 0xBF, 0xB6, 0x7A, 0x7D, 0x15, 0x8D, 0x97,
    0xD7, 0x5D, 0xE7, 0x9E, 0xA6, 0x39, 0x7D, 0x15, 0x8D, 0x96, 0xDF, 0x7E, 0xDF, 0x7E, 0xDF, 0x7D, 0xE7, 0xBE, 0x9D, 0xF7, 0x6C, 0xD3, 0x74, 0xF4,
    0x74, 0xF4, 0x74, 0xF4, 0x6C, 0xB3, 0xAE, 0x59, 0xDF, 0x9E, 0xD7, 0x5D, 0xD7, 0x5D, 0xDF, 0x7D, 0xD7, 0x7C, 0xA7, 0x14, 0x9F, 0x13, 0xA7, 0x14,
    0xA7, 0x13, 0x9F, 0x13, 0x9F, 0x13, 0x9F, 0x13, 0x9F, 0x13, 0x9E, 0xF3, 0x9E, 0xF3, 0x9E, 0xF3, 0x9E, 0xF3, 0x9E, 0xF3, 0x9E, 0xF3, 0x9E, 0xF3,
    0x9E, 0xD3, 0x9E, 0xB3, 0xAE, 0xD8, 0x5C, 0x59, 0x33, 0x3A, 0x3B, 0x7B, 0x3B, 0x5B, 0x3B, 0x5B, 0x3B, 0x7B, 0x3B, 0x7B, 0x3B, 0x7B, 0x3B, 0x7B,
    0x3B, 0x7B, 0x3B, 0x7B, 0x3B, 0x7B, 0x3B, 0x5B, 0x3B, 0x5B, 0x3B, 0x5B, 0x3B, 0x5B, 0x3B, 0x5B, 0x3B, 0x5B, 0x3B, 0x5A, 0x3B, 0x5B, 0x3B, 0x5A,
    0x3B, 0x5A, 0x33, 0x1B, 0x4C, 0x16, 0x86, 0x71, 0x7E, 0x50, 0x7E, 0x50, 0x7E, 0x50, 0x7E, 0x50, 0x86, 0x50, 0x86, 0x50, 0x86, 0x70, 0x7E, 0x50,
    0x9E, 0x71, 0xFF, 0x57, 0xFF, 0x16, 0xFF, 0x17, 0xFF, 0x16, 0xFF, 0x16, 0xFF, 0x16, 0xFF, 0x16, 0xFF, 0x16, 0xFF, 0x16, 0xFF, 0x16, 0xFF, 0x16,
    0xFF, 0x16, 0xFF, 0x16, 0xFF, 0x36, 0xFF, 0x78, 0xA6, 0xB3, 0x7E, 0x50, 0x86, 0x70, 0x86, 0x70, 0x86, 0x70, 0x86, 0x71, 0x86, 0x70, 0x86, 0x70,
    0x86, 0x71, 0x86, 0x70, 0x86, 0x50, 0x86, 0x50, 0x86, 0x50, 0x86, 0x51, 0x7E, 0x30, 0xCE, 0x71, 0xFE, 0x71, 0xFE, 0x51, 0xFE, 0x51, 0xFE, 0x51,
    0xFE, 0x51, 0xFE, 0x51, 0xFE, 0x51, 0xFE, 0x71, 0xFE, 0x72, 0xFE, 0x71, 0xFE, 0xD2, 0xF5, 0x6D, 0xF5, 0x2C, 0x9E, 0x50, 0x7E, 0x30, 0x7E, 0x30,
    0x7E, 0x31, 0x8E, 0x72, 0xFF, 0xBC, 0xF7, 0x17, 0xF7, 0x17, 0xF7, 0x17, 0xF7, 0x17, 0xF7, 0x17, 0xF7, 0x17, 0xFE, 0x1B, 0xFC, 0x57, 0xFC, 0x57,
    0xFC, 0x56, 0xFC, 0x56, 0xFC, 0x56, 0xFC, 0x56, 0xFC, 0x56, 0xFC, 0x56, 0xFC, 0x56, 0xFC, 0x56, 0xFC, 0x56, 0xFC, 0x56, 0xFC, 0x56, 0xFC, 0x56,
    0xFC, 0x56, 0xFC, 0x56, 0xFC, 0x56, 0xFC, 0x56, 0xFC, 0x36, 0xFC, 0x36, 0xFC, 0x36, 0xFC, 0x36, 0xEC, 0x75, 0x9E, 0x93, 0x96, 0xD3, 0x9E, 0xD3,
    0x9E, 0xD3, 0x9E, 0xD3, 0x9E, 0xD4, 0x7C, 0xF1, 0x74, 0x52, 0x7D, 0x12, 0x9E, 0xF4, 0x9E, 0xF3, 0x9E, 0xF3, 0x9E, 0xF3, 0x9E, 0xF3, 0x9E, 0xF3,
    0x9E, 0xF3, 0x9E, 0xF3, 0x9E, 0xF3, 0x9E, 0xD3, 0x96, 0xD2, 0x96, 0xD2, 0x96, 0xD2, 0x96, 0xD2, 0x96, 0xB2, 0x96, 0xD2, 0x96, 0xD2, 0x96, 0xD2,
    0x96, 0xD2, 0x96, 0xD2, 0x96, 0xD2, 0x96, 0xD2, 0x96, 0xD2, 0x96, 0xD2, 0x96, 0xD2, 0x96, 0xB2, 0x96, 0xB2, 0x96, 0xB3, 0x96, 0xB4, 0x7C, 0xB2,
    0x74, 0x11, 0x7C, 0xB3, 0xF7, 0x5A, 0xF7, 0x17, 0xF7, 0x37, 0xF7, 0x17, 0xF7, 0x17, 0xF7, 0x17, 0xF7, 0x17, 0xF7, 0x17, 0xF7, 0x17, 0xF7, 0x17,
    0xF7, 0x17, 0xF7, 0x17, 0xF7, 0x17, 0xF7, 0x17, 0xF7, 0x17, 0xF7, 0x17, 0xF7, 0x17, 0xF7, 0x17, 0xF7, 0x17, 0xF7, 0x17, 0xF7, 0x17, 0xF7, 0x17,
    0xF7, 0x17, 0xF7, 0x17, 0xF7, 0x17, 0xF7, 0x17, 0xF7, 0x17, 0xF7, 0x17, 0xF7, 0x17, 0xF7, 0x17, 0xF7, 0x17, 0xF7, 0xFF, 0xE7, 0xDF, 0xAE, 0x39,
    0x7D, 0x15, 0x85, 0x56, 0xCF, 0x3D, 0xE7, 0xBF, 0xAE, 0x39, 0x7D, 0x15, 0x8D, 0x76, 0xD7, 0x5D, 0xEF, 0xBF, 0xB6, 0x9B, 0x7D, 0x14, 0x8D, 0x97,
    0xD7, 0x5D, 0xE7, 0x9E, 0xA6, 0x39, 0x75, 0x15, 0x8D, 0x96, 0xDF, 0x7E, 0xE7, 0x7E, 0xDF, 0x7E, 0xE7, 0xBE, 0x9D, 0xF7, 0x6C, 0xB4, 0x74, 0xF4,
    0x74, 0xD4, 0x74, 0xF4, 0x6C, 0xB3, 0xB6, 0x59, 0xDF, 0x9E, 0xD7, 0x5D, 0xDF, 0x5D, 0xDF, 0x7D, 0xD7, 0x7C, 0xA7, 0x14, 0x9F, 0x13, 0xA7, 0x14,
    0xA7, 0x14, 0xA7, 0x13, 0xA7, 0x13, 0xA7, 0x13, 0x9F, 0x13, 0x9E, 0xF3, 0x9E, 0xF3, 0x9E, 0xF3, 0x9E, 0xF3, 0x9E, 0xF3, 0x9E, 0xF3, 0x9E, 0xF3,
    0x9E, 0xF3, 0x9E, 0xD3, 0xA7, 0x15, 0x64, 0xF8, 0x33, 0x3A, 0x3B, 0x7B, 0x3B, 0x7B, 0x3B, 0x7B, 0x3B, 0x7B, 0x3B, 0x7B, 0x3B, 0x7B, 0x3B, 0x7B,
    0x3B, 0x7B, 0x3B, 0x7B, 0x3B, 0x7B, 0x3B, 0x7B, 0x3B, 0x5B, 0x3B, 0x5B, 0x3B, 0x5B, 0x3B, 0x5B, 0x3B, 0x5B, 0x3B, 0x5A, 0x3B, 0x5A, 0x3B, 0x5A,
    0x3B, 0x5A, 0x33, 0x1A, 0x54, 0xB5, 0x86, 0x91, 0x7E, 0x50, 0x7E, 0x50, 0x86, 0x50, 0x86, 0x50, 0x86, 0x70, 0x86, 0x50, 0x86, 0x70, 0x7E, 0x50,
    0xB6, 0xD3, 0xFF, 0x58, 0xFF, 0x16, 0xFF, 0x16, 0xFF, 0x37, 0xFF, 0x16, 0xFF, 0x16, 0xFF, 0x16, 0xFF, 0x16, 0xFF, 0x16, 0xFF, 0x16, 0xFF, 0x16,
    0xFF, 0x37, 0xFF, 0x16, 0xFF, 0x16, 0xFF, 0x78, 0xBE, 0xF4, 0x7E, 0x50, 0x86, 0x71, 0x86, 0x71, 0x86, 0x70, 0x86, 0x71, 0x86, 0x71, 0x86, 0x71,
    0x86, 0x71, 0x86, 0x71, 0x86, 0x71, 0x86, 0x71, 0x86, 0x51, 0x86, 0x51, 0x8E, 0x51, 0xEE, 0x91, 0xFE, 0x71, 0xFE, 0x71, 0xFE, 0x51, 0xFE, 0x51,
    0xFE, 0x51, 0xFE, 0x51, 0xFE, 0x71, 0xFE, 0x72, 0xFE, 0x72, 0xFE, 0x72, 0xFE, 0xB2, 0xFE, 0x30, 0xFD, 0x2C, 0xA6, 0x30, 0x76, 0x30, 0x86, 0x30,
    0x7E, 0x30, 0x86, 0x50, 0x8E, 0x91, 0xEF, 0xBA, 0xF7, 0x37, 0xF7, 0x17, 0xF7, 0x17, 0xF7, 0x17, 0xF7, 0x17, 0xFF, 0x9C, 0xFC, 0x98, 0xFC, 0x56,
    0xFC, 0x57, 0xFC, 0x56, 0xFC, 0x57, 0xFC, 0x56, 0xFC, 0x56, 0xFC, 0x56, 0xFC, 0x56, 0xFC, 0x56, 0xFC, 0x56, 0xFC, 0x56, 0xFC, 0x56, 0xFC, 0x56,
    0xFC, 0x56, 0xFC, 0x56, 0xFC, 0x56, 0xFC, 0x56, 0xFC, 0x36, 0xFC, 0x36, 0xFC, 0x36, 0xFC, 0x16, 0xE4, 0xD5, 0x9E, 0xD3, 0x96, 0xD3, 0x9E, 0xD3,
    0x9E, 0xD3, 0x9E, 0xB3, 0xA7, 0x14, 0x8D, 0xD3, 0x74, 0x52, 0x74, 0x92, 0x96, 0x73, 0x9F, 0x13, 0x9E, 0xF3, 0x9E, 0xF3, 0x9E, 0xF3, 0x9E, 0xF3,
    0x9E, 0xF3, 0x9E, 0xF3, 0x9E, 0xF3, 0x9E, 0xD3, 0x96, 0xD2, 0x96, 0xD2, 0x96, 0xD2, 0x96, 0xD3, 0x96, 0xB3, 0x96, 0xB2, 0x96, 0xB2, 0x96, 0xD2,
    0x96, 0xD3, 0x96, 0xD3, 0x96, 0xD3, 0x96, 0xD2, 0x96, 0xD2, 0x96, 0xD2, 0x96, 0xD2, 0x96, 0xD2, 0x96, 0xB3, 0x96, 0xF3, 0x8E, 0x33, 0x74, 0x51,
    0x74, 0x51, 0x75, 0x32, 0xBF, 0x97, 0xF7, 0x38, 0xF7, 0x17, 0xF7, 0x17, 0xF7, 0x17, 0xF7, 0x17, 0xF7, 0x17, 0xF7, 0x17, 0xF7, 0x17, 0xF7, 0x17,
    0xF7, 0x17, 0xF7, 0x17, 0xF7, 0x17, 0xF7, 0x17, 0xF7, 0x17, 0xF7, 0x17, 0xF7, 0x17, 0xF7, 0x17, 0xF7, 0x17, 0xF7, 0x17, 0xF7, 0x17, 0xF7, 0x17,
    0xF7, 0x38, 0xF7, 0x38, 0xF7, 0x38, 0xF7, 0x38, 0xF7, 0x38, 0xF7, 0x38, 0xF7, 0x38, 0xF7, 0x38, 0xF7, 0x38, 0xE7, 0xFF, 0xDF, 0xDF, 0xA6, 0x59,
    0x75, 0x34, 0x7D, 0x75, 0xCF, 0x3C, 0xE7, 0xBE, 0xA6, 0x58, 0x75, 0x14, 0x85, 0x95, 0xCF, 0x5C, 0xE7, 0xDE, 0xB6, 0x99, 0x75, 0x14, 0x8D, 0x96,
    0xD7, 0x5C, 0xDF, 0x9D, 0xA6, 0x38, 0x75, 0x15, 0x8D, 0x96, 0xDF, 0x9D, 0xDF, 0x9D, 0xDF, 0x7D, 0xE7, 0xBE, 0x9E, 0x17, 0x64, 0xD2, 0x6D, 0x13,
    0x6C, 0xF3, 0x6D, 0x13, 0x64, 0xB2, 0xAE, 0x79, 0xDF, 0x9D, 0xD7, 0x7C, 0xD7, 0x7C, 0xD7, 0x7C, 0xD7, 0x7C, 0xA7, 0x35, 0x9F, 0x13, 0xA7, 0x13,
    0xA7, 0x13, 0xA7, 0x13, 0x9F, 0x13, 0x9F, 0x13, 0x9F, 0x13, 0x9F, 0x13, 0x9E, 0xF3, 0x9E, 0xF3, 0x9E, 0xF3, 0x9E, 0xF3, 0x9E, 0xF3, 0x9E, 0xF3,
    0x9E, 0xF3, 0x9E, 0xD3, 0x9F, 0x13, 0x7D, 0xF6, 0x33, 0x3A, 0x3B, 0x7B, 0x3B, 0x7B, 0x3B, 0x7B, 0x3B, 0x7B, 0x3B, 0x7B, 0x3B, 0x7B, 0x3B, 0x7B,
    0x3B, 0x7B, 0x3B, 0x7B, 0x3B, 0x7B, 0x3B, 0x7B, 0x3B, 0x5B, 0x3B, 0x5B, 0x3B, 0x5A, 0x3B, 0x5B, 0x3B, 0x5B, 0x3B, 0x5A, 0x3B, 0x5A, 0x3B, 0x5A,
    0x3B, 0x5B, 0x33, 0x3A, 0x6D, 0xB3, 0x7E, 0x90, 0x7E, 0x70, 0x7E, 0x70, 0x7E, 0x70, 0x7E, 0x70, 0x7E, 0x70, 0x7E, 0x70, 0x86, 0x70, 0x76, 0x4F,
    0xBE, 0xF4, 0xFF, 0x58, 0xFF, 0x37, 0xFF, 0x99, 0xFF, 0xB9, 0xFF, 0x99, 0xFF, 0x37, 0xFF, 0x16, 0xFF, 0x16, 0xFF, 0x16, 0xFF, 0x37, 0xFF, 0x99,
    0xFF, 0xBA, 0xFF, 0xBA, 0xFF, 0x57, 0xFF, 0x57, 0xC7, 0x15, 0x7E, 0x70, 0x86, 0x91, 0x86, 0x91, 0x86, 0x91, 0x86, 0x91, 0x86, 0x91, 0x86, 0x91,
    0x86, 0x91, 0x86, 0x71, 0x86, 0x71, 0x86, 0x70, 0x86, 0x71, 0x86, 0x70, 0x96, 0x70, 0xFE, 0xB2, 0xFE, 0x71, 0xFE, 0x92, 0xFE, 0x72, 0xFE, 0x51,
    0xFE, 0x71, 0xFE, 0x71, 0xFE, 0x71, 0xFE, 0x71, 0xFE, 0x92, 0xFE, 0x92, 0xFE, 0xB2, 0xFE, 0x92, 0xED, 0x8D, 0x8E, 0x4F, 0x76, 0x50, 0x7E, 0x30,
    0x7E, 0x30, 0x7E, 0x30, 0x86, 0x50, 0x8E, 0xD1, 0xE7, 0xB9, 0xF7, 0x59, 0xF7, 0x38, 0xF7, 0x38, 0xF7, 0x38, 0xF7, 0x7A, 0xFC, 0xB7, 0xFC, 0x57,
    0xFC, 0x56, 0xFC, 0x56, 0xFC, 0x56, 0xFC, 0x56, 0xFC, 0x56, 0xFC, 0x56, 0xFC, 0x56, 0xFC, 0x56, 0xFC, 0x56, 0xFC, 0x56, 0xFC, 0x56, 0xFC, 0x56,
    0xFC, 0x56, 0xFC, 0x56, 0xFC, 0x56, 0xFC, 0x56, 0xFC, 0x36, 0xFC, 0x36, 0xFC, 0x36, 0xFC, 0x16, 0xCD, 0x75, 0x96, 0xF2, 0x96, 0xD2, 0x96, 0xD2,
    0x9E, 0xD2, 0x9E, 0xD3, 0x9E, 0xF3, 0x9E, 0xB3, 0x74, 0x92, 0x6C, 0x52, 0x85, 0x73, 0x9F, 0x13, 0x9E, 0xF3, 0x9E, 0xF3, 0x9E, 0xF3, 0x9E, 0xF3,
    0x9E, 0xF3, 0x9E, 0xF3, 0x9E, 0xD3, 0x96, 0xD2, 0x8E, 0xB1, 0x8E, 0xB1, 0x8E, 0xB1, 0x86, 0x90, 0x86, 0x8F, 0x86, 0x90, 0x8E, 0xB0, 0x8E, 0xB1,
    0x8E, 0xD2, 0x8E, 0xD2, 0x8E, 0xD2, 0x96, 0xD2, 0x96, 0xD2, 0x96, 0xD2, 0x96, 0xD2, 0x96, 0xD2, 0x96, 0xB3, 0x96, 0xF3, 0x85, 0x52, 0x74, 0x31,
    0x74, 0x51, 0x7D, 0xD1, 0x86, 0xD1, 0xCF, 0xD8, 0xF7, 0x38, 0xF7, 0x38, 0xF7, 0x38, 0xF7, 0x38, 0xF7, 0x38, 0xF7, 0x38, 0xF7, 0x38, 0xF7, 0x38,
    0xF7, 0x38, 0xF7, 0x38, 0xF7, 0x38, 0xF7, 0x38, 0xF7, 0x38, 0xF7, 0x38, 0xF7, 0x38, 0xF7, 0x38, 0xF7, 0x38, 0xF7, 0x38, 0xF7, 0x38, 0xF7, 0x38,
    0x9F, 0x31, 0x96, 0xF0, 0x97, 0x31, 0x97, 0x10, 0x8E, 0xF0, 0x8E, 0xD0, 0x8E, 0xD0, 0x8E, 0xB0, 0x8E, 0xB0, 0x86, 0xB0, 0x86, 0xD0, 0x7E, 0xB0,
    0x7E, 0x6F, 0x7E, 0x6F, 0x86, 0xB0, 0x8E, 0xB0, 0x7E, 0x6F, 0x76, 0x4F, 0x76, 0x4F, 0x86, 0x90, 0x86, 0xB0, 0x86, 0x8F, 0x7E, 0x4F, 0x7E, 0x6F,
    0x86, 0xAF, 0x86, 0xB0, 0x7E, 0x70, 0x7E, 0x4F, 0x7E, 0x6F, 0x8E, 0xB0, 0x8E, 0xD1, 0x8E, 0xD0, 0x8E, 0xF1, 0x7E, 0xAF, 0x76, 0x6E, 0x76, 0x6F,
    0x76, 0x6F, 0x76, 0x6F, 0x76, 0x4E, 0x86, 0x90, 0x8E, 0xB0, 0x86, 0xB0, 0x8E, 0xB0, 0x8E, 0xB0, 0x8E, 0xD0, 0x86, 0xCF, 0x86, 0xCF, 0x86, 0xCF,
    0x86, 0xCF, 0x86, 0xCF, 0x86, 0xCF, 0x86, 0xCE, 0x86, 0xCF, 0x86, 0xCE, 0x7E, 0xCE, 0x7E, 0xAE, 0x7E, 0xAE, 0x7E, 0xAE, 0x7E, 0xAE, 0x7E, 0xAE,
    0x7E, 0xAF, 0x7E, 0xAF, 0x7E, 0xAE, 0x86, 0xD0, 0x4C, 0x37, 0x33, 0x3B, 0x3B, 0x7B, 0x3B, 0x7B, 0x3B, 0x7B, 0x3B, 0x7B, 0x3B, 0x7B, 0x3B, 0x7B,
    0x3B, 0x7B, 0x3B, 0x7B, 0x3B, 0x7B, 0x3B, 0x7B, 0x3B, 0x5A, 0x3B, 0x5A, 0x3B, 0x5A, 0x3B, 0x5A, 0x3B, 0x5A, 0x3B, 0x5A, 0x3B, 0x5B, 0x3B, 0x5A,
    0x33, 0x1B, 0x44, 0x37, 0x76, 0xAE, 0x76, 0x8E, 0x76, 0x8E, 0x76, 0x8D, 0x76, 0x8E, 0x76, 0x8E, 0x76, 0x8E, 0x76, 0xAE, 0x7E, 0xAE, 0x6E, 0x8D,
    0xB6, 0xF2, 0xFF, 0x78, 0xFF, 0x99, 0xFF, 0xBA, 0xFF, 0xBA, 0xFF, 0xDA, 0xFF, 0x99, 0xFF, 0x36, 0xFF, 0x16, 0xFF, 0x17, 0xFF, 0xB9, 0xFF, 0xDA,
    0xFF, 0xBA, 0xFF, 0xDA, 0xFF, 0xBA, 0xFF, 0x78, 0xAE, 0xF2, 0x76, 0x8E, 0x7E, 0xCE, 0x7E, 0xAE, 0x7E, 0xAE, 0x7E, 0xAF, 0x7E, 0xAF, 0x7E, 0xAE,
    0x7E, 0xAE, 0x7E, 0xAE, 0x7E, 0xAE, 0x7E, 0xAE, 0x7E, 0xAE, 0x76, 0x8E, 0x8E, 0x8E, 0xFE, 0xB2, 0xFE, 0xB2, 0xFE, 0xF3, 0xFE, 0xD3, 0xFE, 0x92,
    0xFE, 0x71, 0xFE, 0x71, 0xFE, 0x51, 0xFE, 0x92, 0xFE, 0xD3, 0xFE, 0xF4, 0xFE, 0xD4, 0xFE, 0xD3, 0xBE, 0x2F, 0x76, 0x6D, 0x7E, 0x8E, 0x7E, 0x6E,
    0x7E, 0x8E, 0x7E, 0x8E, 0x7E, 0x8E, 0x7E, 0x8E, 0x86, 0xCF, 0x8E, 0x90, 0x8E, 0xAF, 0x8E, 0xB0, 0x8E, 0xB0, 0x8E, 0xD0, 0xC5, 0x53, 0xFC, 0x57,
    0xFC, 0x56, 0xFC, 0x56, 0xFC, 0x56, 0xFC, 0x56, 0xFC, 0x56, 0xFC, 0x56, 0xFC, 0x56, 0xFC, 0x56, 0xFC, 0x56, 0xFC, 0x56, 0xFC, 0x56, 0xFC, 0x56,
    0xFC, 0x56, 0xFC, 0x56, 0xFC, 0x56, 0xFC, 0x56, 0xFC, 0x56, 0xFC, 0x56, 0xFC, 0x37, 0xF4, 0x76, 0x96, 0x10, 0x7E, 0xAE, 0x7E, 0xAE, 0x7E, 0xAE,
    0x7E, 0xAF, 0x7E, 0xAE, 0x7E, 0xAE, 0x7E, 0xCF, 0x76, 0x4E, 0x76, 0x0E, 0x7E, 0x4F, 0x7E, 0xAF, 0x7E, 0xAF, 0x7E, 0xAE, 0x86, 0xAE, 0x7E, 0xAE,
    0x7E, 0xAE, 0x7E, 0xAE, 0x7E, 0xAE, 0x7E, 0xAE, 0x7E, 0xAE, 0x7E, 0xAE, 0x7E, 0x8E, 0x76, 0x8D, 0x76, 0x8D, 0x76, 0x8D, 0x76, 0xAD, 0x7E, 0xAD,
    0x7E, 0xAE, 0x7E, 0xAE, 0x7E, 0xAE, 0x7E, 0xAE, 0x7E, 0xAE, 0x7E, 0xAE, 0x7E, 0xAF, 0x7E, 0xAE, 0x7E, 0xAE, 0x7E, 0xAF, 0x7E, 0x2F, 0x7D, 0xEE,
    0x75, 0xEF, 0x7E, 0x6E, 0x76, 0x6E, 0x7E, 0xAE, 0x8E, 0xB0, 0x97, 0x11, 0x96, 0xD0, 0x8E, 0xD0, 0x8E, 0xD0, 0x8E, 0xD0, 0x8E, 0xAF, 0x96, 0xF0,
    0x96, 0xF0, 0x96, 0xF0, 0x96, 0xF0, 0x8E, 0xD0, 0x8E, 0xD0, 0x96, 0xF0, 0x97, 0x10, 0x8E, 0xF0, 0x96, 0xF0, 0x96, 0xF0, 0x96, 0xD0, 0x9F, 0x11,
    0x7E, 0xED, 0x7E, 0xED, 0x7E, 0xED, 0x7E, 0xED, 0x7E, 0xED, 0x7E, 0xED, 0x76, 0xED, 0x76, 0xED, 0x76, 0xCD, 0x76, 0xAD, 0x76, 0xAD, 0x76, 0xAD,
    0x7E, 0xAD, 0x7E, 0xAD, 0x76, 0xAD, 0x76, 0xAD, 0x76, 0xAD, 0x76, 0xAD, 0x76, 0xAD, 0x76, 0x8D, 0x76, 0x8D, 0x76, 0x8D, 0x7E, 0xAD, 0x7E, 0xAD,
    0x76, 0xAD, 0x76, 0xAD, 0x76, 0xAD, 0x76, 0xAD, 0x76, 0xAD, 0x76, 0xAC, 0x76, 0xAC, 0x76, 0xAC, 0x76, 0xAC, 0x76, 0xCD, 0x7E, 0xCD, 0x7E, 0xCD,
    0x7E, 0xAD, 0x7E, 0xAD, 0x7E, 0xAD, 0x7E, 0xAD, 0x76, 0xAD, 0x76, 0xAD, 0x7E, 0xAD, 0x7E, 0xAD, 0x7E, 0xAD, 0x7E, 0xCD, 0x7E, 0xCD, 0x7E, 0xCD,
    0x7E, 0xCD, 0x7E, 0xCD, 0x7E, 0xCD, 0x7E, 0xCD, 0x7E, 0xCD, 0x7E, 0xCD, 0x7E, 0xCD, 0x7E, 0xCD, 0x7E, 0xAD, 0x7E, 0xAD, 0x7E, 0xAD, 0x7E, 0xAD,
    0x7E, 0xAD, 0x7E, 0xAD, 0x7E, 0xAD, 0x7E, 0xCE, 0x76, 0x51, 0x3B, 0xB8, 0x3B, 0x5B, 0x3B, 0x9A, 0x3B, 0x7B, 0x3B, 0x7A, 0x3B, 0x7B, 0x3B, 0x7B,
    0x3B, 0x7B, 0x3B, 0x7B, 0x3B, 0x7A, 0x3B, 0x7B, 0x3B, 0x5B, 0x3B, 0x5A, 0x3B, 0x5A, 0x3B, 0x5A, 0x3B, 0x5A, 0x3B, 0x5A, 0x3B, 0x5A, 0x33, 0x3B,
    0x33, 0x79, 0x6E, 0x10, 0x76, 0xCC, 0x76, 0xAC, 0x76, 0xAC, 0x76, 0xAD, 0x76, 0xAD, 0x76, 0xAD, 0x76, 0xAD, 0x76, 0xAD, 0x7E, 0xAD, 0x76, 0xAD,
    0x8E, 0xAF, 0xFF, 0x78, 0xFF, 0xB9, 0xFF, 0x99, 0xFF, 0xB9, 0xFF, 0xBA, 0xFF, 0xBA, 0xFF, 0x57, 0xFF, 0x16, 0xFF, 0x78, 0xFF, 0xDA, 0xFF, 0xBA,
    0xFF, 0xDA, 0xFF, 0xB9, 0xFF, 0xDA, 0xF7, 0x99, 0x86, 0xAE, 0x76, 0xCD, 0x7E, 0xCD, 0x7E, 0xCD, 0x7E, 0xCD, 0x7E, 0xCD, 0x7E, 0xCD, 0x7E, 0xCD,
    0x7E, 0xCD, 0x7E, 0xCD, 0x7E, 0xCD, 0x76, 0xCD, 0x76, 0xCD, 0x76, 0xAD, 0x7E, 0x8D, 0xEE, 0xF2, 0xFE, 0xF4, 0xFE, 0xF4, 0xFE, 0xF3, 0xFE, 0xF4,
    0xFE, 0x72, 0xFE, 0x71, 0xFE, 0x71, 0xFE, 0xD3, 0xFE, 0xF4, 0xFE, 0xF4, 0xFE, 0xF4, 0xFF, 0x13, 0x96, 0x8D, 0x76, 0x8C, 0x7E, 0xAD, 0x7E, 0xAD,
    0x7E, 0xAD, 0x7E, 0xAD, 0x7E, 0xAD, 0x7E, 0xAD, 0x7E, 0xAD, 0x7E, 0xAD, 0x7E, 0xAD, 0x7E, 0xCD, 0x7E, 0xAD, 0x76, 0xCD, 0x86, 0x8E, 0xDC, 0xF5,
    0xFC, 0x57, 0xFC, 0x56, 0xFC, 0x56, 0xFC, 0x56, 0xFC, 0x56, 0xFC, 0x56, 0xFC, 0x56, 0xFC, 0x56, 0xFC, 0x56, 0xFC, 0x76, 0xFC, 0x56, 0xFC, 0x56,
    0xFC, 0x56, 0xFC, 0x56, 0xFC, 0x56, 0xFC, 0x56, 0xFC, 0x56, 0xFC, 0x36, 0xFC, 0x56, 0xB5, 0x91, 0x76, 0xAD, 0x76, 0xAD, 0x76, 0xAD, 0x76, 0xAD,
    0x76, 0xAD, 0x7E, 0xAD, 0x76, 0xAD, 0x7E, 0xAD, 0x7E, 0xCD, 0x7E, 0xCD, 0x7E, 0xCD, 0x76, 0xAD, 0x7E, 0xAD, 0x7E, 0xAD, 0x7E, 0xAD, 0x7E, 0xAD,
    0x7E, 0xAC, 0x7E, 0xAD, 0x7E, 0xAD, 0x7E, 0xAD, 0x7E, 0xAD, 0x76, 0xAD, 0x76, 0xAD, 0x76, 0xAD, 0x76, 0xAD, 0x76, 0xAD, 0x76, 0xAD, 0x76, 0xCD,
    0x76, 0xCD, 0x76, 0xCD, 0x76, 0xCD, 0x76, 0xCD, 0x76, 0xAD, 0x76, 0xAD, 0x76, 0xAD, 0x76, 0xAD, 0x76, 0xAD, 0x76, 0xAD, 0x7E, 0xCD, 0x7E, 0xED,
    0x7E, 0xCE, 0x7E, 0xAD, 0x7E, 0xAE, 0x7E, 0xAD, 0x7E, 0xCD, 0x7E, 0xED, 0x7E, 0xED, 0x7E, 0xED, 0x7E, 0xED, 0x7E, 0xED, 0x7E, 0xED, 0x7E, 0xED,
    0x7E, 0xED, 0x7E, 0xED, 0x7E, 0xED, 0x7E, 0xCD, 0x7E, 0xCD, 0x7E, 0xED, 0x7E, 0xED, 0x7E, 0xEE, 0x7E, 0xEE, 0x7E, 0xEE, 0x7E, 0xEE, 0x7E, 0xEE,
    0x76, 0xAD, 0x76, 0xCD, 0x7E, 0xAD, 0x7E, 0xCD, 0x7E, 0xCD, 0x76, 0xCD, 0x76, 0xCD, 0x76, 0xCD, 0x76, 0xCD, 0x7E, 0xCD, 0x7E, 0xCE, 0x7E, 0xCE,
    0x7E, 0xAE, 0x7E, 0xAE, 0x7E, 0xAD, 0x7E, 0xAE, 0x76, 0xAE, 0x76, 0xAD, 0x76, 0xAD, 0x76, 0xAD, 0x76, 0xAD, 0x7E, 0xAD, 0x7E, 0xAD, 0x7E, 0xAD,
    0x7E, 0xAD, 0x7E, 0xAD, 0x76, 0xAD, 0x76, 0xAD, 0x76, 0xAD, 0x76, 0xAD, 0x76, 0xCD, 0x7E, 0xCD, 0x7E, 0xCD, 0x7E, 0xAD, 0x7E, 0xAD, 0x7E, 0xAD,
    0x7E, 0xAD, 0x7E, 0xAD, 0x7E, 0xAD, 0x7E, 0xAD, 0x7E, 0xAD, 0x7E, 0xAD, 0x7E, 0xAE, 0x7E, 0xAD, 0x7E, 0xCE, 0x7E, 0xCE, 0x7E, 0xCE, 0x7E, 0xCE,
    0x7E, 0xCD, 0x7E, 0xCD, 0x7E, 0xCD, 0x7E, 0xCE, 0x7E, 0xCD, 0x7E, 0xCD, 0x7E, 0xCD, 0x7E, 0xCD, 0x7E, 0xAD, 0x7E, 0xCD, 0x7E, 0xCD, 0x7E, 0xCD,
    0x7E, 0xAD, 0x7E, 0xCD, 0x7E, 0xCD, 0x7E, 0xAE, 0x86, 0xEE, 0x76, 0x32, 0x3B, 0xB8, 0x33, 0x3B, 0x3B, 0x7B, 0x3B, 0x7B, 0x3B, 0x7A, 0x3B, 0x7B,
    0x3B, 0x7B, 0x3B, 0x7B, 0x3B, 0x7B, 0x3B, 0x7A, 0x3B, 0x7A, 0x3B, 0x5A, 0x3B, 0x5A, 0x3B, 0x5A, 0x3B, 0x5A, 0x3B, 0x5A, 0x33, 0x1B, 0x33, 0x79,
    0x65, 0xD1, 0x76, 0xCC, 0x76, 0x8D, 0x76, 0xAC, 0x76, 0xAC, 0x76, 0xAC, 0x76, 0xAD, 0x7E, 0xAD, 0x7E, 0xAD, 0x76, 0xCC, 0x76, 0xAD, 0x7E, 0xAD,
    0x76, 0x8C, 0xB7, 0x12, 0xFF, 0xDA, 0xFF, 0xB9, 0xFF, 0xB9, 0xFF, 0xB9, 0xFF, 0xDA, 0xFF, 0x98, 0xF7, 0x56, 0xFF, 0xB9, 0xFF, 0xFB, 0xFF, 0xDA,
    0xFF, 0xBA, 0xFF, 0xDA, 0xFF, 0xFB, 0xBF, 0x13, 0x76, 0xAC, 0x7E, 0xCD, 0x76, 0xCD, 0x7E, 0xCD, 0x7E, 0xCD, 0x7E, 0xCD, 0x7E, 0xCD, 0x7E, 0xCD,
    0x7E, 0xCD, 0x7E, 0xCD, 0x7E, 0xCD, 0x76, 0xCD, 0x76, 0xCD, 0x7E, 0xCD, 0x6E, 0x8D, 0xAE, 0xD0, 0xFF, 0x34, 0xFE, 0xF3, 0xFE, 0xF3, 0xFF, 0x14,
    0xFE, 0xB2, 0xFE, 0x71, 0xFE, 0x92, 0xFE, 0xF4, 0xFE, 0xF4, 0xFE, 0xF4, 0xFF, 0x15, 0xD6, 0xF1, 0x76, 0x8B, 0x7E, 0xAC, 0x7E, 0xAC, 0x7E, 0xAD,
    0x7E, 0xAD, 0x7E, 0xAD, 0x7E, 0xAD, 0x7E, 0xAD, 0x7E, 0xAD, 0x7E, 0xAD, 0x7E, 0xAD, 0x7E, 0xAD, 0x7E, 0xCD, 0x7E, 0xAD, 0x7E, 0xCD, 0x8E, 0x4E,
    0xE4, 0xD5, 0xFC, 0x57, 0xFC, 0x57, 0xFC, 0x56, 0xFC, 0x56, 0xFC, 0x56, 0xFC, 0x57, 0xFC, 0x56, 0xFC, 0x56, 0xFC, 0x56, 0xFC, 0x56, 0xFC, 0x56,
    0xFC, 0x56, 0xFC, 0x56, 0xFC, 0x56, 0xFC, 0x37, 0xFC, 0x37, 0xFC, 0x57, 0xBD, 0x72, 0x76, 0xAD, 0x7E, 0xAD, 0x7E, 0xAD, 0x76, 0xAD, 0x7E, 0xAD,
    0x7E, 0xAD, 0x7E, 0xAD, 0x7E, 0xAD, 0x7E, 0xAD, 0x7E, 0xAD, 0x7E, 0xAD, 0x7E, 0xAD, 0x7E, 0xCD, 0x7E, 0xAD, 0x7E, 0xAD, 0x7E, 0xAD, 0x7E, 0xAD,
    0x7E, 0xAD, 0x7E, 0xAD, 0x7E, 0xAD, 0x7E, 0xAD, 0x7E, 0xAD, 0x7E, 0xAD, 0x76, 0xAD, 0x76, 0xAD, 0x76, 0xAD, 0x76, 0xAD, 0x76, 0xCD, 0x76, 0xCD,
    0x76, 0xCD, 0x76, 0xCD, 0x76, 0xCD, 0x7E, 0xCD, 0x7E, 0xCD, 0x7E, 0xCD, 0x7E, 0xCD, 0x7E, 0xCD, 0x7E, 0xCD, 0x7E, 0xCD, 0x7E, 0xCD, 0x7E, 0xAD,
    0x7E, 0xCD, 0x7E, 0xAE, 0x7E, 0xAD, 0x7E, 0xAD, 0x7E, 0xAD, 0x7E, 0xAD, 0x7E, 0xAD, 0x7E, 0xCD, 0x7E, 0xCD, 0x7E, 0xCD, 0x7E, 0xCD, 0x7E, 0xCD,
    0x7E, 0xCD, 0x7E, 0xCD, 0x7E, 0xAD, 0x7E, 0xAD, 0x7E, 0xAD, 0x7E, 0xAD, 0x7E, 0xAD, 0x7E, 0xCD, 0x7E, 0xCD, 0x7E, 0xCD, 0x7E, 0xCE, 0x7E, 0xAE,
    0x76, 0xCD, 0x7E, 0xCD, 0x7E, 0xCD, 0x7E, 0xCD, 0x7E, 0xCD, 0x7E, 0xCD, 0x7E, 0xCD, 0x7E, 0xCD, 0x7E, 0xCD, 0x7E, 0xCD, 0x7E, 0xCD, 0x7E, 0xCE,
    0x7E, 0xCD, 0x7E, 0xCD, 0x7E, 0xCD, 0x7E, 0xCD, 0x7E, 0xCE, 0x7E, 0xAD, 0x7E, 0xCD, 0x7E, 0xAD, 0x7E, 0xAD, 0x7E, 0xAD, 0x7E, 0xCD, 0x7E, 0xCD,
    0x76, 0xCD, 0x7E, 0xCD, 0x76, 0xAD, 0x76, 0xCC, 0x76, 0xAD, 0x76, 0xCC, 0x76, 0xCD, 0x7E, 0xCD, 0x7E, 0xCD, 0x7E, 0xCD, 0x7E, 0xCD, 0x7E, 0xAD,
    0x7E, 0xCD, 0x7E, 0xAE, 0x7E, 0xAD, 0x7E, 0xAD, 0x7E, 0xAD, 0x7E, 0xAD, 0x7E, 0xCD, 0x7E, 0xAE, 0x7E, 0xCE, 0x7E, 0xCD, 0x86, 0xCE, 0x7E, 0xED,
    0x7E, 0xED, 0x86, 0xED, 0x86, 0xCD, 0x7E, 0xCD, 0x7E, 0xCD, 0x7E, 0xCD, 0x7E, 0xCD, 0x7E, 0xCD, 0x7E, 0xCD, 0x7E, 0xCD, 0x7E, 0xCD, 0x7E, 0xCD,
    0x7E, 0xCD, 0x7E, 0xAD, 0x7E, 0xCD, 0x7E, 0xCE, 0x7E, 0xAE, 0x86, 0xED, 0x7E, 0x90, 0x54, 0xB5, 0x33, 0x99, 0x33, 0x5A, 0x33, 0x3A, 0x33, 0x3A,
    0x33, 0x3B, 0x33, 0x3B, 0x33, 0x3B, 0x2B, 0x1A, 0x2B, 0x1A, 0x2B, 0x19, 0x2B, 0x1A, 0x2B, 0x19, 0x2B, 0x19, 0x33, 0x58, 0x44, 0x56, 0x6E, 0x4F,
    0x7E, 0xEC, 0x76, 0xAC, 0x76, 0xAC, 0x76, 0xAC, 0x76, 0xAC, 0x76, 0xAC, 0x7E, 0xAD, 0x7E, 0xAC, 0x7E, 0xAD, 0x76, 0xCD, 0x76, 0xCD, 0x76, 0xAD,
    0x7E, 0xCD, 0x76, 0x8C, 0xBF, 0x13, 0xFF, 0xB8, 0xFF, 0xDA, 0xFF, 0xDA, 0xD7, 0x55, 0x8E, 0x4E, 0x86, 0x6D, 0x8E, 0x6E, 0xD7, 0x56, 0xFF, 0xDA,
    0xFF, 0xDA, 0xFF, 0xDA, 0xC7, 0x34, 0x76, 0x8D, 0x76, 0xCD, 0x76, 0xCD, 0x76, 0xCD, 0x7E, 0xCD, 0x7E, 0xCD, 0x7E, 0xCD, 0x7E, 0xCD, 0x7E, 0xCD,
    0x7E, 0xCD, 0x7E, 0xCD, 0x7E, 0xCD, 0x7E, 0xCC, 0x7E, 0xCD, 0x76, 0xCD, 0x76, 0xCC, 0x76, 0x8C, 0xBE, 0xD0, 0xFF, 0x33, 0xFF, 0x34, 0xE6, 0xF2,
    0xAE, 0x6E, 0xB6, 0x6E, 0xB6, 0x6F, 0xDE, 0xF2, 0xFF, 0x35, 0xFF, 0x34, 0xD7, 0x12, 0x7E, 0x8D, 0x76, 0xAC, 0x7E, 0xAC, 0x7E, 0xAD, 0x7E, 0xCC,
    0x7E, 0xCD, 0x7E, 0xCD, 0x7E, 0xCD, 0x7E, 0xCD, 0x7E, 0xAD, 0x7E, 0xCC, 0x7E, 0xCD, 0x7E, 0xCD, 0x7E, 0xCD, 0x7E, 0xCD, 0x7E, 0xCD, 0x7E, 0xCD,
    0x8E, 0x6E, 0xC5, 0x52, 0xF4, 0xB5, 0xFC, 0x57, 0xFC, 0x56, 0xFC, 0x56, 0xFC, 0x57, 0xFC, 0x77, 0xFC, 0x77, 0xFC, 0x77, 0xFC, 0x57, 0xFC, 0x56,
    0xFC, 0x56, 0xFC, 0x56, 0xFC, 0x56, 0xFC, 0x56, 0xE4, 0xB5, 0xA5, 0xD0, 0x76, 0xAD, 0x7E, 0xAD, 0x7E, 0xAD, 0x7E, 0xAD, 0x7E, 0xAD, 0x7E, 0xAD,
    0x7E, 0xAD, 0x7E, 0xAD, 0x7E, 0xAD, 0x7E, 0xAE, 0x7E, 0xAD, 0x7E, 0xCD, 0x7E, 0xCE, 0x7E, 0xCD, 0x7E, 0xCD, 0x7E, 0xAD, 0x7E, 0xAD, 0x7E, 0xAD,
    0x7E, 0xAD, 0x7E, 0xAD, 0x7E, 0xAD, 0x7E, 0xAD, 0x7E, 0xAD, 0x7E, 0xAD, 0x76, 0xAD, 0x76, 0xAD, 0x76, 0xAD, 0x76, 0xAD, 0x76, 0xCC, 0x76, 0xCD,
    0x76, 0xCD, 0x76, 0xCD, 0x7E, 0xCD, 0x7E, 0xCD, 0x76, 0xCD, 0x7E, 0xCD, 0x7E, 0xCD, 0x7E, 0xCD, 0x7E, 0xCD, 0x7E, 0xCD, 0x7E, 0xCD, 0x7E, 0xCD,
    0x7E, 0xCD, 0x7E, 0xCD, 0x7E, 0xCE, 0x7E, 0xCD, 0x7E, 0xCD, 0x7E, 0xCD, 0x7E, 0xCD, 0x7E, 0xCD, 0x7E, 0xCD, 0x7E, 0xCD, 0x7E, 0xCD, 0x7E, 0xCD,
    0x7E, 0xCD, 0x7E, 0xCD, 0x7E, 0xCD, 0x7E, 0xCD, 0x7E, 0xCD, 0x7E, 0xCD, 0x7E, 0xCD, 0x7E, 0xCD, 0x7E, 0xCD, 0x7E, 0xCD, 0x7E, 0xCD, 0x7E, 0xCE,
    0x76, 0xCD, 0x7E, 0xCD, 0x7E, 0xCD, 0x7E, 0xCD, 0x7E, 0xCD, 0x7E, 0xCD, 0x7E, 0xCD, 0x7E, 0xCD, 0x7E, 0xCD, 0x7E, 0xCD, 0x7E, 0xCD, 0x7E, 0xCD,
    0x7E, 0xCE, 0x7E, 0xCD, 0x7E, 0xCE, 0x7E, 0xCD, 0x7E, 0xCD, 0x7E, 0xCD, 0x7E, 0xCD, 0x7E, 0xCD, 0x7E, 0xCD, 0x7E, 0xCD, 0x7E, 0xCD, 0x7E, 0xCD,
    0x7E, 0xCD, 0x76, 0xCD, 0x76, 0xCD, 0x76, 0xCC, 0x76, 0xCD, 0x76, 0xCD, 0x76, 0xCD, 0x7E, 0xCD, 0x7E, 0xCD, 0x7E, 0xCD, 0x7E, 0xCD, 0x7E, 0xCD,
    0x7E, 0xCD, 0x7E, 0xCE, 0x7E, 0xAD, 0x7E, 0xAD, 0x7E, 0xCD, 0x7E, 0xCD, 0x7E, 0xCE, 0x7E, 0xCD, 0x7E, 0xCE, 0x7F, 0x0E, 0x7F, 0x0E, 0x7E, 0xEE,
    0x86, 0xED, 0x86, 0xEE, 0x86, 0xED, 0x86, 0xCD, 0x7E, 0xCD, 0x7E, 0xCD, 0x7E, 0xCD, 0x7E, 0xCD, 0x7E, 0xCD, 0x7E, 0xCD, 0x7E, 0xCD, 0x7E, 0xCD,
    0x7E, 0xCD, 0x7E, 0xCD, 0x7E, 0xCD, 0x7E, 0xCD, 0x7E, 0xCD, 0x7E, 0xAE, 0x7E, 0xED, 0x87, 0x0D, 0x76, 0x8F, 0x6D, 0xF1, 0x65, 0xB2, 0x5D, 0x92,
    0x5D, 0x92, 0x5D, 0x92, 0x5D, 0x72, 0x5D, 0x72, 0x5D, 0x52, 0x5D, 0x52, 0x5D, 0x71, 0x5D, 0x72, 0x65, 0x91, 0x6E, 0x2F, 0x7E, 0xED, 0x7E, 0xEC,
    0x76, 0xAC, 0x76, 0xCC, 0x76, 0xCC, 0x76, 0xAC, 0x76, 0xAC, 0x76, 0xAC, 0x7E, 0xAD, 0x7E, 0xCC, 0x7E, 0xCD, 0x76, 0xCD, 0x7E, 0xCD, 0x7E, 0xCD,
    0x7E, 0xCD, 0x76, 0xCD, 0x6E, 0x8C, 0x86, 0xAE, 0x9E, 0xD0, 0x96, 0xCF, 0x76, 0x6C, 0x6E, 0x6C, 0x76, 0x6C, 0x6E, 0x6C, 0x76, 0x6C, 0x96, 0xAF,
    0xA6, 0xD1, 0x8E, 0xAF, 0x76, 0x8C, 0x7E, 0xAD, 0x7E, 0xAD, 0x76, 0xCD, 0x7E, 0xCD, 0x7E, 0xCD, 0x7E, 0xCD, 0x7E, 0xCD, 0x7E, 0xCD, 0x7E, 0xCD,
    0x7E, 0xCD, 0x7E, 0xCD, 0x7E, 0xCD, 0x7E, 0xCD, 0x7E, 0xCD, 0x7E, 0xCD, 0x76, 0xCC, 0x76, 0xAC, 0x76, 0x8C, 0x8E, 0x8D, 0x9E, 0xAE, 0x86, 0x8D,
    0x76, 0x8D, 0x76, 0xAD, 0x76, 0x8D, 0x7E, 0x8D, 0x96, 0xCE, 0x8E, 0xCE, 0x76, 0xAC, 0x76, 0xAC, 0x7E, 0xCD, 0x7E, 0xCD, 0x7E, 0xCD, 0x7E, 0xCC,
    0x7E, 0xCC, 0x7E, 0xCC, 0x7E, 0xCD, 0x7E, 0xCD, 0x7E, 0xCC, 0x7E, 0xCD, 0x7E, 0xCD, 0x7E, 0xCD, 0x7E, 0xCD, 0x7E, 0xCD, 0x7E, 0xCD, 0x7E, 0xCD,
    0x7E, 0xCD, 0x7E, 0xCD, 0x8E, 0x6E, 0xA6, 0x10, 0xAE, 0x10, 0xA6, 0x10, 0xA6, 0x10, 0xA6, 0x10, 0xA6, 0x10, 0xA5, 0xF0, 0xA5, 0xF0, 0xAD, 0xF0,
    0xAD, 0xF0, 0xA5, 0xF0, 0xA5, 0xF0, 0x9E, 0x2F, 0x7E, 0x8E, 0x76, 0xCD, 0x7E, 0xAD, 0x7E, 0xAD, 0x7E, 0xAD, 0x7E, 0xAD, 0x7E, 0xAD, 0x7E, 0xAD,
    0x7E, 0xAD, 0x7E, 0xAD, 0x7E, 0xAD, 0x7E, 0xAD, 0x7E, 0xAD, 0x7E, 0xCD, 0x7E, 0xCD, 0x76, 0xCD, 0x76, 0xCD, 0x7E, 0xCD, 0x7E, 0xCD, 0x7E, 0xAD,
    0x7E, 0xAD, 0x7E, 0xAD, 0x7E, 0xAD, 0x7E, 0xAD, 0x7E, 0xAD, 0x7E, 0xAD, 0x76, 0xAD, 0x7E, 0xCD, 0x7E, 0xCD, 0x76, 0xCD, 0x76, 0xCD, 0x76, 0xCD,
    0x76, 0xCD, 0x76, 0xCD, 0x76, 0xCD, 0x7E, 0xCD, 0x7E, 0xCD, 0x7E, 0xCD, 0x7E, 0xCD, 0x7E, 0xCD, 0x7E, 0xCD, 0x7E, 0xCD, 0x7E, 0xCD, 0x7E, 0xCD,
    0x7E, 0xCD, 0x7E, 0xCD, 0x7E, 0xCD, 0x7E, 0xCD, 0x7E, 0xCD, 0x7E, 0xED, 0x7E, 0xCD, 0x7E, 0xED, 0x7E, 0xCD, 0x7E, 0xCD, 0x7E, 0xCD, 0x7E, 0xCD,
    0x7E, 0xCD, 0x7E, 0xCD, 0x7E, 0xCD, 0x7E, 0xCD, 0x7E, 0xCD, 0x7E, 0xCD, 0x7E, 0xCD, 0x7E, 0xCD, 0x7E, 0xCD, 0x7E, 0xCD, 0x7E, 0xCE, 0x7E, 0xCE,
    0x76, 0xCD, 0x7E, 0xCD, 0x7E, 0xCD, 0x7E, 0xCD, 0x7E, 0xCD, 0x7E, 0xCD, 0x7E, 0xCD, 0x7E, 0xCD, 0x7E, 0xCD, 0x7E, 0xCD, 0x7E, 0xCD, 0x7E, 0xCD,
    0x7E, 0xCE, 0x7E, 0xED, 0x7E, 0xCE, 0x7E, 0xCE, 0x7E, 0xCD, 0x7E, 0xCD, 0x7E, 0xCD, 0x7E, 0xCD, 0x7E, 0xCD, 0x7E, 0xCD, 0x7E, 0xCD, 0x7E, 0xCD,
    0x7E, 0xCD, 0x76, 0xCD, 0x76, 0xCD, 0x76, 0xCD, 0x7E, 0xCD, 0x7E, 0xCD, 0x7E, 0xCD, 0x7E, 0xCC, 0x7E, 0xCD, 0x7E, 0xCD, 0x7E, 0xCD, 0x7E, 0xCD,
    0x7E, 0xCD, 0x7E, 0xCD, 0x7E, 0xCD, 0x7E, 0xCE, 0x7E, 0xCE, 0x7E, 0xCD, 0x86, 0xCE, 0x7E, 0xEE, 0x96, 0x8E, 0xAC, 0xEB, 0xB4, 0xEB, 0x96, 0x8D,
    0x7E, 0xED, 0x86, 0xCD, 0x86, 0xCD, 0x86, 0xED, 0x7E, 0xED, 0x7E, 0xED, 0x7E, 0xCD, 0x7E, 0xCD, 0x7E, 0xCD, 0x7E, 0xCD, 0x7E, 0xCD, 0x7E, 0xCD,
    0x7E, 0xCD, 0x7E, 0xCD, 0x7E, 0xCD, 0x7E, 0xCD, 0x7E, 0xCD, 0x7E, 0xCD, 0x7E, 0xCE, 0x7E, 0xAE, 0x86, 0xED, 0x87, 0x0D, 0x87, 0x0D, 0x7F, 0x0D,
    0x7F, 0x0C, 0x7F, 0x0C, 0x87, 0x0D, 0x87, 0x0D, 0x87, 0x0D, 0x87, 0x0E, 0x7F, 0x0D, 0x7F, 0x0D, 0x7F, 0x0D, 0x7E, 0xED, 0x76, 0xCC, 0x76, 0xCC,
    0x76, 0xCD, 0x76, 0xCC, 0x76, 0xCC, 0x76, 0xCC, 0x76, 0xCC, 0x76, 0xCC, 0x76, 0xCC, 0x7E, 0xCC, 0x7E, 0xCD, 0x76, 0xCC, 0x7E, 0xCD, 0x7E, 0xCD,
    0x76, 0xCD, 0x76, 0xCD, 0x7E, 0xCD, 0x76, 0xAC, 0x76, 0xAC, 0x76, 0xAC, 0x7E, 0xAD, 0x7E, 0xAC, 0x7E, 0x8C, 0x7E, 0xAC, 0x7E, 0x8D, 0x76, 0x8C,
    0x76, 0x8C, 0x76, 0xAD, 0x7E, 0xCD, 0x7E, 0xAD, 0x7E, 0xAD, 0x7E, 0xAD, 0x7E, 0xCD, 0x7E, 0xCD, 0x7E, 0xCD, 0x7E, 0xCD, 0x7E, 0xCC, 0x7E, 0xCD,
    0x7E, 0xCD, 0x7E, 0xCD, 0x7E, 0xCD, 0x7E, 0xCD, 0x7E, 0xCD, 0x7E, 0xCC, 0x76, 0xCC, 0x76, 0xCC, 0x7E, 0xCC, 0x76, 0xAC, 0x76, 0xAD, 0x7E, 0xCD,
    0x7E, 0xCD, 0x7E, 0xCD, 0x7E, 0xCD, 0x7E, 0xCD, 0x76, 0xAC, 0x76, 0xAD, 0x7E, 0xCD, 0x7E, 0xCD, 0x7E, 0xCC, 0x7E, 0xCC, 0x7E, 0xCC, 0x7E, 0xCC,
    0x7E, 0xCC, 0x7E, 0xCC, 0x7E, 0xCD, 0x7E, 0xCD, 0x7E, 0xCD, 0x7E, 0xCD, 0x7E, 0xCD, 0x7E, 0xCD, 0x7E, 0xCD, 0x7E, 0xCC, 0x7E, 0xCD, 0x7E, 0xCD,
    0x7E, 0xCD, 0x7E, 0xCD, 0x7E, 0xED, 0x76, 0xED, 0x76, 0xED, 0x7E, 0xED, 0x7E, 0xED, 0x7E, 0xED, 0x7E, 0xED, 0x7E, 0xED, 0x7E, 0xED, 0x7E, 0xED,
    0x7E, 0xCD, 0x7E, 0xCD, 0x7E, 0xED, 0x76, 0xCD, 0x7E, 0xCD, 0x7E, 0xCD, 0x7E, 0xAD, 0x7E, 0xAD, 0x7E, 0xAD, 0x7E, 0xCD, 0x7E, 0xCD, 0x7E, 0xAD,
    0x7E, 0xCD, 0x7E, 0xCD, 0x7E, 0xAD, 0x7E, 0xCD, 0x7E, 0xCD, 0x7E, 0xCE, 0x7E, 0xAE, 0x96, 0x6F, 0x7E, 0xAD, 0x76, 0xCD, 0x7E, 0xAD, 0x7E, 0xCD,
    0x7E, 0xAD, 0x7E, 0xAD, 0x7E, 0xAD, 0x7E, 0xAD, 0x7E, 0xAD, 0x7E, 0xAD, 0x7E, 0xCD, 0x7E, 0xCD, 0x76, 0xAD, 0x76, 0xCC, 0x76, 0xCD, 0x76, 0xCD,
    0x76, 0xCD, 0x76, 0xCD, 0x76, 0xCC, 0x76, 0xCD, 0x76, 0xCD, 0x76, 0xCD, 0x7E, 0xCD, 0x7E, 0xCD, 0x7E, 0xCD, 0x7E, 0xCD, 0x7E, 0xCD, 0x7E, 0xCD,
    0x7E, 0xCD, 0x7E, 0xCE, 0x7E, 0xCD, 0x7E, 0xED, 0x7E, 0xEE, 0x7E, 0xED, 0x7E, 0xED, 0x7E, 0xED, 0x7E, 0xED, 0x7E, 0xEE, 0x7E, 0xED, 0x7E, 0xED,
    0x7E, 0xED, 0x7E, 0xCD, 0x7E, 0xCD, 0x7E, 0xCD, 0x7E, 0xCD, 0x7E, 0xCD, 0x7E, 0xCD, 0x7E, 0xCD, 0x7E, 0xCD, 0x7E, 0xCD, 0x7E, 0xCE, 0x7E, 0xCE,
    0x76, 0xCD, 0x76, 0xCD, 0x7E, 0xCD, 0x7E, 0xCD, 0x7E, 0xCD, 0x7E, 0xED, 0x7E, 0xED, 0x7E, 0xED, 0x7E, 0xED, 0x7E, 0xED, 0x7E, 0xCD, 0x7E, 0xCE,
    0x7E, 0xCE, 0x7E, 0xEE, 0x7E, 0xCE, 0x7F, 0x0E, 0x7F, 0x2E, 0x7F, 0x0E, 0x7E, 0xCD, 0x7E, 0xCE, 0x7E, 0xCD, 0x7E, 0xED, 0x7E, 0xCD, 0x7E, 0xCD,
    0x7E, 0xCD, 0x7E, 0xCD, 0x7E, 0xCD, 0x76, 0xCD, 0x7E, 0xCD, 0x7E, 0xCD, 0x7E, 0xCD, 0x7E, 0xCD, 0x7E, 0xCD, 0x7E, 0xCD, 0x7E, 0xCD, 0x7E, 0xCD,
    0x7E, 0xCD, 0x7E, 0xCD, 0x7E, 0xCD, 0x7E, 0xCD, 0x7E, 0xCD, 0x86, 0xCD, 0x86, 0xED, 0x8E, 0xAD, 0xCB, 0x69, 0xE9, 0xE7, 0xE9, 0xE7, 0xD3, 0x68,
    0x96, 0xAD, 0x7F, 0x0E, 0x86, 0xED, 0x86, 0xED, 0x7E, 0xED, 0x7E, 0xED, 0x7E, 0xED, 0x7E, 0xCD, 0x7E, 0xCD, 0x7E, 0xCD, 0x7E, 0xCD, 0x7E, 0xCD,
    0x7E, 0xCD, 0x7E, 0xCD, 0x7E, 0xCD, 0x7E, 0xCD, 0x7E, 0xCE, 0x7E, 0xCE, 0x7E, 0xCD, 0x7E, 0xCD, 0x7E, 0xCD, 0x7E, 0xCD, 0x7E, 0xCD, 0x7E, 0xCD,
    0x7E, 0xCD, 0x7E, 0xCD, 0x7E, 0xCD, 0x7E, 0xCD, 0x7E, 0xCD, 0x7E, 0xCD, 0x7E, 0xCD, 0x7E, 0xCD, 0x76, 0xCD, 0x76, 0xCD, 0x76, 0xCD, 0x76, 0xCC,
    0x76, 0xCD, 0x76, 0xCD, 0x76, 0xCC, 0x76, 0xCC, 0x76, 0xCC, 0x76, 0xCD, 0x76, 0xCD, 0x7E, 0xCD, 0x7E, 0xCD, 0x7E, 0xCD, 0x7E, 0xCD, 0x7E, 0xCD,
    0x7E, 0xCD, 0x7E, 0xCD, 0x7E, 0xCD, 0x7E, 0xCD, 0x7E, 0xCD, 0x7E, 0xCD, 0x7E, 0xAD, 0x7E, 0xAC, 0x7E, 0xAC, 0x7E, 0xAC, 0x7E, 0xAD, 0x7E, 0xAD,
    0x7E, 0xCD, 0x7E, 0xCD, 0x7E, 0xCD, 0x7E, 0xCD, 0x7E, 0xCD, 0x7E, 0xCD, 0x7E, 0xCD, 0x7E, 0xCD, 0x7E, 0xCD, 0x7E, 0xCD, 0x7E, 0xCD, 0x7E, 0xCD,
    0x7E, 0xCD, 0x7E, 0xCC, 0x7E, 0xCD, 0x7E, 0xCC, 0x7E, 0xCD, 0x7E, 0xCD, 0x7E, 0xCC, 0x7E, 0xCD, 0x7E, 0xCC, 0x7E, 0xCC, 0x7E, 0xCD, 0x7E, 0xCD,
    0x7E, 0xCD, 0x7E, 0xCD, 0x7E, 0xCD, 0x76, 0xCD, 0x7E, 0xCD, 0x7E, 0xCD, 0x7E, 0xCD, 0x7E, 0xCD, 0x7E, 0xCC, 0x7E, 0xCC, 0x7E, 0xCD, 0x7E, 0xCC,
    0x7E, 0xCC, 0x7E, 0xCC, 0x7E, 0xCD, 0x7E, 0xCD, 0x7E, 0xCD, 0x7E, 0xCD, 0x7E, 0xCD, 0x7E, 0xCD, 0x7E, 0xCD, 0x7E, 0xCD, 0x7E, 0xCD, 0x7E, 0xCD,
    0x7E, 0xCD, 0x7E, 0xCD, 0x7E, 0xCD, 0x7E, 0xCE, 0x7E, 0xCE, 0x7E, 0xCD, 0x7E, 0xCD, 0x7E, 0xCD, 0x7E, 0xCD, 0x7E, 0xCD, 0x7E, 0xCD, 0x7E, 0xCD,
    0x7E, 0xCD, 0x7E, 0xCE, 0x7E, 0xCE, 0x7E, 0xCD, 0x7E, 0xCE, 0x7E, 0xCD, 0x7E, 0xAD, 0x7E, 0xAD, 0x7E, 0xCD, 0x7E, 0xCD, 0x7E, 0xCD, 0x7E, 0xCD,
    0x7E, 0xCD, 0x7E, 0xCD, 0x7E, 0xCD, 0x7E, 0xCD, 0x7E, 0xAD, 0x7E, 0xCD, 0xAE, 0x72, 0xFE, 0x1A, 0xD6, 0x15, 0x76, 0x6D, 0x76, 0xCD, 0x7E, 0xCD,
    0x7E, 0xAD, 0x7E, 0xAD, 0x7E, 0xAD, 0x7E, 0xAD, 0x7E, 0xAD, 0x7E, 0xAD, 0x7E, 0xAD, 0x7E, 0x8C, 0x8E, 0xAC, 0x7E, 0xAC, 0x76, 0xAD, 0x7E, 0xCD,
    0x76, 0xCD, 0x76, 0xCD, 0x76, 0xCD, 0x76, 0xCD, 0x76, 0xCD, 0x76, 0xCD, 0x7E, 0xCD, 0x7E, 0xCD, 0x7E, 0xCE, 0x7E, 0xED, 0x7E, 0xED, 0x7E, 0xEE,
    0x7E, 0xCE, 0x7E, 0xED, 0x7E, 0xEE, 0x7E, 0xEE, 0x7E, 0xEE, 0x7E, 0xEE, 0x7E, 0xEE, 0x7E, 0xED, 0x7E, 0xED, 0x7E, 0xEE, 0x7E, 0xED, 0x7E, 0xED,
    0x7E, 0xED, 0x7E, 0xED, 0x7E, 0xED, 0x7E, 0xED, 0x7E, 0xED, 0x7E, 0xED, 0x7E, 0xED, 0x7E, 0xED, 0x7E, 0xCD, 0x7E, 0xED, 0x7E, 0xCE, 0x86, 0xCE,
    0x76, 0xCD, 0x76, 0xCD, 0x7E, 0xCD, 0x7E, 0xED, 0x7E, 0xED, 0x7E, 0xED, 0x7E, 0xEE, 0x7E, 0xEE, 0x7E, 0xED, 0x7E, 0xED, 0x7E, 0xEE, 0x7E, 0xEE,
    0x86, 0xEE, 0x86, 0xCE, 0x87, 0x0E, 0xA5, 0x8C, 0xBC, 0x09, 0x9D, 0xAC, 0x7E, 0xED, 0x7E, 0xCD, 0x7E, 0xCD, 0x7E, 0xED, 0x7E, 0xCD, 0x7E, 0xCD,
    0x7E, 0xCD, 0x76, 0xCD, 0x7E, 0xCD, 0x7E, 0xCD, 0x7E, 0xCD, 0x7E, 0xCD, 0x7E, 0xCD, 0x7E, 0xCD, 0x7E, 0xCD, 0x7E, 0xCD, 0x7E, 0xCD, 0x7E, 0xCD,
    0x7E, 0xCD, 0x7E, 0xCD, 0x7E, 0xCD, 0x7E, 0xCD, 0x7E, 0xEE, 0x8E, 0xCE, 0x8E, 0xED, 0xB5, 0x0B, 0xE9, 0xE7, 0xEA, 0x48, 0xEA, 0x47, 0xE9, 0xE7,
    0xC4, 0xAA, 0x9E, 0x6D, 0x8E, 0x8D, 0x7F, 0x0D, 0x7E, 0xED, 0x7E, 0xED, 0x7E, 0xED, 0x7E, 0xED, 0x7E, 0xCD, 0x7E, 0xCD, 0x7E, 0xCD, 0x7E, 0xCD,
    0x7E, 0xCD, 0x7E, 0xCD, 0x7E, 0xCD, 0x7E, 0xCD, 0x7E, 0xCD, 0x7E, 0xCD, 0x7E, 0xCD, 0x7E, 0xCD, 0x7E, 0xCD, 0x7E, 0xCD, 0x7E, 0xCD, 0x7E, 0xED,
    0x7E, 0xCD, 0x7E, 0xCD, 0x7E, 0xCD, 0x7E, 0xCD, 0x7E, 0xCD, 0x7E, 0xCD, 0x7E, 0xCD, 0x7E, 0xCD, 0x7E, 0xCD, 0x7E, 0xCD, 0x7E, 0xCD, 0x7E, 0xCD,
    0x7E, 0xCD, 0x76, 0xCD, 0x76, 0xCC, 0x76, 0xCC, 0x76, 0xCC, 0x76, 0xCC, 0x76, 0xCD, 0x7E, 0xCD, 0x7E, 0xCD, 0x7E, 0xED, 0x7E, 0xED, 0x7E, 0xCD,
    0x7E, 0xCC, 0x7E, 0xCD, 0x7E, 0xCD, 0x7E, 0xCD, 0x7E, 0xCD, 0x7E, 0xCD, 0x7E, 0xCD, 0x7E, 0xCD, 0x7E, 0xCD, 0x7E, 0xCD, 0x7E, 0xCD, 0x7E, 0xCD,
    0x7E, 0xCD, 0x7E, 0xCD, 0x7E, 0xCD, 0x7E, 0xCD, 0x7E, 0xCD, 0x7E, 0xCD, 0x7E, 0xCD, 0x7E, 0xCD, 0x7E, 0xCD, 0x7E, 0xCD, 0x7E, 0xCD, 0x7E, 0xED,
    0x7E, 0xED, 0x7E, 0xCD, 0x7E, 0xCD, 0x7E, 0xEC, 0x7E, 0xCD, 0x7E, 0xCD, 0x7E, 0xCD, 0x7E, 0xCC, 0x7E, 0xCD, 0x7E, 0xCD, 0x7E, 0xCD, 0x7E, 0xCC,
    0x7E, 0xCD, 0x7E, 0xCC, 0x7E, 0xCD, 0x7E, 0xCD, 0x7E, 0xCD, 0x7E, 0xCD, 0x7E, 0xCC, 0x7E, 0xCC, 0x7E, 0xCC, 0x7E, 0xCC, 0x7E, 0xCC, 0x7E, 0xCC,
    0x7E, 0xCC, 0x7E, 0xCC, 0x7E, 0xCD, 0x7E, 0xCD, 0x7E, 0xCD, 0x7E, 0xCD, 0x7E, 0xCD, 0x7E, 0xCD, 0x7E, 0xCD, 0x7E, 0xCD, 0x7E, 0xCD, 0x7E, 0xCD,
    0x7E, 0xCD, 0x7E, 0xCD, 0x7E, 0xCD, 0x7E, 0xCD, 0x7E, 0xCD, 0x7E, 0xCD, 0x7E, 0xCD, 0x7E, 0xCD, 0x7E, 0xCD, 0x7E, 0xCD, 0x7E, 0xCD, 0x7E, 0xCD,
    0x7E, 0xCD, 0x7E, 0xCD, 0x7E, 0xCD, 0x7E, 0xCD, 0x7E, 0xCD, 0x7E, 0xCD, 0x7E, 0xCD, 0x7E, 0xCD, 0x7E, 0xCD, 0x7E, 0xCD, 0x7E, 0xCD, 0x7E, 0xCD,
    0x7E, 0xCD, 0x7E, 0xCD, 0x7E, 0xCD, 0x7E, 0xCD, 0xC6, 0x52, 0xEE, 0x36, 0xEE, 0x17, 0xFD, 0xB9, 0xFD, 0xD8, 0xDE, 0x15, 0xB6, 0x52, 0x7E, 0xAD,
    0x7E, 0xAD, 0x7E, 0xAD, 0x7E, 0xAD, 0x7E, 0xAD, 0x86, 0xCD, 0x7E, 0xCD, 0x86, 0x8D, 0xDF, 0x2E, 0xFF, 0x8E, 0xE7, 0x4E, 0x96, 0xAC, 0x76, 0xAD,
    0x7E, 0xCD, 0x7E, 0xCD, 0x7E, 0xCD, 0x76, 0xCD, 0x76, 0xCD, 0x76, 0xCD, 0x7E, 0xCD, 0x7E, 0xCD, 0x7E, 0xCD, 0x7E, 0xED, 0x7E, 0xED, 0x7E, 0xEE,
    0x7E, 0xCE, 0x7E, 0xEE, 0x7E, 0xEE, 0x7E, 0xEE, 0x86, 0xCE, 0x86, 0xED, 0x7F, 0x0D, 0x7E, 0xED, 0x7E, 0xED, 0x7E, 0xED, 0x7E, 0xED, 0x7E, 0xED,
    0x7E, 0xED, 0x7E, 0xED, 0x7E, 0xED, 0x7E, 0xCD, 0x7E, 0xED, 0x7E, 0xED, 0x7E, 0xED, 0x7E, 0xED, 0x7E, 0xED, 0x7E, 0xED, 0x7E, 0xEE, 0x86, 0xEE,
    0x76, 0xCD, 0x7E, 0xCD, 0x7E, 0xCD, 0x7E, 0xED, 0x7E, 0xED, 0x7E, 0xED, 0x7E, 0xEE, 0x7E, 0xEE, 0x7E, 0xED, 0x7E, 0xEE, 0x7E, 0xEE, 0x7E, 0xEE,
    0x7E, 0xEE, 0x7F, 0x6F, 0xA5, 0xCD, 0xE2, 0x26, 0xF1, 0xC6, 0xE2, 0x46, 0xA5, 0xCC, 0x7F, 0x0E, 0x7F, 0x0D, 0x7E, 0xED, 0x7E, 0xCD, 0x7E, 0xCD,
    0x7E, 0xCD, 0x7E, 0xCD, 0x76, 0xED, 0x7E, 0xED, 0x7E, 0xED, 0x7E, 0xED, 0x7E, 0xED, 0x7E, 0xED, 0x7E, 0xED, 0x7E, 0xCD, 0x7E, 0xCD, 0x7E, 0xCD,
    0x7E, 0xCD, 0x7E, 0xCD, 0x7E, 0xCD, 0x7E, 0xEE, 0x9D, 0xED, 0xC3, 0x68, 0xD3, 0x07, 0xE2, 0xC8, 0xEA, 0x07, 0xEA, 0x47, 0xEA, 0x47, 0xEA, 0x27,
    0xEA, 0x67, 0xE2, 0x66, 0xD2, 0xA7, 0xAD, 0x2B, 0x7F, 0x0D, 0x7E, 0xED, 0x7E, 0xED, 0x7E, 0xED, 0x7E, 0xED, 0x7E, 0xCD, 0x7E, 0xCD, 0x7E, 0xCD,
    0x7E, 0xCD, 0x7E, 0xCD, 0x7E, 0xCD, 0x7E, 0xCD, 0x7E, 0xCD, 0x7E, 0xAD, 0x7E, 0xCD, 0x7E, 0xCD, 0x7E, 0xCD, 0x7E, 0xCD, 0x7E, 0xCD, 0x7E, 0xCD,
    0x7E, 0xCD, 0x7E, 0xCD, 0x7E, 0xCD, 0x7E, 0xCD, 0x7E, 0xCD, 0x7E, 0xCD, 0x7E, 0xCD, 0x7E, 0xCD, 0x7E, 0xCD, 0x7E, 0xCD, 0x7E, 0xCD, 0x7E, 0xCD,
    0x7E, 0xCD, 0x7E, 0xCC, 0x7E, 0xCD, 0x7E, 0xCC, 0x76, 0xCC, 0x76, 0xCD, 0x7E, 0xED, 0x7E, 0xEC, 0x7E, 0xED, 0x7E, 0xED, 0x7E, 0xED, 0x7E, 0xCD,
    0x7E, 0xCD, 0x7E, 0xCD, 0x7E, 0xCD, 0x7E, 0xCD, 0x7E, 0xCD, 0x7E, 0xCD, 0x7E, 0xCD, 0x7E, 0xCD, 0x7E, 0xCD, 0x7E, 0xCD, 0x7E, 0xCD, 0x7E, 0xCD,
    0x7E, 0xCD, 0x7E, 0xCD, 0x7E, 0xCD, 0x7E, 0xCD, 0x7E, 0xCD, 0x7E, 0xCD, 0x7E, 0xCD, 0x7E, 0xCD, 0x7E, 0xED, 0x7E, 0xED, 0x7E, 0xED, 0x7E, 0xED,
    0x7E, 0xED, 0x7E, 0xCD, 0x7E, 0xED, 0x7E, 0xED, 0x7E, 0xCD, 0x7E, 0xCD, 0x7E, 0xCD, 0x7E, 0xCD, 0x7E, 0xCD, 0x7E, 0xCD, 0x7E, 0xCD, 0x7E, 0xCC,
    0x7E, 0xCD, 0x7E, 0xCD, 0x7E, 0xCD, 0x7E, 0xCC, 0x7E, 0xCC, 0x7E, 0xCC, 0x7E, 0xCD, 0x7E, 0xCC, 0x7E, 0xCC, 0x7E, 0xCC, 0x7E, 0xCC, 0x7E, 0xCC,
    0x7E, 0xEC, 0x7E, 0xED, 0x7E, 0xED, 0x7E, 0xED, 0x7E, 0xED, 0x7E, 0xCD, 0x7E, 0xCD, 0x7E, 0xCD, 0x7E, 0xCD, 0x7E, 0xCD, 0x7E, 0xCD, 0x7E, 0xCD,
    0x7E, 0xCD, 0x7E, 0xCD, 0x7E, 0xCD, 0x7E, 0xCD, 0x7E, 0xCD, 0x7E, 0xCD, 0x7E, 0xCD, 0x7E, 0xCD, 0x7E, 0xCD, 0x7E, 0xCD, 0x7E, 0xCD, 0x7E, 0xCD,
    0x7E, 0xCD, 0x7E, 0xCD, 0x7E, 0xCD, 0x7E, 0xCE, 0x7E, 0xCE, 0x7E, 0xCD, 0x7E, 0xCE, 0x7E, 0xCD, 0x7E, 0xCD, 0x7E, 0xCD, 0x7E, 0xCD, 0x7E, 0xCD,
    0x7E, 0xCD, 0x7E, 0xCD, 0x7E, 0xCD, 0x7E, 0xAD, 0xF6, 0x57, 0xFD, 0xF9, 0xFE, 0x19, 0xFE, 0x9B, 0xFD, 0xD9, 0xFD, 0xB9, 0xFD, 0xF9, 0x8E, 0xAF,
    0x7E, 0xCD, 0x7E, 0xAD, 0x7E, 0xAD, 0x7E, 0xAD, 0x76, 0xAD, 0x6E, 0x8C, 0xC7, 0x0D, 0xFF, 0x8D, 0xFF, 0x4C, 0xFF, 0x6D, 0xE7, 0x4D, 0x76, 0x8C,
    0x6E, 0xAC, 0x76, 0xCC, 0x76, 0xCD, 0x76, 0xCD, 0x76, 0xCD, 0x76, 0xCD, 0x7E, 0xCD, 0x7E, 0xCD, 0x7E, 0xCD, 0x7E, 0xED, 0x7E, 0xED, 0x7E, 0xED,
    0x7E, 0xCE, 0x7E, 0xCE, 0x7E, 0xEE, 0x96, 0x4E, 0xDC, 0xD2, 0xDC, 0xB2, 0x9E, 0x0F, 0x7F, 0x0D, 0x7E, 0xED, 0x7E, 0xED, 0x7E, 0xED, 0x7E, 0xED,
    0x7E, 0xED, 0x7E, 0xED, 0x7E, 0xED, 0x7E, 0xED, 0x7E, 0xED, 0x7E, 0xED, 0x7E, 0xED, 0x7E, 0xED, 0x7E, 0xED, 0x7E, 0xED, 0x7E, 0xEE, 0x86, 0xEE,
    0x76, 0xCD, 0x7E, 0xCD, 0x7E, 0xED, 0x7E, 0xED, 0x7E, 0xED, 0x7E, 0xED, 0x7E, 0xED, 0x7E, 0xED, 0x7E, 0xEE, 0x7E, 0xEE, 0x7E, 0xEE, 0x7F, 0x0E,
    0x96, 0x4D, 0xBD, 0x0C, 0xDB, 0x69, 0xF2, 0x06, 0xF2, 0x67, 0xF2, 0x27, 0xE3, 0x28, 0xD3, 0x88, 0xAC, 0xEB, 0x7E, 0xED, 0x7E, 0xCD, 0x7E, 0xCD,
    0x7E, 0xCD, 0x7E, 0xCD, 0x7E, 0xED, 0x7E, 0xED, 0x7E, 0xED, 0x7E, 0xED, 0x7E, 0xED, 0x7E, 0xED, 0x7E, 0xED, 0x7E, 0xED, 0x7E, 0xED, 0x7E, 0xED,
    0x7E, 0xED, 0x7E, 0xCD, 0x7E, 0xEE, 0x8E, 0x8D, 0xCA, 0xC7, 0xE9, 0xA6, 0xE9, 0xE6, 0xE9, 0xE7, 0xE9, 0xE7, 0xE9, 0xC7, 0xE9, 0xE6, 0xEA, 0x06,
    0xF2, 0x27, 0xF2, 0x26, 0xF1, 0xE6, 0xE2, 0x47, 0x96, 0x2D, 0x7F, 0x0D, 0x7E, 0xED, 0x7E, 0xED, 0x7E, 0xED, 0x7E, 0xED, 0x7E, 0xED, 0x7E, 0xCD,
    0x7E, 0xCD, 0x7E, 0xCD, 0x7E, 0xCD, 0x7E, 0xCD, 0x7E, 0xCD, 0x7E, 0xCD, 0x7E, 0xCD, 0x7E, 0xCD, 0x7E, 0xCD, 0x7E, 0xCD, 0x7E, 0xCD, 0x7E, 0xCD,
    0x7E, 0xCD, 0x7E, 0xCD, 0x7E, 0xCD, 0x7E, 0xCD, 0x7E, 0xCD, 0x7E, 0xCD, 0x7E, 0xCD, 0x7E, 0xCD, 0x7E, 0xCD, 0x7E, 0xCD, 0x7E, 0xCD, 0x7E, 0xCD,
    0x7E, 0xEC, 0x7E, 0xEC, 0x7E, 0xCD, 0x7E, 0xCC, 0x7E, 0xCD, 0x7E, 0xED, 0x7E, 0xED, 0x7E, 0xED, 0x7E, 0xED, 0x76, 0xCD, 0x76, 0xCD, 0x7E, 0xCD,
    0x7E, 0xCD, 0x7E, 0xCD, 0x7E, 0xCD, 0x7E, 0xCC, 0x7E, 0xCD, 0x7E, 0xCD, 0x7E, 0xCC, 0x7E, 0xCD, 0x7E, 0xCD, 0x7E, 0xCD, 0x7E, 0xCD, 0x7E, 0xCD,
    0x7E, 0xCD, 0x7E, 0xCD, 0x7E, 0xCC, 0x7E, 0xCD, 0x7E, 0xCD, 0x7E, 0xCD, 0x7E, 0xED, 0x7E, 0xED, 0x7E, 0xED, 0x7E, 0xEC, 0x7E, 0xED, 0x7E, 0xEC,
    0x7E, 0xEC, 0x7E, 0xED, 0x7E, 0xED, 0x7E, 0xED, 0x7E, 0xEC, 0x7E, 0xCD, 0x7E, 0xCD, 0x7E, 0xCD, 0x7E, 0xCD, 0x7E, 0xCD, 0x7E, 0xCD, 0x7E, 0xCD,
    0x7E, 0xCD, 0x7E, 0xCD, 0x7E, 0xCC, 0x7E, 0xCC, 0x7E, 0xCD, 0x7E, 0xCC, 0x7E, 0xCD, 0x7E, 0xCC, 0x7E, 0xCD, 0x7E, 0xCC, 0x7E, 0xEC, 0x7E, 0xED,
    0x7E, 0xEC, 0x7E, 0xED, 0x7E, 0xED, 0x7E, 0xED, 0x7E, 0xED, 0x7E, 0xED, 0x7E, 0xCD, 0x7E, 0xCD, 0x7E, 0xED, 0x7E, 0xCD, 0x7E, 0xCD, 0x7E, 0xED,
    0x7E, 0xCD, 0x7E, 0xCD, 0x7E, 0xCD, 0x7E, 0xCD, 0x7E, 0xCD, 0x7E, 0xCD, 0x7E, 0xCD, 0x7E, 0xCD, 0x7E, 0xCD, 0x7E, 0xCD, 0x7E, 0xCD, 0x7E, 0xCD,
    0x7E, 0xCE, 0x7E, 0xCD, 0x7E, 0xCE, 0x7E, 0xCD, 0x7E, 0xCD, 0x7E, 0xAD, 0x7E, 0xAD, 0x7E, 0xAD, 0x7E, 0xCD, 0x7E, 0xCD, 0x7E, 0xCD, 0x7E, 0xCD,
    0x7E, 0xCD, 0x7E, 0xCD, 0x7E, 0xCD, 0x76, 0xAD, 0xAE, 0x72, 0xFD, 0xF8, 0xFE, 0x3A, 0xFF, 0xFE, 0xFE, 0x9B, 0xFD, 0x99, 0xC6, 0x54, 0x7E, 0xCE,
    0x7E, 0xCD, 0x7E, 0xAE, 0x7E, 0xAD, 0x86, 0xAD, 0xB6, 0xED, 0xB6, 0xED, 0xEF, 0x4D, 0xFF, 0x4C, 0xFF, 0x4C, 0xFF, 0x4C, 0xFF, 0x4C, 0xBE, 0xEC,
    0xBF, 0x2E, 0x9E, 0xED, 0x76, 0xAD, 0x76, 0xCD, 0x76, 0xCD, 0x76, 0xCD, 0x7E, 0xCD, 0x7E, 0xCD, 0x7E, 0xED, 0x7E, 0xCD, 0x7E, 0xED, 0x7E, 0xED,
    0x7E, 0xED, 0x7E, 0xED, 0x86, 0xCE, 0xDC, 0xD2, 0xFB, 0xD5, 0xFB, 0xF5, 0xE4, 0x73, 0x8E, 0x8E, 0x7E, 0xED, 0x77, 0x0D, 0x7E, 0xED, 0x7E, 0xED,
    0x7E, 0xED, 0x7E, 0xED, 0x7E, 0xED, 0x7E, 0xED, 0x7E, 0xED, 0x7E, 0xED, 0x7E, 0xED, 0x7E, 0xED, 0x7E, 0xED, 0x7E, 0xEE, 0x7E, 0xEE, 0x86, 0xEE,
    0x76, 0xCD, 0x7E, 0xCD, 0x7E, 0xCD, 0x7E, 0xCD, 0x7E, 0xED, 0x7E, 0xED, 0x7E, 0xED, 0x7E, 0xED, 0x7E, 0xEE, 0x7E, 0xEE, 0x7F, 0x0E, 0x8E, 0x6D,
    0xD3, 0x08, 0xF1, 0xE6, 0xF2, 0x27, 0xF2, 0x07, 0xEA, 0x06, 0xF2, 0x07, 0xF2, 0x07, 0xF9, 0xE7, 0xEA, 0x27, 0x9D, 0xCC, 0x77, 0x0D, 0x7E, 0xCD,
    0x7E, 0xCD, 0x7E, 0xCD, 0x7E, 0xCD, 0x7E, 0xED, 0x7E, 0xCE, 0x76, 0xED, 0x7E, 0xED, 0x7E, 0xED, 0x7E, 0xED, 0x7E, 0xED, 0x7E, 0xED, 0x7E, 0xED,
    0x7E, 0xEE, 0x7E, 0xCD, 0x7F, 0x0E, 0x95, 0x8B, 0xD9, 0xE6, 0xEA, 0x07, 0xEA, 0x07, 0xEA, 0x06, 0xEA, 0x06, 0xF5, 0x0B, 0xF5, 0x6C, 0xEA, 0x67,
    0xF2, 0x07, 0xF2, 0x27, 0xF2, 0x47, 0xEA, 0x06, 0x9D, 0xAC, 0x7F, 0x2D, 0x86, 0xED, 0x86, 0xED, 0x7E, 0xCD, 0x7E, 0xED, 0x7E, 0xED, 0x7E, 0xCD,
    0x7E, 0xCD, 0x7E, 0xCD, 0x7E, 0xCD, 0x7E, 0xCD, 0x7E, 0xAD, 0x7E, 0xAD, 0x7E, 0x8D, 0x7E, 0xAD, 0x7E, 0xCD, 0x7E, 0xCD, 0x7E, 0xCD, 0x7E, 0xCD,
    0x7E, 0xCD, 0x7E, 0xCD, 0x7E, 0xCD, 0x7E, 0xCD, 0x7E, 0xCD, 0x7E, 0xCD, 0x7E, 0xCD, 0x7E, 0xCD, 0x7E, 0xCD, 0x7E, 0xCD, 0x7E, 0xED, 0x7E, 0xCD,
    0x7E, 0xCD, 0x7E, 0xCD, 0x7E, 0xCD, 0x7E, 0xCD, 0x7E, 0xED, 0x7E, 0xED, 0x7E, 0xED, 0x7E, 0xED, 0x7E, 0xCD, 0xAE, 0xCC, 0xBE, 0xEC, 0x7E, 0xAC,
    0x7E, 0xCD, 0x7E, 0xCD, 0x7E, 0xCD, 0x7E, 0xCD, 0x7E, 0xCD, 0x7E, 0xCD, 0x7E, 0xCD, 0x7E, 0xCD, 0x7E, 0xCD, 0x7E, 0xCD, 0x7E, 0xCD, 0x7E, 0xCD,
    0x7E, 0xCD, 0x7E, 0xCD, 0x7E, 0xCD, 0x7E, 0xED, 0x7E, 0xED, 0x7E, 0xED, 0x7E, 0xED, 0x7E, 0xEC, 0x7E, 0xED, 0x7E, 0xED, 0x7E, 0xED, 0x7E, 0xED,
    0x7E, 0xED, 0x7E, 0xED, 0x7E, 0xED, 0x7E, 0xED, 0x7E, 0xED, 0x7E, 0xED, 0x7E, 0xED, 0x7E, 0xCD, 0x7E, 0xED, 0x7E, 0xCD, 0x7E, 0xCD, 0x7E, 0xCD,
    0x7E, 0xCD, 0x7E, 0xCD, 0x7E, 0xCD, 0x7E, 0xCD, 0x7E, 0xCD, 0x7E, 0xCD, 0x7E, 0xCD, 0x7E, 0xCD, 0x7E, 0xCD, 0x7E, 0xCD, 0x7E, 0xED, 0x7E, 0xED,
    0x7E, 0xED, 0x76, 0xED, 0x7E, 0xED, 0x7E, 0xED, 0x7E, 0xED, 0x7E, 0xED, 0x7E, 0xED, 0x7E, 0xED, 0x7E, 0xED, 0x7E, 0xCD, 0x7E, 0xCD, 0x7E, 0xCD,
    0x7E, 0xCD, 0x7E, 0xCD, 0x7E, 0xCD, 0x7E, 0xCD, 0x7E, 0xCD, 0x7E, 0xCD, 0x7E, 0xCD, 0x7E, 0xCD, 0x7E, 0xCD, 0x7E, 0xCD, 0x7E, 0xCD, 0x7E, 0xCD,
    0x7E, 0xCD, 0x7E, 0xCE, 0x7E, 0xCE, 0x7E, 0xCE, 0x7E, 0xAD, 0xBE, 0x72, 0xDE, 0x77, 0xA6, 0x70, 0x7E, 0xAD, 0x7E, 0xCD, 0x7E, 0xCD, 0x7E, 0xCD,
    0x7E, 0xCD, 0x7E, 0xCD, 0x7E, 0xCD, 0x76, 0xCC, 0x9E, 0x70, 0xFD, 0xFA, 0xFD, 0xDA, 0xFE, 0x1B, 0xFD, 0xFA, 0xFD, 0xDA, 0xAE, 0x52, 0x76, 0xCD,
    0x7E, 0xCD, 0x7E, 0xCE, 0x86, 0xAD, 0xE7, 0x2E, 0xFF, 0x6D, 0xFF, 0x6D, 0xFF, 0x4C, 0xFF, 0x4C, 0xFF, 0x6C, 0xFF, 0x6C, 0xFF, 0x4C, 0xFF, 0x6C,
    0xFF, 0x6D, 0xFF, 0x8E, 0xAE, 0xEC, 0x6E, 0xAC, 0x7E, 0xCD, 0x76, 0xCD, 0x7E, 0xED, 0x7E, 0xCD, 0x7E, 0xCD, 0x7E, 0xED, 0x7E, 0xED, 0x7E, 0xED,
    0x8E, 0x8E, 0xC5, 0x30, 0xDC, 0xB2, 0xFC, 0x14, 0xFB, 0xF5, 0xFB, 0xF4, 0xFC, 0x14, 0xE4, 0x93, 0xD5, 0x12, 0x96, 0x4F, 0x76, 0xED, 0x7E, 0xED,
    0x7E, 0xED, 0x7E, 0xED, 0x7E, 0xED, 0x7E, 0xED, 0x7E, 0xED, 0x7E, 0xED, 0x7E, 0xED, 0x7E, 0xED, 0x7E, 0xED, 0x7E, 0xED, 0x7E, 0xED, 0x86, 0xEE,
    0x76, 0xCD, 0x7E, 0xCD, 0x7E, 0xCD, 0x7E, 0xCD, 0x7E, 0xED, 0x7E, 0xED, 0x7E, 0xED, 0x7E, 0xED, 0x7E, 0xEE, 0x7E, 0xEE, 0x7F, 0x2E, 0x9D, 0xCB,
    0xE9, 0xE6, 0xF2, 0x47, 0xF1, 0xE7, 0xF3, 0x69, 0xF6, 0x6E, 0xF4, 0x2A, 0xF2, 0x07, 0xF2, 0x47, 0xF1, 0xE6, 0x9D, 0x6B, 0x7F, 0x0E, 0x7E, 0xAD,
    0x7E, 0xCD, 0x7E, 0xCD, 0x7E, 0xCD, 0x7E, 0xED, 0x7E, 0xCD, 0x8E, 0xCC, 0x7E, 0xAD, 0x7E, 0xCD, 0x86, 0xEE, 0x7E, 0xED, 0x7E, 0xED, 0x7E, 0xCD,
    0x7E, 0xCD, 0x7E, 0xCD, 0x7E, 0xEE, 0x8E, 0x4D, 0xD2, 0x46, 0xE9, 0xC6, 0xEA, 0x07, 0xE9, 0xA6, 0xEC, 0x29, 0xFF, 0xCF, 0xFF, 0xAE, 0xF5, 0x2B,
    0xF1, 0xA6, 0xF2, 0x47, 0xF1, 0xE6, 0xDA, 0x87, 0x96, 0x6D, 0x7F, 0x0D, 0x86, 0xCD, 0x86, 0xED, 0x86, 0xCD, 0x7E, 0xCD, 0x7E, 0xCD, 0x7E, 0xCD,
    0x7E, 0xCD, 0x7E, 0xCD, 0x86, 0xCD, 0x7E, 0xAC, 0xAE, 0xCC, 0xEF, 0x6F, 0xCF, 0x2F, 0x7E, 0x8C, 0x76, 0x8D, 0x7E, 0xCD, 0x7E, 0xCE, 0x7E, 0xCD,
    0x7E, 0xCD, 0x7E, 0xCD, 0x7E, 0xCD, 0x7E, 0xCD, 0x7E, 0xCD, 0x7E, 0xCD, 0x7E, 0xCD, 0x7E, 0xCD, 0x7E, 0xCD, 0x7E, 0xED, 0x7E, 0xED, 0x7E, 0xED,
    0x7E, 0xCD, 0x7E, 0xCD, 0x7E, 0xCD, 0x7E, 0xCD, 0x7E, 0xED, 0x7E, 0xED, 0x76, 0xCD, 0x76, 0xAC, 0x96, 0xAB, 0xFF, 0x2C, 0xFF, 0x4C, 0xBE, 0xCC,
    0x7E, 0x8C, 0x7E, 0xAD, 0x76, 0xCD, 0x7E, 0xCD, 0x7E, 0xCD, 0x7E, 0xCD, 0x7E, 0xCD, 0x7E, 0xCD, 0x7E, 0xCD, 0x7E, 0xCD, 0x7E, 0xCD, 0x7E, 0xCD,
    0x7E, 0xCD, 0x7E, 0xCD, 0x7E, 0xED, 0x7E, 0xED, 0x7E, 0xED, 0x7E, 0xED, 0x7E, 0xED, 0x7E, 0xED, 0x7E, 0xED, 0x7E, 0xED, 0x7E, 0xED, 0x7E, 0xED,
    0x7E, 0xED, 0x7E, 0xED, 0x7E, 0xED, 0x7E, 0xED, 0x7E, 0xED, 0x7E, 0xED, 0x7E, 0xED, 0x7E, 0xED, 0x7E, 0xED, 0x7E, 0xED, 0x7E, 0xCD, 0x7E, 0xCD,
    0x7E, 0xCD, 0x7E, 0xCD, 0x7E, 0xCD, 0x7E, 0xCD, 0x7E, 0xCD, 0x7E, 0xCD, 0x7E, 0xCD, 0x7E, 0xCD, 0x7E, 0xED, 0x7E, 0xED, 0x7E, 0xED, 0x7E, 0xEC,
    0x7E, 0xED, 0x7E, 0xED, 0x7E, 0xED, 0x7E, 0xED, 0x7E, 0xED, 0x7E, 0xED, 0x7E, 0xED, 0x7E, 0xED, 0x7E, 0xED, 0x7E, 0xED, 0x7E, 0xED, 0x7E, 0xCD,
    0x7E, 0xED, 0x7E, 0xCD, 0x7E, 0xCD, 0x7E, 0xCD, 0x7E, 0xCD, 0x7E, 0xCD, 0x7E, 0xCD, 0x7E, 0xCD, 0x7E, 0xCD, 0x7E, 0xCD, 0x7E, 0xCD, 0x7E, 0xCD,
    0x7E, 0xCD, 0x7E, 0xCE, 0x7E, 0xCD, 0x76, 0xCC, 0xA6, 0x50, 0xFD, 0xF9, 0xFD, 0xFA, 0xEE, 0x17, 0x86, 0x4D, 0x7E, 0xAD, 0x7E, 0xCD, 0x7E, 0xCD,
    0x7E, 0xCD, 0x7E, 0xCD, 0x7E, 0xCD, 0x76, 0xCC, 0x9E, 0x90, 0xFE, 0x19, 0xFD, 0xDA, 0xE5, 0x96, 0xFD, 0xDA, 0xFD, 0xFB, 0xB6, 0x72, 0x76, 0xCC,
    0x7E, 0xCE, 0x76, 0xAD, 0xAF, 0x0E, 0xFF, 0x8D, 0xFF, 0x4D, 0xFF, 0x4D, 0xFF, 0x4C, 0xFF, 0x4D, 0xFE, 0xCA, 0xFF, 0x0A, 0xFF, 0x4C, 0xFF, 0x4B,
    0xFF, 0x4B, 0xFF, 0x6C, 0xE7, 0x4D, 0x76, 0xAC, 0x76, 0xCD, 0x76, 0xCD, 0x7E, 0xCD, 0x7E, 0xCD, 0x7E, 0xED, 0x7E, 0xED, 0x7E, 0xED, 0x7E, 0xED,
    0xCC, 0xF0, 0xFB, 0xD4, 0xFB, 0xF4, 0xFB, 0xD4, 0xFC, 0x14, 0xFB, 0xF4, 0xFB, 0xD4, 0xFC, 0x15, 0xFC, 0x15, 0xE4, 0xB3, 0x86, 0xAE, 0x7E, 0xED,
    0x7E, 0xED, 0x7E, 0xED, 0x7E, 0xED, 0x7E, 0xED, 0x7E, 0xED, 0x7E, 0xED, 0x7E, 0xED, 0x7E, 0xED, 0x7E, 0xED, 0x7E, 0xED, 0x7E, 0xED, 0x86, 0xEE,
    0x7E, 0xCD, 0x7E, 0xCD, 0x7E, 0xCD, 0x7E, 0xCD, 0x7E, 0xED, 0x7E, 0xED, 0x7E, 0xED, 0x7E, 0xED, 0x7E, 0xED, 0x7E, 0xEE, 0x7E, 0xEE, 0x86, 0xCD,
    0xCB, 0x68, 0xF2, 0x06, 0xE9, 0x86, 0xEC, 0xEB, 0xFF, 0xF3, 0xF5, 0xED, 0xF1, 0xE7, 0xFA, 0x07, 0xD3, 0xA8, 0x8E, 0xCE, 0x7E, 0xCD, 0x7E, 0xAD,
    0x7E, 0xCD, 0x7E, 0xCD, 0x7E, 0xCD, 0x7E, 0xCC, 0xC7, 0x0D, 0xF7, 0x6E, 0xDF, 0x4E, 0x86, 0xAC, 0x76, 0xCC, 0x7E, 0xCD, 0x7E, 0xED, 0x7E, 0xCD,
    0x7E, 0xCD, 0x7E, 0xCE, 0x7E, 0xCE, 0x86, 0xEE, 0xAC, 0xEB, 0xE2, 0x26, 0xEA, 0x06, 0xE9, 0xC6, 0xE3, 0x68, 0xFF, 0x4E, 0xFF, 0x8E, 0xF4, 0xAA,
    0xF1, 0xC6, 0xF2, 0x27, 0xEA, 0x67, 0xAD, 0x6C, 0x87, 0x0E, 0x86, 0xCD, 0x86, 0xED, 0x7E, 0xCD, 0x7E, 0xCD, 0x7E, 0xCD, 0x7E, 0xCD, 0x7E, 0xCD,
    0x7E, 0xCD, 0x7E, 0xCD, 0x7E, 0x8C, 0x8E, 0x4B, 0xF7, 0x2C, 0xFF, 0x4C, 0xFF, 0x8D, 0xC6, 0xCD, 0xA6, 0xAD, 0x8E, 0xAD, 0x76, 0xAD, 0x7E, 0xCD,
    0x7E, 0xCD, 0x7E, 0xCD, 0x7E, 0xCD, 0x7E, 0xCD, 0x7E, 0xCD, 0x7E, 0xCD, 0x7E, 0xCD, 0x7E, 0xED, 0x7E, 0xED, 0x7E, 0xED, 0x7E, 0xED, 0x7E, 0xED,
    0x7E, 0xED, 0x7E, 0xED, 0x7E, 0xCD, 0x7E, 0xCD, 0x7E, 0xED, 0x76, 0xEC, 0x96, 0xCC, 0xD7, 0x2D, 0xE7, 0x2C, 0xFF, 0x2B, 0xFF, 0x0A, 0xFF, 0x2B,
    0xEF, 0x4D, 0xCF, 0x2E, 0x7E, 0xCD, 0x7E, 0xCD, 0x7E, 0xCD, 0x7E, 0xCC, 0x7E, 0xCD, 0x7E, 0xCD, 0x7E, 0xCD, 0x7E, 0xCD, 0x7E, 0xCD, 0x7E, 0xCD,
    0x7E, 0xCD, 0x7E, 0xED, 0x7E, 0xED, 0x7E, 0xED, 0x7E, 0xED, 0x7E, 0xED, 0x7E, 0xEC, 0x7E, 0xEC, 0x7E, 0xED, 0x7E, 0xED, 0x7E, 0xEC, 0x7E, 0xED,
    0x7E, 0xED, 0x7E, 0xED, 0x7E, 0xED, 0x7E, 0xED, 0x7E, 0xED, 0x7E, 0xED, 0x7E, 0xED, 0x7E, 0xED, 0x7E, 0xED, 0x7E, 0xED, 0x7E, 0xED, 0x7E, 0xED,
    0x7E, 0xED, 0x7E, 0xCD, 0x7E, 0xCD, 0x7E, 0xCD, 0x7E, 0xCD, 0x7E, 0xCD, 0x7E, 0xCD, 0x7E, 0xED, 0x7E, 0xED, 0x7E, 0xED, 0x76, 0xED, 0x76, 0xED,
    0x7E, 0xED, 0x7E, 0xED, 0x7E, 0xED, 0x7E, 0xED, 0x7E, 0xED, 0x7E, 0xED, 0x7E, 0xED, 0x7E, 0xED, 0x7E, 0xED, 0x7E, 0xED, 0x7E, 0xED, 0x7E, 0xED,
    0x7E, 0xED, 0x7E, 0xED, 0x7E, 0xCD, 0x7E, 0xED, 0x7E, 0xED, 0x7E, 0xED, 0x7E, 0xCD, 0x7E, 0xCD, 0x7E, 0xCD, 0x7E, 0xCD, 0x7E, 0xCD, 0x7E, 0xCD,
    0x7E, 0xCE, 0x7E, 0xCD, 0xB6, 0x71, 0xDE, 0x15, 0xEE, 0x17, 0xFD, 0xFA, 0xFD, 0xD9, 0xFD, 0xF9, 0xE6, 0x17, 0xDE, 0x56, 0x9E, 0x90, 0x7E, 0xCD,
    0x7E, 0xCD, 0x7E, 0xCD, 0x7E, 0xCD, 0x7E, 0xCD, 0x7E, 0xAD, 0x9E, 0x90, 0xA6, 0x31, 0x64, 0xEA, 0xAE, 0x51, 0xAE, 0xB2, 0x7E, 0xCD, 0x7E, 0xCD,
    0x7E, 0xCD, 0x76, 0xAD, 0xA6, 0xEE, 0xFF, 0x8E, 0xFF, 0x4C, 0xFF, 0x4C, 0xFF, 0x6D, 0xFE, 0xC9, 0xFE, 0x06, 0xFE, 0x26, 0xFF, 0x0B, 0xFF, 0x4C,
    0xFF, 0x4C, 0xFF, 0x6D, 0xD7, 0x2C, 0x76, 0xAC, 0x7E, 0xCD, 0x76, 0xED, 0x7E, 0xED, 0x7E, 0xCD, 0x7E, 0xCD, 0x7E, 0xED, 0x7E, 0xED, 0x7E, 0xCD,
    0xDC, 0xB1, 0xFB, 0xF4, 0xFB, 0xF3, 0xFC, 0x53, 0xFF, 0x35, 0xF7, 0x16, 0xFC, 0x75, 0xFC, 0x14, 0xFC, 0x35, 0xEC, 0x94, 0x86, 0xAE, 0x7E, 0xED,
    0x7E, 0xED, 0x7E, 0xED, 0x7E, 0xED, 0x7E, 0xED, 0x7E, 0xED, 0x7E, 0xED, 0x7E, 0xED, 0x7E, 0xED, 0x7E, 0xED, 0x7F, 0x0D, 0x7E, 0xED, 0x87, 0x0E,
    0x7E, 0xCD, 0x7E, 0xCD, 0x7E, 0xCD, 0x7E, 0xCD, 0x7E, 0xED, 0x7E, 0xED, 0x7E, 0xED, 0x7E, 0xED, 0x7E, 0xEE, 0x7E, 0xEE, 0x86, 0xEE, 0x7F, 0x0E,
    0x9E, 0x4D, 0xEA, 0x67, 0xF1, 0xC6, 0xEA, 0x87, 0xEC, 0xAB, 0xF2, 0xE7, 0xF9, 0xE7, 0xF1, 0xE6, 0xBD, 0x0C, 0x87, 0x0E, 0x7E, 0xAD, 0x7E, 0xAD,
    0x7E, 0xAD, 0x7E, 0xAD, 0x7E, 0x8C, 0x9E, 0xAC, 0xFF, 0x6E, 0xFF, 0x6D, 0xFF, 0x8D, 0xCF, 0x0D, 0xBF, 0x0E, 0xA6, 0xEE, 0x76, 0xCD, 0x7E, 0xCD,
    0x7E, 0xCD, 0x7E, 0xCD, 0x7E, 0xCE, 0x86, 0xCD, 0x8F, 0x0F, 0xD3, 0xC9, 0xE9, 0xC6, 0xEA, 0x27, 0xE9, 0xE6, 0xEB, 0x48, 0xEB, 0xE9, 0xEA, 0x27,
    0xF2, 0x27, 0xF2, 0x07, 0xE2, 0xC8, 0x9E, 0x8E, 0x86, 0xED, 0x86, 0xCE, 0x7E, 0xED, 0x7E, 0xCD, 0x7E, 0xCD, 0x7E, 0xCD, 0x7E, 0xCD, 0x7E, 0xED,
    0x7E, 0xCD, 0x96, 0xCD, 0xDF, 0x0D, 0xEE, 0xEC, 0xFF, 0x2B, 0xFF, 0x2A, 0xFF, 0x2A, 0xFF, 0x6C, 0xFF, 0x6C, 0xEF, 0x6E, 0x96, 0xCD, 0x76, 0xCD,
    0x7E, 0xCD, 0x7E, 0xCD, 0x7E, 0xCD, 0x7E, 0xCD, 0x7E, 0xCD, 0x7E, 0xCD, 0x7E, 0xCD, 0x7E, 0xED, 0x7E, 0xED, 0x7E, 0xED, 0x7E, 0xED, 0x7E, 0xED,
    0x7E, 0xED, 0x7E, 0xED, 0x7E, 0xCD, 0x7E, 0xEC, 0x7E, 0xED, 0x76, 0xCD, 0xE7, 0x4C, 0xFF, 0x8C, 0xFF, 0x4B, 0xFF, 0x4E, 0xFF, 0x71, 0xFF, 0x4C,
    0xFF, 0x8A, 0xFF, 0xAD, 0x9E, 0xED, 0x76, 0xCD, 0x7E, 0xCD, 0x7E, 0xCD, 0x7E, 0xCD, 0x7E, 0xCD, 0x7E, 0xCD, 0x7E, 0xCD, 0x7E, 0xCD, 0x7E, 0xCD,
    0x7E, 0xCD, 0x7E, 0xEC, 0x7E, 0xED, 0x7E, 0xED, 0x7E, 0xED, 0x7E, 0xED, 0x7E, 0xEC, 0x7E, 0xED, 0x7E, 0xED, 0x7E, 0xED, 0x7E, 0xED, 0x7E, 0xEC,
    0x7E, 0xED, 0x7E, 0xED, 0x7E, 0xEC, 0x7E, 0xED, 0x7E, 0xED, 0x7E, 0xED, 0x7E, 0xED, 0x7E, 0xED, 0x7E, 0xED, 0x7E, 0xED, 0x7E, 0xED, 0x7E, 0xED,
    0x7E, 0xED, 0x7E, 0xED, 0x7E, 0xCD, 0x7E, 0xCD, 0x7E, 0xCD, 0x7E, 0xCD, 0x7E, 0xCD, 0x7E, 0xED, 0x7E, 0xED, 0x7E, 0xED, 0x7E, 0xEC, 0x7E, 0xED,
    0x7E, 0xED, 0x7E, 0xED, 0x76, 0xED, 0x7E, 0xED, 0x7E, 0xED, 0x7E, 0xED, 0x7E, 0xED, 0x7E, 0xED, 0x7E, 0xED, 0x7E, 0xED, 0x7E, 0xED, 0x7E, 0xED,
    0x7E, 0xCD, 0x7E, 0xED, 0x7E, 0xCD, 0x7E, 0xED, 0x7E, 0xED, 0x7E, 0xED, 0x7E, 0xED, 0x7E, 0xED, 0x7E, 0xCD, 0x7E, 0xED, 0x7E, 0xCD, 0x7E, 0xCD,
    0x7E, 0xED, 0x8E, 0xCF, 0xFE, 0x39, 0xFD, 0xFA, 0xFE, 0x1A, 0xFD, 0xFA, 0xFE, 0x1A, 0xFD, 0xF9, 0xFE, 0x1A, 0xFE, 0x1B, 0xE6, 0x58, 0x7E, 0xCD,
    0x7E, 0xCD, 0x7E, 0xCD, 0x7E, 0xCD, 0x7E, 0xCD, 0x7E, 0xCE, 0x7E, 0xED, 0x6E, 0x6C, 0x5D, 0x0A, 0x76, 0x8C, 0x76, 0xEC, 0x7E, 0xCD, 0x7E, 0xCD,
    0x7E, 0xCD, 0x7E, 0xCD, 0x7E, 0xAD, 0xC7, 0x2E, 0xF7, 0x4D, 0xFF, 0x4D, 0xFF, 0x6C, 0xFE, 0xC9, 0xFE, 0x05, 0xFE, 0x26, 0xFF, 0x2B, 0xFF, 0x4B,
    0xFF, 0x4C, 0xEF, 0x2D, 0x8E, 0xAC, 0x76, 0xAC, 0x7E, 0xCD, 0x7E, 0xCD, 0x7E, 0xED, 0x7E, 0xCD, 0x7E, 0xED, 0x7E, 0xCD, 0x7E, 0xCD, 0x76, 0xED,
    0xA5, 0xEF, 0xF4, 0x34, 0xFB, 0xB4, 0xF4, 0xB4, 0xFF, 0xF6, 0xFF, 0xF6, 0xF5, 0x35, 0xFB, 0xF5, 0xFC, 0x35, 0xBD, 0xB1, 0x76, 0xED, 0x7E, 0xED,
    0x7E, 0xED, 0x7E, 0xED, 0x7E, 0xED, 0x7E, 0xED, 0x7E, 0xED, 0x7E, 0xED, 0x7E, 0xED, 0x7E, 0xED, 0x7E, 0xED, 0x7E, 0xED, 0x7F, 0x0D, 0x87, 0x0E,
    0x76, 0xCD, 0x7E, 0xCD, 0x7E, 0xCD, 0x7E, 0xCD, 0x7E, 0xED, 0x7E, 0xED, 0x7E, 0xED, 0x7E, 0xEE, 0x7E, 0xED, 0x7E, 0xEE, 0x86, 0xCE, 0x7F, 0x0E,
    0xA5, 0xCB, 0xEA, 0x06, 0xF2, 0x27, 0xF1, 0xE6, 0xF9, 0x86, 0xF9, 0xE7, 0xF2, 0x47, 0xF9, 0xA6, 0xBC, 0x4A, 0x7F, 0x0E, 0x7E, 0xAD, 0x7E, 0xAD,
    0x7E, 0xAD, 0x96, 0xAD, 0xE7, 0x2D, 0xFF, 0x4C, 0xFF, 0x4C, 0xFF, 0x6C, 0xFF, 0x4C, 0xFF, 0x6D, 0xFF, 0x8D, 0xFF, 0x8F, 0x9E, 0xED, 0x76, 0xAD,
    0x7E, 0xCD, 0x7E, 0xCD, 0x7E, 0xCD, 0x7E, 0xEE, 0x96, 0x6D, 0xDA, 0x86, 0xEA, 0x07, 0xEA, 0x26, 0xEA, 0x27, 0xF1, 0xE7, 0xF1, 0xC6, 0xF2, 0x27,
    0xF2, 0x27, 0xF2, 0x27, 0xE9, 0xE6, 0xA5, 0x8C, 0x7F, 0x0E, 0x86, 0xCD, 0x7E, 0xCD, 0x7E, 0xCD, 0x7E, 0xED, 0x7E, 0xCE, 0x7E, 0xED, 0x7E, 0xED,
    0x7E, 0xCC, 0xE7, 0x2E, 0xFF, 0x4D, 0xFF, 0x2C, 0xFF, 0x2C, 0xFF, 0x4F, 0xFF, 0x4D, 0xFF, 0x2A, 0xFF, 0x4A, 0xFF, 0x8C, 0xC7, 0x2E, 0x76, 0xAC,
    0x7E, 0xCD, 0x7E, 0xCD, 0x7E, 0xCD, 0x7E, 0xCD, 0x7E, 0xCD, 0x7E, 0xCD, 0x7E, 0xED, 0x7E, 0xED, 0x7E, 0xED, 0x7E, 0xED, 0x7E, 0xEC, 0x7E, 0xED,
    0x7E, 0xED, 0x7E, 0xED, 0x7E, 0xED, 0x7E, 0xED, 0x7E, 0xED, 0x76, 0xCD, 0xB7, 0x0C, 0xF7, 0x6C, 0xFF, 0x4B, 0xFF, 0xB6, 0xFF, 0xFE, 0xFF, 0x8F,
    0xFF, 0x6A, 0xDF, 0x4C, 0x86, 0xCD, 0x7E, 0xCD, 0x7E, 0xED, 0x7E, 0xCD, 0x7E, 0xED, 0x7E, 0xED, 0x7E, 0xCD, 0x7E, 0xEC, 0x7E, 0xED, 0x7E, 0xED,
    0x7E, 0xED, 0x7E, 0xED, 0x7E, 0xED, 0x7E, 0xED, 0x7E, 0xED, 0x7E, 0xEC, 0x7E, 0xED, 0x7E, 0xED, 0x7E, 0xED, 0x7E, 0xEC, 0x7E, 0xED, 0x7E, 0xED,
    0x7E, 0xEC, 0x7E, 0xED, 0x7E, 0xEC, 0x7E, 0xEC, 0x7E, 0xED, 0x7E, 0xED, 0x7E, 0xED, 0x7E, 0xED, 0x7E, 0xED, 0x7E, 0xED, 0x7E, 0xED, 0x7E, 0xED,
    0x7E, 0xED, 0x7E, 0xED, 0x7E, 0xED, 0x7E, 0xED, 0x7E, 0xCD, 0x7E, 0xED, 0x7E, 0xED, 0x7E, 0xED, 0x7E, 0xED, 0x7E, 0xED, 0x7E, 0xED, 0x7E, 0xEC,
    0x7E, 0xCD, 0x7E, 0xED, 0x7E, 0xED, 0x7E, 0xED, 0x7E, 0xED, 0x7E, 0xED, 0x7E, 0xED, 0x7E, 0xED, 0x7E, 0xED, 0x7E, 0xED, 0x7E, 0xED, 0x7E, 0xED,
    0x7E, 0xED, 0x7E, 0xED, 0x7E, 0xED, 0x7E, 0xED, 0x7E, 0xED, 0x7E, 0xED, 0x7E, 0xED, 0x7E, 0xED, 0x7E, 0xED, 0x7E, 0xED, 0x7E, 0xED, 0x7E, 0xCE,
    0x7E, 0xCD, 0x86, 0xCE, 0xEE, 0x77, 0xFE, 0x1A, 0xFD, 0xF9, 0xFF, 0x3D, 0xFF, 0xFE, 0xFE, 0x7A, 0xFD, 0xF9, 0xFE, 0x3A, 0xCE, 0x75, 0x76, 0xCD,
    0x7E, 0xCD, 0x7E, 0xCD, 0x7E, 0xCE, 0x7E, 0xCD, 0x7E, 0xCE, 0x86, 0xEE, 0x7E, 0xAE, 0x6D, 0xEC, 0x7E, 0xAD, 0x7E, 0xED, 0x7E, 0xCD, 0x7E, 0xCD,
    0x7E, 0xCD, 0x7E, 0xCD, 0x7E, 0xCD, 0x7E, 0x8D, 0xDF, 0x0D, 0xFF, 0x4D, 0xFF, 0x4C, 0xFF, 0x4D, 0xFE, 0xCA, 0xFF, 0x0A, 0xFF, 0x4C, 0xFF, 0x4C,
    0xFF, 0x4C, 0x9E, 0x8C, 0x76, 0xAC, 0x7E, 0xCD, 0x7E, 0xCD, 0x7E, 0xCD, 0x7E, 0xED, 0x7E, 0xCD, 0x7E, 0xED, 0x7E, 0xCD, 0x7E, 0xCE, 0x7E, 0xCD,
    0x7E, 0xCE, 0xDC, 0xB3, 0xFB, 0xD4, 0xFB, 0xD4, 0xF5, 0x13, 0xED, 0x54, 0xF4, 0x34, 0xFB, 0xF5, 0xD4, 0xD2, 0x7E, 0xCD, 0x7E, 0xED, 0x7E, 0xCD,
    0x7E, 0xED, 0x7E, 0xED, 0x7E, 0xED, 0x7E, 0xED, 0x7E, 0xED, 0x7E, 0xED, 0x7E, 0xED, 0x7E, 0xED, 0x7E, 0xED, 0x7E, 0xED, 0x87, 0x0D, 0x87, 0x0E,
    0x76, 0xAD, 0x7E, 0xCD, 0x7E, 0xCD, 0x7E, 0xCD, 0x7E, 0xED, 0x7E, 0xED, 0x7E, 0xED, 0x7E, 0xED, 0x7E, 0xED, 0x7E, 0xED, 0x7E, 0xED, 0x7F, 0x0E,
    0x8E, 0x6D, 0xDA, 0xC8, 0xF9, 0xC6, 0xF2, 0x06, 0xDA, 0xC7, 0xF2, 0x07, 0xF9, 0xA7, 0xEA, 0x47, 0x9D, 0xEC, 0x7E, 0xED, 0x7E, 0xAD, 0x7E, 0xCD,
    0x76, 0xAC, 0xC7, 0x0D, 0xFF, 0x6C, 0xFF, 0x2B, 0xFF, 0x4C, 0xFF, 0xD8, 0xFF, 0xB6, 0xFF, 0x6C, 0xFF, 0x6C, 0xFF, 0xAE, 0xB7, 0x0D, 0x76, 0xAD,
    0x7E, 0xAD, 0x7E, 0xAD, 0x7E, 0xCD, 0x7E, 0xEE, 0x96, 0x6D, 0xDA, 0x46, 0xEA, 0x06, 0xEA, 0x27, 0xEA, 0x26, 0xF2, 0x27, 0xF2, 0x27, 0xF2, 0x27,
    0xF2, 0x47, 0xF2, 0x27, 0xE2, 0x27, 0x9E, 0x0D, 0x7F, 0x0E, 0x86, 0xCE, 0x7E, 0xED, 0x7E, 0xED, 0x7E, 0xED, 0x7E, 0xCD, 0x7E, 0xED, 0x7E, 0xED,
    0x7E, 0xCD, 0xDF, 0x2E, 0xFF, 0x4D, 0xFF, 0x0A, 0xFF, 0x70, 0xFF, 0xFF, 0xFF, 0xB8, 0xFF, 0x2A, 0xFF, 0x2A, 0xEF, 0x4D, 0x96, 0xCD, 0x76, 0xAD,
    0x7E, 0xCD, 0x7E, 0xCD, 0x7E, 0xCD, 0x7E, 0xCD, 0x7E, 0xCC, 0x7E, 0xCD, 0x7E, 0xCD, 0x7E, 0xED, 0x7E, 0xED, 0x7E, 0xED, 0x7E, 0xED, 0x7E, 0xED,
    0x7E, 0xED, 0x7E, 0xED, 0x7E, 0xED, 0x7E, 0xED, 0x7E, 0xCD, 0x7E, 0xED, 0x76, 0xAC, 0xD7, 0x0B, 0xFF, 0x8C, 0xFF, 0x6E, 0xFF, 0x92, 0xFF, 0x6C,
    0xFF, 0x8C, 0xAE, 0xEC, 0x76, 0xCD, 0x7E, 0xED, 0x7E, 0xED, 0x7E, 0xED, 0x7E, 0xED, 0x7E, 0xED, 0x7E, 0xED, 0x7E, 0xED, 0x7E, 0xED, 0x7E, 0xED,
    0x7E, 0xED, 0x7E, 0xED, 0x7E, 0xEC, 0x7E, 0xEC, 0x7E, 0xEC, 0x7E, 0xED, 0x7E, 0xEC, 0x7E, 0xED, 0x7E, 0xED, 0x7E, 0xED, 0x7E, 0xCD, 0x7E, 0xCC,
    0x7E, 0xED, 0x7E, 0xED, 0x7E, 0xED, 0x7E, 0xED, 0x7E, 0xED, 0x7E, 0xED, 0x7E, 0xED, 0x7E, 0xED, 0x7E, 0xED, 0x7E, 0xEC, 0x7E, 0xED, 0x7E, 0xED,
    0x7E, 0xED, 0x7E, 0xED, 0x7E, 0xED, 0x7E, 0xED, 0x7E, 0xED, 0x7E, 0xED, 0x7E, 0xED, 0x76, 0xED, 0x76, 0xED, 0x7E, 0xED, 0x7E, 0xEC, 0x76, 0xEC,
    0x76, 0xED, 0x76, 0xED, 0x7E, 0xEC, 0x7E, 0xED, 0x7E, 0xED, 0x7E, 0xED, 0x7E, 0xED, 0x7E, 0xED, 0x7E, 0xED, 0x7E, 0xED, 0x7E, 0xED, 0x7E, 0xED,
    0x7E, 0xED, 0x7E, 0xCD, 0x7E, 0xED, 0x7E, 0xED, 0x7E, 0xED, 0x7E, 0xED, 0x7E, 0xED, 0x7E, 0xED, 0x7E, 0xED, 0x7E, 0xED, 0x7E, 0xED, 0x7E, 0xED,
    0x7E, 0xED, 0x76, 0xCD, 0x8E, 0x4F, 0xF6, 0x19, 0xFD, 0xFA, 0xFE, 0xFC, 0xFF, 0xDE, 0xFE, 0x5B, 0xFD, 0xFA, 0xDE, 0x36, 0x7E, 0xAE, 0x7E, 0xED,
    0x7E, 0xCE, 0x7E, 0xED, 0x7E, 0xCD, 0x7E, 0xCE, 0x7E, 0xED, 0x7E, 0xED, 0x7E, 0xED, 0x7E, 0xEE, 0x7E, 0xCE, 0x7E, 0xCD, 0x7E, 0xCD, 0x7E, 0xED,
    0x7E, 0xCD, 0x7E, 0xCE, 0x7E, 0xCD, 0x96, 0xED, 0xFF, 0x6D, 0xFF, 0x4D, 0xFF, 0x4D, 0xFF, 0x4D, 0xFF, 0x6D, 0xFF, 0x4C, 0xFF, 0x4C, 0xFF, 0x4C,
    0xFF, 0x6C, 0xBE, 0xEE, 0x76, 0xCC, 0x7E, 0xED, 0x7E, 0xCD, 0x7E, 0xCD, 0x7E, 0xED, 0x7E, 0xED, 0x7E, 0xED, 0x7E, 0xCD, 0x7E, 0xCD, 0x7E, 0xED,
    0x86, 0x6E, 0xEC, 0x33, 0xFB, 0xF4, 0xFC, 0x14, 0xFB, 0xB4, 0xFB, 0xD4, 0xF4, 0x14, 0xFB, 0xF4, 0xCC, 0xF2, 0x77, 0x0D, 0x7E, 0xCD, 0x7E, 0xED,
    0x7E, 0xED, 0x7E, 0xED, 0x7E, 0xED, 0x7E, 0xED, 0x7E, 0xED, 0x7E, 0xED, 0x7E, 0xED, 0x7E, 0xED, 0x7E, 0xED, 0x7E, 0xED, 0x87, 0x0E, 0x87, 0x0E,
    0x76, 0xCC, 0x7E, 0xCD, 0x7E, 0xCD, 0x7E, 0xCD, 0x7E, 0xED, 0x7E, 0xED, 0x7E, 0xED, 0x7E, 0xED, 0x7E, 0xED, 0x7E, 0xED, 0x7E, 0xEE, 0x7E, 0xCD,
    0x7F, 0x0E, 0x9E, 0x2D, 0xBC, 0x4A, 0xA4, 0x8A, 0x64, 0x87, 0xAC, 0xCA, 0xC4, 0x2A, 0x9D, 0xEB, 0x7F, 0x0D, 0x7E, 0xCD, 0x7E, 0xCD, 0x7E, 0xCD,
    0x76, 0xAD, 0xA6, 0xED, 0xFF, 0x6D, 0xFF, 0x4C, 0xFF, 0x4D, 0xFF, 0xFE, 0xFF, 0xFD, 0xFF, 0x6D, 0xFF, 0x8B, 0xD7, 0x2D, 0x7E, 0xAC, 0x7E, 0xAD,
    0x7E, 0xAD, 0x7E, 0xAD, 0x7E, 0xCD, 0x7E, 0xCD, 0x87, 0x0E, 0xB4, 0xAA, 0xE2, 0x05, 0xE9, 0xC6, 0xE9, 0xC5, 0xAB, 0x07, 0x93, 0x88, 0xEA, 0x67,
    0xF1, 0xC7, 0xE9, 0xE7, 0xBC, 0x6A, 0x87, 0x0D, 0x7E, 0xED, 0x7E, 0xED, 0x7E, 0xED, 0x7E, 0xED, 0x7E, 0xCD, 0x7E, 0xED, 0x7E, 0xED, 0x7E, 0xEE,
    0x7E, 0xED, 0x8E, 0xCD, 0xDF, 0x0D, 0xFF, 0x2B, 0xFF, 0x2D, 0xF7, 0xB7, 0xFF, 0x94, 0xFF, 0x2A, 0xFF, 0x2B, 0xA6, 0x6B, 0x76, 0x8C, 0x7E, 0xCD,
    0x7E, 0xCC, 0x7E, 0xCD, 0x7E, 0xCC, 0x7E, 0xCD, 0x7E, 0xCD, 0x7E, 0xED, 0x7E, 0xED, 0x7E, 0xED, 0x7E, 0xED, 0x7E, 0xED, 0x7E, 0xED, 0x7E, 0xED,
    0x7E, 0xED, 0x7E, 0xED, 0x7E, 0xED, 0x7E, 0xED, 0x7E, 0xED, 0x7E, 0xED, 0x76, 0xCD, 0xE7, 0x6D, 0xFF, 0x8C, 0xFF, 0x8C, 0xFF, 0x6B, 0xFF, 0x6C,
    0xFF, 0xAD, 0xD7, 0x6D, 0x76, 0xCD, 0x7E, 0xED, 0x7E, 0xED, 0x7E, 0xED, 0x7E, 0xED, 0x7E, 0xED, 0x7E, 0xED, 0x7E, 0xED, 0x7E, 0xED, 0x7E, 0xED,
    0x7E, 0xED, 0x7E, 0xEC, 0x7E, 0xEC, 0x7E, 0xED, 0x7E, 0xEC, 0x7E, 0xED, 0x7E, 0xED, 0x7E, 0xED, 0x7E, 0xED, 0x7E, 0xED, 0x7E, 0xED, 0x7E, 0xED,
    0x7E, 0xED, 0x7E, 0xED, 0x7E, 0xEC, 0x7E, 0xED, 0x7E, 0xEC, 0x7E, 0xED, 0x7E, 0xED, 0x7E, 0xED, 0x7E, 0xED, 0x7E, 0xED, 0x7E, 0xEC, 0x7E, 0xED,
    0x7E, 0xED, 0x76, 0xED, 0x7E, 0xED, 0x7E, 0xEC, 0x7E, 0xED, 0x7E, 0xED, 0x76, 0xED, 0x76, 0xEC, 0x76, 0xEC, 0x76, 0xED, 0x76, 0xEC, 0x76, 0xED,
    0x76, 0xEC, 0x7E, 0xED, 0x7E, 0xED, 0x7E, 0xED, 0x7E, 0xED, 0x7E, 0xED, 0x7E, 0xED, 0x7E, 0xED, 0x7E, 0xED, 0x7E, 0xED, 0x7E, 0xCD, 0x7E, 0xED,
    0x7E, 0xED, 0x7E, 0xED, 0x7E, 0xED, 0x7E, 0xED, 0x7E, 0xED, 0x7E, 0xED, 0x7E, 0xED, 0x7E, 0xED, 0x7E, 0xED, 0x7E, 0xED, 0x7E, 0xED, 0x7E, 0xED,
    0x7E, 0xED, 0x76, 0xCD, 0x96, 0x70, 0xFE, 0x1A, 0xFD, 0xFA, 0xFD, 0xFA, 0xFE, 0x1A, 0xFE, 0x19, 0xFE, 0x1A, 0xE6, 0x58, 0x86, 0xCE, 0x7E, 0xED,
    0x7E, 0xCD, 0x7E, 0xCD, 0x7E, 0xED, 0x7E, 0xED, 0x7E, 0xEE, 0x7E, 0xCD, 0x7E, 0xCD, 0x7E, 0xCD, 0x7E, 0xCD, 0x7E, 0xCD, 0x7E, 0xCD, 0x7E, 0xED,
    0x7E, 0xED, 0x7E, 0xCD, 0x76, 0xCD, 0x96, 0xCE, 0xFF, 0x6E, 0xFF, 0x4D, 0xFF, 0x4D, 0xFF, 0x4D, 0xF7, 0x2D, 0xFF, 0x4B, 0xFF, 0x4C, 0xFF, 0x4B,
    0xFF, 0x6C, 0xBF, 0x0E, 0x76, 0xCD, 0x7E, 0xED, 0x7E, 0xED, 0x7E, 0xED, 0x7E, 0xED, 0x7E, 0xCD, 0x7E, 0xED, 0x7E, 0xCD, 0x7E, 0xCD, 0x7E, 0xCD,
    0x7E, 0xCE, 0xCC, 0xD2, 0xFB, 0xD4, 0xFB, 0xD4, 0xDC, 0x32, 0xDC, 0x12, 0xFB, 0xF5, 0xFB, 0xB5, 0xBD, 0x91, 0x77, 0x0D, 0x7E, 0xCD, 0x7E, 0xED,
    0x7E, 0xED, 0x7E, 0xED, 0x7E, 0xED, 0x7E, 0xED, 0x7E, 0xED, 0x7E, 0xED, 0x7E, 0xED, 0x7E, 0xED, 0x7E, 0xED, 0x7F, 0x0D, 0x7F, 0x0E, 0x87, 0x0E,
    0x7E, 0xAD, 0x7E, 0xCD, 0x7E, 0xCD, 0x7E, 0xED, 0x7E, 0xED, 0x7E, 0xED, 0x7E, 0xED, 0x7E, 0xED, 0x7E, 0xED, 0x7E, 0xED, 0x7E, 0xED, 0x7E, 0xED,
    0x7E, 0xED, 0x7F, 0x0E, 0x87, 0x6F, 0x7E, 0xEE, 0x54, 0x87, 0x76, 0x6C, 0x7F, 0x4E, 0x7F, 0x0D, 0x7E, 0xCD, 0x7E, 0xCD, 0x7E, 0xCD, 0x7E, 0xCD,
    0x7E, 0xCD, 0x76, 0xAD, 0xBE, 0xEB, 0xFF, 0x6C, 0xFF, 0x4B, 0xFF, 0x70, 0xFF, 0x90, 0xFF, 0x8B, 0xFF, 0x8D, 0xA6, 0x8C, 0x76, 0x8C, 0x7E, 0xAD,
    0x7E, 0xAD, 0x7E, 0xCD, 0x7E, 0xCD, 0x86, 0xCE, 0x7E, 0xEE, 0x87, 0x0E, 0x9D, 0xCB, 0xAC, 0xCA, 0xA5, 0xAB, 0x64, 0xEA, 0x54, 0x89, 0xA6, 0x0D,
    0xB4, 0xEB, 0xA5, 0xAC, 0x86, 0xEE, 0x7E, 0xED, 0x7E, 0xED, 0x7E, 0xED, 0x7E, 0xED, 0x7E, 0xED, 0x7E, 0xED, 0x7E, 0xED, 0x7E, 0xED, 0x7E, 0xED,
    0x7E, 0xED, 0x7E, 0xCD, 0xDF, 0x0D, 0xFF, 0x2B, 0xFF, 0x0B, 0xFF, 0x2B, 0xFF, 0x2C, 0xFF, 0x2B, 0xFF, 0x2B, 0xD6, 0xEC, 0x76, 0x8C, 0x7E, 0xCD,
    0x7E, 0xCC, 0x7E, 0xCD, 0x7E, 0xCD, 0x7E, 0xCD, 0x7E, 0xEC, 0x7E, 0xED, 0x7E, 0xED, 0x7E, 0xED, 0x7E, 0xED, 0x7E, 0xED, 0x7E, 0xED, 0x7E, 0xED,
    0x7E, 0xED, 0x7E, 0xED, 0x7E, 0xED, 0x7E, 0xED, 0x7E, 0xED, 0x7E, 0xED, 0x76, 0xCD, 0xB7, 0x0C, 0xF7, 0xAE, 0xD7, 0x0D, 0x95, 0x8A, 0xE7, 0x6E,
    0xE7, 0x8E, 0x9E, 0xED, 0x7E, 0xED, 0x7E, 0xED, 0x7E, 0xED, 0x7E, 0xED, 0x7E, 0xED, 0x7E, 0xED, 0x7E, 0xED, 0x7E, 0xED, 0x7E, 0xED, 0x7E, 0xEC,
    0x7E, 0xEC, 0x7E, 0xEC, 0x7E, 0xEC, 0x7E, 0xEC, 0x7E, 0xED, 0x7E, 0xED, 0x7E, 0xED, 0x7E, 0xED, 0x7E, 0xED, 0x7E, 0xED, 0x7E, 0xED, 0x7E, 0xED,
    0x7E, 0xED, 0x7E, 0xED, 0x7E, 0xEC, 0x7E, 0xEC, 0x7E, 0xED, 0x7E, 0xED, 0x7E, 0xED, 0x7E, 0xED, 0x7E, 0xED, 0x7E, 0xED, 0x7E, 0xED, 0x7E, 0xED,
    0x7E, 0xEC, 0x7E, 0xEC, 0x7E, 0xED, 0x7E, 0xED, 0x7E, 0xED, 0x7E, 0xED, 0x76, 0xED, 0x76, 0xED, 0x76, 0xED, 0x76, 0xED, 0x76, 0xEC, 0x76, 0xED,
    0x76, 0xED, 0x7E, 0xED, 0x7E, 0xED, 0x7E, 0xED, 0x7E, 0xED, 0x7E, 0xED, 0x7E, 0xED, 0x7E, 0xED, 0x7E, 0xED, 0x7E, 0xED, 0x7E, 0xED, 0x7E, 0xCD,
    0x7E, 0xED, 0x7E, 0xED, 0x7E, 0xED, 0x7E, 0xED, 0x7E, 0xED, 0x7E, 0xED, 0x7E, 0xED, 0x7E, 0xED, 0x7E, 0xED, 0x7E, 0xED, 0x7E, 0xED, 0x7E, 0xED,
    0x7E, 0xED, 0x76, 0xCD, 0xA6, 0x91, 0xFE, 0x1A, 0xFD, 0xDA, 0xFD, 0xFA, 0xF5, 0xF9, 0xFE, 0x3B, 0xFE, 0x3B, 0xEE, 0x78, 0x86, 0xCD, 0x7E, 0xED,
    0x7E, 0xCD, 0x7E, 0xED, 0x7E, 0xEE, 0x7E, 0xED, 0x7E, 0xED, 0x7E, 0xCD, 0x7E, 0xCD, 0x7E, 0xCD, 0x7E, 0xCD, 0x7E, 0xCD, 0x7E, 0xCD, 0x7E, 0xCD,
    0x7E, 0xED, 0x7E, 0xCD, 0x7E, 0xCD, 0x7E, 0xCD, 0xC7, 0x2E, 0xFF, 0x6D, 0xFF, 0x6D, 0xE7, 0x0E, 0x75, 0x0B, 0xE6, 0xCD, 0xFF, 0x6C, 0xFF, 0x4C,
    0xE7, 0x2D, 0x8E, 0xAD, 0x76, 0xED, 0x7E, 0xCD, 0x7E, 0xED, 0x7E, 0xCD, 0x7E, 0xCD, 0x7E, 0xED, 0x7E, 0xED, 0x7E, 0xCD, 0x7E, 0xCD, 0x7E, 0xCD,
    0x76, 0xED, 0x86, 0x8E, 0xAD, 0x51, 0xCD, 0x53, 0x6C, 0xEC, 0x74, 0xCC, 0xD4, 0xF3, 0xD4, 0xF3, 0x8E, 0xCE, 0x7E, 0xED, 0x7E, 0xED, 0x7E, 0xED,
    0x7E, 0xED, 0x7E, 0xED, 0x7E, 0xED, 0x7E, 0xED, 0x7E, 0xED, 0x7E, 0xED, 0x7E, 0xED, 0x7E, 0xED, 0x7E, 0xED, 0x7F, 0x0E, 0x87, 0x0E, 0x87, 0x0E,
    0x7E, 0xCD, 0x7E, 0xCD, 0x7E, 0xCD, 0x7E, 0xED, 0x7E, 0xED, 0x7E, 0xED, 0x7E, 0xED, 0x7E, 0xED, 0x7E, 0xED, 0x7E, 0xED, 0x7E, 0xED, 0x7E, 0xED,
    0x7E, 0xED, 0x7E, 0xCE, 0x86, 0xEE, 0x7E, 0xAD, 0x54, 0xE8, 0x76, 0x4C, 0x7E, 0xED, 0x7E, 0xCD, 0x7E, 0xED, 0x7E, 0xCD, 0x7E, 0xCE, 0x7E, 0xCD,
    0x7E, 0xED, 0x76, 0xCD, 0xBF, 0x0C, 0xFF, 0x8B, 0xFF, 0x6B, 0xFF, 0x6A, 0xFF, 0xAB, 0xFF, 0x8C, 0xFF, 0xCE, 0xCF, 0x2F, 0x76, 0x8C, 0x7E, 0xCD,
    0x7E, 0xCD, 0x7E, 0xCD, 0x7E, 0xCD, 0x7E, 0xCE, 0x86, 0xCE, 0x86, 0xCE, 0x7F, 0x0E, 0x7F, 0x2F, 0x87, 0x6F, 0x65, 0x4B, 0x54, 0x69, 0x87, 0x0E,
    0x87, 0x4F, 0x7F, 0x2E, 0x86, 0xEE, 0x86, 0xCE, 0x7E, 0xED, 0x7E, 0xED, 0x7E, 0xED, 0x7E, 0xED, 0x7E, 0xED, 0x7E, 0xED, 0x7E, 0xED, 0x7E, 0xED,
    0x7E, 0xED, 0x86, 0xCD, 0xF7, 0x4D, 0xFF, 0x2B, 0xFF, 0x2B, 0xF6, 0xEB, 0xFF, 0x2C, 0xFF, 0x2B, 0xFF, 0x4C, 0xCF, 0x0D, 0x76, 0x8C, 0x7E, 0xCC,
    0x76, 0xCD, 0x7E, 0xCC, 0x7E, 0xCD, 0x7E, 0xCD, 0x7E, 0xED, 0x7E, 0xEC, 0x7E, 0xED, 0x7E, 0xEC, 0x7E, 0xED, 0x7E, 0xED, 0x7E, 0xED, 0x7E, 0xED,
    0x7E, 0xED, 0x7E, 0xED, 0x7E, 0xED, 0x7E, 0xED, 0x7E, 0xED, 0x7E, 0xED, 0x7E, 0xED, 0x76, 0xCC, 0x86, 0xCD, 0x7E, 0x6D, 0x54, 0xE9, 0x7E, 0x8C,
    0x7E, 0xCD, 0x7E, 0xCC, 0x7E, 0xED, 0x7E, 0xED, 0x7E, 0xED, 0x7E, 0xED, 0x7E, 0xED, 0x7E, 0xED, 0x7E, 0xED, 0x7E, 0xED, 0x7E, 0xEC, 0x7E, 0xED,
    0x7E, 0xEC, 0x7E, 0xED, 0x7E, 0xED, 0x7E, 0xED, 0x7E, 0xED, 0x7E, 0xED, 0x7E, 0xED, 0x7E, 0xED, 0x7E, 0xED, 0x7E, 0xED, 0x7E, 0xED, 0x7E, 0xEC,
    0x7E, 0xED, 0x7E, 0xED, 0x7E, 0xED, 0x7E, 0xED, 0x7E, 0xED, 0x7E, 0xED, 0x7E, 0xED, 0x7E, 0xED, 0x7E, 0xED, 0x7E, 0xED, 0x7E, 0xED, 0x7E, 0xED,
    0x7E, 0xEC, 0x7E, 0xED, 0x7E, 0xED, 0x7E, 0xED, 0x7E, 0xED, 0x76, 0xEC, 0x7E, 0xED, 0x7E, 0xED, 0x76, 0xED, 0x76, 0xED, 0x76, 0xED, 0x7E, 0xEC,
    0x7E, 0xED, 0x7E, 0xED, 0x7E, 0xED, 0x7E, 0xED, 0x7E, 0xED, 0x7E, 0xED, 0x7E, 0xED, 0x7E, 0xCD, 0x7E, 0xED, 0x7E, 0xCD, 0x7E, 0xCD, 0x7E, 0xCD,
    0x7E, 0xED, 0x7E, 0xED, 0x7E, 0xED, 0x7E, 0xED, 0x7E, 0xED, 0x7E, 0xED, 0x7E, 0xED, 0x7E, 0xED, 0x7E, 0xED, 0x7E, 0xED, 0x7E, 0xED, 0x7E, 0xED,
    0x7E, 0xED, 0x76, 0xED, 0x7E, 0xCE, 0xC6, 0x54, 0xEE, 0x38, 0xAD, 0x92, 0x74, 0xED, 0xE6, 0x77, 0xE6, 0x78, 0xA6, 0xB1, 0x76, 0xCD, 0x7E, 0xED,
    0x7E, 0xCD, 0x7E, 0xED, 0x7E, 0xED, 0x7E, 0xEE, 0x7E, 0xED, 0x7E, 0xED, 0x7E, 0xCD, 0x7E, 0xCD, 0x7E, 0xCD, 0x7E, 0xCD, 0x7E, 0xCD, 0x7E, 0xCD,
    0x7E, 0xED, 0x7E, 0xED, 0x7E, 0xCD, 0x7E, 0xCD, 0x7E, 0xAD, 0xA6, 0xCD, 0xAF, 0x0E, 0x86, 0x6E, 0x54, 0x4A, 0x7D, 0xAD, 0xAE, 0xEE, 0xA7, 0x0E,
    0x86, 0xAD, 0x76, 0xAD, 0x7E, 0xED, 0x7E, 0xCD, 0x7E, 0xED, 0x7E, 0xED, 0x7E, 0xED, 0x7E, 0xED, 0x7E, 0xCD, 0x7E, 0xCD, 0x7E, 0xCD, 0x7E, 0xCD,
    0x7E, 0xCD, 0x7E, 0xED, 0x76, 0xED, 0x77, 0x0E, 0x65, 0x2B, 0x65, 0x0B, 0x7E, 0xEE, 0x77, 0x0D, 0x7E, 0xED, 0x7E, 0xED, 0x7E, 0xED, 0x7E, 0xED,
    0x7E, 0xED, 0x7E, 0xED, 0x7E, 0xED, 0x7E, 0xED, 0x7E, 0xED, 0x7E, 0xED, 0x7E, 0xED, 0x7E, 0xED, 0x7E, 0xED, 0x7F, 0x0E, 0x7F, 0x0E, 0x87, 0x0E,
    0x7E, 0xCD, 0x7E, 0xCD, 0x7E, 0xCD, 0x7E, 0xED, 0x7E, 0xED, 0x7E, 0xED, 0x7E, 0xED, 0x7E, 0xCD, 0x7E, 0xED, 0x7E, 0xED, 0x7E, 0xED, 0x7E, 0xED,
    0x7E, 0xED, 0x7E, 0xED, 0x7E, 0xEE, 0x7E, 0xEE, 0x7E, 0xAD, 0x7E, 0xCD, 0x7E, 0xCD, 0x7E, 0xCD, 0x7E, 0xCD, 0x7E, 0xED, 0x7E, 0xCD, 0x7E, 0xCD,
    0x7E, 0xED, 0x76, 0xCD, 0x96, 0xED, 0xF7, 0x8D, 0xFF, 0xCD, 0xCE, 0xAB, 0xCE, 0x8B, 0xFF, 0xCE, 0xFF, 0xCF, 0x9E, 0xCD, 0x76, 0xAC, 0x7E, 0xCD,
    0x7E, 0xCD, 0x7E, 0xCD, 0x7E, 0xCD, 0x7E, 0xED, 0x7E, 0xCE, 0x86, 0xCE, 0x86, 0xCD, 0x86, 0xCD, 0x87, 0x0E, 0x65, 0x6B, 0x54, 0x89, 0x86, 0xEE,
    0x86, 0xEE, 0x86, 0xCE, 0x86, 0xEE, 0x86, 0xED, 0x7E, 0xED, 0x7E, 0xED, 0x7E, 0xED, 0x7E, 0xED, 0x7E, 0xED, 0x7E, 0xED, 0x7E, 0xED, 0x7E, 0xED,
    0x7E, 0xED, 0x76, 0xCD, 0xA6, 0xCD, 0xE7, 0x2D, 0xEF, 0x4D, 0x7D, 0x49, 0x9D, 0xEB, 0xF7, 0x6E, 0xDF, 0x2E, 0x86, 0x8C, 0x76, 0xAC, 0x7E, 0xCC,
    0x7E, 0xCD, 0x7E, 0xCD, 0x7E, 0xCD, 0x7E, 0xCD, 0x7E, 0xED, 0x7E, 0xED, 0x7E, 0xEC, 0x7E, 0xED, 0x7E, 0xED, 0x7E, 0xED, 0x7E, 0xED, 0x7E, 0xED,
    0x7E, 0xED, 0x7E, 0xED, 0x7E, 0xED, 0x7E, 0xED, 0x7E, 0xED, 0x7E, 0xED, 0x7E, 0xCD, 0x7E, 0xED, 0x7E, 0xEE, 0x7E, 0xAD, 0x6D, 0xCB, 0x7E, 0xCC,
    0x7E, 0xED, 0x7E, 0xED, 0x7E, 0xED, 0x7E, 0xED, 0x7E, 0xED, 0x7E, 0xED, 0x7E, 0xED, 0x7E, 0xED, 0x7E, 0xED, 0x7E, 0xED, 0x7E, 0xED, 0x7E, 0xED,
    0x7E, 0xED, 0x7E, 0xED, 0x7E, 0xED, 0x7E, 0xED, 0x7E, 0xED, 0x7E, 0xED, 0x7E, 0xED, 0x7E, 0xED, 0x7E, 0xED, 0x7E, 0xED, 0x7E, 0xED, 0x7E, 0xED,
    0x7E, 0xEC, 0x7E, 0xED, 0x7E, 0xED, 0x7E, 0xED, 0x7E, 0xED, 0x7E, 0xED, 0x7E, 0xED, 0x7E, 0xED, 0x7E, 0xED, 0x7E, 0xED, 0x7E, 0xED, 0x76, 0xED,
    0x7E, 0xEC, 0x7E, 0xEC, 0x7E, 0xED, 0x7E, 0xED, 0x7E, 0xED, 0x7E, 0xED, 0x7E, 0xED, 0x7E, 0xED, 0x7E, 0xED, 0x7E, 0xED, 0x7E, 0xED, 0x7E, 0xED,
    0x7E, 0xED, 0x7E, 0xED, 0x7E, 0xED, 0x7E, 0xED, 0x7E, 0xED, 0x7E, 0xED, 0x7E, 0xED, 0x7E, 0xED, 0x7E, 0xCD, 0x7E, 0xCD, 0x7E, 0xCD, 0x7E, 0xED,
    0x7E, 0xED, 0x7E, 0xED, 0x7E, 0xED, 0x7E, 0xED, 0x7E, 0xED, 0x7E, 0xED, 0x7E, 0xED, 0x7E, 0xED, 0x7E, 0xED, 0x7E, 0xED, 0x7E, 0xED, 0x7E, 0xED,
    0x7E, 0xED, 0x7E, 0xED, 0x76, 0xED, 0x76, 0xCC, 0x86, 0xED, 0x65, 0x8B, 0x5C, 0xEB, 0x86, 0xCE, 0x7E, 0xCD, 0x7E, 0xCD, 0x7E, 0xEE, 0x7E, 0xED,
    0x7E, 0xED, 0x7E, 0xED, 0x7E, 0xED, 0x7E, 0xED, 0x7E, 0xCD, 0x7E, 0xED, 0x7E, 0xED, 0x7E, 0xED, 0x7E, 0xED, 0x7E, 0xCD, 0x7E, 0xCD, 0x7E, 0xED,
    0x7E, 0xCD, 0x7E, 0xCD, 0x7E, 0xCD, 0x7E, 0xCD, 0x7E, 0xCD, 0x76, 0xCD, 0x76, 0xED, 0x76, 0x6D, 0x5C, 0x8A, 0x6D, 0xCC, 0x7F, 0x0D, 0x76, 0xCD,
    0x7E, 0xED, 0x7E, 0xCD, 0x7E, 0xED, 0x7E, 0xCD, 0x7E, 0xED, 0x87, 0x0D, 0x87, 0x0D, 0x7E, 0xED, 0x7E, 0xED, 0x7E, 0xCD, 0x7E, 0xCD, 0x7E, 0xED,
    0x7E, 0xED, 0x7E, 0xCD, 0x7E, 0xCD, 0x86, 0xEE, 0x65, 0x0B, 0x65, 0x2B, 0x87, 0x0E, 0x7E, 0xCD, 0x7E, 0xED, 0x7E, 0xED, 0x7E, 0xED, 0x7E, 0xED,
    0x7E, 0xED, 0x7E, 0xED, 0x7E, 0xED, 0x7E, 0xED, 0x7E, 0xED, 0x7E, 0xED, 0x7E, 0xED, 0x7E, 0xED, 0x7E, 0xED, 0x7E, 0xED, 0x7F, 0x0E, 0x87, 0x0E,
    0x7E, 0xCD, 0x7E, 0xCD, 0x7E, 0xED, 0x7E, 0xED, 0x7E, 0xED, 0x7E, 0xED, 0x7E, 0xED, 0x7E, 0xCD, 0x7E, 0xED, 0x7E, 0xED, 0x7E, 0xED, 0x7E, 0xED,
    0x7E, 0xED, 0x7E, 0xED, 0x7E, 0xED, 0x7E, 0xCD, 0x7E, 0xED, 0x7E, 0xCD, 0x7E, 0xCD, 0x7E, 0xCD, 0x7E, 0xED, 0x7E, 0xED, 0x7E, 0xED, 0x7E, 0xED,
    0x7E, 0xED, 0x7E, 0xED, 0x76, 0xCD, 0x8E, 0xCD, 0x9E, 0xEE, 0x5D, 0x69, 0x65, 0xAA, 0xA7, 0x0F, 0x8E, 0xCD, 0x76, 0xAC, 0x7E, 0xCD, 0x7E, 0xCD,
    0x7E, 0xCD, 0x7E, 0xCD, 0x7E, 0xED, 0x7E, 0xED, 0x7E, 0xED, 0x7E, 0xED, 0x7E, 0xCE, 0x7E, 0xCE, 0x87, 0x0E, 0x76, 0x6D, 0x76, 0x2D, 0x87, 0x0E,
    0x86, 0xEE, 0x86, 0xEE, 0x86, 0xEE, 0x86, 0xED, 0x86, 0xED, 0x7E, 0xED, 0x7E, 0xED, 0x7E, 0xED, 0x7E, 0xED, 0x7E, 0xED, 0x7E, 0xED, 0x7E, 0xED,
    0x7E, 0xED, 0x7E, 0xED, 0x76, 0xCD, 0x7E, 0xAD, 0x7E, 0xAC, 0x5D, 0x29, 0x65, 0x8A, 0x86, 0xCD, 0x7E, 0x8C, 0x76, 0xAC, 0x76, 0xCC, 0x76, 0xCC,
    0x7E, 0xCC, 0x7E, 0xCC, 0x7E, 0xCD, 0x7E, 0xCD, 0x7E, 0xCD, 0x7E, 0xED, 0x7E, 0xED, 0x7E, 0xEC, 0x7E, 0xED, 0x7E, 0xED, 0x7E, 0xED, 0x7E, 0xED,
    0x7E, 0xED, 0x7E, 0xED, 0x7E, 0xED, 0x7E, 0xED, 0x7E, 0xED, 0x7E, 0xED, 0x7E, 0xED, 0x7E, 0xED, 0x7E, 0xEE, 0x7E, 0xED, 0x7E, 0xEE, 0x7E, 0xED,
    0x7E, 0xED, 0x7E, 0xED, 0x7E, 0xED, 0x7E, 0xED, 0x7E, 0xED, 0x7E, 0xED, 0x7E, 0xED, 0x7E, 0xED, 0x7E, 0xED, 0x7E, 0xED, 0x7E, 0xED, 0x7E, 0xED,
    0x7E, 0xEC, 0x7E, 0xED, 0x7E, 0xED, 0x7E, 0xED, 0x7E, 0xED, 0x7E, 0xED, 0x7E, 0xED, 0x7E, 0xED, 0x7E, 0xED, 0x7E, 0xED, 0x7E, 0xEC, 0x7E, 0xED,
    0x7E, 0xED, 0x7E, 0xED, 0x7E, 0xED, 0x7E, 0xED, 0x7E, 0xED, 0x7E, 0xEC, 0x7E, 0xED, 0x7E, 0xED, 0x7E, 0xED, 0x7E, 0xED, 0x7E, 0xCD, 0x7E, 0xED,
    0x7E, 0xED, 0x7E, 0xED, 0x7E, 0xED, 0x7E, 0xED, 0x7E, 0xEC, 0x7E, 0xED, 0x7E, 0xED, 0x7E, 0xED, 0x7E, 0xED, 0x7E, 0xED, 0x7E, 0xED, 0x7E, 0xED,
    0x7E, 0xED, 0x7E, 0xED, 0x7E, 0xEC, 0x7E, 0xED, 0x7E, 0xED, 0x7E, 0xED, 0x7E, 0xED, 0x7E, 0xED, 0x7E, 0xCD, 0x7E, 0xEC, 0x7E, 0xED, 0x7E, 0xED,
    0x7E, 0xED, 0x7E, 0xED, 0x7E, 0xED, 0x7E, 0xED, 0x7E, 0xEC, 0x7E, 0xED, 0x7E, 0xED, 0x7E, 0xED, 0x7E, 0xED, 0x7E, 0xED, 0x7E, 0xED, 0x7E, 0xED,
    0x7E, 0xED, 0x7E, 0xED, 0x7E, 0xED, 0x7E, 0xCD, 0x7F, 0x0E, 0x6E, 0x2D, 0x65, 0x8C, 0x7E, 0xEE, 0x7E, 0xED, 0x7E, 0xED, 0x7E, 0xED, 0x7E, 0xED,
    0x7E, 0xED, 0x7E, 0xED, 0x7E, 0xEE, 0x7E, 0xED, 0x7E, 0xED, 0x7E, 0xED, 0x7E, 0xED, 0x7E, 0xED, 0x7E, 0xED, 0x7E, 0xED, 0x7E, 0xED, 0x7E, 0xED,
    0x7E, 0xED, 0x7E, 0xED, 0x7E, 0xED, 0x7E, 0xED, 0x7E, 0xCD, 0x7E, 0xCD, 0x7E, 0xED, 0x7E, 0x8D, 0x5C, 0x8A, 0x76, 0x0C, 0x87, 0x0D, 0x7E, 0xED,
    0x7E, 0xED, 0x7E, 0xED, 0x7E, 0xED, 0x7E, 0xED, 0x87, 0x0D, 0x7E, 0xED, 0x7E, 0xED, 0x87, 0x0D, 0x87, 0x0D, 0x7E, 0xED, 0x7E, 0xCD, 0x7E, 0xCD,
    0x7E, 0xCD, 0x7E, 0xCD, 0x7E, 0xCD, 0x7E, 0xED, 0x7E, 0x6D, 0x7E, 0x8D, 0x7E, 0xED, 0x7E, 0xED, 0x7E, 0xED, 0x7E, 0xED, 0x7E, 0xED, 0x7E, 0xED,
    0x7E, 0xED, 0x7E, 0xED, 0x7E, 0xED, 0x7E, 0xED, 0x7E, 0xED, 0x7E, 0xED, 0x7E, 0xED, 0x7E, 0xED, 0x7E, 0xED, 0x7E, 0xED, 0x7F, 0x0E, 0x87, 0x0E,
    0x7E, 0xCD, 0x7E, 0xCD, 0x7E, 0xCD, 0x7E, 0xED, 0x7E, 0xED, 0x7E, 0xED, 0x7E, 0xED, 0x7E, 0xCD, 0x7E, 0xCD, 0x7E, 0xED, 0x7E, 0xED, 0x7E, 0xED,
    0x7E, 0xCD, 0x7E, 0xED, 0x7E, 0xED, 0x7E, 0xCD, 0x7E, 0xCD, 0x7E, 0xCD, 0x7E, 0xCD, 0x7E, 0xCD, 0x7E, 0xCD, 0x7E, 0xED, 0x7E, 0xED, 0x7E, 0xED,
    0x7E, 0xED, 0x7E, 0xED, 0x7E, 0xCD, 0x76, 0xCD, 0x76, 0xED, 0x65, 0xCA, 0x6E, 0x0C, 0x76, 0xED, 0x76, 0xCD, 0x7E, 0xCD, 0x7E, 0xCD, 0x7E, 0xCD,
    0x7E, 0xCD, 0x7E, 0xCE, 0x7E, 0xED, 0x7E, 0xED, 0x7E, 0xED, 0x7E, 0xED, 0x7E, 0xED, 0x7E, 0xED, 0x7E, 0xEE, 0x7F, 0x0E, 0x87, 0x0E, 0x7E, 0xEE,
    0x86, 0xEE, 0x86, 0xEE, 0x86, 0xEE, 0x86, 0xED, 0x7E, 0xED, 0x7E, 0xED, 0x7E, 0xED, 0x7E, 0xED, 0x7E, 0xED, 0x7E, 0xED, 0x7E, 0xED, 0x7E, 0xED,
    0x7E, 0xED, 0x7E, 0xCD, 0x7E, 0xCD, 0x7E, 0xCD, 0x7E, 0xCD, 0x65, 0xAB, 0x76, 0x0B, 0x7E, 0xCD, 0x7E, 0xCC, 0x7E, 0xCC, 0x76, 0xCC, 0x7E, 0xCC,
    0x7E, 0xCD, 0x7E, 0xCD, 0x7E, 0xCD, 0x7E, 0xCD, 0x7E, 0xED, 0x7E, 0xED, 0x7E, 0xED, 0x7E, 0xED, 0x7E, 0xED, 0x7E, 0xED, 0x7E, 0xED, 0x7E, 0xED,
    0x7E, 0xED, 0x7E, 0xED, 0x7E, 0xED, 0x7E, 0xED, 0x7E, 0xED, 0x7E, 0xED, 0x7E, 0xED, 0x7E, 0xED, 0x7E, 0xED, 0x7E, 0xED, 0x7E, 0xED, 0x7E, 0xED,
    0x7E, 0xED, 0x7E, 0xED, 0x7E, 0xED, 0x7E, 0xED, 0x7E, 0xED, 0x7E, 0xED, 0x7E, 0xED, 0x7E, 0xED, 0x7E, 0xED, 0x7E, 0xED, 0x7E, 0xED, 0x7E, 0xED,
    0x7E, 0xED, 0x7E, 0xED, 0x7E, 0xED, 0x7E, 0xED, 0x7E, 0xED, 0x7E, 0xED, 0x7E, 0xED, 0x7E, 0xED, 0x7E, 0xED, 0x7E, 0xED, 0x7E, 0xED, 0x7E, 0xCD,
    0x7E, 0xCD, 0x7E, 0xEC, 0x7E, 0xED, 0x7E, 0xED, 0x7E, 0xCD, 0x7E, 0xCD, 0x7E, 0xED, 0x7E, 0xED, 0x7E, 0xED, 0x7E, 0xED, 0x7E, 0xED, 0x7E, 0xCD,
    0x7E, 0xCD, 0x7E, 0xCD, 0x7E, 0xED, 0x7E, 0xED, 0x7E, 0xED, 0x7E, 0xED, 0x7E, 0xED, 0x7E, 0xED, 0x7E, 0xED, 0x7E, 0xED, 0x7E, 0xED, 0x7E, 0xED,
    0x7E, 0xED, 0x7E, 0xED, 0x7E, 0xED, 0x7E, 0xEC, 0x7E, 0xED, 0x7E, 0xED, 0x7E, 0xED, 0x7E, 0xED, 0x7E, 0xCD, 0x7E, 0xED, 0x7E, 0xED, 0x7E, 0xED,
    0x7E, 0xED, 0x7E, 0xED, 0x7E, 0xED, 0x7E, 0xED, 0x7E, 0xED, 0x7E, 0xED, 0x7E, 0xED, 0x7E, 0xED, 0x7E, 0xED, 0x7E, 0xED, 0x7E, 0xED, 0x7E, 0xED,
    0x7E, 0xED, 0x7E, 0xCD, 0x7E, 0xCD, 0x7E, 0xCD, 0x7E, 0xCD, 0x7E, 0xCE, 0x7E, 0xED, 0x7E, 0xED, 0x7E, 0xCE, 0x7E, 0xCE, 0x7E, 0xED, 0x7E, 0xED,
    0x7E, 0xEE, 0x7E, 0xED, 0x7E, 0xED, 0x7E, 0xED, 0x7E, 0xEE, 0x7E, 0xED, 0x7E, 0xED, 0x7E, 0xEE, 0x7E, 0xED, 0x7E, 0xED, 0x7E, 0xED, 0x7E, 0xED,
    0x7E, 0xED, 0x7E, 0xED, 0x7E, 0xED, 0x7E, 0xED, 0x7E, 0xED, 0x7E, 0xED, 0x7E, 0xCD, 0x7E, 0xCE, 0x76, 0x4D, 0x7E, 0xAD, 0x7E, 0xED, 0x7E, 0xED,
    0x7E, 0xED, 0x7E, 0xED, 0x7E, 0xED, 0x87, 0x0D, 0x87, 0x0D, 0x7E, 0xED, 0x7E, 0xED, 0x7E, 0xED, 0x87, 0x0D, 0x7F, 0x0D, 0x7E, 0xED, 0x7E, 0xED,
    0x7E, 0xED, 0x7E, 0xED, 0x7E, 0xED, 0x7E, 0xED, 0x7F, 0x0D, 0x7E, 0xED, 0x7E, 0xED, 0x7E, 0xED, 0x7E, 0xED, 0x7E, 0xED, 0x7E, 0xED, 0x7E, 0xED,
    0x7E, 0xED, 0x7E, 0xED, 0x7E, 0xED, 0x7E, 0xED, 0x7E, 0xED, 0x7E, 0xED, 0x7E, 0xED, 0x7E, 0xED, 0x7E, 0xED, 0x7E, 0xED, 0x7E, 0xEE, 0x87, 0x0E,
    0x7E, 0xCD, 0x7E, 0xCD, 0x7E, 0xCD, 0x7E, 0xED, 0x7E, 0xED, 0x7E, 0xED, 0x7E, 0xCD, 0x7E, 0xCD, 0x7E, 0xED, 0x7E, 0xED, 0x7E, 0xED, 0x7E, 0xED,
    0x7E, 0xED, 0x7E, 0xED, 0x7E, 0xCD, 0x7E, 0xED, 0x7E, 0xCD, 0x7E, 0xCD, 0x7E, 0xCD, 0x7E, 0xCD, 0x7E, 0xCD, 0x7E, 0xED, 0x7E, 0xED, 0x7E, 0xED,
    0x7E, 0xED, 0x7E, 0xED, 0x7E, 0xED, 0x7E, 0xCD, 0x7E, 0xED, 0x76, 0xAD, 0x7E, 0xAD, 0x86, 0xEE, 0x7E, 0xCE, 0x7E, 0xCD, 0x7E, 0xCD, 0x7E, 0xED,
    0x7E, 0xED, 0x7E, 0xED, 0x7E, 0xED, 0x7E, 0xED, 0x7E, 0xED, 0x7E, 0xED, 0x7E, 0xED, 0x7E, 0xED, 0x7E, 0xED, 0x7E, 0xED, 0x7E, 0xED, 0x7E, 0xEE,
    0x86, 0xEE, 0x86, 0xED, 0x86, 0xED, 0x7E, 0xED, 0x7E, 0xED, 0x7E, 0xED, 0x7E, 0xED, 0x7E, 0xED, 0x7E, 0xED, 0x7E, 0xED, 0x7E, 0xED, 0x7E, 0xED,
    0x7E, 0xED, 0x7E, 0xED, 0x7E, 0xCD, 0x7E, 0xCC, 0x7E, 0xCD, 0x7E, 0xCD, 0x7E, 0xCD, 0x7E, 0xCC, 0x7E, 0xCC, 0x7E, 0xCC, 0x7E, 0xCC, 0x7E, 0xCC,
    0x7E, 0xCD, 0x7E, 0xCD, 0x7E, 0xED, 0x7E, 0xED, 0x7E, 0xED, 0x7E, 0xED, 0x7E, 0xED, 0x7E, 0xED, 0x7E, 0xED, 0x7E, 0xED, 0x7E, 0xED, 0x7E, 0xED,
    0x7E, 0xED, 0x7E, 0xED, 0x7E, 0xED, 0x7E, 0xED, 0x7E, 0xED, 0x7E, 0xED, 0x7E, 0xED, 0x7E, 0xED, 0x7E, 0xED, 0x7E, 0xED, 0x7E, 0xED, 0x7E, 0xED,
    0x7E, 0xED, 0x7E, 0xED, 0x7E, 0xED, 0x7E, 0xED, 0x7E, 0xED, 0x7E, 0xED, 0x7E, 0xED, 0x7E, 0xED, 0x7E, 0xED, 0x7E, 0xED, 0x7E, 0xED, 0x7E, 0xED,
    0x7E, 0xED, 0x7E, 0xED, 0x7E, 0xED, 0x7E, 0xED, 0x7E, 0xED, 0x7E, 0xED, 0x7E, 0xED, 0x7E, 0xED, 0x7E, 0xED, 0x7E, 0xED, 0x7E, 0xCD, 0x7E, 0xCD,
    0x7E, 0xCD, 0x7E, 0xED, 0x7E, 0xCD, 0x7E, 0xED, 0x7E, 0xED, 0x7E, 0xCD, 0x7E, 0xED, 0x7E, 0xED, 0x7E, 0xED, 0x7E, 0xED, 0x7E, 0xED, 0x7E, 0xEC,
    0x7E, 0xCD, 0x7E, 0xCC, 0x7E, 0xED, 0x7E, 0xED, 0x7E, 0xED, 0x7E, 0xED, 0x7E, 0xED, 0x7E, 0xED, 0x7E, 0xED, 0x7E, 0xED, 0x7E, 0xED, 0x7E, 0xED,
    0x7E, 0xED, 0x7E, 0xED, 0x7E, 0xED, 0x7E, 0xED, 0x7E, 0xEC, 0x7E, 0xED, 0x7E, 0xED, 0x7E, 0xEC, 0x7E, 0xED, 0x7E, 0xED, 0x7E, 0xED, 0x7E, 0xED,
    0x7E, 0xED, 0x7E, 0xED, 0x7E, 0xED, 0x7E, 0xED, 0x7E, 0xED, 0x7E, 0xED, 0x7E, 0xED, 0x7E, 0xED, 0x7E, 0xED, 0x7E, 0xED, 0x7E, 0xED, 0x7E, 0xED,
    0x7E, 0xED, 0x7E, 0xED, 0x7E, 0xCD, 0x7E, 0xCD, 0x7E, 0xCD, 0x7E, 0xCE, 0x7E, 0xCD, 0x7E, 0xCD, 0x7E, 0xCD, 0x7E, 0xCD, 0x7E, 0xCD, 0x7E, 0xED,
    0x7E, 0xED, 0x7E, 0xED, 0x7E, 0xED, 0x7E, 0xED, 0x7E, 0xED, 0x7E, 0xED, 0x7E, 0xED, 0x7E, 0xED, 0x7E, 0xED, 0x7E, 0xED, 0x7E, 0xED, 0x7E, 0xED,
    0x7E, 0xED, 0x7E, 0xED, 0x7E, 0xED, 0x7E, 0xED, 0x7E, 0xED, 0x7E, 0xED, 0x7E, 0xED, 0x7E, 0xED, 0x7F, 0x0E, 0x7E, 0xED, 0x7E, 0xED, 0x7F, 0x0D,
    0x7E, 0xED, 0x7E, 0xED, 0x7E, 0xED, 0x7E, 0xED, 0x7F, 0x0D, 0x7F, 0x0D, 0x86, 0xED, 0x7E, 0xED, 0x7E, 0xED, 0x87, 0x0D, 0x86, 0xED, 0x87, 0x0D,
    0x86, 0xED, 0x7E, 0xED, 0x7E, 0xED, 0x7E, 0xED, 0x7E, 0xED, 0x7E, 0xED, 0x7E, 0xED, 0x7E, 0xED, 0x7E, 0xED, 0x7E, 0xED, 0x7E, 0xED, 0x7E, 0xED,
    0x7E, 0xED, 0x7E, 0xED, 0x7E, 0xED, 0x7E, 0xED, 0x7E, 0xED, 0x7E, 0xED, 0x7E, 0xED, 0x7E, 0xED, 0x7E, 0xED, 0x7E, 0xED, 0x7E, 0xEE, 0x87, 0x0E,
    0x7E, 0xCD, 0x7E, 0xCD, 0x7E, 0xED, 0x7E, 0xED, 0x7E, 0xED, 0x7E, 0xED, 0x7E, 0xCD, 0x7E, 0xCD, 0x7E, 0xCD, 0x7E, 0xED, 0x7E, 0xED, 0x7E, 0xED,
    0x7E, 0xED, 0x7E, 0xED, 0x7E, 0xED, 0x7E, 0xED, 0x7E, 0xED, 0x7E, 0xED, 0x7E, 0xCD, 0x7E, 0xCC, 0x7E, 0xED, 0x7E, 0xED, 0x7E, 0xED, 0x7E, 0xED,
    0x7E, 0xED, 0x7E, 0xED, 0x7E, 0xED, 0x7E, 0xED, 0x7E, 0xED, 0x7E, 0xED, 0x7E, 0xED, 0x7E, 0xED, 0x7E, 0xCD, 0x7E, 0xED, 0x7E, 0xED, 0x7E, 0xED,
    0x7E, 0xED, 0x7E, 0xED, 0x7E, 0xED, 0x7E, 0xED, 0x7E, 0xED, 0x7E, 0xED, 0x7E, 0xED, 0x7E, 0xED, 0x7E, 0xED, 0x7E, 0xED, 0x7E, 0xED, 0x7E, 0xED,
    0x7E, 0xED, 0x86, 0xED, 0x7E, 0xED, 0x7E, 0xED, 0x7E, 0xED, 0x7E, 0xED, 0x7E, 0xED, 0x7E, 0xED, 0x7E, 0xED, 0x7E, 0xED, 0x7E, 0xED, 0x7E, 0xED,
    0x7E, 0xED, 0x7E, 0xED, 0x7E, 0xED, 0x7E, 0xED, 0x7E, 0xCD, 0x7E, 0xCD, 0x7E, 0xCD, 0x7E, 0xCD, 0x7E, 0xCD, 0x7E, 0xCC, 0x7E, 0xCD, 0x7E, 0xCD,
    0x7E, 0xED, 0x7E, 0xED, 0x7E, 0xED, 0x7E, 0xED, 0x7E, 0xED, 0x7E, 0xED, 0x7E, 0xED, 0x7E, 0xED, 0x7E, 0xED, 0x7E, 0xED, 0x7E, 0xED, 0x7E, 0xED,
    0x7F, 0x0D, 0x7F, 0x0D, 0x7F, 0x0D, 0x7E, 0xED, 0x7E, 0xED, 0x7E, 0xED, 0x7E, 0xED, 0x7E, 0xED, 0x7E, 0xED, 0x7E, 0xED, 0x7E, 0xED, 0x7E, 0xED,
    0x7E, 0xED, 0x7E, 0xED, 0x7E, 0xED, 0x7E, 0xED, 0x7E, 0xED, 0x7E, 0xED, 0x7E, 0xED, 0x7E, 0xED, 0x7E, 0xED, 0x7E, 0xED, 0x7E, 0xED, 0x7E, 0xED,
    0x7E, 0xED, 0x7E, 0xED, 0x7E, 0xED, 0x7E, 0xED, 0x7E, 0xED, 0x7E, 0xED, 0x7E, 0xED, 0x7E, 0xED, 0x7E, 0xED, 0x7E, 0xCD, 0x7E, 0xCD, 0x7E, 0xCD,
    0x7E, 0xED, 0x7E, 0xCD, 0x7E, 0xED, 0x7E, 0xED, 0x7E, 0xED, 0x7E, 0xED, 0x7E, 0xED, 0x7E, 0xED, 0x7E, 0xED, 0x7E, 0xED, 0x7E, 0xED, 0x7E, 0xEC,
    0x7E, 0xCD, 0x7E, 0xED, 0x7E, 0xED, 0x7E, 0xED, 0x7E, 0xED, 0x7E, 0xED, 0x7E, 0xED, 0x7E, 0xED, 0x7E, 0xED, 0x7E, 0xED, 0x7E, 0xED, 0x7E, 0xED,
    0x7E, 0xED, 0x7E, 0xED, 0x7E, 0xED, 0x7E, 0xED, 0x7E, 0xED, 0x7E, 0xEC, 0x7E, 0xED, 0x7E, 0xED, 0x7E, 0xEC, 0x7E, 0xED, 0x7E, 0xED, 0x7E, 0xED,
    0x7E, 0xED, 0x7E, 0xED, 0x7E, 0xED, 0x7E, 0xED, 0x7E, 0xED, 0x7F, 0x0D, 0x7E, 0xED, 0x7E, 0xED, 0x7E, 0xED, 0x7E, 0xED, 0x7E, 0xED, 0x7E, 0xED,
    0x7E, 0xED, 0x7E, 0xED, 0x7E, 0xED, 0x7E, 0xCD, 0x7E, 0xED, 0x7E, 0xED, 0x7E, 0xED, 0x7E, 0xCD, 0x7E, 0xCD, 0x7E, 0xCD, 0x7E, 0xED, 0x7E, 0xED,
    0x7E, 0xED, 0x7E, 0xED, 0x7E, 0xED, 0x7E, 0xED, 0x7E, 0xED, 0x7E, 0xED, 0x7E, 0xED, 0x7E, 0xED, 0x7E, 0xED, 0x7E, 0xED, 0x7E, 0xED, 0x7E, 0xED,
    0x7E, 0xED, 0x7E, 0xED, 0x7E, 0xED, 0x7E, 0xED, 0x7E, 0xED, 0x7E, 0xED, 0x7E, 0xED, 0x7E, 0xED, 0x7E, 0xED, 0x7E, 0xED, 0x7E, 0xED, 0x7E, 0xED,
    0x7F, 0x0D, 0x7F, 0x0D, 0x7E, 0xED, 0x7F, 0x0D, 0x87, 0x0D, 0x87, 0x0D, 0x87, 0x0D, 0x87, 0x0D, 0x7E, 0xED, 0x87, 0x0D, 0x7E, 0xED, 0x87, 0x0D,
    0x86, 0xED, 0x7E, 0xED, 0x7E, 0xED, 0x7E, 0xED, 0x7E, 0xED, 0x7E, 0xED, 0x7E, 0xED, 0x7E, 0xED, 0x7E, 0xED, 0x7E, 0xED, 0x7E, 0xED, 0x7E, 0xED,
    0x7E, 0xED, 0x7E, 0xED, 0x7E, 0xED, 0x7E, 0xED, 0x7E, 0xED, 0x7E, 0xED, 0x7E, 0xED, 0x7E, 0xED, 0x7E, 0xED, 0x7E, 0xED, 0x7E, 0xEE, 0x87, 0x0E,
    0x7E, 0xCD, 0x7E, 0xED, 0x7E, 0xED, 0x7E, 0xED, 0x7E, 0xED, 0x7E, 0xED, 0x7E, 0xED, 0x7E, 0xED, 0x7E, 0xED, 0x7E, 0xED, 0x7E, 0xED, 0x7E, 0xED,
    0x7E, 0xED, 0x7E, 0xED, 0x7E, 0xED, 0x7E, 0xED, 0x7E, 0xED, 0x7E, 0xED, 0x7E, 0xCD, 0x7E, 0xED, 0x7E, 0xED, 0x7E, 0xED, 0x7E, 0xED, 0x7E, 0xED,
    0x7E, 0xED, 0x7E, 0xED, 0x7E, 0xED, 0x7E, 0xED, 0x7E, 0xED, 0x7E, 0xED, 0x7E, 0xED, 0x7E, 0xED, 0x7E, 0xED, 0x7E, 0xED, 0x7E, 0xED, 0x7E, 0xED,
    0x7E, 0xED, 0x7E, 0xED, 0x7E, 0xED, 0x7E, 0xED, 0x7E, 0xED, 0x7E, 0xED, 0x7E, 0xED, 0x7E, 0xED, 0x7E, 0xED, 0x7E, 0xED, 0x7E, 0xED, 0x7E, 0xED,
    0x7E, 0xED, 0x7E, 0xED, 0x7E, 0xED, 0x7E, 0xED, 0x7E, 0xED, 0x7E, 0xED, 0x7F, 0x0D, 0x7E, 0xED, 0x7E, 0xED, 0x7F, 0x0D, 0x7F, 0x0D, 0x7F, 0x0D,
    0x7E, 0xED, 0x7E, 0xED, 0x7E, 0xED, 0x7E, 0xED, 0x7E, 0xED, 0x7E, 0xCD, 0x7E, 0xCD, 0x7E, 0xCD, 0x7E, 0xED, 0x7E, 0xCD, 0x7E, 0xCD, 0x7E, 0xCD,
    0x7E, 0xCD, 0x7E, 0xED, 0x7E, 0xED, 0x7E, 0xED, 0x7E, 0xED, 0x7E, 0xED, 0x7E, 0xED, 0x7E, 0xED, 0x7E, 0xED, 0x7E, 0xED, 0x7E, 0xED, 0x7F, 0x0D,
    0x7F, 0x0D, 0x7F, 0x0D, 0x7E, 0xED, 0x7F, 0x0D, 0x7E, 0xED, 0x7E, 0xED, 0x7E, 0xED, 0x7E, 0xED, 0x7E, 0xED, 0x7E, 0xED, 0x7E, 0xED, 0x7E, 0xED,
    0x7E, 0xED, 0x7E, 0xED, 0x7E, 0xED, 0x7E, 0xED, 0x7E, 0xED, 0x7E, 0xED, 0x7E, 0xED, 0x7E, 0xED, 0x7E, 0xED, 0x7E, 0xED, 0x7E, 0xED, 0x7E, 0xED,
    0x7E, 0xED, 0x7E, 0xED, 0x7E, 0xED, 0x7E, 0xED, 0x7E, 0xED, 0x7E, 0xED, 0x7E, 0xED, 0x7E, 0xED, 0x7E, 0xED, 0x7E, 0xCD, 0x7E, 0xCD, 0x7E, 0xCD,
    0x7E, 0xCD, 0x7E, 0xCD, 0x7E, 0xED, 0x7E, 0xED, 0x7E, 0xED, 0x7E, 0xED, 0x7E, 0xED, 0x7E, 0xED, 0x7E, 0xED, 0x7E, 0xED, 0x7E, 0xED, 0x7E, 0xCD,
    0x7E, 0xED, 0x7E, 0xED, 0x7E, 0xED, 0x7E, 0xED, 0x7E, 0xED, 0x7E, 0xED, 0x7E, 0xED, 0x7E, 0xED, 0x7E, 0xED, 0x7E, 0xED, 0x7E, 0xED, 0x7E, 0xED,
    0x7E, 0xED, 0x7E, 0xED, 0x7E, 0xED, 0x7E, 0xED, 0x7E, 0xED, 0x7E, 0xED, 0x7E, 0xED, 0x7E, 0xED, 0x7E, 0xED, 0x7E, 0xED, 0x7E, 0xED, 0x7E, 0xED,
    0x7E, 0xED, 0x7E, 0xED, 0x7E, 0xED, 0x7E, 0xED, 0x7E, 0xED, 0x7F, 0x0D, 0x7E, 0xED, 0x7E, 0xED, 0x7E, 0xED, 0x7E, 0xED, 0x7E, 0xED, 0x7E, 0xED,
    0x7E, 0xED, 0x7E, 0xED, 0x7E, 0xED, 0x7E, 0xED, 0x7E, 0xED, 0x7E, 0xED, 0x7E, 0xED, 0x7E, 0xED, 0x7E, 0xCD, 0x7E, 0xED, 0x7E, 0xED, 0x7E, 0xED,
    0x7E, 0xED, 0x7E, 0xED, 0x7E, 0xED, 0x7E, 0xED, 0x7E, 0xED, 0x7E, 0xED, 0x7E, 0xED, 0x7E, 0xED, 0x7E, 0xED, 0x7E, 0xED, 0x7E, 0xED, 0x7E, 0xED,
    0x7E, 0xED, 0x7E, 0xED, 0x7E, 0xED, 0x7E, 0xED, 0x7E, 0xED, 0x7E, 0xED, 0x7E, 0xED, 0x7E, 0xED, 0x7E, 0xEE, 0x7E, 0xEE, 0x7E, 0xED, 0x7E, 0xED,
    0x7E, 0xED, 0x87, 0x0D, 0x7E, 0xED, 0x7E, 0xED, 0x7F, 0x0D, 0x7E, 0xED, 0x7E, 0xED, 0x7E, 0xED, 0x7E, 0xED, 0x7E, 0xED, 0x7E, 0xED, 0x7E, 0xED,
    0x7E, 0xED, 0x7E, 0xED, 0x7E, 0xED, 0x7E, 0xED, 0x7E, 0xED, 0x7E, 0xED, 0x7E, 0xED, 0x7E, 0xED, 0x7E, 0xED, 0x7E, 0xED, 0x7E, 0xED, 0x7E, 0xED,
    0x7E, 0xED, 0x7E, 0xED, 0x7E, 0xED, 0x7E, 0xED, 0x7E, 0xED, 0x7E, 0xED, 0x7E, 0xED, 0x7E, 0xED, 0x7E, 0xED, 0x7E, 0xED, 0x7E, 0xED, 0x7F, 0x0E,
    0x7E, 0xED, 0x7E, 0xED, 0x7E, 0xED, 0x7E, 0xED, 0x7E, 0xED, 0x7E, 0xED, 0x7E, 0xED, 0x7E, 0xED, 0x7E, 0xED, 0x7E, 0xED, 0x7E, 0xED, 0x7E, 0xED,
    0x7E, 0xED, 0x7E, 0xED, 0x7E, 0xED, 0x7E, 0xED, 0x7E, 0xED, 0x7E, 0xED, 0x7E, 0xED, 0x7E, 0xED, 0x7E, 0xED, 0x7E, 0xED, 0x7E, 0xED, 0x7E, 0xED,
    0x7E, 0xED, 0x7E, 0xED, 0x7E, 0xED, 0x7F, 0x0D, 0x7E, 0xED, 0x7E, 0xED, 0x7E, 0xED, 0x7E, 0xED, 0x7E, 0xED, 0x7E, 0xED, 0x7E, 0xED, 0x7E, 0xED,
    0x7E, 0xED, 0x7E, 0xED, 0x7E, 0xED, 0x7F, 0x0D, 0x7F, 0x0D, 0x7F, 0x0D, 0x7E, 0xED, 0x7E, 0xED, 0x7E, 0xED, 0x7E, 0xED, 0x7E, 0xED, 0x7E, 0xED,
    0x7E, 0xED, 0x7E, 0xED, 0x86, 0xED, 0x7E, 0xED, 0x7F, 0x0D, 0x7F, 0x0D, 0x7F, 0x0D, 0x7F, 0x0D, 0x7F, 0x0D, 0x7F, 0x0D, 0x7F, 0x0D, 0x7F, 0x0D,
    0x7F, 0x0D, 0x7F, 0x0D, 0x7E, 0xED, 0x7E, 0xED, 0x7E, 0xED, 0x7E, 0xED, 0x7E, 0xED, 0x7E, 0xED, 0x7E, 0xED, 0x7E, 0xED, 0x7E, 0xED, 0x7E, 0xED,
    0x7E, 0xED, 0x7E, 0xED, 0x7E, 0xED, 0x7E, 0xED, 0x7E, 0xED, 0x7E, 0xED, 0x7E, 0xED, 0x7E, 0xED, 0x7F, 0x0D, 0x7F, 0x0D, 0x7F, 0x0D, 0x7F, 0x0D,
    0x7F, 0x0D, 0x7F, 0x0D, 0x7F, 0x0D, 0x7F, 0x0D, 0x7F, 0x0D, 0x7E, 0xED, 0x7E, 0xED, 0x7F, 0x0D, 0x7F, 0x0D, 0x7F, 0x0D, 0x7F, 0x0D, 0x7F, 0x0D,
    0x7F, 0x0D, 0x7E, 0xED, 0x7E, 0xED, 0x7E, 0xED, 0x7E, 0xED, 0x7E, 0xED, 0x7E, 0xED, 0x7E, 0xED, 0x7E, 0xED, 0x7E, 0xED, 0x7E, 0xED, 0x7E, 0xED,
    0x7E, 0xED, 0x7E, 0xED, 0x7E, 0xED, 0x7E, 0xED, 0x7E, 0xED, 0x7E, 0xED, 0x7E, 0xED, 0x7E, 0xED, 0x7E, 0xED, 0x7E, 0xED, 0x7E, 0xED, 0x7E, 0xED,
    0x7E, 0xED, 0x7E, 0xED, 0x7E, 0xED, 0x7E, 0xED, 0x7E, 0xED, 0x7E, 0xED, 0x7E, 0xED, 0x7E, 0xED, 0x7E, 0xED, 0x7E, 0xED, 0x7E, 0xEC, 0x7E, 0xED,
    0x7E, 0xED, 0x7E, 0xED, 0x7E, 0xED, 0x7E, 0xED, 0x7E, 0xED, 0x7E, 0xED, 0x7E, 0xED, 0x7E, 0xED, 0x7E, 0xED, 0x7E, 0xED, 0x7E, 0xED, 0x7E, 0xED,
    0x7E, 0xED, 0x7E, 0xED, 0x7E, 0xED, 0x7E, 0xED, 0x7E, 0xED, 0x7E, 0xED, 0x7E, 0xED, 0x7E, 0xED, 0x7E, 0xED, 0x7E, 0xED, 0x7E, 0xED, 0x7E, 0xED,
    0x7E, 0xED, 0x7E, 0xED, 0x7F, 0x0D, 0x7F, 0x0D, 0x7F, 0x0D, 0x7F, 0x0D, 0x7F, 0x0D, 0x7F, 0x0D, 0x7F, 0x0D, 0x7F, 0x0D, 0x7F, 0x0D, 0x7F, 0x0D,
    0x7E, 0xED, 0x7E, 0xED, 0x86, 0xED, 0x86, 0xED, 0x86, 0xED, 0x7E, 0xED, 0x7E, 0xED, 0x7E, 0xED, 0x7E, 0xED, 0x7E, 0xED, 0x7E, 0xED, 0x7E, 0xED,
    0x7E, 0xED, 0x7E, 0xED, 0x7E, 0xED, 0x7E, 0xED, 0x7E, 0xED, 0x7E, 0xED, 0x7E, 0xED, 0x7E, 0xED, 0x7E, 0xED, 0x7F, 0x0D, 0x7F, 0x0D, 0x7E, 0xED,
    0x7E, 0xED, 0x7E, 0xED, 0x7E, 0xED, 0x7E, 0xED, 0x7E, 0xED, 0x7E, 0xED, 0x7E, 0xED, 0x7F, 0x0D, 0x87, 0x0D, 0x87, 0x0D, 0x87, 0x0D, 0x87, 0x0D,
    0x7F, 0x0D, 0x7E, 0xED, 0x7E, 0xED, 0x7E, 0xED, 0x7E, 0xED, 0x7E, 0xED, 0x7E, 0xED, 0x7E, 0xED, 0x7E, 0xED, 0x7E, 0xED, 0x7E, 0xED, 0x7E, 0xED,
    0x7E, 0xED, 0x7E, 0xED, 0x7E, 0xED, 0x7E, 0xED, 0x7E, 0xED, 0x7E, 0xED, 0x7E, 0xED, 0x7E, 0xED, 0x7E, 0xED, 0x7E, 0xED, 0x7E, 0xED, 0x7E, 0xED,
    0x7E, 0xED, 0x7E, 0xED, 0x7E, 0xED, 0x7E, 0xED, 0x7E, 0xED, 0x7F, 0x0D, 0x7E, 0xED, 0x7E, 0xED, 0x7F, 0x0D, 0x7F, 0x0D, 0x7F, 0x0D, 0x87, 0x0E,
    0x7E, 0xED, 0x7E, 0xED, 0x7E, 0xED, 0x7E, 0xED, 0x7E, 0xED, 0x7E, 0xED, 0x7E, 0xED, 0x7E, 0xED, 0x7E, 0xED, 0x7E, 0xED, 0x7E, 0xED, 0x7E, 0xED,
    0x7E, 0xED, 0x7E, 0xED, 0x7E, 0xEC, 0x7E, 0xED, 0x7E, 0xEC, 0x7E, 0xEC, 0x7E, 0xED, 0x7E, 0xED, 0x7E, 0xED, 0x7E, 0xED, 0x7E, 0xED, 0x7E, 0xED,
    0x7E, 0xED, 0x7E, 0xED, 0x7F, 0x0D, 0x7F, 0x0D, 0x7F, 0x0D, 0x7E, 0xED, 0x7E, 0xED, 0x7E, 0xED, 0x7E, 0xED, 0x7E, 0xED, 0x7E, 0xED, 0x7E, 0xED,
    0x7E, 0xED, 0x7E, 0xED, 0x7E, 0xED, 0x7F, 0x0D, 0x7F, 0x0D, 0x7F, 0x0D, 0x7F, 0x0D, 0x7E, 0xED, 0x7E, 0xED, 0x7E, 0xED, 0x7F, 0x0D, 0x7E, 0xED,
    0x7F, 0x0D, 0x86, 0xED, 0x86, 0xED, 0x87, 0x0D, 0x87, 0x0D, 0x87, 0x0D, 0x7F, 0x0D, 0x7F, 0x0D, 0x7F, 0x0D, 0x7F, 0x0D, 0x7F, 0x0D, 0x7F, 0x0D,
    0x7F, 0x0D, 0x7F, 0x0D, 0x7F, 0x0D, 0x7F, 0x0D, 0x7E, 0xED, 0x7E, 0xED, 0x7E, 0xED, 0x7E, 0xED, 0x7E, 0xED, 0x7E, 0xED, 0x7E, 0xED, 0x7E, 0xED,
    0x7E, 0xED, 0x7E, 0xED, 0x7E, 0xED, 0x7E, 0xED, 0x7E, 0xED, 0x7E, 0xED, 0x7E, 0xED, 0x7E, 0xED, 0x7F, 0x0D, 0x7F, 0x0D, 0x7F, 0x0D, 0x7F, 0x0D,
    0x7F, 0x0D, 0x7F, 0x0D, 0x7F, 0x0D, 0x7F, 0x0D, 0x7F, 0x0D, 0x7F, 0x0D, 0x7F, 0x0D, 0x7F, 0x0D, 0x7F, 0x0D, 0x7F, 0x0D, 0x7F, 0x0D, 0x7F, 0x0D,
    0x7F, 0x0D, 0x7F, 0x0D, 0x7F, 0x0D, 0x7F, 0x0D, 0x7E, 0xED, 0x7E, 0xED, 0x7E, 0xED, 0x7E, 0xED, 0x7E, 0xED, 0x7E, 0xED, 0x7E, 0xED, 0x7F, 0x0D,
    0x7F, 0x0D, 0x7F, 0x0D, 0x7F, 0x0D, 0x7F, 0x0D, 0x7F, 0x0D, 0x7E, 0xED, 0x7E, 0xED, 0x7E, 0xED, 0x7E, 0xED, 0x7E, 0xED, 0x7E, 0xED, 0x7E, 0xED,
    0x7E, 0xED, 0x7E, 0xED, 0x7E, 0xED, 0x7E, 0xED, 0x7E, 0xED, 0x7E, 0xED, 0x7E, 0xED, 0x7F, 0x0D, 0x7F, 0x0D, 0x7E, 0xED, 0x7E, 0xEC, 0x7E, 0xEC,
    0x7E, 0xED, 0x7E, 0xED, 0x7E, 0xED, 0x7E, 0xED, 0x7E, 0xED, 0x7E, 0xED, 0x7E, 0xED, 0x7F, 0x0D, 0x7F, 0x0D, 0x7F, 0x0D, 0x7E, 0xED, 0x7F, 0x0D,
    0x7F, 0x0D, 0x7E, 0xED, 0x7E, 0xED, 0x7E, 0xED, 0x7E, 0xEC, 0x7E, 0xED, 0x7E, 0xED, 0x7E, 0xED, 0x7E, 0xED, 0x7E, 0xED, 0x7E, 0xED, 0x7E, 0xED,
    0x7E, 0xED, 0x7F, 0x0D, 0x7F, 0x0D, 0x7F, 0x0D, 0x7F, 0x0D, 0x7F, 0x0C, 0x7F, 0x0C, 0x7F, 0x0D, 0x7F, 0x0D, 0x7F, 0x0D, 0x7F, 0x0D, 0x7F, 0x0D,
    0x7F, 0x0D, 0x7F, 0x0D, 0x87, 0x0D, 0x87, 0x0D, 0x87, 0x0D, 0x86, 0xED, 0x7E, 0xED, 0x7E, 0xED, 0x7E, 0xED, 0x7E, 0xED, 0x7E, 0xED, 0x7E, 0xED,
    0x7E, 0xED, 0x7E, 0xED, 0x7E, 0xED, 0x7E, 0xED, 0x7E, 0xED, 0x7E, 0xED, 0x7E, 0xED, 0x7E, 0xED, 0x7E, 0xED, 0x7F, 0x0D, 0x7E, 0xED, 0x7F, 0x0D,
    0x7F, 0x0D, 0x7E, 0xED, 0x7F, 0x0D, 0x7F, 0x0D, 0x7F, 0x0D, 0x7F, 0x0D, 0x7F, 0x0D, 0x7F, 0x0D, 0x87, 0x0D, 0x87, 0x0D, 0x87, 0x0D, 0x87, 0x0D,
    0x87, 0x0D, 0x87, 0x0D, 0x87, 0x0D, 0x86, 0xED, 0x7F, 0x0D, 0x7F, 0x0D, 0x7E, 0xED, 0x7E, 0xED, 0x7E, 0xED, 0x7E, 0xED, 0x7E, 0xED, 0x7E, 0xED,
    0x7E, 0xED, 0x7E, 0xED, 0x7E, 0xED, 0x7E, 0xED, 0x7E, 0xED, 0x7E, 0xED, 0x7E, 0xED, 0x7E, 0xED, 0x7E, 0xED, 0x7E, 0xED, 0x7E, 0xED, 0x7E, 0xED,
    0x7E, 0xED, 0x7E, 0xED, 0x7E, 0xED, 0x7F, 0x0D, 0x7F, 0x0D, 0x7F, 0x0D, 0x7F, 0x0D, 0x7F, 0x0D, 0x7F, 0x0D, 0x7F, 0x0D, 0x7F, 0x0D, 0x87, 0x0E,
    0x7E, 0xED, 0x7E, 0xED, 0x7E, 0xED, 0x7E, 0xED, 0x7E, 0xED, 0x7E, 0xED, 0x7E, 0xED, 0x7E, 0xED, 0x7E, 0xED, 0x7F, 0x0D, 0x7E, 0xED, 0x7E, 0xED,
    0x7F, 0x0D, 0x7F, 0x0C, 0x7F, 0x0C, 0x7F, 0x0C, 0x7F, 0x0C, 0x7E, 0xEC, 0x7E, 0xED, 0x7E, 0xEC, 0x7E, 0xED, 0x7E, 0xED, 0x7E, 0xED, 0x7F, 0x0D,
    0x7F, 0x0D, 0x7F, 0x0D, 0x7F, 0x0D, 0x7F, 0x0D, 0x7F, 0x0D, 0x7F, 0x0D, 0x7F, 0x0D, 0x7F, 0x0D, 0x7F, 0x0D, 0x7F, 0x0D, 0x7F, 0x0D, 0x7F, 0x0D,
    0x7E, 0xED, 0x7F, 0x0D, 0x7F, 0x0D, 0x7F, 0x0D, 0x87, 0x0D, 0x7F, 0x0D, 0x7F, 0x0D, 0x7F, 0x0D, 0x7F, 0x0D, 0x7F, 0x0D, 0x7F, 0x0D, 0x7F, 0x0D,
    0x87, 0x0D, 0x87, 0x0D, 0x87, 0x0D, 0x87, 0x2D, 0x87, 0x0D, 0x87, 0x0D, 0x87, 0x0D, 0x87, 0x0D, 0x87, 0x0D, 0x87, 0x0D, 0x7F, 0x2D, 0x7F, 0x0D,
    0x7F, 0x0D, 0x7F, 0x0D, 0x7F, 0x0D, 0x7F, 0x0D, 0x7F, 0x0D, 0x7F, 0x0D, 0x7F, 0x0D, 0x7F, 0x0D, 0x7E, 0xED, 0x7E, 0xED, 0x7E, 0xED, 0x7E, 0xED,
    0x7E, 0xED, 0x7E, 0xED, 0x7E, 0xED, 0x7F, 0x0D, 0x7F, 0x0D, 0x7F, 0x0D, 0x7F, 0x0D, 0x7F, 0x0D, 0x7F, 0x0D, 0x7F, 0x0D, 0x7F, 0x0D, 0x7F, 0x0D,
    0x87, 0x0D, 0x87, 0x0D, 0x87, 0x0D, 0x87, 0x0D, 0x7F, 0x0D, 0x7F, 0x0D, 0x7F, 0x0D, 0x7F, 0x0D, 0x7F, 0x0D, 0x7F, 0x0D, 0x7F, 0x0D, 0x7F, 0x0D,
    0x87, 0x0D, 0x7F, 0x0D, 0x7F, 0x0D, 0x7F, 0x0D, 0x7F, 0x0D, 0x7F, 0x0D, 0x7F, 0x0D, 0x7F, 0x0D, 0x7F, 0x0D, 0x7F, 0x0C, 0x7F, 0x0C, 0x7F, 0x0D,
    0x7F, 0x0D, 0x7F, 0x0C, 0x7F, 0x0C, 0x7F, 0x0D, 0x7F, 0x0D, 0x7F, 0x0D, 0x7E, 0xED, 0x7E, 0xED, 0x7E, 0xED, 0x7E, 0xED, 0x7E, 0xED, 0x7E, 0xED,
    0x7E, 0xED, 0x7E, 0xED, 0x7E, 0xED, 0x7E, 0xED, 0x7F, 0x0D, 0x7F, 0x0D, 0x7F, 0x0D, 0x7F, 0x0D, 0x7F, 0x0D, 0x7E, 0xED, 0x7E, 0xEC, 0x7F, 0x0D,
    0x7F, 0x0D, 0x7F, 0x0D, 0x7F, 0x0D, 0x7F, 0x0D, 0x7F, 0x0D, 0x7F, 0x0D, 0x7F, 0x0C, 0x7F, 0x0C, 0x7F, 0x0D, 0x7F, 0x0C, 0x7F, 0x0C, 0x7F, 0x0C,
    0x7F, 0x0C, 0x7F, 0x0C, 0x7F, 0x0C, 0x7F, 0x0C, 0x7F, 0x0C, 0x7F, 0x0C, 0x7F, 0x0D, 0x7F, 0x0D, 0x7E, 0xED, 0x7E, 0xED, 0x7F, 0x0C, 0x7F, 0x0C,
    0x7F, 0x0D, 0x7F, 0x0D, 0x7F, 0x0D, 0x7F, 0x0D, 0x7F, 0x0D, 0x7F, 0x0C, 0x7F, 0x0C, 0x7F, 0x0C, 0x7F, 0x0D, 0x7F, 0x0D, 0x7F, 0x0D, 0x7F, 0x0D,
    0x87, 0x0D, 0x87, 0x0D, 0x87, 0x0D, 0x87, 0x0D, 0x87, 0x0D, 0x87, 0x0D, 0x87, 0x0D, 0x7F, 0x0D, 0x7E, 0xED, 0x7F, 0x0D, 0x7F, 0x0D, 0x7E, 0xED,
    0x7E, 0xED, 0x7F, 0x0D, 0x7F, 0x0D, 0x7F, 0x0D, 0x7F, 0x0D, 0x7F, 0x0D, 0x7F, 0x0D, 0x7F, 0x0D, 0x7F, 0x0D, 0x7F, 0x0D, 0x7F, 0x0D, 0x7F, 0x0D,
    0x7F, 0x0D, 0x7F, 0x0D, 0x7F, 0x0D, 0x7F, 0x0D, 0x7F, 0x0D, 0x7F, 0x0D, 0x7F, 0x0D, 0x7F, 0x0D, 0x7F, 0x0D, 0x87, 0x0D, 0x87, 0x0D, 0x87, 0x0D,
    0x87, 0x0D, 0x87, 0x0D, 0x87, 0x0D, 0x87, 0x0D, 0x87, 0x0D, 0x7F, 0x0D, 0x7F, 0x0D, 0x7F, 0x0D, 0x7F, 0x0D, 0x7F, 0x0D, 0x7F, 0x0C, 0x7F, 0x0D,
    0x7F, 0x0D, 0x7F, 0x0D, 0x7F, 0x0D, 0x7F, 0x0D, 0x7F, 0x0D, 0x7F, 0x0D, 0x7F, 0x0D, 0x7E, 0xED, 0x7F, 0x0D, 0x7F, 0x0D, 0x7F, 0x0D, 0x7F, 0x0D,
    0x7F, 0x0D, 0x7F, 0x0C, 0x7F, 0x0C, 0x7F, 0x0D, 0x7F, 0x0D, 0x7F, 0x0D, 0x7F, 0x0D, 0x7F, 0x0D, 0x87, 0x0E, 0x87, 0x0D, 0x7F, 0x0D, 0x87, 0x0D,
};

const lv_img_dsc_t light_scene_image = {
    .header.cf = LV_IMG_CF_TRUE_COLOR,
    .header.w = 240,
    .header.h = 320,
    .data_size = sizeof(light_scene_image_data),
    .data = light_scene_image_data,
};
