#include "lvgl.h"

/* 由 tools/gen_lvgl_font.py 生成：size=13 line_height=13 base_line=3
 * 请勿手工编辑；需要新字时改源文件里的文案后重新运行脚本。
 */

static const uint8_t my_font_13_glyph_bitmap[] = {
    0x00, 0x57, 0x00, 0x00, 0x08, 0xC0, 0x00, 0x00, 0x7B, 0x00, 0x00, 0x06, 0xA0, 0x00, 0x00, 0x5A,
    0x00, 0x00, 0x04, 0x90, 0x00, 0x00, 0x48, 0x00, 0x00, 0x00, 0x10, 0x00, 0x00, 0x69, 0x00, 0x00,
    0x06, 0xA0, 0x00, 0x01, 0x21, 0x20, 0x00, 0x5B, 0x4C, 0x00, 0x04, 0x93, 0xA0, 0x00, 0x24, 0x14,
    0x00, 0x00, 0x00, 0x00, 0x00, 0x00, 0x00, 0x00, 0x00, 0x00, 0x00, 0x00, 0x00, 0x00, 0x00, 0x00,
    0x00, 0x00, 0x00, 0x00, 0x00, 0x00, 0x00, 0xB0, 0x75, 0x00, 0x2B, 0x09, 0x30, 0x7B, 0xDA, 0xEA,
    0x14, 0x99, 0x5D, 0x50, 0x07, 0x50, 0xC0, 0x06, 0xCA, 0x9D, 0x81, 0x5D, 0x69, 0xB6, 0x10, 0xC0,
    0x66, 0x00, 0x09, 0x06, 0x40, 0x00, 0x00, 0x38, 0x00, 0x00, 0x6E, 0xFA, 0x00, 0x1E, 0x58, 0xD4,
    0x01, 0xF4, 0x84, 0x20, 0x09, 0xE8, 0x00, 0x00, 0x07, 0xF8, 0x00, 0x01, 0x39, 0xE5, 0x04, 0xD3,
    0x89, 0x70, 0x1E, 0x79, 0xD4, 0x00, 0x4C, 0xD7, 0x00, 0x00, 0x38, 0x00, 0x00, 0x00, 0x10, 0x00,
    0x00, 0x00, 0x00, 0x05, 0xD7, 0x05, 0x20, 0xA3, 0xC0, 0x70, 0x0A, 0x2C, 0x34, 0x00, 0x87, 0xA7,
    0x00, 0x01, 0x74, 0x69, 0x50, 0x00, 0x76, 0x7C, 0x00, 0x16, 0x75, 0xC1, 0x06, 0x16, 0x6C, 0x00,
    0x50, 0x1B, 0x70, 0x00, 0x00, 0x00, 0x00, 0x4D, 0xE3, 0x00, 0x0B, 0x56, 0x90, 0x00, 0xA4, 0x97,
    0x00, 0x06, 0xDA, 0x00, 0x00, 0xAE, 0x20, 0x10, 0x79, 0x6B, 0x4B, 0x0A, 0x60, 0xAE, 0x70, 0x6C,
    0x25, 0xFB, 0x10, 0x7C, 0xA3, 0x70, 0x00, 0x10, 0x00, 0x00, 0x0B, 0x60, 0x00, 0x00, 0xA4, 0x00,
    0x00, 0x06, 0x20, 0x00, 0x00, 0x00, 0x00, 0x00, 0x00, 0x00, 0x00, 0x00, 0x00, 0x00, 0x00, 0x00,
    0x00, 0x00, 0x00, 0x00, 0x00, 0x00, 0x00, 0x00, 0x00, 0x00, 0x00, 0x00, 0x00, 0x00, 0x02, 0xB0,
    0x00, 0x00, 0xC2, 0x00, 0x00, 0x66, 0x00, 0x00, 0x0B, 0x10, 0x00, 0x00, 0xB0, 0x00, 0x00, 0x0B,
    0x00, 0x00, 0x00, 0xB0, 0x00, 0x00, 0x0B, 0x10, 0x00, 0x00, 0x58, 0x00, 0x00, 0x00, 0xB4, 0x00,
    0x00, 0x01, 0xA0, 0x00, 0x00, 0x00, 0x07, 0x60, 0x00, 0x00, 0x0B, 0x30, 0x00, 0x00, 0x2B, 0x00,
    0x00, 0x00, 0xA2, 0x00, 0x00, 0x07, 0x50, 0x00, 0x00, 0x66, 0x00, 0x00, 0x07, 0x40, 0x00, 0x00,
    0xB1, 0x00, 0x00, 0x3A, 0x00, 0x00, 0x1C, 0x20, 0x00, 0x06, 0x40, 0x00, 0x00, 0x00, 0x01, 0x00,
    0x00, 0x03, 0xB0, 0x00, 0x77, 0x3A, 0x2A, 0x12, 0x9D, 0xED, 0x60, 0x06, 0xDF, 0xA3, 0x08, 0xA4,
    0xA5, 0xD1, 0x00, 0x3B, 0x00, 0x00, 0x01, 0x50, 0x00, 0x00, 0x00, 0x00, 0x00, 0x00, 0x00, 0x00,
    0x00, 0x26, 0x00, 0x00, 0x04, 0x90, 0x00, 0x12, 0x5A, 0x22, 0x08, 0xAC, 0xDA, 0xA1, 0x00, 0x49,
    0x00, 0x00, 0x04, 0x90, 0x00, 0x00, 0x12, 0x00, 0x00, 0x00, 0x00, 0x00, 0x05, 0x10, 0x00, 0x00,
    0xC3, 0x00, 0x00, 0x09, 0x00, 0x00, 0x00, 0x10, 0x00, 0x00, 0x12, 0x22, 0x22, 0x08, 0xAA, 0xAA,
    0xA0, 0x00, 0x00, 0x00, 0x00, 0x00, 0x00, 0x00, 0x00, 0x00, 0x00, 0x00, 0x00, 0x00, 0x00, 0x06,
    0x10, 0x00, 0x00, 0xB2, 0x00, 0x00, 0x00, 0x00, 0x04, 0x00, 0x00, 0x01, 0x90, 0x00, 0x00, 0x82,
    0x00, 0x00, 0x28, 0x00, 0x00, 0x09, 0x10, 0x00, 0x04, 0x70, 0x00, 0x00, 0xA0, 0x00, 0x00, 0x65,
    0x00, 0x00, 0x1A, 0x00, 0x00, 0x07, 0x30, 0x00, 0x00, 0x20, 0x00, 0x00, 0x00, 0x00, 0x01, 0x00,
    0x00, 0x4E, 0xE9, 0x00, 0x1E, 0x30, 0xC5, 0x06, 0xB0, 0x05, 0xA0, 0x88, 0x00, 0x3C, 0x08, 0x70,
    0x03, 0xC0, 0x78, 0x00, 0x3B, 0x04, 0xC0, 0x07, 0x90, 0x0D, 0x74, 0xD3, 0x00, 0x2A, 0xC5, 0x00,
    0x00, 0x00, 0x00, 0x00, 0x00, 0x00, 0x00, 0x00, 0x04, 0xD0, 0x00, 0x04, 0xDD, 0x00, 0x00, 0x84,
    0xD0, 0x00, 0x00, 0x2D, 0x00, 0x00, 0x02, 0xD0, 0x00, 0x00, 0x2D, 0x00, 0x00, 0x02, 0xD0, 0x00,
    0x00, 0x2D, 0x00, 0x00, 0x02, 0x90, 0x00, 0x00, 0x01, 0x00, 0x00, 0x7E, 0xEB, 0x10, 0x4D, 0x20,
    0xA8, 0x02, 0x20, 0x08, 0x90, 0x00, 0x00, 0xD4, 0x00, 0x00, 0x7B, 0x00, 0x00, 0x4D, 0x10, 0x00,
    0x2D, 0x30, 0x00, 0x1D, 0x83, 0x32, 0x04, 0xAA, 0xAA, 0x80, 0x00, 0x00, 0x00, 0x00, 0x5D, 0xDB,
    0x10, 0x2D, 0x20, 0xA8, 0x01, 0x30, 0x08, 0x80, 0x00, 0x16, 0xD2, 0x00, 0x03, 0xBC, 0x20, 0x00,
    0x00, 0x89, 0x03, 0x60, 0x06, 0xA0, 0x2E, 0x53, 0xD6, 0x00, 0x4B, 0xB6, 0x00, 0x00, 0x00, 0x10,
    0x00, 0x00, 0x2E, 0x00, 0x00, 0x0C, 0xF0, 0x00, 0x07, 0x9E, 0x00, 0x03, 0xD1, 0xE0, 0x00, 0xC3,
    0x0E, 0x00, 0x89, 0x11, 0xE2, 0x0A, 0xCC, 0xCF, 0xC3, 0x00, 0x00, 0xE0, 0x00, 0x00, 0x0A, 0x00,
    0x09, 0xDD, 0xD6, 0x00, 0xD2, 0x00, 0x00, 0x1D, 0x11, 0x00, 0x05, 0xED, 0xDB, 0x10, 0x45, 0x00,
    0xA7, 0x00, 0x00, 0x05, 0xB0, 0x62, 0x00, 0x7A, 0x07, 0xB3, 0x4E, 0x40, 0x07, 0xCC, 0x50, 0x00,
    0x00, 0x00, 0x00, 0x00, 0x00, 0xC6, 0x00, 0x00, 0x7B, 0x00, 0x00, 0x2E, 0x20, 0x00, 0x0A, 0xEC,
    0xA2, 0x03, 0xE4, 0x17, 0xC0, 0x7A, 0x00, 0x0F, 0x27, 0xA0, 0x01, 0xF1, 0x2E, 0x52, 0x9B, 0x00,
    0x4B, 0xC9, 0x10, 0x6D, 0xDD, 0xDD, 0x00, 0x00, 0x06, 0xA0, 0x00, 0x00, 0xD2, 0x00, 0x00, 0x69,
    0x00, 0x00, 0x0D, 0x30, 0x00, 0x04, 0xC0, 0x00, 0x00, 0x96, 0x00, 0x00, 0x0E, 0x20, 0x00, 0x02,
    0xA0, 0x00, 0x00, 0x00, 0x00, 0x00, 0x00, 0x7E, 0xEA, 0x10, 0x3C, 0x00, 0xA7, 0x05, 0xA0, 0x08,
    0x80, 0x1D, 0x87, 0xD2, 0x01, 0xCC, 0xCC, 0x20, 0x8A, 0x00, 0x7B, 0x09, 0x70, 0x04, 0xC0, 0x6C,
    0x33, 0xB8, 0x00, 0x7B, 0xC8, 0x10, 0x00, 0x00, 0x00, 0x00, 0x9E, 0xE9, 0x10, 0x6C, 0x11, 0xC8,
    0x0B, 0x60, 0x06, 0xB0, 0xA7, 0x00, 0x98, 0x04, 0xE7, 0x8F, 0x30, 0x02, 0x7C, 0xA0, 0x00, 0x02,
    0xE2, 0x00, 0x00, 0x98, 0x00, 0x00, 0x2C, 0x10, 0x00, 0x00, 0x00, 0x00, 0x00, 0x07, 0xB0, 0x00,
    0x00, 0x11, 0x00, 0x00, 0x00, 0x00, 0x00, 0x00, 0x00, 0x00, 0x00, 0x03, 0x40, 0x00, 0x00, 0x58,
    0x00, 0x00, 0x00, 0x00, 0x00, 0x00, 0x07, 0xB0, 0x00, 0x00, 0x11, 0x00, 0x00, 0x00, 0x00, 0x00,
    0x00, 0x00, 0x00, 0x00, 0x03, 0x40, 0x00, 0x00, 0x5A, 0x00, 0x00, 0x03, 0x50, 0x00, 0x00, 0x10,
    0x00, 0x00, 0x00, 0x00, 0x01, 0x00, 0x00, 0x05, 0xA0, 0x00, 0x06, 0x90, 0x00, 0x08, 0x80, 0x00,
    0x09, 0x70, 0x00, 0x05, 0xB0, 0x00, 0x00, 0x06, 0x90, 0x00, 0x00, 0x05, 0xA1, 0x00, 0x00, 0x04,
    0xB1, 0x00, 0x00, 0x03, 0xA0, 0x00, 0x00, 0x00, 0x00, 0x8B, 0xBB, 0xBB, 0x01, 0x22, 0x22, 0x20,
    0x00, 0x00, 0x00, 0x07, 0x99, 0x99, 0x90, 0x23, 0x33, 0x33, 0x00, 0x00, 0x00, 0x00, 0x00, 0x00,
    0x00, 0x00, 0x10, 0x00, 0x00, 0x04, 0xA1, 0x00, 0x00, 0x04, 0xB1, 0x00, 0x00, 0x03, 0xB1, 0x00,
    0x00, 0x02, 0xB2, 0x00, 0x00, 0x05, 0xB0, 0x00, 0x04, 0xA1, 0x00, 0x06, 0xA0, 0x00, 0x07, 0x80,
    0x00, 0x05, 0x70, 0x00, 0x00, 0x00, 0x00, 0x00, 0x00, 0x00, 0x00, 0x00, 0x00, 0x5E, 0xEA, 0x00,
    0x1E, 0x31, 0xD6, 0x03, 0xA0, 0x0B, 0x70, 0x00, 0x03, 0xE2, 0x00, 0x02, 0xE4, 0x00, 0x00, 0x69,
    0x00, 0x00, 0x00, 0x00, 0x00, 0x00, 0x44, 0x00, 0x00, 0x06, 0x70, 0x00, 0x00, 0x00, 0x00, 0x00,
    0x37, 0x68, 0x10, 0x17, 0x03, 0x37, 0x07, 0x19, 0x7B, 0x70, 0x83, 0x92, 0x96, 0x18, 0x75, 0x56,
    0x71, 0x88, 0x48, 0x48, 0x07, 0x3B, 0x8B, 0x40, 0x27, 0x00, 0x21, 0x00, 0x27, 0x65, 0x00, 0x00,
    0x00, 0x00, 0x00, 0x07, 0xD0, 0x00, 0x00, 0xBF, 0x20, 0x00, 0x1E, 0xA7, 0x00, 0x05, 0xB5, 0xB0,
    0x00, 0x97, 0x1F, 0x10, 0x0E, 0xEE, 0xF5, 0x03, 0xE1, 0x19, 0x90, 0x7A, 0x00, 0x5D, 0x08, 0x50,
    0x01, 0xB2, 0x6E, 0xED, 0x91, 0x07, 0xB0, 0x1B, 0x80, 0x7B, 0x00, 0x7A, 0x07, 0xC4, 0x5D, 0x50,
    0x7E, 0xAB, 0xD3, 0x07, 0xB0, 0x06, 0xD0, 0x7B, 0x00, 0x4E, 0x07, 0xC3, 0x5C, 0xA0, 0x5B, 0xBB,
    0x71, 0x00, 0x00, 0x00, 0x00, 0x00, 0x3C, 0xFB, 0x20, 0x0D, 0x60, 0x8A, 0x04, 0xD0, 0x03, 0xE0,
    0x7B, 0x00, 0x02, 0x08, 0xA0, 0x00, 0x00, 0x8B, 0x00, 0x2B, 0x05, 0xD0, 0x04, 0xE0, 0x1D, 0x83,
    0xB8, 0x00, 0x19, 0xC8, 0x00, 0x6E, 0xEC, 0x50, 0x07, 0xB1, 0x6E, 0x50, 0x7B, 0x00, 0x8B, 0x07,
    0xB0, 0x05, 0xD0, 0x7B, 0x00, 0x4E, 0x07, 0xB0, 0x05, 0xD0, 0x7B, 0x00, 0x9A, 0x07, 0xC4, 0x8E,
    0x30, 0x5B, 0xB8, 0x20, 0x00, 0x4E, 0xEE, 0xE9, 0x04, 0xD0, 0x00, 0x00, 0x4D, 0x00, 0x00, 0x04,
    0xE4, 0x44, 0x10, 0x4E, 0xAA, 0xA3, 0x04, 0xD0, 0x00, 0x00, 0x4D, 0x00, 0x00, 0x04, 0xE3, 0x33,
    0x30, 0x3B, 0xBB, 0xBA, 0x00, 0x5E, 0xEE, 0xED, 0x06, 0xC0, 0x00, 0x00, 0x6C, 0x00, 0x00, 0x06,
    0xC2, 0x22, 0x00, 0x6E, 0xCC, 0xB0, 0x06, 0xC0, 0x00, 0x00, 0x6C, 0x00, 0x00, 0x06, 0xC0, 0x00,
    0x00, 0x49, 0x00, 0x00, 0x00, 0x00, 0x00, 0x00, 0x00, 0x4D, 0xEA, 0x10, 0x1E, 0x50, 0xB7, 0x05,
    0xD0, 0x06, 0xB0, 0x7B, 0x00, 0x01, 0x08, 0xA0, 0x79, 0x70, 0x8B, 0x04, 0x7C, 0x05, 0xD0, 0x04,
    0xC0, 0x1D, 0x83, 0xBC, 0x00, 0x2A, 0xC7, 0xA0, 0x6A, 0x00, 0x5B, 0x07, 0xB0, 0x06, 0xC0, 0x7B,
    0x00, 0x6C, 0x07, 0xC4, 0x48, 0xC0, 0x7E, 0xAA, 0xCC, 0x07, 0xB0, 0x06, 0xC0, 0x7B, 0x00, 0x6C,
    0x07, 0xB0, 0x06, 0xC0, 0x58, 0x00, 0x49, 0x00, 0x00, 0x6B, 0x00, 0x00, 0x06, 0xC0, 0x00, 0x00,
    0x6C, 0x00, 0x00, 0x06, 0xC0, 0x00, 0x00, 0x6C, 0x00, 0x00, 0x06, 0xC0, 0x00, 0x00, 0x6C, 0x00,
    0x00, 0x06, 0xC0, 0x00, 0x00, 0x59, 0x00, 0x00, 0x00, 0x00, 0x7A, 0x00, 0x00, 0x07, 0xA0, 0x00,
    0x00, 0x7A, 0x00, 0x00, 0x07, 0xA0, 0x00, 0x00, 0x7A, 0x03, 0x80, 0x07, 0xA0, 0x4D, 0x00, 0x89,
    0x01, 0xE7, 0x5E, 0x50, 0x04, 0xBC, 0x70, 0x00, 0x6A, 0x00, 0xA9, 0x07, 0xB0, 0x7C, 0x10, 0x7B,
    0x4E, 0x20, 0x07, 0xCE, 0x70, 0x00, 0x7F, 0xCD, 0x00, 0x07, 0xC0, 0xD6, 0x00, 0x7B, 0x05, 0xE1,
    0x07, 0xB0, 0x0C, 0x80, 0x58, 0x00, 0x4B, 0x10, 0x5B, 0x00, 0x00, 0x06, 0xC0, 0x00, 0x00, 0x6C,
    0x00, 0x00, 0x06, 0xC0, 0x00, 0x00, 0x6C, 0x00, 0x00, 0x06, 0xC0, 0x00, 0x00, 0x6C, 0x00, 0x00,
    0x06, 0xC3, 0x33, 0x30, 0x4B, 0xBB, 0xBA, 0x00, 0x8E, 0x20, 0xAD, 0x08, 0xF5, 0x0E, 0xE0, 0x8E,
    0x82, 0xEE, 0x08, 0xBB, 0x5B, 0xE0, 0x88, 0xD7, 0x8E, 0x08, 0x7D, 0xC5, 0xE0, 0x87, 0xAF, 0x2E,
    0x08, 0x77, 0xD1, 0xE0, 0x65, 0x38, 0x1B, 0x00, 0x7D, 0x10, 0x5B, 0x07, 0xF6, 0x06, 0xC0, 0x7E,
    0xD0, 0x6C, 0x07, 0xAC, 0x56, 0xC0, 0x7A, 0x5B, 0x6C, 0x07, 0xA0, 0xD9, 0xC0, 0x7A, 0x07, 0xEC,
    0x07, 0xA0, 0x1E, 0xC0, 0x58, 0x00, 0x79, 0x00, 0x00, 0x00, 0x00, 0x00, 0x6E, 0xFA, 0x10, 0x3F,
    0x41, 0xC8, 0x07, 0xB0, 0x06, 0xC0, 0x99, 0x00, 0x4E, 0x09, 0x90, 0x03, 0xF0, 0x99, 0x00, 0x4E,
    0x06, 0xC0, 0x06, 0xC0, 0x1E, 0x73, 0xD6, 0x00, 0x3B, 0xC7, 0x00, 0x5E, 0xED, 0xA2, 0x05, 0xD0,
    0x19, 0xB0, 0x5C, 0x00, 0x3E, 0x05, 0xC0, 0x05, 0xD0, 0x5E, 0x9A, 0xE5, 0x05, 0xD5, 0x52, 0x00,
    0x5C, 0x00, 0x00, 0x05, 0xC0, 0x00, 0x00, 0x49, 0x00, 0x00, 0x00, 0x00, 0x00, 0x00, 0x00, 0x6E,
    0xFA, 0x10, 0x3F, 0x41, 0xC8, 0x07, 0xB0, 0x06, 0xC0, 0x99, 0x00, 0x4E, 0x09, 0x90, 0x03, 0xF0,
    0x99, 0x05, 0x5E, 0x06, 0xC0, 0x9D, 0xC0, 0x1E, 0x75, 0xF6, 0x00, 0x3B, 0xCC, 0x70, 0x00, 0x00,
    0x10, 0x00, 0x6E, 0xED, 0x91, 0x07, 0xB0, 0x2B, 0x90, 0x7B, 0x00, 0x6C, 0x07, 0xB0, 0x1A, 0xA0,
    0x7F, 0xFF, 0xB1, 0x07, 0xB0, 0xB8, 0x00, 0x7B, 0x03, 0xE1, 0x07, 0xB0, 0x0B, 0x70, 0x58, 0x00,
    0x3A, 0x00, 0x00, 0x00, 0x00, 0x00, 0x6E, 0xEA, 0x00, 0x2E, 0x31, 0xC6, 0x04, 0xE0, 0x04, 0x40,
    0x1D, 0xB4, 0x00, 0x00, 0x17, 0xEB, 0x10, 0x00, 0x01, 0xBA, 0x08, 0xA0, 0x05, 0xD0, 0x4E, 0x53,
    0xB9, 0x00, 0x5B, 0xC8, 0x10, 0x6E, 0xEE, 0xEB, 0x00, 0x06, 0xC0, 0x00, 0x00, 0x6C, 0x00, 0x00,
    0x06, 0xC0, 0x00, 0x00, 0x6C, 0x00, 0x00, 0x06, 0xC0, 0x00, 0x00, 0x6C, 0x00, 0x00, 0x06, 0xC0,
    0x00, 0x00, 0x59, 0x00, 0x00, 0x6A, 0x00, 0x5C, 0x07, 0xB0, 0x05, 0xD0, 0x7B, 0x00, 0x5D, 0x07,
    0xB0, 0x05, 0xD0, 0x7B, 0x00, 0x5D, 0x07, 0xB0, 0x05, 0xD0, 0x6C, 0x00, 0x6C, 0x02, 0xF5, 0x3C,
    0x80, 0x05, 0xBC, 0x81, 0x00, 0xB6, 0x00, 0x2E, 0x17, 0xB0, 0x06, 0xC0, 0x3E, 0x00, 0xA7, 0x00,
    0xD4, 0x0E, 0x30, 0x09, 0x83, 0xE0, 0x00, 0x5C, 0x79, 0x00, 0x01, 0xEC, 0x50, 0x00, 0x0B, 0xF1,
    0x00, 0x00, 0x6A, 0x00, 0x00, 0xD3, 0x7B, 0x0D, 0x3C, 0x59, 0xE0, 0xF1, 0xA6, 0xBD, 0x2E, 0x08,
    0x8C, 0xA6, 0xC0, 0x6A, 0xC7, 0x9A, 0x04, 0xEA, 0x5D, 0x80, 0x2F, 0x83, 0xF6, 0x00, 0xF6, 0x1F,
    0x40, 0x0B, 0x30, 0xC2, 0x00, 0x4C, 0x00, 0x88, 0x00, 0xC5, 0x1E, 0x20, 0x04, 0xC8, 0x90, 0x00,
    0x0B, 0xE1, 0x00, 0x00, 0x9D, 0x00, 0x00, 0x2E, 0xB6, 0x00, 0x09, 0x83, 0xD0, 0x02, 0xE1, 0x0B,
    0x70, 0x77, 0x00, 0x3A, 0x00, 0x88, 0x00, 0x3C, 0x02, 0xE1, 0x0B, 0x60, 0x09, 0x83, 0xD0, 0x00,
    0x2E, 0xB6, 0x00, 0x00, 0x9E, 0x00, 0x00, 0x06, 0xC0, 0x00, 0x00, 0x6C, 0x00, 0x00, 0x06, 0xC0,
    0x00, 0x00, 0x59, 0x00, 0x00, 0x3E, 0xEE, 0xEA, 0x00, 0x00, 0x0B, 0x70, 0x00, 0x05, 0xC0, 0x00,
    0x01, 0xD4, 0x00, 0x00, 0x89, 0x00, 0x00, 0x3E, 0x10, 0x00, 0x0B, 0x60, 0x00, 0x05, 0xD3, 0x33,
    0x30, 0x6B, 0xBB, 0xBA, 0x00, 0x00, 0x24, 0x43, 0x00, 0x07, 0xB8, 0x60, 0x00, 0x76, 0x00, 0x00,
    0x07, 0x60, 0x00, 0x00, 0x76, 0x00, 0x00, 0x07, 0x60, 0x00, 0x00, 0x76, 0x00, 0x00, 0x07, 0x60,
    0x00, 0x00, 0x76, 0x00, 0x00, 0x07, 0x60, 0x00, 0x00, 0x76, 0x00, 0x00, 0x07, 0xDB, 0x80, 0x00,
    0x01, 0x11, 0x00, 0x12, 0x00, 0x00, 0x01, 0xB0, 0x00, 0x00, 0x0A, 0x30, 0x00, 0x00, 0x49, 0x00,
    0x00, 0x00, 0xC1, 0x00, 0x00, 0x06, 0x60, 0x00, 0x00, 0x1B, 0x00, 0x00, 0x00, 0x93, 0x00, 0x00,
    0x03, 0x90, 0x00, 0x00, 0x0B, 0x10, 0x00, 0x00, 0x66, 0x00, 0x00, 0x01, 0x30, 0x24, 0x43, 0x00,
    0x03, 0x89, 0xC0, 0x00, 0x00, 0x1C, 0x00, 0x00, 0x01, 0xC0, 0x00, 0x00, 0x1C, 0x00, 0x00, 0x01,
    0xC0, 0x00, 0x00, 0x1C, 0x00, 0x00, 0x01, 0xC0, 0x00, 0x00, 0x1C, 0x00, 0x00, 0x01, 0xC0, 0x00,
    0x00, 0x1C, 0x00, 0x04, 0xBB, 0xC0, 0x00, 0x01, 0x11, 0x00, 0x00, 0x00, 0x57, 0x00, 0x00, 0x5C,
    0xA9, 0x00, 0x18, 0x10, 0x73, 0x00, 0x00, 0x00, 0x00, 0x00, 0x00, 0x00, 0x00, 0x00, 0x00, 0x00,
    0x00, 0x00, 0x00, 0x00, 0x00, 0x00, 0x00, 0x00, 0x00, 0x00, 0x00, 0x00, 0x00, 0x00, 0x00, 0x00,
    0x00, 0x00, 0x00, 0x00, 0x00, 0x09, 0x99, 0x99, 0x94, 0x01, 0x72, 0x00, 0x00, 0x07, 0xB0, 0x00,
    0x00, 0x08, 0x50, 0x00, 0x00, 0x00, 0x00, 0x00, 0x00, 0x00, 0x00, 0x00, 0x00, 0x00, 0x00, 0x00,
    0x00, 0x00, 0x00, 0x00, 0x00, 0x00, 0x00, 0x00, 0x00, 0x00, 0x00, 0x00, 0x00, 0x00, 0x00, 0x00,
    0x00, 0x00, 0x00, 0x00, 0x7E, 0xEB, 0x10, 0x1B, 0x20, 0xB6, 0x00, 0x38, 0xBE, 0x70, 0x3E, 0x51,
    0x97, 0x06, 0xD2, 0x5E, 0x70, 0x19, 0xC9, 0x77, 0x00, 0x59, 0x00, 0x00, 0x06, 0x90, 0x00, 0x00,
    0x69, 0x01, 0x00, 0x06, 0xBC, 0xDA, 0x10, 0x6E, 0x10, 0xB7, 0x06, 0xA0, 0x06, 0xA0, 0x6B, 0x00,
    0x7A, 0x06, 0xF4, 0x2D, 0x50, 0x48, 0xAC, 0x70, 0x00, 0x00, 0x00, 0x00, 0x00, 0x6D, 0xEB, 0x10,
    0x3E, 0x20, 0xA7, 0x07, 0xA0, 0x00, 0x00, 0x7A, 0x00, 0x36, 0x02, 0xE4, 0x2B, 0x80, 0x03, 0xBC,
    0x80, 0x00, 0x00, 0x00, 0x68, 0x00, 0x00, 0x06, 0x90, 0x00, 0x00, 0x69, 0x00, 0x8E, 0xDA, 0x90,
    0x4D, 0x11, 0xC9, 0x07, 0x90, 0x07, 0x90, 0x7A, 0x00, 0x89, 0x03, 0xE4, 0x3D, 0x90, 0x05, 0xCB,
    0x77, 0x00, 0x00, 0x00, 0x00, 0x00, 0x5D, 0xDB, 0x10, 0x2D, 0x10, 0xA7, 0x06, 0xEC, 0xCD, 0x90,
    0x6B, 0x00, 0x12, 0x02, 0xE5, 0x2A, 0x80, 0x03, 0xAC, 0x80, 0x00, 0x00, 0x00, 0x00, 0x00, 0x03,
    0xDE, 0xB0, 0x00, 0xA6, 0x01, 0x00, 0x0B, 0x40, 0x00, 0x5C, 0xED, 0xC5, 0x00, 0x0B, 0x40, 0x00,
    0x00, 0xB4, 0x00, 0x00, 0x0B, 0x40, 0x00, 0x00, 0xB4, 0x00, 0x00, 0x08, 0x30, 0x00, 0x00, 0x00,
    0x00, 0x00, 0x5D, 0xDA, 0xC1, 0x0E, 0x22, 0xE0, 0x00, 0xE3, 0x3E, 0x00, 0x0A, 0xCC, 0x40, 0x02,
    0xD6, 0x54, 0x00, 0x2B, 0x78, 0xBA, 0x06, 0xA2, 0x27, 0xA0, 0x06, 0x99, 0x61, 0x00, 0x4A, 0x00,
    0x00, 0x04, 0xB0, 0x00, 0x00, 0x4B, 0x00, 0x00, 0x04, 0xB9, 0xCD, 0x30, 0x4F, 0x50, 0x7A, 0x04,
    0xD0, 0x05, 0xA0, 0x4B, 0x00, 0x5A, 0x04, 0xB0, 0x05, 0xA0, 0x38, 0x00, 0x48, 0x00, 0x00, 0x59,
    0x00, 0x00, 0x02, 0x40, 0x00, 0x00, 0x00, 0x00, 0x00, 0x05, 0x90, 0x00, 0x00, 0x5A, 0x00, 0x00,
    0x05, 0xA0, 0x00, 0x00, 0x5A, 0x00, 0x00, 0x05, 0xA0, 0x00, 0x00, 0x47, 0x00, 0x00, 0x00, 0x05,
    0x90, 0x00, 0x00, 0x24, 0x00, 0x00, 0x00, 0x00, 0x00, 0x00, 0x59, 0x00, 0x00, 0x05, 0xA0, 0x00,
    0x00, 0x5A, 0x00, 0x00, 0x05, 0xA0, 0x00, 0x00, 0x5A, 0x00, 0x00, 0x05, 0xA0, 0x00, 0x65, 0xB7,
    0x00, 0x06, 0x97, 0x00, 0x00, 0x3B, 0x00, 0x00, 0x04, 0xC0, 0x00, 0x00, 0x4C, 0x00, 0x00, 0x04,
    0xC0, 0x3C, 0x30, 0x4C, 0x3D, 0x30, 0x04, 0xDD, 0xD1, 0x00, 0x4E, 0x28, 0x80, 0x04, 0xC0, 0x1D,
    0x30, 0x39, 0x00, 0x58, 0x00, 0x00, 0x4A, 0x00, 0x00, 0x05, 0xB0, 0x00, 0x00, 0x5B, 0x00, 0x00,
    0x05, 0xB0, 0x00, 0x00, 0x5B, 0x00, 0x00, 0x05, 0xB0, 0x00, 0x00, 0x5B, 0x00, 0x00, 0x05, 0xB0,
    0x00, 0x00, 0x48, 0x00, 0x00, 0x00, 0x00, 0x00, 0x0B, 0xAE, 0x8D, 0xD1, 0xC7, 0x6D, 0x1D, 0x3C,
    0x35, 0xB0, 0xC3, 0xC3, 0x5B, 0x0C, 0x3C, 0x35, 0xB0, 0xC3, 0x92, 0x48, 0x09, 0x20, 0x00, 0x00,
    0x00, 0x04, 0xB9, 0xCD, 0x30, 0x4F, 0x50, 0x7A, 0x04, 0xD0, 0x05, 0xA0, 0x4B, 0x00, 0x5A, 0x04,
    0xB0, 0x05, 0xA0, 0x38, 0x00, 0x48, 0x00, 0x00, 0x00, 0x00, 0x00, 0x6D, 0xEA, 0x10, 0x3E, 0x20,
    0xA9, 0x07, 0xA0, 0x03, 0xD0, 0x7A, 0x00, 0x4D, 0x02, 0xE5, 0x2C, 0x70, 0x03, 0xBC, 0x70, 0x00,
    0x00, 0x00, 0x00, 0x05, 0xBC, 0xEA, 0x00, 0x6E, 0x20, 0xB7, 0x06, 0xA0, 0x06, 0xA0, 0x6B, 0x00,
    0x7A, 0x06, 0xF4, 0x2D, 0x60, 0x6A, 0xAD, 0x70, 0x06, 0x90, 0x00, 0x00, 0x46, 0x00, 0x00, 0x00,
    0x00, 0x00, 0x00, 0x00, 0x8E, 0xDA, 0x80, 0x4D, 0x11, 0xC9, 0x07, 0x90, 0x07, 0x90, 0x7A, 0x00,
    0x89, 0x03, 0xE3, 0x2D, 0x90, 0x06, 0xCB, 0x99, 0x00, 0x00, 0x06, 0x90, 0x00, 0x00, 0x46, 0x00,
    0x00, 0x00, 0x00, 0x00, 0x95, 0x9F, 0x10, 0x0A, 0xD6, 0x10, 0x00, 0xA8, 0x00, 0x00, 0x0A, 0x50,
    0x00, 0x00, 0xA5, 0x00, 0x00, 0x08, 0x40, 0x00, 0x00, 0x00, 0x00, 0x00, 0x00, 0x7D, 0xDB, 0x10,
    0x0F, 0x20, 0x63, 0x00, 0xAC, 0x84, 0x00, 0x00, 0x25, 0xD6, 0x01, 0xE3, 0x1A, 0x80, 0x05, 0xBC,
    0x91, 0x00, 0x00, 0xD1, 0x00, 0x00, 0x0E, 0x10, 0x00, 0x8C, 0xFC, 0xC2, 0x00, 0x0E, 0x10, 0x00,
    0x00, 0xE1, 0x00, 0x00, 0x0E, 0x10, 0x00, 0x00, 0xC5, 0x23, 0x00, 0x03, 0xBC, 0x60, 0x4A, 0x00,
    0x5A, 0x04, 0xB0, 0x05, 0xA0, 0x4B, 0x00, 0x5A, 0x04, 0xB0, 0x08, 0xA0, 0x3E, 0x13, 0xDA, 0x00,
    0x8C, 0xA5, 0x80, 0x5A, 0x00, 0x59, 0x01, 0xE1, 0x0B, 0x50, 0x0A, 0x62, 0xE0, 0x00, 0x4B, 0x79,
    0x00, 0x00, 0xDD, 0x30, 0x00, 0x07, 0xB0, 0x00, 0xC3, 0x7B, 0x0D, 0x2A, 0x6A, 0xD1, 0xE0, 0x68,
    0xB9, 0x6B, 0x03, 0xCB, 0x6C, 0x70, 0x0E, 0x83, 0xF4, 0x00, 0xA5, 0x1D, 0x10, 0x2D, 0x20, 0xB5,
    0x00, 0x6B, 0x6A, 0x00, 0x00, 0xBE, 0x10, 0x00, 0x1D, 0xD4, 0x00, 0x0A, 0x83, 0xD1, 0x03, 0xA0,
    0x07, 0x60, 0x6A, 0x00, 0x5A, 0x01, 0xE1, 0x0B, 0x50, 0x0A, 0x61, 0xE0, 0x00, 0x4C, 0x79, 0x00,
    0x00, 0xDD, 0x30, 0x00, 0x08, 0xC0, 0x00, 0x06, 0xB7, 0x00, 0x00, 0x97, 0x00, 0x00, 0x1C, 0xCC,
    0xE5, 0x00, 0x00, 0x5C, 0x10, 0x00, 0x4D, 0x20, 0x00, 0x2D, 0x30, 0x00, 0x1D, 0x61, 0x11, 0x03,
    0xBB, 0xBB, 0x70, 0x00, 0x00, 0x32, 0x00, 0x00, 0x5C, 0x30, 0x00, 0x07, 0x90, 0x00, 0x00, 0x79,
    0x00, 0x00, 0x07, 0x90, 0x00, 0x00, 0x88, 0x00, 0x00, 0x1E, 0x40, 0x00, 0x00, 0x78, 0x00, 0x00,
    0x07, 0x90, 0x00, 0x00, 0x79, 0x00, 0x00, 0x06, 0x90, 0x00, 0x00, 0x3D, 0x50, 0x00, 0x00, 0x01,
    0x00, 0x00, 0x12, 0x00, 0x00, 0x05, 0xB0, 0x00, 0x00, 0x5B, 0x00, 0x00, 0x05, 0xB0, 0x00, 0x00,
    0x5B, 0x00, 0x00, 0x05, 0xB0, 0x00, 0x00, 0x5B, 0x00, 0x00, 0x05, 0xB0, 0x00, 0x00, 0x5B, 0x00,
    0x00, 0x05, 0xB0, 0x00, 0x00, 0x5B, 0x00, 0x00, 0x05, 0xB0, 0x00, 0x00, 0x5B, 0x00, 0x00, 0x03,
    0x80, 0x00, 0x14, 0x10, 0x00, 0x01, 0x9A, 0x00, 0x00, 0x03, 0xC0, 0x00, 0x00, 0x3C, 0x00, 0x00,
    0x03, 0xC0, 0x00, 0x00, 0x2D, 0x00, 0x00, 0x00, 0xE6, 0x00, 0x00, 0x3C, 0x00, 0x00, 0x03, 0xC0,
    0x00, 0x00, 0x3C, 0x00, 0x00, 0x03, 0xC0, 0x00, 0x02, 0xB8, 0x00, 0x00, 0x01, 0x00, 0x00, 0x00,
    0x00, 0x00, 0x00, 0x00, 0x9D, 0x40, 0x70, 0x29, 0x3C, 0xD6, 0x00, 0x00, 0x14, 0x00, 0x00, 0x00,
    0x00, 0x00, 0x00, 0x00, 0x00, 0x00, 0x00, 0x00, 0x00, 0x00, 0x00, 0x00, 0x00, 0x00, 0x00, 0x00,
    0x00, 0x00, 0x00, 0x00, 0x00, 0x00, 0x00, 0x00, 0x00, 0x00, 0x00, 0x00, 0x05, 0xA5, 0x00, 0x00,
    0x00, 0x00, 0x00, 0x8F, 0x70, 0x00, 0x00, 0x00, 0x00, 0x02, 0x42, 0x00, 0x00, 0x00, 0x00, 0x00,
    0x00, 0x00, 0x00, 0x00, 0x00, 0x00, 0x00, 0x00, 0x00, 0x00, 0x00, 0x00, 0x00, 0x00, 0x00, 0x00,
    0x00, 0x11, 0x11, 0x11, 0x11, 0x11, 0x11, 0x1A, 0xAA, 0xAA, 0xAA, 0xAA, 0xAA, 0xAA, 0x00, 0x00,
    0x00, 0x00, 0x00, 0x00, 0x00, 0x00, 0x00, 0x00, 0x00, 0x00, 0x00, 0x00, 0x00, 0x00, 0x00, 0x00,
    0x00, 0x00, 0x00, 0x00, 0x00, 0x00, 0x00, 0x00, 0x00, 0x00, 0x00, 0x00, 0x00, 0x02, 0x00, 0x00,
    0x00, 0x00, 0x00, 0x08, 0x60, 0x00, 0x00, 0x00, 0x00, 0x00, 0xC3, 0x00, 0x00, 0x00, 0x00, 0x00,
    0x0D, 0xC0, 0x00, 0x00, 0x00, 0x00, 0x00, 0x66, 0x00, 0x00, 0x00, 0x00, 0x00, 0x00, 0x00, 0x00,
    0x00, 0x00, 0x00, 0x00, 0x00, 0x00, 0x00, 0x00, 0x00, 0x00, 0x00, 0x00, 0x00, 0x00, 0x00, 0x00,
    0x00, 0x00, 0x00, 0x00, 0x00, 0x00, 0x00, 0x00, 0x00, 0x00, 0x00, 0x00, 0x00, 0x00, 0x00, 0x00,
    0x06, 0x50, 0x00, 0x00, 0x00, 0x00, 0x00, 0xEB, 0x00, 0x00, 0x00, 0x00, 0x00, 0x05, 0xB0, 0x00,
    0x00, 0x00, 0x00, 0x00, 0x76, 0x00, 0x00, 0x00, 0x00, 0x00, 0x04, 0x00, 0x00, 0x00, 0x00, 0x00,
    0x00, 0x00, 0x00, 0x00, 0x00, 0x00, 0x00, 0x00, 0x00, 0x00, 0x00, 0x00, 0x00, 0x00, 0x00, 0x00,
    0x00, 0x00, 0x00, 0x00, 0x00, 0x00, 0x00, 0x00, 0x00, 0x00, 0x00, 0x00, 0x00, 0x00, 0x00, 0x00,
    0x00, 0x00, 0x00, 0x00, 0x00, 0x00, 0x00, 0x00, 0x00, 0x00, 0x00, 0x00, 0x30, 0x02, 0x00, 0x00,
    0x00, 0x00, 0x68, 0x08, 0x60, 0x00, 0x00, 0x00, 0x0A, 0x50, 0xC3, 0x00, 0x00, 0x00, 0x00, 0xAE,
    0x0D, 0xC0, 0x00, 0x00, 0x00, 0x05, 0x60, 0x66, 0x00, 0x00, 0x00, 0x00, 0x00, 0x00, 0x00, 0x00,
    0x00, 0x00, 0x00, 0x00, 0x00, 0x00, 0x00, 0x00, 0x00, 0x00, 0x00, 0x00, 0x00, 0x00, 0x00, 0x00,
    0x00, 0x00, 0x00, 0x00, 0x00, 0x00, 0x00, 0x00, 0x00, 0x00, 0x00, 0x00, 0x00, 0x00, 0x00, 0x00,
    0x06, 0x50, 0x64, 0x00, 0x00, 0x00, 0x00, 0xEB, 0x0E, 0xA0, 0x00, 0x00, 0x00, 0x05, 0xB0, 0x6A,
    0x00, 0x00, 0x00, 0x00, 0x76, 0x07, 0x60, 0x00, 0x00, 0x00, 0x04, 0x00, 0x30, 0x00, 0x00, 0x00,
    0x00, 0x00, 0x00, 0x00, 0x00, 0x00, 0x00, 0x00, 0x00, 0x00, 0x00, 0x00, 0x00, 0x00, 0x00, 0x00,
    0x00, 0x00, 0x00, 0x00, 0x00, 0x00, 0x00, 0x00, 0x00, 0x00, 0x00, 0x00, 0x00, 0x00, 0x00, 0x00,
    0x00, 0x00, 0x00, 0x00, 0x00, 0x00, 0x00, 0x00, 0x08, 0xA2, 0x05, 0xA5, 0x04, 0xA6, 0x00, 0xCF,
    0x30, 0x8F, 0x70, 0x5F, 0x90, 0x03, 0x41, 0x02, 0x42, 0x02, 0x43, 0x00, 0x00, 0x00, 0x00, 0x00,
    0x00, 0x00, 0x00, 0x00, 0x00, 0x00, 0x00, 0x00, 0x00, 0x00, 0x00, 0x00, 0x00, 0x00, 0x00, 0x01,
    0x20, 0x00, 0x00, 0x00, 0x00, 0x00, 0x85, 0x30, 0x00, 0x00, 0x00, 0x00, 0x08, 0x54, 0x01, 0x9E,
    0xEB, 0x40, 0x00, 0x12, 0x01, 0xC8, 0x21, 0x5E, 0x40, 0x00, 0x00, 0x79, 0x00, 0x00, 0x55, 0x00,
    0x00, 0x0C, 0x30, 0x00, 0x00, 0x00, 0x00, 0x00, 0xE1, 0x00, 0x00, 0x00, 0x00, 0x00, 0x0E, 0x10,
    0x00, 0x00, 0x00, 0x00, 0x00, 0xB5, 0x00, 0x00, 0x4B, 0x00, 0x00, 0x05, 0xE3, 0x00, 0x2D, 0x40,
    0x00, 0x00, 0x06, 0xEC, 0xCE, 0x60, 0x00, 0x00, 0x00, 0x00, 0x33, 0x00, 0x00, 0x00, 0x00, 0x00,
    0x00, 0x00, 0x00, 0x00, 0x00, 0x00, 0x08, 0x00, 0x00, 0x00, 0x00, 0x00, 0x02, 0xF1, 0x00, 0x00,
    0x00, 0x00, 0x00, 0x7F, 0x60, 0x00, 0x00, 0x00, 0x00, 0x0C, 0xFB, 0x00, 0x00, 0x00, 0x9F, 0xFF,
    0xFF, 0xFF, 0xFF, 0x80, 0x00, 0x5E, 0xFF, 0xFF, 0xFE, 0x50, 0x00, 0x00, 0x2F, 0xFF, 0xFE, 0x20,
    0x00, 0x00, 0x03, 0xFF, 0xFF, 0xF2, 0x00, 0x00, 0x00, 0x8F, 0xB4, 0xCF, 0x70, 0x00, 0x00, 0x0C,
    0x70, 0x00, 0x8C, 0x00, 0x00, 0x01, 0x30, 0x00, 0x00, 0x41, 0x00, 0x00, 0x00, 0x00, 0x00, 0x00,
    0x00, 0x00, 0x00, 0x00, 0x08, 0x00, 0x00, 0x00, 0x00, 0x00, 0x02, 0xF1, 0x00, 0x00, 0x00, 0x00,
    0x00, 0x78, 0x60, 0x00, 0x00, 0x00, 0x00, 0x0A, 0x0A, 0x00, 0x00, 0x00, 0x9E, 0x98, 0x50, 0x58,
    0x9E, 0x80, 0x00, 0x5B, 0x20, 0x00, 0x2B, 0x50, 0x00, 0x00, 0x2B, 0x00, 0x0C, 0x20, 0x00, 0x00,
    0x03, 0x72, 0x92, 0x92, 0x00, 0x00, 0x00, 0x88, 0xA4, 0xB8, 0x70, 0x00, 0x00, 0x0C, 0x70, 0x00,
    0x8C, 0x00, 0x00, 0x01, 0x30, 0x00, 0x00, 0x41, 0x00, 0x00, 0x30, 0x00, 0x00, 0x00, 0x00, 0x00,
    0x0D, 0x40, 0x00, 0x00, 0x00, 0x00, 0x00, 0x6D, 0x00, 0x00, 0x00, 0x00, 0x00, 0x01, 0xE7, 0x00,
    0x00, 0x00, 0x00, 0x00, 0x04, 0x10, 0x00, 0x00, 0x00, 0x00, 0x00, 0x9A, 0x40, 0x00, 0x00, 0x00,
    0x00, 0x46, 0x09, 0x00, 0x00, 0x00, 0x00, 0x01, 0xA8, 0x60, 0x00, 0x00, 0x00, 0x00, 0x01, 0x20,
    0x00, 0x00, 0x00, 0x00, 0x00, 0x00, 0x00, 0x00, 0x09, 0x09, 0x00, 0x00, 0x00, 0x00, 0x04, 0x84,
    0x80, 0x00, 0x00, 0x00, 0x00, 0xB1, 0xB2, 0x00, 0x00, 0x00, 0x00, 0x39, 0x39, 0x00, 0x00, 0x00,
    0x00, 0x0A, 0x2A, 0x20, 0x00, 0x00, 0x00, 0x03, 0xA3, 0xA0, 0x00, 0x00, 0x00, 0x00, 0x66, 0x66,
    0x00, 0x00, 0x00, 0x00, 0x01, 0xB1, 0xB0, 0x00, 0x00, 0x00, 0x00, 0x07, 0x57, 0x50, 0x00, 0x00,
    0x00, 0x00, 0x1B, 0x1B, 0x00, 0x00, 0x00, 0x00, 0x00, 0x84, 0x74, 0x00, 0x00, 0x00, 0x00, 0x01,
    0xB1, 0xB0, 0x00, 0x00, 0x00, 0x00, 0x03, 0x03, 0x00, 0x08, 0x08, 0x00, 0x00, 0x00, 0x00, 0x00,
    0x92, 0x92, 0x00, 0x00, 0x00, 0x00, 0x02, 0x92, 0x90, 0x00, 0x00, 0x00, 0x00, 0x0A, 0x29, 0x20,
    0x00, 0x00, 0x00, 0x00, 0x38, 0x29, 0x00, 0x00, 0x00, 0x00, 0x00, 0xA1, 0x91, 0x00, 0x00, 0x00,
    0x00, 0x07, 0x46, 0x50, 0x00, 0x00, 0x00, 0x00, 0xB0, 0xB0, 0x00, 0x00, 0x00, 0x00, 0x65, 0x56,
    0x00, 0x00, 0x00, 0x00, 0x0B, 0x0B, 0x00, 0x00, 0x00, 0x00, 0x05, 0x65, 0x60, 0x00, 0x00, 0x00,
    0x00, 0xB1, 0xB0, 0x00, 0x00, 0x00, 0x00, 0x03, 0x03, 0x00, 0x00, 0x00, 0x00, 0x00, 0x27, 0x77,
    0x77, 0x77, 0x77, 0x77, 0x23, 0xCC, 0xCC, 0xCC, 0xCC, 0xCC, 0xC4, 0x00, 0x00, 0x00, 0x00, 0x00,
    0x00, 0x00, 0x00, 0x00, 0x00, 0x00, 0x00, 0x00, 0x00, 0x00, 0x00, 0x00, 0x00, 0x00, 0x00, 0x00,
    0x00, 0x00, 0x00, 0x00, 0x00, 0x01, 0x55, 0x44, 0x44, 0x45, 0x51, 0x00, 0x2B, 0xAA, 0xAA, 0xAA,
    0xAB, 0x10, 0x00, 0x00, 0x00, 0x00, 0x00, 0x00, 0x00, 0x00, 0x00, 0x00, 0x00, 0x00, 0x00, 0x00,
    0x24, 0x44, 0x44, 0x45, 0x10, 0x00, 0x05, 0xBB, 0xBB, 0xBB, 0xB3, 0x00, 0x00, 0x00, 0x00, 0x00,
    0x00, 0x00, 0x00, 0x00, 0x00, 0x00, 0x00, 0x00, 0x00, 0x00, 0x00, 0x00, 0x00, 0x00, 0x00, 0x02,
    0xAA, 0xAA, 0xAA, 0xAA, 0xAA, 0xB2, 0x16, 0x55, 0x55, 0x55, 0x55, 0x56, 0x10, 0x00, 0x00, 0x03,
    0x30, 0x00, 0x00, 0x00, 0x00, 0x00, 0x89, 0x00, 0x00, 0x00, 0x00, 0x00, 0x08, 0x80, 0x00, 0x00,
    0x00, 0x00, 0x00, 0x88, 0x00, 0x00, 0x00, 0x00, 0x00, 0x08, 0xC8, 0x88, 0x93, 0x00, 0x00, 0x00,
    0x8B, 0x77, 0x77, 0x30, 0x00, 0x00, 0x08, 0x80, 0x00, 0x00, 0x00, 0x00, 0x00, 0x88, 0x00, 0x00,
    0x00, 0x00, 0x00, 0x08, 0x80, 0x00, 0x00, 0x00, 0x00, 0x00, 0x88, 0x00, 0x00, 0x00, 0x26, 0x66,
    0x6B, 0xB6, 0x66, 0x66, 0x23, 0x99, 0x88, 0x88, 0x88, 0x88, 0x93, 0x29, 0x88, 0x88, 0x88, 0x88,
    0x89, 0x11, 0x76, 0x66, 0xAC, 0x66, 0x66, 0x71, 0x00, 0x00, 0x06, 0xA0, 0x00, 0x00, 0x00, 0x00,
    0x00, 0x6A, 0x00, 0x00, 0x00, 0x00, 0x00, 0x06, 0xA4, 0xA1, 0x00, 0x00, 0x00, 0x00, 0x6A, 0x1B,
    0xC1, 0x00, 0x00, 0x00, 0x06, 0xA0, 0x1B, 0xC1, 0x00, 0x00, 0x00, 0x6A, 0x00, 0x1A, 0x20, 0x00,
    0x00, 0x06, 0xA0, 0x00, 0x00, 0x00, 0x00, 0x00, 0x6A, 0x00, 0x00, 0x00, 0x00, 0x00, 0x06, 0x90,
    0x00, 0x00, 0x00, 0x01, 0x00, 0x00, 0x00, 0x00, 0x00, 0x00, 0xDE, 0xEE, 0xEE, 0xEE, 0xEE, 0xE2,
    0x00, 0x00, 0x00, 0xD4, 0x00, 0x00, 0x00, 0x00, 0x00, 0x8C, 0x00, 0x00, 0x00, 0x00, 0x00, 0x4F,
    0xB1, 0x70, 0x00, 0x00, 0x00, 0x3D, 0x8B, 0x1C, 0x90, 0x00, 0x00, 0x4E, 0x45, 0xB0, 0x1C, 0xA0,
    0x00, 0x7E, 0x40, 0x5B, 0x00, 0x1D, 0x90, 0x19, 0x20, 0x05, 0xB0, 0x00, 0x25, 0x00, 0x00, 0x00,
    0x5B, 0x00, 0x00, 0x00, 0x00, 0x00, 0x05, 0xB0, 0x00, 0x00, 0x00, 0x00, 0x00, 0x5B, 0x00, 0x00,
    0x00, 0x00, 0x00, 0x01, 0x10, 0x00, 0x00, 0x00, 0x00, 0x00, 0x01, 0x81, 0x00, 0x00, 0x00, 0x06,
    0x80, 0x3E, 0x00, 0x00, 0x00, 0x00, 0x2D, 0x73, 0xC0, 0x00, 0x00, 0x00, 0x00, 0x26, 0x5B, 0x00,
    0x00, 0x00, 0x05, 0xCC, 0xCD, 0xEC, 0xCC, 0xCA, 0x00, 0x11, 0x11, 0xA7, 0x11, 0x16, 0xB0, 0x00,
    0x00, 0x0E, 0x23, 0x00, 0x6A, 0x00, 0x00, 0x06, 0xB3, 0xE8, 0x08, 0x80, 0x00, 0x01, 0xE3, 0x02,
    0xD6, 0xA6, 0x00, 0x01, 0xC8, 0x00, 0x01, 0x0B, 0x50, 0x02, 0xCA, 0x00, 0x00, 0x01, 0xE3, 0x00,
    0xC9, 0x00, 0x00, 0x2E, 0xFB, 0x00, 0x01, 0x00, 0x00, 0x00, 0x21, 0x00, 0x00, 0x00, 0x00, 0x02,
    0x10, 0x00, 0x00, 0x00, 0x00, 0x00, 0xAB, 0x00, 0x00, 0x00, 0x00, 0x00, 0x4F, 0x30, 0x00, 0x00,
    0x00, 0x00, 0x1E, 0x70, 0x47, 0x00, 0x00, 0x00, 0x0B, 0xA0, 0x0D, 0x90, 0x00, 0x00, 0x1B, 0xB1,
    0x08, 0xC0, 0x00, 0x00, 0x1C, 0xB1, 0x04, 0xE2, 0x00, 0x00, 0x00, 0x60, 0x02, 0xD3, 0x03, 0xB0,
    0x00, 0x00, 0x01, 0xC4, 0x00, 0x0C, 0x70, 0x00, 0x03, 0xD5, 0x00, 0x01, 0x6F, 0x30, 0x03, 0xFE,
    0xDE, 0xEE, 0xDC, 0xDC, 0x00, 0x07, 0x43, 0x10, 0x00, 0x01, 0xC2, 0x00, 0x00, 0x00, 0x00, 0x00,
    0x00, 0x00, 0x00, 0x00, 0x00, 0x62, 0x00, 0x00, 0x00, 0x01, 0x20, 0x0D, 0x40, 0x00, 0x00, 0x00,
    0x5C, 0x00, 0xD3, 0x00, 0x20, 0x00, 0x04, 0xC0, 0x0D, 0x79, 0xDF, 0x00, 0x00, 0x4D, 0x7B, 0xFB,
    0x65, 0xD0, 0x01, 0xAE, 0xE8, 0x4D, 0x30, 0x4C, 0x00, 0x06, 0x5C, 0x00, 0xD3, 0x05, 0xA0, 0x00,
    0x04, 0xC0, 0x0D, 0x44, 0xB8, 0x00, 0x00, 0x4C, 0x00, 0xD4, 0xBA, 0x20, 0x00, 0x04, 0xC0, 0x08,
    0x20, 0x00, 0xB3, 0x00, 0x3E, 0x42, 0x22, 0x22, 0x4F, 0x30, 0x00, 0x8B, 0xCC, 0xCC, 0xCB, 0x80,
    0x04, 0xAA, 0xAA, 0xAA, 0xAA, 0xA9, 0x00, 0x12, 0x32, 0x22, 0x53, 0x2A, 0x90, 0x00, 0x06, 0xC3,
    0x0D, 0x40, 0xE3, 0x00, 0x01, 0x04, 0xC0, 0xE2, 0x02, 0x00, 0x00, 0x8C, 0x30, 0x0E, 0x00, 0x00,
    0x00, 0x00, 0x6C, 0x02, 0xD0, 0x00, 0x00, 0x09, 0x98, 0x98, 0xAD, 0x88, 0x99, 0x20, 0x44, 0x44,
    0x4E, 0x74, 0x44, 0x41, 0x00, 0x00, 0x1A, 0xA4, 0x92, 0x00, 0x00, 0x00, 0x5C, 0x90, 0x06, 0xE8,
    0x10, 0x06, 0xEB, 0x30, 0x00, 0x01, 0xBA, 0x00, 0x12, 0x00, 0x00, 0x00, 0x00, 0x10, 0x01, 0xCB,
    0xBB, 0xBB, 0xBB, 0xB4, 0x00, 0x03, 0x32, 0x22, 0x25, 0xDC, 0x30, 0x00, 0x00, 0x00, 0x07, 0xE7,
    0x00, 0x00, 0x00, 0x00, 0x1D, 0xC2, 0x00, 0x00, 0x00, 0x00, 0x00, 0xF2, 0x00, 0x00, 0x00, 0x00,
    0x00, 0x0F, 0x20, 0x00, 0x00, 0x00, 0x00, 0x00, 0xF2, 0x00, 0x00, 0x00, 0x00, 0x00, 0x0F, 0x20,
    0x00, 0x00, 0x00, 0x00, 0x00, 0xF2, 0x00, 0x00, 0x00, 0x00, 0x01, 0x3F, 0x20, 0x00, 0x00, 0x00,
    0x00, 0xBF, 0xC0, 0x00, 0x00, 0x00, 0x00, 0x02, 0x20, 0x00, 0x00, 0x00, 0x00, 0x00, 0x00, 0x70,
    0x00, 0x00, 0x01, 0x99, 0x99, 0x9F, 0x99, 0x99, 0x91, 0x14, 0x44, 0x44, 0xE4, 0x44, 0x44, 0x10,
    0x08, 0xDB, 0xBF, 0xBB, 0xD8, 0x00, 0x00, 0x88, 0x44, 0xE4, 0x49, 0x80, 0x00, 0x05, 0x88, 0x8E,
    0x88, 0x85, 0x00, 0x02, 0xCC, 0xCC, 0xFC, 0xCC, 0x80, 0x00, 0x45, 0x44, 0x4E, 0x44, 0x8B, 0x41,
    0x19, 0x88, 0x88, 0xE8, 0x8B, 0xC9, 0x30, 0x2B, 0xAA, 0xAF, 0xAA, 0xC9, 0x00, 0x00, 0x22, 0x22,
    0xE2, 0x25, 0x60, 0x00, 0x00, 0x04, 0xDB, 0x00, 0x00, 0x00, 0x00, 0x00, 0x03, 0x00, 0x00, 0x00,
    0x00, 0x00, 0x77, 0x77, 0x77, 0x77, 0x70, 0x00, 0x0A, 0xAA, 0xAA, 0xAA, 0xBA, 0x00, 0x00, 0x00,
    0x00, 0x00, 0x00, 0x00, 0x00, 0x00, 0x00, 0x00, 0x00, 0x00, 0x00, 0x00, 0x00, 0x00, 0x00, 0x00,
    0x00, 0x00, 0x00, 0x00, 0x00, 0x00, 0x00, 0x00, 0x00, 0x00, 0x00, 0x00, 0x00, 0x00, 0x01, 0x44,
    0x44, 0x44, 0x44, 0x44, 0x51, 0x4D, 0xDD, 0xDD, 0xDD, 0xDD, 0xDD, 0x30, 0x00, 0x59, 0x99, 0x99,
    0x99, 0x70, 0x00, 0x03, 0x55, 0x55, 0x55, 0x54, 0x00, 0x00, 0x00, 0x00, 0x00, 0x00, 0x00, 0x00,
    0x32, 0x22, 0x22, 0x22, 0x22, 0x30, 0x2B, 0xBB, 0xBD, 0xBB, 0xBB, 0xBB, 0x20, 0x00, 0x02, 0xF3,
    0x00, 0x00, 0x00, 0x00, 0x00, 0xA9, 0x00, 0x50, 0x00, 0x00, 0x00, 0x4D, 0x10, 0x1C, 0x60, 0x00,
    0x00, 0x1D, 0x30, 0x00, 0x2E, 0x40, 0x00, 0x1D, 0xB8, 0x9A, 0xBC, 0xDE, 0x20, 0x00, 0x88, 0x64,
    0x32, 0x00, 0x73, 0x00, 0x02, 0x55, 0x55, 0x55, 0x55, 0x53, 0x00, 0x37, 0x77, 0xCA, 0x77, 0x77,
    0x40, 0x00, 0x00, 0x0A, 0x40, 0x00, 0x00, 0x00, 0x00, 0x00, 0xC3, 0x00, 0x00, 0x00, 0x00, 0x9C,
    0xCF, 0xCC, 0xCD, 0x00, 0x00, 0x00, 0x01, 0xE0, 0x01, 0xE0, 0x00, 0x00, 0x00, 0x3C, 0x00, 0x1E,
    0x00, 0x00, 0x00, 0x05, 0xA0, 0x01, 0xE0, 0x00, 0x00, 0x00, 0x88, 0x00, 0x2D, 0x00, 0x01, 0x99,
    0x9D, 0xC9, 0x9A, 0xE9, 0x92, 0x16, 0x55, 0x55, 0x55, 0x55, 0x56, 0x10, 0x00, 0x00, 0x03, 0x80,
    0x00, 0x00, 0x00, 0x68, 0x88, 0x9F, 0x88, 0x88, 0x70, 0x04, 0x55, 0x55, 0x55, 0x55, 0x55, 0x00,
    0x00, 0xBB, 0xBB, 0xBB, 0xB1, 0x00, 0x00, 0x0F, 0x21, 0x11, 0x2F, 0x10, 0x00, 0x00, 0x99, 0x99,
    0x99, 0x91, 0x00, 0x17, 0x77, 0x77, 0x77, 0x77, 0x77, 0x11, 0xF5, 0x55, 0x55, 0x55, 0x55, 0xE2,
    0x17, 0x00, 0x9B, 0xBB, 0x70, 0x06, 0x10, 0x00, 0x0E, 0x40, 0x7A, 0x00, 0x00, 0x00, 0x06, 0xD0,
    0x07, 0xA0, 0x0B, 0x20, 0x5E, 0xC3, 0x00, 0x3E, 0xCD, 0xC1, 0x00, 0x30, 0x00, 0x00, 0x00, 0x00,
    0x00, 0x00, 0x00, 0x01, 0x70, 0x00, 0x00, 0x00, 0x00, 0x00, 0x3F, 0x00, 0x00, 0x00, 0x00, 0x00,
    0x03, 0xE0, 0x00, 0x00, 0x00, 0x00, 0x00, 0x3E, 0x00, 0x00, 0x00, 0x00, 0x00, 0x05, 0xF1, 0x00,
    0x00, 0x00, 0x00, 0x00, 0x8F, 0x50, 0x00, 0x00, 0x00, 0x00, 0x0D, 0x6C, 0x00, 0x00, 0x00, 0x00,
    0x04, 0xD0, 0xB6, 0x00, 0x00, 0x00, 0x01, 0xD4, 0x03, 0xE2, 0x00, 0x00, 0x01, 0xB9, 0x00, 0x07,
    0xD2, 0x00, 0x03, 0xCA, 0x00, 0x00, 0x08, 0xE7, 0x11, 0xD7, 0x00, 0x00, 0x00, 0x05, 0xC1, 0x01,
    0x00, 0x00, 0x00, 0x00, 0x00, 0x00, 0x00, 0x02, 0x40, 0x03, 0x50, 0x00, 0x00, 0x00, 0x8B, 0x00,
    0x5B, 0x00, 0x00, 0x00, 0x0E, 0x30, 0x05, 0xA0, 0x00, 0x00, 0x06, 0xC0, 0x00, 0x5A, 0x00, 0x00,
    0x01, 0xEC, 0x56, 0x69, 0xC6, 0x66, 0x20, 0x9B, 0xC6, 0x88, 0xAD, 0x88, 0x83, 0x2C, 0x4C, 0x00,
    0x05, 0xA0, 0x00, 0x00, 0x04, 0xC0, 0x00, 0x5A, 0x00, 0x00, 0x00, 0x4C, 0x00, 0x05, 0xA0, 0x00,
    0x00, 0x04, 0xC0, 0x00, 0x5A, 0x00, 0x00, 0x00, 0x4C, 0x00, 0x05, 0xA0, 0x00, 0x00, 0x04, 0xC0,
    0x00, 0x5B, 0x00, 0x00, 0x00, 0x13, 0x00, 0x01, 0x20, 0x00, 0x00, 0x00, 0x00, 0x01, 0x81, 0x00,
    0x00, 0x00, 0x00, 0x00, 0x7F, 0x50, 0x00, 0x00, 0x00, 0x00, 0x3D, 0x3D, 0x20, 0x00, 0x00, 0x00,
    0x1D, 0x40, 0x4D, 0x20, 0x00, 0x00, 0x2D, 0x57, 0x50, 0x6D, 0x40, 0x00, 0x6D, 0x40, 0x3E, 0x30,
    0x5E, 0x91, 0x2B, 0x20, 0x00, 0x62, 0x00, 0x2A, 0x10, 0x03, 0xDD, 0xDD, 0xDD, 0xD9, 0x00, 0x00,
    0x01, 0x11, 0x11, 0x5E, 0x30, 0x00, 0x00, 0x00, 0x00, 0x1D, 0x50, 0x00, 0x00, 0x00, 0x00, 0x0A,
    0x80, 0x00, 0x00, 0x00, 0x00, 0x06, 0xD0, 0x00, 0x00, 0x00, 0x00, 0x00, 0x13, 0x00, 0x00, 0x00,
    0x00, 0x01, 0x00, 0x01, 0x30, 0x00, 0x00, 0x00, 0xB6, 0x00, 0x4D, 0x00, 0x00, 0x00, 0x0B, 0x50,
    0x04, 0xC0, 0x00, 0x00, 0x00, 0xB4, 0x00, 0x4C, 0x00, 0x00, 0x00, 0x0B, 0x40, 0x04, 0xD0, 0x00,
    0x00, 0x00, 0xC4, 0x00, 0x6F, 0x10, 0x00, 0x00, 0x0E, 0xD2, 0x09, 0xE4, 0x00, 0x00, 0x03, 0xC7,
    0xC1, 0xD7, 0xA0, 0x00, 0x00, 0xA7, 0x0A, 0x8B, 0x1E, 0x30, 0x00, 0x4D, 0x10, 0x1D, 0x40, 0x7C,
    0x00, 0x2E, 0x40, 0x0A, 0x90, 0x00, 0xCB, 0x11, 0x50, 0x07, 0xB1, 0x00, 0x02, 0xC2, 0x00, 0x00,
    0x01, 0x00, 0x00, 0x00, 0x00, 0x00, 0x07, 0x21, 0x10, 0x00, 0x00, 0x00, 0x01, 0xE1, 0x8B, 0x00,
    0x00, 0x00, 0x00, 0x78, 0x00, 0xC4, 0xAE, 0xEB, 0x00, 0x1E, 0x42, 0x91, 0x00, 0x04, 0xB0, 0x08,
    0xF4, 0x2D, 0x00, 0x00, 0x4B, 0x03, 0xDC, 0x42, 0xD0, 0x00, 0x04, 0xB0, 0x14, 0xB4, 0x2D, 0x00,
    0x00, 0x4B, 0x00, 0x0B, 0x42, 0xD0, 0x00, 0x04, 0xB0, 0x00, 0xB4, 0x2D, 0x00, 0x00, 0x4B, 0x00,
    0x0B, 0x42, 0xD0, 0x00, 0x04, 0xB0, 0x00, 0xB5, 0x2D, 0x00, 0x00, 0x4B, 0x00, 0x0B, 0x52, 0xD0,
    0x00, 0x8E, 0x90, 0x00, 0x42, 0x14, 0x00, 0x02, 0x20, 0x00, 0x00, 0x06, 0x10, 0x01, 0x60, 0x00,
    0x00, 0x03, 0xE1, 0x42, 0x1E, 0x00, 0x00, 0x00, 0x97, 0x0C, 0x41, 0xD0, 0x00, 0x00, 0x2F, 0x41,
    0xFA, 0xAE, 0xAA, 0x70, 0x0C, 0xE4, 0x88, 0x34, 0xE3, 0x32, 0x05, 0x9A, 0x5C, 0x10, 0x1D, 0x00,
    0x00, 0x00, 0xA5, 0x11, 0x12, 0xD1, 0x11, 0x10, 0x0A, 0x6C, 0xCC, 0xCF, 0xCC, 0xC5, 0x00, 0xA4,
    0x00, 0x01, 0xD0, 0x00, 0x00, 0x0A, 0x40, 0x00, 0x1D, 0x00, 0x00, 0x00, 0xA5, 0x00, 0x01, 0xD0,
    0x00, 0x00, 0x0A, 0x50, 0x00, 0x2E, 0x00, 0x00, 0x00, 0x21, 0x00, 0x00, 0x20, 0x00, 0x00, 0x00,
    0x00, 0x00, 0x61, 0x00, 0x00, 0x00, 0x00, 0x00, 0x6F, 0x50, 0x00, 0x00, 0x00, 0x00, 0x5C, 0x3D,
    0x30, 0x00, 0x00, 0x00, 0x7C, 0x10, 0x2D, 0x60, 0x00, 0x02, 0xBC, 0x32, 0x22, 0x4B, 0xC5, 0x03,
    0xE6, 0x4A, 0xAA, 0xAA, 0x35, 0xC2, 0x01, 0x00, 0x00, 0x00, 0x00, 0x00, 0x00, 0x7C, 0xCC, 0xCC,
    0xCC, 0xCC, 0x60, 0x00, 0x00, 0x2D, 0x30, 0x10, 0x00, 0x00, 0x00, 0x2D, 0x60, 0x3D, 0x20, 0x00,
    0x00, 0x5D, 0x62, 0x34, 0x9E, 0x30, 0x00, 0x0C, 0xCA, 0x98, 0x87, 0x8D, 0x00, 0x00, 0x00, 0x00,
    0x00, 0x00, 0x10, 0x00, 0x00, 0x00, 0x03, 0x81, 0x00, 0x00, 0x00, 0x00, 0x00, 0xCE, 0x40, 0x00,
    0x00, 0x00, 0x00, 0x9B, 0x2D, 0x60, 0x00, 0x00, 0x00, 0x8D, 0x10, 0x2C, 0xB4, 0x00, 0x02, 0xBD,
    0x53, 0x33, 0x48, 0xEE, 0x21, 0xD8, 0x4A, 0xAF, 0xAA, 0x21, 0x50, 0x00, 0x00, 0x00, 0xF0, 0x00,
    0x00, 0x00, 0x2B, 0xBB, 0xBF, 0xBB, 0xBA, 0x00, 0x01, 0x34, 0x33, 0xF3, 0x54, 0x30, 0x00, 0x01,
    0xB6, 0x0F, 0x07, 0xC1, 0x00, 0x03, 0xD9, 0x00, 0xF0, 0x09, 0xC1, 0x00, 0x87, 0x01, 0xDE, 0x00,
    0x08, 0x10, 0x00, 0x00, 0x03, 0x10, 0x00, 0x00, 0x00, 0x00, 0x06, 0x20, 0x42, 0x00, 0x00, 0x00,
    0x01, 0xE2, 0x0E, 0x40, 0x00, 0x00, 0x00, 0x88, 0x05, 0xE8, 0x88, 0x88, 0x00, 0x2E, 0x40, 0xC7,
    0x55, 0x59, 0xB0, 0x0B, 0xE4, 0x7B, 0x03, 0x60, 0xB5, 0x03, 0xBB, 0x48, 0x20, 0x5A, 0x01, 0x00,
    0x00, 0xB4, 0x01, 0x65, 0xA3, 0x50, 0x00, 0x0B, 0x40, 0x99, 0x5A, 0x2E, 0x20, 0x00, 0xB4, 0x5D,
    0x15, 0xA0, 0x8C, 0x00, 0x0B, 0x4C, 0x30, 0x5A, 0x00, 0xC2, 0x00, 0xB4, 0x00, 0x06, 0xA0, 0x00,
    0x00, 0x0B, 0x40, 0x0A, 0xF6, 0x00, 0x00, 0x00, 0x21, 0x00, 0x21, 0x00, 0x00, 0x00, 0x00, 0x06,
    0x10, 0x00, 0x00, 0x00, 0x00, 0x02, 0xE1, 0xAD, 0xCC, 0xCF, 0x00, 0x00, 0x88, 0x0A, 0x40, 0x00,
    0xE0, 0x00, 0x1E, 0x40, 0xA4, 0x00, 0x0E, 0x00, 0x08, 0xF4, 0x08, 0xCD, 0xEC, 0xC0, 0x03, 0xDB,
    0x40, 0x00, 0x69, 0x00, 0x00, 0x44, 0xA4, 0x99, 0x9B, 0xC9, 0x99, 0x20, 0x0A, 0x45, 0x5B, 0xDE,
    0xA5, 0x51, 0x00, 0xA4, 0x03, 0xD6, 0x9D, 0x20, 0x00, 0x0A, 0x42, 0xD4, 0x69, 0x4D, 0x40, 0x00,
    0xA5, 0xD5, 0x06, 0x90, 0x5E, 0x40, 0x0A, 0x42, 0x00, 0x69, 0x00, 0x10, 0x00, 0x21, 0x00, 0x01,
    0x20, 0x00, 0x00, 0x00, 0x04, 0x10, 0x00, 0x03, 0x00, 0x00, 0x01, 0xE2, 0x68, 0x01, 0xE1, 0x00,
    0x00, 0x6A, 0x06, 0x80, 0x5A, 0x00, 0x00, 0x0D, 0x55, 0x9A, 0x5A, 0xDB, 0xB2, 0x06, 0xF4, 0x7A,
    0xB7, 0xD1, 0xA5, 0x02, 0xEC, 0x40, 0x68, 0x7F, 0x1A, 0x40, 0x05, 0x94, 0x8D, 0xD9, 0xA4, 0xB3,
    0x00, 0x09, 0x4A, 0x43, 0xB6, 0x7D, 0x00, 0x00, 0x94, 0xA4, 0x3B, 0x2E, 0xB0, 0x00, 0x09, 0x4A,
    0xCC, 0xB1, 0xE9, 0x00, 0x00, 0x95, 0x93, 0x14, 0xB9, 0xD6, 0x00, 0x0A, 0x50, 0x01, 0xD7, 0x02,
    0xB1, 0x00, 0x00, 0x00, 0x01, 0x00, 0x00, 0x00, 0x00, 0x25, 0x00, 0x73, 0x00, 0x00, 0x00, 0x07,
    0xB0, 0x4F, 0x64, 0x40, 0x00, 0x00, 0xC5, 0x2D, 0x76, 0xAB, 0x00, 0x00, 0x3F, 0x3E, 0xEB, 0xBD,
    0xCB, 0x70, 0x0B, 0xF1, 0x4C, 0x07, 0x60, 0x59, 0x05, 0xBC, 0x12, 0xCC, 0xEB, 0xBB, 0x70, 0x02,
    0xC1, 0x16, 0xDC, 0x02, 0xA1, 0x00, 0x0C, 0x1D, 0x85, 0xDC, 0xE6, 0x00, 0x00, 0xC1, 0x29, 0x95,
    0xF6, 0x80, 0x00, 0x0C, 0x1B, 0x57, 0xBB, 0x3C, 0x50, 0x00, 0xC1, 0x6C, 0x80, 0xB3, 0x2A, 0x10,
    0x0D, 0x14, 0x21, 0xBD, 0x00, 0x00, 0x00, 0x20, 0x00, 0x04, 0x10, 0x00, 0x00, 0x00, 0x00, 0x00,
    0x71, 0x00, 0x00, 0x00, 0x00, 0x00, 0x0F, 0x10, 0x11, 0x00, 0x00, 0x98, 0x00, 0xF1, 0x07, 0xC0,
    0x00, 0x04, 0xF3, 0x0F, 0x12, 0xE3, 0x00, 0x00, 0x08, 0x50, 0xF1, 0x47, 0x00, 0x02, 0x99, 0x99,
    0x9F, 0x99, 0x99, 0x93, 0x14, 0x44, 0x9B, 0x4D, 0x74, 0x44, 0x10, 0x00, 0x08, 0x80, 0xC4, 0x00,
    0x00, 0x00, 0x00, 0xC5, 0x0C, 0x40, 0x00, 0x00, 0x00, 0x7D, 0x00, 0xC4, 0x00, 0x61, 0x03, 0xAE,
    0x30, 0x0C, 0x72, 0x3F, 0x24, 0xF9, 0x10, 0x00, 0x6B, 0xCB, 0x70, 0x01, 0x00, 0x00, 0x00, 0x00,
    0x00, 0x00, 0x00, 0x00, 0x01, 0x61, 0x00, 0x00, 0x00, 0x00, 0x00, 0x9E, 0x50, 0x00, 0x00, 0x00,
    0x00, 0x6D, 0x2D, 0x30, 0x00, 0x00, 0x00, 0x7E, 0x20, 0x4E, 0x50, 0x00, 0x03, 0xBC, 0x20, 0x00,
    0x3C, 0xC7, 0x12, 0xE8, 0xDD, 0xDE, 0xDD, 0xE7, 0xC1, 0x01, 0x00, 0x00, 0xE2, 0x00, 0x00, 0x00,
    0x01, 0x11, 0x1E, 0x21, 0x11, 0x00, 0x00, 0x7C, 0xCC, 0xFC, 0xCC, 0x90, 0x00, 0x00, 0x00, 0x0E,
    0x20, 0x00, 0x00, 0x00, 0x00, 0x00, 0xE2, 0x00, 0x00, 0x00, 0x9D, 0xCC, 0xCD, 0xCC, 0xCD, 0x90,
    0x00, 0x00, 0x00, 0x00, 0x00, 0x00, 0x00, 0x00, 0x00, 0x00, 0x04, 0x20, 0x00, 0x00, 0x00, 0x0B,
    0x40, 0x89, 0x00, 0x00, 0x00, 0x03, 0xD0, 0x01, 0xE2, 0x00, 0x00, 0x00, 0xC6, 0x00, 0x08, 0xA0,
    0x00, 0x00, 0x7C, 0x00, 0x00, 0x1D, 0x60, 0x00, 0x4E, 0x20, 0x86, 0x00, 0x3E, 0x60, 0x2E, 0x50,
    0x1E, 0x40, 0x00, 0x4D, 0x20, 0x20, 0x07, 0xA0, 0x02, 0x00, 0x00, 0x00, 0x01, 0xD2, 0x00, 0xC5,
    0x00, 0x00, 0x00, 0x98, 0x00, 0x04, 0xE1, 0x00, 0x00, 0x8F, 0xBB, 0xDE, 0xCD, 0x90, 0x00, 0x07,
    0x96, 0x41, 0x00, 0x2E, 0x10, 0x00, 0x00, 0x00, 0x00, 0x00, 0x00, 0x00, 0x00, 0x00, 0x01, 0x00,
    0x00, 0x00, 0x00, 0x00, 0x00, 0xC8, 0x00, 0x00, 0x00, 0x00, 0x00, 0x03, 0xF3, 0x00, 0x00, 0x00,
    0x00, 0x00, 0x06, 0x30, 0x00, 0x00, 0x0F, 0xFE, 0xEE, 0xEE, 0xEE, 0xEF, 0x20, 0x11, 0x11, 0x11,
    0x11, 0x11, 0x10, 0x00, 0x00, 0x62, 0x01, 0x80, 0x00, 0x00, 0x00, 0x3F, 0x50, 0x2E, 0x70, 0x00,
    0x00, 0x0C, 0xA0, 0x00, 0x4F, 0x40, 0x00, 0x08, 0xD1, 0x00, 0x00, 0x8D, 0x10, 0x07, 0xF4, 0x00,
    0x00, 0x01, 0xD9, 0x00, 0x96, 0x00, 0x00, 0x00, 0x04, 0x30, 0x0B, 0xDD, 0xDD, 0xED, 0xDD, 0xDA,
    0x00, 0x00, 0x00, 0x0F, 0x00, 0x00, 0x00, 0x00, 0x58, 0x88, 0xF8, 0x88, 0x50, 0x00, 0x0A, 0x84,
    0x4F, 0x44, 0x99, 0x00, 0x00, 0x96, 0x00, 0xF1, 0x07, 0x80, 0x00, 0x09, 0xDB, 0xBF, 0xBB, 0xD8,
    0x00, 0x00, 0x96, 0x00, 0xF0, 0x07, 0x80, 0x05, 0x9D, 0xB9, 0x9F, 0x99, 0xCC, 0x96, 0x23, 0xA8,
    0x33, 0x33, 0x39, 0xA3, 0x20, 0x09, 0x60, 0x00, 0x00, 0x78, 0x00, 0x00, 0xA6, 0x00, 0x00, 0x7D,
    0x70, 0x00, 0x03, 0x20, 0x00, 0x02, 0x40, 0x00, 0x0A, 0xBB, 0xBB, 0xBB, 0xBB, 0xBA, 0x00, 0xD4,
    0x34, 0x22, 0x22, 0x23, 0xE0, 0x0A, 0x27, 0x90, 0x00, 0x00, 0x17, 0x00, 0x00, 0x8D, 0xBB, 0xBB,
    0xC4, 0x00, 0x00, 0x0A, 0x61, 0x11, 0x11, 0x00, 0x00, 0x00, 0xB7, 0x55, 0x55, 0x55, 0x10, 0x00,
    0x06, 0x88, 0x88, 0x88, 0xE2, 0x00, 0x00, 0x00, 0x00, 0x00, 0x0E, 0x10, 0x0A, 0xDD, 0xDD, 0xDE,
    0x80, 0xF0, 0x00, 0x00, 0x00, 0x00, 0x00, 0x4D, 0x00, 0x00, 0x00, 0x00, 0x02, 0xEE, 0x60, 0x00,
    0x00, 0x00, 0x00, 0x02, 0x00, 0x00, 0x00, 0x00, 0x00, 0x06, 0x30, 0x00, 0x00, 0x30, 0x00, 0x00,
    0xB5, 0x00, 0x00, 0x1D, 0x60, 0x00, 0x0A, 0x50, 0x10, 0x00, 0x4E, 0x44, 0x32, 0xA6, 0x0A, 0x70,
    0x00, 0x43, 0xBC, 0x9A, 0xA6, 0xD2, 0x00, 0x01, 0x10, 0x67, 0xAF, 0xD2, 0x00, 0x00, 0x78, 0x09,
    0x5A, 0xC8, 0x00, 0x00, 0x1E, 0x21, 0xE1, 0xA6, 0xE2, 0x00, 0x0A, 0x80, 0x89, 0x0A, 0x48, 0xB1,
    0x05, 0xE1, 0x4E, 0x20, 0xA4, 0x0C, 0xB1, 0x04, 0x0C, 0x60, 0x0B, 0x40, 0x28, 0x00, 0x00, 0x10,
    0x0D, 0xE2, 0x00, 0x00, 0x00, 0x00, 0x00, 0x31, 0x00, 0x00, 0x00, 0x00, 0x00, 0x01, 0x60, 0x00,
    0x00, 0x00, 0x04, 0x00, 0x1E, 0x00, 0x03, 0x00, 0x01, 0xF0, 0x01, 0xE0, 0x01, 0xE0, 0x00, 0x0E,
    0x00, 0x1E, 0x00, 0x1E, 0x00, 0x00, 0xE0, 0x01, 0xE0, 0x01, 0xE0, 0x00, 0x1D, 0xDD, 0xDF, 0xDD,
    0xDC, 0x00, 0x00, 0x00, 0x01, 0xE0, 0x00, 0x00, 0x00, 0x96, 0x00, 0x1E, 0x00, 0x09, 0x50, 0x09,
    0x60, 0x01, 0xE0, 0x00, 0x96, 0x00, 0x96, 0x00, 0x1E, 0x00, 0x09, 0x60, 0x09, 0xA7, 0x77, 0xE7,
    0x77, 0xC6, 0x00, 0x46, 0x66, 0x66, 0x66, 0x6B, 0x60, 0x00, 0x00, 0x00, 0x00, 0x00, 0x32, 0x00,
    0x00, 0x00, 0x00, 0x00, 0x00, 0x05, 0x00, 0xEC, 0xCC, 0xCD, 0x60, 0x01, 0xE0, 0x0F, 0x00, 0x00,
    0x86, 0x78, 0x0D, 0x00, 0xF2, 0x21, 0xB9, 0x67, 0x80, 0xD0, 0x0F, 0x4C, 0x5A, 0x86, 0x78, 0x0D,
    0x00, 0xF0, 0x9E, 0x38, 0x67, 0x80, 0xD0, 0x0F, 0x06, 0xF2, 0x86, 0x78, 0x0D, 0x00, 0xF1, 0xD7,
    0x98, 0x67, 0x80, 0xD0, 0x0F, 0xA8, 0x0C, 0x96, 0x78, 0x0D, 0x00, 0xF1, 0x00, 0x08, 0x62, 0x30,
    0xD0, 0x0F, 0x00, 0x03, 0xB6, 0x00, 0x3D, 0x00, 0xB0, 0x00, 0x7A, 0x20, 0x5D, 0x70, 0x00, 0x00,
    0x00, 0x00, 0x00, 0x00, 0x00, 0x00, 0x11, 0x11, 0x10, 0x00, 0x25, 0x00, 0x5E, 0xDD, 0xEA, 0x00,
    0x04, 0xB0, 0x05, 0xA0, 0x05, 0x90, 0xA5, 0x4B, 0x00, 0x5A, 0x00, 0x59, 0x0A, 0x44, 0xB0, 0x05,
    0xEE, 0xEE, 0x90, 0xA4, 0x4B, 0x00, 0x00, 0x95, 0x00, 0x0A, 0x44, 0xB0, 0x05, 0x5B, 0x85, 0x51,
    0xA4, 0x4B, 0x01, 0x99, 0xEA, 0x9D, 0x4A, 0x44, 0xB0, 0x00, 0x0E, 0x20, 0xA4, 0xA5, 0x4B, 0x00,
    0x05, 0xC0, 0x0B, 0x36, 0x34, 0xB0, 0x03, 0xE5, 0x00, 0xC2, 0x00, 0x4B, 0x03, 0xF6, 0x03, 0xFB,
    0x00, 0xAF, 0x80, 0x02, 0x00, 0x01, 0x00, 0x02, 0x20, 0x00, 0x00, 0x00, 0x00, 0x00, 0x00, 0x27,
    0x01, 0xDC, 0xCC, 0xCC, 0x50, 0x03, 0xD0, 0x01, 0x1D, 0x51, 0x11, 0xA4, 0x3C, 0x00, 0x06, 0xB1,
    0xA5, 0x0B, 0x43, 0xC0, 0x06, 0xD2, 0x27, 0xE2, 0xB4, 0x3C, 0x00, 0xED, 0xEE, 0xAC, 0x7B, 0x43,
    0xC0, 0x00, 0x07, 0x90, 0x00, 0xB4, 0x3C, 0x00, 0x78, 0xBC, 0x88, 0x0B, 0x43, 0xC0, 0x05, 0x59,
    0xB5, 0x60, 0xB4, 0x3C, 0x00, 0x00, 0x79, 0x01, 0x26, 0x23, 0xC0, 0x28, 0x9C, 0xEE, 0xD6, 0x00,
    0x4C, 0x01, 0xA7, 0x42, 0x00, 0x00, 0xAE, 0x90, 0x00, 0x00, 0x00, 0x00, 0x03, 0x30, 0x00, 0x00,
    0x00, 0x00, 0x00, 0x43, 0x00, 0x00, 0x00, 0x00, 0x00, 0x09, 0x70, 0x00, 0x0A, 0xDD, 0xDE, 0x00,
    0x86, 0x00, 0x00, 0x00, 0x00, 0x07, 0x9D, 0xC9, 0x92, 0x12, 0x11, 0x12, 0x44, 0xA8, 0x4D, 0x25,
    0xBC, 0xEB, 0xB5, 0x0A, 0x50, 0xD2, 0x00, 0x88, 0x00, 0x00, 0xB3, 0x0D, 0x10, 0x0D, 0x25, 0x90,
    0x0E, 0x10, 0xE0, 0x06, 0x90, 0x1E, 0x22, 0xD0, 0x0F, 0x01, 0xED, 0xDD, 0xCA, 0x97, 0x01, 0xE0,
    0x05, 0x30, 0x01, 0x7D, 0x10, 0x3D, 0x00, 0x00, 0x00, 0x3E, 0x30, 0xBE, 0x70, 0x00, 0x00, 0x00,
    0x20, 0x01, 0x00, 0x00, 0x09, 0xDC, 0xCD, 0x77, 0xCC, 0xCA, 0x00, 0x97, 0x00, 0x87, 0x87, 0x04,
    0xB0, 0x09, 0xA5, 0x5B, 0x77, 0x70, 0x4B, 0x00, 0x9A, 0x66, 0xB7, 0x77, 0x04, 0xB0, 0x09, 0x70,
    0x08, 0x77, 0x70, 0x4B, 0x00, 0x9D, 0xCC, 0xE7, 0x77, 0x04, 0xB0, 0x09, 0x70, 0x22, 0x07, 0x70,
    0x4B, 0x00, 0x97, 0x07, 0xC0, 0x77, 0x04, 0xB0, 0x09, 0x76, 0xCD, 0x67, 0x76, 0xE8, 0x00, 0xDF,
    0x92, 0x4D, 0x87, 0x23, 0x00, 0x05, 0x20, 0x00, 0x18, 0x70, 0x00, 0x00, 0x00, 0x00, 0x00, 0x22,
    0x00, 0x00, 0x00, 0x00, 0x00, 0x82, 0x00, 0x00, 0x00, 0x00, 0x00, 0x0F, 0x20, 0x00, 0x00, 0x00,
    0x11, 0x00, 0xE2, 0x01, 0x10, 0x00, 0x0C, 0xCC, 0xCF, 0xCC, 0xCD, 0x00, 0x00, 0x00, 0x00, 0xE2,
    0x00, 0x00, 0x00, 0x00, 0x00, 0x0E, 0x20, 0x00, 0x00, 0x6D, 0xCC, 0xCC, 0xFC, 0xCC, 0xCD, 0x70,
    0x00, 0x00, 0xC6, 0x00, 0x00, 0x00, 0x00, 0x00, 0x7C, 0x12, 0xB1, 0x00, 0x00, 0x00, 0x4D, 0x20,
    0x09, 0xC1, 0x00, 0x00, 0x6E, 0x44, 0x57, 0x9F, 0xB0, 0x00, 0x0E, 0xEB, 0x86, 0x43, 0x2E, 0x60,
    0x00, 0x10, 0x00, 0x00, 0x00, 0x10, 0x00, 0x01, 0xCB, 0xBB, 0xBB, 0xBB, 0x30, 0x00, 0x01, 0x1D,
    0x21, 0x15, 0xC0, 0x00, 0x00, 0x00, 0xE0, 0x00, 0xC4, 0x00, 0x00, 0x00, 0x1E, 0x00, 0x4E, 0x55,
    0x00, 0x00, 0x04, 0xF5, 0x05, 0x7A, 0xC0, 0x00, 0x00, 0x88, 0xD1, 0x00, 0xA6, 0x00, 0x00, 0x0D,
    0x26, 0xB0, 0x3D, 0x10, 0x00, 0x06, 0xA0, 0x0A, 0x9C, 0x50, 0x00, 0x02, 0xE2, 0x00, 0x2F, 0xD2,
    0x00, 0x02, 0xD6, 0x03, 0x9D, 0x56, 0xEA, 0x51, 0x27, 0x0C, 0xB6, 0x10, 0x01, 0x8D, 0x20, 0x00,
    0x00, 0x00, 0x00, 0x00, 0x00, 0x00, 0xBB, 0xBB, 0xBB, 0xBB, 0xB0, 0x00, 0x0E, 0x32, 0x22, 0x22,
    0x2F, 0x00, 0x00, 0xE1, 0x00, 0x00, 0x01, 0xF0, 0x00, 0x0E, 0x10, 0x00, 0x00, 0x1F, 0x00, 0x00,
    0xE1, 0x00, 0x00, 0x01, 0xF0, 0x00, 0x0E, 0x10, 0x00, 0x00, 0x1F, 0x00, 0x00, 0xE1, 0x00, 0x00,
    0x01, 0xF0, 0x00, 0x0E, 0x21, 0x11, 0x11, 0x2F, 0x00, 0x00, 0xEC, 0xCC, 0xCC, 0xCC, 0xF0, 0x00,
    0x0C, 0x10, 0x00, 0x00, 0x1D, 0x00, 0x00, 0x6B, 0xBB, 0xBB, 0xBB, 0x50, 0x00, 0x07, 0xA2, 0x22,
    0x22, 0xA6, 0x00, 0x00, 0x79, 0x00, 0x00, 0x0A, 0x60, 0x00, 0x07, 0x90, 0x00, 0x00, 0xA6, 0x00,
    0x00, 0x79, 0x00, 0x00, 0x0A, 0x60, 0x00, 0x07, 0xDB, 0xBB, 0xBB, 0xE7, 0x00, 0x00, 0x13, 0x43,
    0x33, 0x33, 0x10, 0x00, 0x00, 0x4E, 0x10, 0x2E, 0x30, 0x00, 0x00, 0x2E, 0x60, 0x00, 0x6E, 0x30,
    0x00, 0x2D, 0x60, 0x00, 0x00, 0x7E, 0x30, 0x1D, 0x70, 0x00, 0x00, 0x00, 0x9B, 0x00, 0x20, 0x00,
    0x00, 0x00, 0x00, 0x00, 0x28, 0x88, 0x88, 0x88, 0x88, 0x88, 0x22, 0x66, 0x55, 0x55, 0x55, 0xD8,
    0x62, 0x00, 0x12, 0x22, 0x20, 0x0C, 0x50, 0x00, 0x0A, 0xDB, 0xBE, 0x40, 0xC5, 0x00, 0x00, 0x95,
    0x00, 0xB4, 0x0C, 0x50, 0x00, 0x09, 0x50, 0x0B, 0x40, 0xC5, 0x00, 0x00, 0x9A, 0x77, 0xD4, 0x0C,
    0x50, 0x00, 0x09, 0x96, 0x6D, 0x40, 0xC5, 0x00, 0x00, 0x74, 0x00, 0x41, 0x0C, 0x50, 0x00, 0x00,
    0x00, 0x00, 0x00, 0xD5, 0x00, 0x00, 0x00, 0x00, 0x08, 0xDE, 0x20, 0x00, 0x00, 0x00, 0x00, 0x24,
    0x10, 0x00, 0x00, 0x00, 0x00, 0x13, 0x00, 0x00, 0x00, 0x00, 0x00, 0x06, 0xB0, 0x00, 0x00, 0x1E,
    0xCD, 0x70, 0xD9, 0x77, 0x77, 0x01, 0xD0, 0x76, 0x6C, 0x77, 0x77, 0x70, 0x0D, 0x07, 0x8E, 0x30,
    0x00, 0x00, 0x00, 0xD0, 0x78, 0x6E, 0xDD, 0xDC, 0x00, 0x0D, 0x07, 0x60, 0x00, 0x4D, 0x40, 0x00,
    0xD2, 0x86, 0x00, 0x4D, 0x20, 0x00, 0x0E, 0x9C, 0x60, 0x3D, 0x30, 0x00, 0x01, 0xD0, 0x67, 0x0D,
    0x40, 0x00, 0x40, 0x19, 0x00, 0x04, 0xB0, 0x00, 0x1E, 0x30, 0x00, 0x00, 0x2C, 0xCC, 0xCD, 0x90,
    0x00, 0x00, 0x01, 0x60, 0x00, 0x00, 0x00, 0x00, 0x00, 0x8F, 0x20, 0x00, 0x00, 0x00, 0x00, 0x5D,
    0x4C, 0x10, 0x00, 0x00, 0x00, 0x4D, 0x20, 0x5D, 0x30, 0x00, 0x00, 0x6D, 0x30, 0x00, 0x5E, 0x81,
    0x02, 0xCC, 0x8B, 0xBB, 0xBB, 0x7A, 0xF2, 0x05, 0x01, 0x22, 0x22, 0x21, 0x02, 0x00, 0x04, 0xAA,
    0xAA, 0xAA, 0xA2, 0x00, 0x00, 0x69, 0x22, 0x22, 0x2D, 0x30, 0x00, 0x06, 0x80, 0x00, 0x00, 0xC3,
    0x00, 0x00, 0x6D, 0xBB, 0xBB, 0xBE, 0x30, 0x00, 0x06, 0x92, 0x22, 0x22, 0xD3, 0x00, 0x00, 0x12,
    0x00, 0x00, 0x01, 0x00, 0x00, 0x0B, 0xFE, 0xEE, 0xEE, 0xEE, 0xFC, 0x00, 0xB5, 0x00, 0x00, 0x00,
    0x04, 0xB0, 0x0B, 0x57, 0x99, 0x99, 0x98, 0x4B, 0x00, 0xB5, 0x45, 0x44, 0x45, 0x44, 0xB0, 0x0B,
    0x50, 0x23, 0x33, 0x20, 0x4B, 0x00, 0xB5, 0x0D, 0xA9, 0xAC, 0x04, 0xB0, 0x0B, 0x50, 0xD2, 0x02,
    0xC0, 0x4B, 0x00, 0xB5, 0x0D, 0x65, 0x6D, 0x04, 0xB0, 0x0B, 0x50, 0x78, 0x88, 0x70, 0x4B, 0x00,
    0xB5, 0x00, 0x00, 0x00, 0x05, 0xB0, 0x0C, 0x50, 0x00, 0x00, 0x08, 0xF9, 0x00, 0x31, 0x00, 0x00,
    0x00, 0x22, 0x00, 0x00, 0x00, 0x45, 0x00, 0x00, 0x00, 0x00, 0x00, 0x0D, 0x61, 0x11, 0x11, 0x00,
    0x00, 0x08, 0xDC, 0xCC, 0xCF, 0x70, 0x00, 0x06, 0xC4, 0x00, 0x06, 0xB0, 0x00, 0x06, 0xD2, 0x9C,
    0x25, 0xD1, 0x00, 0x00, 0x01, 0x00, 0x7E, 0xC2, 0x00, 0x00, 0x00, 0x00, 0x4C, 0xA2, 0x11, 0x10,
    0x00, 0x27, 0xCD, 0xBB, 0xBB, 0xBF, 0x20, 0x2E, 0x98, 0x90, 0x00, 0x00, 0xD2, 0x00, 0x00, 0x69,
    0x00, 0x00, 0x0D, 0x20, 0x00, 0x06, 0xDA, 0xAA, 0xAA, 0xE2, 0x00, 0x00, 0x6A, 0x22, 0x22, 0x2E,
    0x20, 0x00, 0x02, 0x30, 0x00, 0x00, 0x41, 0x00, 0x00, 0x00, 0x00, 0x00, 0x01, 0x20, 0x00, 0x04,
    0x56, 0x89, 0xBD, 0xFC, 0x10, 0x00, 0xC9, 0x76, 0x43, 0x10, 0x00, 0x00, 0x0D, 0x30, 0x00, 0x00,
    0x00, 0x00, 0x00, 0xDD, 0xDD, 0xDD, 0xDD, 0xDD, 0x20, 0x0D, 0x31, 0x11, 0x11, 0x11, 0x10, 0x00,
    0xF1, 0x56, 0x66, 0x66, 0x61, 0x00, 0x1E, 0x0D, 0x88, 0x88, 0x8E, 0x10, 0x04, 0xB0, 0xD2, 0x00,
    0x00, 0xD1, 0x00, 0x98, 0x0C, 0x20, 0x00, 0x0D, 0x10, 0x2E, 0x30, 0xDC, 0xCC, 0xCC, 0xF1, 0x02,
    0x60, 0x0D, 0x21, 0x11, 0x1D, 0x20, 0x00, 0x00, 0x30, 0x00, 0x00, 0x20, 0x00, 0x03, 0x44, 0x15,
    0xBB, 0xBB, 0xB7, 0x00, 0xE9, 0xC5, 0x68, 0x0C, 0x15, 0x90, 0x0D, 0x08, 0x56, 0x80, 0xC1, 0x59,
    0x00, 0xD0, 0x85, 0x68, 0x0C, 0x15, 0x90, 0x0D, 0x08, 0x56, 0x80, 0xC1, 0x59, 0x00, 0xD0, 0x85,
    0x6E, 0xCD, 0xCD, 0x90, 0x0D, 0x3A, 0x56, 0x80, 0x00, 0x35, 0x00, 0xD9, 0xC5, 0x68, 0x00, 0x00,
    0x00, 0x0E, 0x05, 0x36, 0x80, 0x00, 0x04, 0x10, 0x70, 0x00, 0x69, 0x00, 0x00, 0xD5, 0x00, 0x00,
    0x01, 0xCC, 0xCC, 0xDC, 0x10, 0x00, 0x00, 0x00, 0x00, 0x00, 0x33, 0x00, 0x88, 0x88, 0x09, 0xCD,
    0xDC, 0x90, 0x0E, 0x56, 0xE0, 0xC2, 0x00, 0x00, 0x00, 0xD1, 0x1E, 0x0C, 0x20, 0x00, 0x00, 0x0D,
    0x11, 0xE0, 0xC7, 0x55, 0x56, 0x20, 0xD1, 0x1E, 0x0C, 0x87, 0xCA, 0x73, 0x0D, 0x11, 0xE0, 0xD2,
    0x09, 0x50, 0x00, 0xD5, 0x5E, 0x0E, 0x10, 0x95, 0x00, 0x0D, 0x99, 0xE3, 0xD0, 0x09, 0x50, 0x00,
    0xC1, 0x16, 0x98, 0x00, 0x95, 0x00, 0x00, 0x00, 0x3E, 0x10, 0x09, 0x50, 0x00, 0x00, 0x0D, 0x60,
    0x00, 0xA6, 0x00, 0x00, 0x00, 0x10, 0x00, 0x02, 0x10, 0x00, 0x00, 0x00, 0x00, 0x81, 0x00, 0x00,
    0x00, 0x00, 0x00, 0x0A, 0x90, 0x00, 0x00, 0x00, 0x7D, 0xCC, 0xCC, 0xCC, 0xF0, 0x00, 0x07, 0x60,
    0x00, 0x00, 0x1F, 0x00, 0x00, 0x77, 0x11, 0x11, 0x13, 0xF0, 0x00, 0x08, 0xDC, 0xCC, 0xCC, 0xCB,
    0x00, 0x00, 0x95, 0x00, 0x00, 0x00, 0x00, 0x00, 0x0C, 0x7C, 0xCC, 0xCC, 0xCC, 0x20, 0x01, 0xE4,
    0xD1, 0x11, 0x11, 0xE2, 0x00, 0x5B, 0x4C, 0x00, 0x00, 0x0E, 0x20, 0x0C, 0x54, 0xEA, 0xAA, 0xAA,
    0xF2, 0x03, 0xC0, 0x4D, 0x33, 0x33, 0x3E, 0x20, 0x00, 0x01, 0x30, 0x00, 0x00, 0x41, 0x00, 0x00,
    0x00, 0x00, 0x62, 0x00, 0x00, 0x00, 0x02, 0xD1, 0x0C, 0x40, 0x00, 0x00, 0x00, 0x9C, 0x66, 0xD8,
    0x66, 0x61, 0x00, 0x3E, 0x77, 0x7D, 0x97, 0x77, 0x10, 0x03, 0x60, 0x00, 0xC4, 0x00, 0x00, 0x03,
    0xBA, 0xAA, 0xAE, 0xCA, 0xAA, 0xA3, 0x12, 0x22, 0x22, 0x22, 0x22, 0x22, 0x10, 0x07, 0xCC, 0xCC,
    0xCC, 0xC7, 0x00, 0x00, 0x98, 0x22, 0x22, 0x28, 0x90, 0x00, 0x08, 0x80, 0x00, 0x00, 0x79, 0x00,
    0x00, 0x9C, 0x99, 0x99, 0x9C, 0xA0, 0x00, 0x09, 0x94, 0x44, 0x44, 0x9A, 0x00, 0x00, 0x11, 0x00,
    0x00, 0x01, 0x20, 0x00, 0x00, 0x00, 0x00, 0x03, 0x60, 0x00, 0x00, 0x11, 0x11, 0x00, 0x4A, 0x00,
    0x00, 0x0F, 0xAD, 0x76, 0x9B, 0xD9, 0x94, 0x00, 0xE0, 0x87, 0x23, 0x6B, 0x33, 0x10, 0x0E, 0x08,
    0x60, 0x04, 0xA0, 0x00, 0x00, 0xE0, 0x87, 0xBA, 0xCD, 0xAA, 0x80, 0x0E, 0x08, 0x62, 0x3F, 0xE3,
    0x11, 0x00, 0xE3, 0xA6, 0x08, 0xCE, 0xA0, 0x00, 0x0E, 0x8C, 0x73, 0xE5, 0xAC, 0x80, 0x00, 0xE0,
    0x45, 0xD6, 0x4A, 0x2E, 0x70, 0x07, 0x01, 0xCA, 0x04, 0xA0, 0x3E, 0x40, 0x00, 0x04, 0x00, 0x5A,
    0x00, 0x10, 0x00, 0x00, 0x00, 0x01, 0x20, 0x00, 0x00, 0x00, 0x00, 0x00, 0x00, 0x00, 0x00, 0x00,
    0x36, 0x8A, 0xE6, 0x00, 0x00, 0x00, 0x05, 0x89, 0xA1, 0x04, 0x88, 0x87, 0x00, 0x00, 0x59, 0x00,
    0x7A, 0x56, 0xE0, 0x18, 0x8A, 0xC8, 0x87, 0x70, 0x1D, 0x00, 0x55, 0xCB, 0x55, 0x77, 0x01, 0xD0,
    0x00, 0x1E, 0xA9, 0x07, 0x70, 0x1D, 0x00, 0x09, 0xC9, 0xA9, 0x77, 0x01, 0xD0, 0x05, 0xD6, 0x91,
    0xA7, 0x70, 0x1D, 0x02, 0xE3, 0x59, 0x00, 0x7E, 0xCC, 0xD0, 0x03, 0x05, 0x90, 0x07, 0x70, 0x1E,
    0x00, 0x00, 0x69, 0x00, 0x11, 0x00, 0x10, 0x00, 0x01, 0x10, 0x00, 0x00, 0x00, 0x00, 0x00, 0x00,
    0x04, 0x40, 0x00, 0x00, 0x00, 0x00, 0x00, 0x98, 0x00, 0x00, 0x00, 0x3A, 0xAA, 0x4B, 0xA6, 0x39,
    0xBB, 0x65, 0xB2, 0xE4, 0xBA, 0xA7, 0xC2, 0x78, 0x4A, 0x1E, 0x09, 0x68, 0x6B, 0x27, 0x84, 0xA1,
    0xE0, 0xA5, 0x95, 0xB2, 0x78, 0x4A, 0x1E, 0x0C, 0x3A, 0x4B, 0x27, 0x84, 0xA1, 0xE0, 0xE1, 0xB3,
    0xB2, 0x78, 0x4D, 0x9E, 0x3C, 0x0B, 0x2B, 0x27, 0x85, 0xB2, 0xC9, 0x70, 0xC1, 0xB6, 0x98, 0x48,
    0x03, 0xE1, 0x4E, 0x0C, 0x8B, 0x80, 0x01, 0xD6, 0x0B, 0x70, 0x82, 0x45, 0x00, 0x02, 0x00, 0x00,
    0x00, 0x00, 0x00, 0x00, 0x00, 0x11, 0x11, 0x01, 0x11, 0x00, 0xBB, 0xC7, 0xDC, 0xD5, 0xFA, 0xE6,
    0x0D, 0x0D, 0x18, 0x6A, 0x4E, 0x0D, 0x20, 0xD0, 0xD1, 0x86, 0xA4, 0xD2, 0xC0, 0x0D, 0x0D, 0x7D,
    0xDD, 0x4D, 0x68, 0x00, 0xD0, 0xD1, 0x86, 0xA4, 0xD8, 0x70, 0x0D, 0x0D, 0x29, 0x7A, 0x4D, 0x2D,
    0x00, 0xD5, 0xE6, 0xDB, 0xD4, 0xD0, 0xB4, 0x0D, 0x5E, 0x1B, 0x3A, 0x4D, 0x08, 0x70, 0xD0, 0x52,
    0xE0, 0xA4, 0xD5, 0xE4, 0x07, 0x00, 0x88, 0x0A, 0x4E, 0x34, 0x00, 0x00, 0x4D, 0x18, 0xD2, 0xE0,
    0x00, 0x00, 0x00, 0x10, 0x10, 0x05, 0x00, 0x00, 0x00, 0x00, 0x00, 0x14, 0x04, 0x10, 0x00, 0x11,
    0x10, 0x03, 0xD0, 0xE2, 0x00, 0x4E, 0xBE, 0x34, 0x6C, 0x0E, 0x54, 0x24, 0xB0, 0xD5, 0x9A, 0xC0,
    0xE9, 0x94, 0x4B, 0x0D, 0x20, 0x3C, 0x0E, 0x20, 0x04, 0xB0, 0xD3, 0x78, 0xC0, 0xE8, 0x71, 0x4B,
    0x0D, 0x36, 0x8C, 0x0E, 0x76, 0x14, 0xD7, 0xE2, 0x03, 0xC0, 0xE2, 0x00, 0x4C, 0x5E, 0x67, 0x8C,
    0x0E, 0x87, 0x44, 0xB0, 0x54, 0x68, 0xC0, 0xE7, 0x63, 0x13, 0x00, 0x00, 0x3C, 0x0E, 0x20, 0x00,
    0x00, 0x00, 0x03, 0xC0, 0xD2, 0x00, 0x07, 0xAA, 0xAA, 0xAA, 0xAA, 0xA7, 0x00, 0xB7, 0x25, 0xC2,
    0xE3, 0x27, 0xA0, 0x0A, 0x50, 0x3B, 0x0D, 0x10, 0x6A, 0x00, 0xA5, 0x05, 0x90, 0xD1, 0x06, 0x90,
    0x0A, 0x50, 0x96, 0x0D, 0x10, 0x69, 0x00, 0xA5, 0x2D, 0x10, 0xD2, 0x06, 0x90, 0x0A, 0x7D, 0x50,
    0x09, 0xEE, 0x79, 0x00, 0xA5, 0x40, 0x00, 0x00, 0x06, 0x90, 0x0A, 0x50, 0x00, 0x00, 0x00, 0x6A,
    0x00, 0xBE, 0xDD, 0xDD, 0xDD, 0xDE, 0xA0, 0x0B, 0x50, 0x00, 0x00, 0x00, 0x59, 0x00, 0x00, 0x00,
    0x00, 0x00, 0x00, 0x00, 0x07, 0xDD, 0xDD, 0xDD, 0xDD, 0xD6, 0x00, 0x87, 0x00, 0x00, 0x00, 0x08,
    0x70, 0x08, 0x70, 0x12, 0x22, 0x10, 0x86, 0x00, 0x87, 0x0D, 0xBB, 0xCB, 0x08, 0x60, 0x08, 0x70,
    0xC1, 0x04, 0xB0, 0x86, 0x00, 0x87, 0x0C, 0x10, 0x4B, 0x08, 0x60, 0x08, 0x70, 0xDB, 0xBC, 0xB0,
    0x86, 0x00, 0x87, 0x02, 0x22, 0x22, 0x08, 0x60, 0x08, 0x70, 0x00, 0x00, 0x00, 0x86, 0x00, 0x8D,
    0xCC, 0xCC, 0xCC, 0xCE, 0x70, 0x07, 0x40, 0x00, 0x00, 0x00, 0x65, 0x00, 0x01, 0x11, 0x11, 0x11,
    0x11, 0x11, 0x00, 0xAD, 0xBB, 0xBB, 0xBB, 0xBC, 0xB0, 0x0A, 0x50, 0x00, 0xA1, 0x00, 0x4B, 0x00,
    0x95, 0x00, 0x0E, 0x00, 0x04, 0xA0, 0x09, 0x5C, 0xCC, 0xFC, 0xCD, 0x5A, 0x00, 0x95, 0x11, 0x3D,
    0x11, 0x14, 0xA0, 0x09, 0x50, 0x07, 0xE6, 0x00, 0x4A, 0x00, 0x95, 0x03, 0xD3, 0xBA, 0x14, 0xA0,
    0x09, 0x57, 0xD3, 0x00, 0xBA, 0x4A, 0x00, 0x95, 0x32, 0x00, 0x01, 0x14, 0xA0, 0x0A, 0xCA, 0xAA,
    0xAA, 0xAA, 0xBB, 0x00, 0xA7, 0x33, 0x33, 0x33, 0x36, 0xB0, 0x02, 0x10, 0x00, 0x00, 0x00, 0x11,
    0x00, 0x02, 0x22, 0x22, 0x22, 0x22, 0x22, 0x00, 0xBD, 0xBB, 0xBB, 0xBB, 0xBC, 0xC0, 0x0B, 0x50,
    0x00, 0x0A, 0x20, 0x4B, 0x00, 0xA5, 0x12, 0x22, 0xC4, 0x24, 0xB0, 0x0A, 0x57, 0xBB, 0xEF, 0xCB,
    0x4B, 0x00, 0xA5, 0x00, 0x1D, 0xD3, 0x04, 0xB0, 0x0A, 0x50, 0x0B, 0x6C, 0x30, 0x4B, 0x00, 0xA5,
    0x1A, 0x90, 0xC3, 0x04, 0xB0, 0x0A, 0x5C, 0x91, 0x4D, 0x20, 0x4B, 0x00, 0xA5, 0x10, 0x0B, 0x80,
    0x04, 0xB0, 0x0B, 0xB9, 0x99, 0x99, 0x99, 0xBB, 0x00, 0xB8, 0x55, 0x55, 0x55, 0x58, 0xC0, 0x02,
    0x10, 0x00, 0x00, 0x00, 0x12, 0x00, 0x01, 0x22, 0x22, 0x22, 0x22, 0x21, 0x00, 0xBB, 0xAA, 0xAA,
    0xAA, 0xAB, 0xB0, 0x0A, 0x40, 0x78, 0x88, 0x70, 0x4A, 0x00, 0xA4, 0x0D, 0x44, 0x4D, 0x04, 0xA0,
    0x0A, 0x40, 0xAB, 0xBB, 0xA0, 0x4A, 0x00, 0xA4, 0x26, 0x66, 0x66, 0x24, 0xA0, 0x0A, 0x44, 0xC6,
    0x76, 0xC4, 0x4A, 0x00, 0xA4, 0x4A, 0x1E, 0x0A, 0x44, 0xA0, 0x0A, 0x42, 0x66, 0x97, 0x52, 0x4A,
    0x00, 0xA4, 0x48, 0xD2, 0x7D, 0x64, 0xA0, 0x0B, 0x48, 0x71, 0x11, 0x36, 0x4B, 0x00, 0xBC, 0xCC,
    0xCC, 0xCC, 0xCC, 0xB0, 0x04, 0x10, 0x00, 0x00, 0x00, 0x13, 0x00, 0x02, 0x22, 0x22, 0x22, 0x22,
    0x22, 0x00, 0xC9, 0x88, 0x88, 0x88, 0x89, 0xC0, 0x0B, 0x32, 0x81, 0xD1, 0xB0, 0x1C, 0x00, 0xB3,
    0x5C, 0x8C, 0xAB, 0x41, 0xC0, 0x0B, 0x33, 0x4A, 0x74, 0x42, 0x1C, 0x00, 0xB5, 0xBC, 0xEB, 0xEB,
    0xC2, 0xC0, 0x0B, 0x32, 0xD7, 0x4A, 0xA2, 0x1C, 0x00, 0xB8, 0xDB, 0x97, 0xC7, 0xD6, 0xC0, 0x0B,
    0x31, 0x84, 0x6B, 0x23, 0x1C, 0x00, 0xB3, 0x07, 0xB7, 0x7B, 0x71, 0xC0, 0x0B, 0x53, 0x36, 0x77,
    0x63, 0x4C, 0x00, 0xC9, 0x88, 0x88, 0x88, 0x88, 0xC0, 0x04, 0x10, 0x00, 0x00, 0x00, 0x04, 0x00,
    0x00, 0x00, 0x05, 0x50, 0x00, 0x00, 0x00, 0x00, 0x00, 0xC6, 0x00, 0x00, 0x00, 0x06, 0x88, 0x8F,
    0x98, 0x88, 0x88, 0x10, 0x45, 0x5A, 0xB5, 0x55, 0x55, 0x51, 0x00, 0x01, 0xD2, 0x07, 0x80, 0x00,
    0x00, 0x03, 0xD9, 0x00, 0x78, 0x00, 0x00, 0x00, 0x9D, 0x39, 0x9C, 0xC9, 0x93, 0x00, 0x9E, 0xB1,
    0x55, 0xAA, 0x45, 0x20, 0x4B, 0x5B, 0x00, 0x07, 0x80, 0x00, 0x00, 0x04, 0xB0, 0x00, 0x78, 0x00,
    0x00, 0x00, 0x4B, 0x45, 0x5A, 0xA5, 0x55, 0x10, 0x04, 0xB6, 0x88, 0x88, 0x88, 0x82, 0x00, 0x14,
    0x00, 0x00, 0x00, 0x00, 0x00, 0x00, 0x10, 0x00, 0x03, 0x60, 0x00, 0x00, 0x0D, 0x23, 0x88, 0xAC,
    0x88, 0x70, 0x00, 0xC2, 0x24, 0x4A, 0x84, 0x44, 0x00, 0x1C, 0x21, 0x7C, 0xCB, 0xBD, 0x00, 0x3B,
    0xEB, 0x57, 0xB8, 0x88, 0xE0, 0x00, 0x0C, 0x10, 0x79, 0x55, 0x5E, 0x00, 0x00, 0xC1, 0x07, 0xC9,
    0x99, 0xE0, 0x00, 0x0C, 0x10, 0x7D, 0xBB, 0xBE, 0x00, 0x00, 0xC9, 0x7A, 0xA5, 0x55, 0xE5, 0x23,
    0xDB, 0x54, 0x79, 0x66, 0x78, 0x72, 0x03, 0x00, 0x09, 0xC1, 0x05, 0xD3, 0x00, 0x00, 0x1C, 0x91,
    0x00, 0x04, 0xD1, 0x00, 0x00, 0x10, 0x00, 0x00, 0x01, 0x00, 0x00, 0x00, 0x00, 0x82, 0x00, 0x00,
    0x00, 0x68, 0x88, 0x8E, 0xA8, 0x88, 0x90, 0x03, 0x44, 0x44, 0xD6, 0x44, 0x45, 0x00, 0x06, 0x66,
    0x6D, 0x86, 0x67, 0x20, 0x00, 0x66, 0x66, 0x66, 0x66, 0x62, 0x00, 0x08, 0xAA, 0xAA, 0xAA, 0xAA,
    0x20, 0x00, 0xB8, 0x33, 0xC5, 0x33, 0xE2, 0x00, 0x0B, 0x60, 0x0C, 0x30, 0x0D, 0x20, 0x00, 0xDD,
    0xCC, 0xDC, 0xCC, 0xF2, 0x00, 0x1E, 0x10, 0x00, 0x00, 0x08, 0x10, 0x08, 0xA0, 0x00, 0x00, 0x00,
    0x00, 0x03, 0xE2, 0x00, 0x00, 0x00, 0x00, 0x00, 0x01, 0x00, 0x00, 0x00, 0x00, 0x00, 0x00, 0x00,
    0x00, 0x74, 0x00, 0x00, 0x00, 0x00, 0x00, 0x3E, 0x54, 0x44, 0x41, 0x00, 0x00, 0x1C, 0xB7, 0x77,
    0xAD, 0x10, 0x00, 0x1C, 0x9C, 0x50, 0x3D, 0x30, 0x00, 0x01, 0x50, 0x2C, 0xAD, 0x30, 0x00, 0x00,
    0x01, 0x48, 0xDB, 0xD9, 0x53, 0x21, 0x3E, 0xEB, 0x73, 0x23, 0x7A, 0xCD, 0x40, 0x14, 0xDA, 0xAF,
    0xAA, 0xD5, 0x00, 0x00, 0x4B, 0x22, 0xE2, 0x2A, 0x50, 0x00, 0x04, 0xD9, 0x9F, 0x99, 0xD5, 0x00,
    0x00, 0x4B, 0x33, 0xE3, 0x3A, 0x50, 0x00, 0x04, 0xD9, 0x99, 0x99, 0xD5, 0x00, 0x00, 0x13, 0x00,
    0x00, 0x02, 0x10, 0x00, 0x00, 0x02, 0x00, 0x03, 0x30, 0x00, 0x00, 0x01, 0xF2, 0x00, 0x88, 0x00,
    0x00, 0x00, 0x5B, 0x11, 0x17, 0x80, 0x00, 0x00, 0x0C, 0xCC, 0xE8, 0x78, 0x00, 0x00, 0x04, 0xC0,
    0x0A, 0x67, 0x9C, 0x10, 0x01, 0xD5, 0x20, 0xE2, 0x78, 0x7C, 0x00, 0x37, 0x5D, 0x8C, 0x07, 0x80,
    0xA9, 0x00, 0x00, 0x4F, 0x50, 0x78, 0x01, 0xD2, 0x00, 0x07, 0xA0, 0x07, 0x80, 0x00, 0x00, 0x06,
    0xD1, 0x00, 0x78, 0x00, 0x00, 0x19, 0xD2, 0x00, 0x07, 0x80, 0x00, 0x02, 0x81, 0x00, 0x00, 0x88,
    0x00, 0x00, 0x00, 0x00, 0x00, 0x00, 0x00, 0x00, 0x00, 0x00, 0x00, 0x06, 0x00, 0x00, 0x00, 0x00,
    0x00, 0x09, 0xC4, 0x44, 0x42, 0x00, 0x00, 0x1B, 0xA8, 0x88, 0xAE, 0x20, 0x00, 0x4D, 0x57, 0x60,
    0x2D, 0x40, 0x00, 0x01, 0x20, 0x1D, 0x9D, 0x40, 0x00, 0x00, 0x00, 0x26, 0xC9, 0xB5, 0x00, 0x00,
    0x07, 0xDC, 0x72, 0xAF, 0xA9, 0x98, 0x00, 0x11, 0x04, 0xD8, 0x22, 0x2C, 0x70, 0x00, 0x3C, 0xB3,
    0xA4, 0x06, 0xC0, 0x00, 0x01, 0x30, 0x02, 0xD9, 0xD2, 0x00, 0x00, 0x00, 0x03, 0x8D, 0x91, 0x00,
    0x00, 0x5B, 0xCE, 0xB7, 0x10, 0x00, 0x00, 0x01, 0x53, 0x00, 0x00, 0x00, 0x00, 0x00, 0x00, 0x00,
    0x02, 0x90, 0x00, 0x00, 0x00, 0x33, 0x33, 0x5F, 0x43, 0x33, 0x30, 0x2B, 0xBB, 0xBB, 0xBB, 0xBB,
    0xBB, 0x00, 0x00, 0xA4, 0x0B, 0x50, 0x00, 0x00, 0x00, 0x3F, 0x22, 0xFA, 0x99, 0x90, 0x00, 0x0B,
    0x90, 0x99, 0x44, 0x6D, 0x00, 0x06, 0xF8, 0x3E, 0x39, 0x47, 0x90, 0x04, 0xE9, 0x8B, 0xAD, 0x47,
    0xD3, 0x00, 0x25, 0x78, 0x10, 0xD4, 0x7B, 0x00, 0x00, 0x07, 0x80, 0x04, 0xEE, 0x20, 0x00, 0x00,
    0x78, 0x02, 0x9E, 0xE7, 0x20, 0x00, 0x07, 0x98, 0xF8, 0x13, 0xAF, 0xD2, 0x00, 0x22, 0x22, 0x00,
    0x00, 0x13, 0x00, 0x00, 0x27, 0x10, 0x00, 0x72, 0x00, 0x00, 0x08, 0xA0, 0x00, 0x2D, 0x10, 0x00,
    0x01, 0xEC, 0xBB, 0x4C, 0xED, 0xEB, 0x00, 0xA9, 0x22, 0xBC, 0xC7, 0x1C, 0x40, 0x3D, 0x98, 0x5B,
    0x41, 0x9E, 0x80, 0x00, 0x3B, 0x78, 0xC5, 0x7D, 0x80, 0x00, 0x03, 0xA5, 0x8C, 0x59, 0xCC, 0x66,
    0x10, 0x3A, 0x58, 0xD2, 0x6D, 0x66, 0xF1, 0x03, 0xED, 0x8E, 0x6D, 0x72, 0x6A, 0x00, 0x36, 0x12,
    0xE1, 0x14, 0xDE, 0x30, 0x00, 0x04, 0xBD, 0x01, 0x6E, 0x50, 0x00, 0x00, 0x27, 0x29, 0xEA, 0x20,
    0x00, 0x00, 0x00, 0x00, 0x21, 0x00, 0x00, 0x00, 0x00, 0x00, 0x01, 0x61, 0x00, 0x00, 0x00, 0x00,
    0x00, 0x2F, 0x10, 0x00, 0x00, 0x00, 0x00, 0x01, 0xF0, 0x00, 0x00, 0x00, 0x00, 0x00, 0x1E, 0x00,
    0x00, 0x00, 0x0D, 0xEE, 0xEE, 0xFE, 0xEE, 0xEF, 0x00, 0x11, 0x11, 0x5F, 0x21, 0x11, 0x10, 0x00,
    0x00, 0x08, 0xE8, 0x00, 0x00, 0x00, 0x00, 0x02, 0xE3, 0xD2, 0x00, 0x00, 0x00, 0x00, 0xA8, 0x06,
    0xC1, 0x00, 0x00, 0x01, 0xAC, 0x00, 0x0A, 0xB1, 0x00, 0x05, 0xDB, 0x10, 0x00, 0x0A, 0xE5, 0x03,
    0xE7, 0x00, 0x00, 0x00, 0x07, 0xC1, 0x01, 0x00, 0x00, 0x00, 0x00, 0x00, 0x00, 0x00, 0xEE, 0xEE,
    0xEE, 0xEE, 0xE0, 0x00, 0x01, 0x00, 0x0F, 0x00, 0x01, 0x00, 0x00, 0x00, 0x00, 0xF0, 0x00, 0x00,
    0x00, 0x44, 0x44, 0x4F, 0x44, 0x44, 0x40, 0x09, 0xBB, 0xBC, 0xFC, 0xBB, 0xBB, 0x00, 0x00, 0x00,
    0x6F, 0x80, 0x00, 0x00, 0x00, 0x00, 0x0D, 0x5E, 0x20, 0x00, 0x00, 0x00, 0x07, 0xC0, 0x8C, 0x00,
    0x00, 0x00, 0x07, 0xE2, 0x00, 0xCB, 0x10, 0x00, 0x3C, 0xD3, 0x00, 0x01, 0xAE, 0x82, 0x3E, 0x81,
    0x00, 0x00, 0x00, 0x5B, 0x20, 0x10, 0x00, 0x00, 0x00, 0x00, 0x00, 0x00, 0x00, 0x03, 0x70, 0x00,
    0x00, 0x00, 0x00, 0x00, 0x5D, 0x00, 0x00, 0x00, 0x00, 0x00, 0x05, 0xC0, 0x00, 0x00, 0x00, 0x22,
    0x22, 0x7C, 0x22, 0x22, 0x20, 0x0C, 0xCC, 0xCD, 0xFC, 0xCC, 0xC9, 0x00, 0x00, 0x00, 0x9F, 0x40,
    0x00, 0x00, 0x00, 0x00, 0x0D, 0x8A, 0x00, 0x00, 0x00, 0x00, 0x05, 0xB1, 0xD4, 0x00, 0x00, 0x00,
    0x01, 0xD3, 0x05, 0xD2, 0x00, 0x00, 0x02, 0xCB, 0x70, 0x08, 0xD2, 0x00, 0x04, 0xD7, 0x2D, 0x60,
    0x08, 0xE8, 0x13, 0xD4, 0x00, 0x39, 0x00, 0x04, 0xB1, 0x00, 0x00, 0x00, 0x00, 0x00, 0x00, 0x00,
    0x00, 0x00, 0x00, 0x50, 0x00, 0x00, 0x00, 0x00, 0x50, 0x0F, 0x10, 0x00, 0x00, 0x00, 0x4C, 0x00,
    0xF0, 0x00, 0x00, 0x00, 0x0A, 0xC9, 0x9F, 0x99, 0x9A, 0x00, 0x03, 0xD4, 0x44, 0xE4, 0x44, 0x40,
    0x00, 0xA5, 0x00, 0x1E, 0x00, 0x00, 0x00, 0x17, 0x77, 0x78, 0xE7, 0x77, 0x77, 0x00, 0x66, 0x66,
    0xBF, 0xA6, 0x66, 0x60, 0x00, 0x00, 0x1D, 0x6D, 0x20, 0x00, 0x00, 0x00, 0x1B, 0x80, 0x6E, 0x50,
    0x00, 0x00, 0x5D, 0x80, 0x00, 0x4D, 0xC6, 0x10, 0xCD, 0x40, 0x00, 0x00, 0x17, 0xB0, 0x02, 0x00,
    0x00, 0x00, 0x00, 0x00, 0x00, 0x00, 0x00, 0x03, 0x80, 0x00, 0x00, 0x00, 0x22, 0x22, 0x99, 0x22,
    0x22, 0x20, 0x0A, 0xAA, 0xCE, 0xAC, 0xEA, 0xAA, 0x00, 0x00, 0x2D, 0x40, 0x1D, 0x50, 0x00, 0x00,
    0x3D, 0xDB, 0xBB, 0xBD, 0xA3, 0x01, 0xAC, 0x8B, 0x66, 0x66, 0x57, 0xD3, 0x04, 0x05, 0xB6, 0x66,
    0x65, 0x00, 0x00, 0x00, 0x5E, 0xCC, 0xCC, 0xA0, 0x00, 0x03, 0x47, 0xA4, 0x44, 0x44, 0x44, 0x10,
    0x89, 0x9E, 0xB9, 0x9B, 0xB9, 0xA1, 0x00, 0x06, 0xA0, 0x01, 0x7E, 0x40, 0x00, 0x07, 0xFE, 0xDB,
    0xA9, 0x9E, 0x30, 0x00, 0x12, 0x00, 0x00, 0x00, 0x20, 0x00, 0x00, 0x19, 0x00, 0x00, 0x00, 0x00,
    0x00, 0x03, 0xC0, 0x6D, 0xDD, 0xDC, 0x00, 0x00, 0x69, 0x00, 0x0E, 0x02, 0xC0, 0x02, 0xAD, 0xCA,
    0x30, 0xE0, 0x4A, 0x00, 0x02, 0xD3, 0xB3, 0x0D, 0x07, 0x80, 0x00, 0x2C, 0x0C, 0x21, 0xD0, 0x8D,
    0xF4, 0x06, 0x80, 0xD0, 0x2C, 0x00, 0x0C, 0x30, 0x99, 0x4B, 0x03, 0xB0, 0x00, 0xD2, 0x00, 0x8F,
    0x60, 0x68, 0x00, 0x0E, 0x10, 0x03, 0xED, 0x2B, 0x40, 0x00, 0xF0, 0x01, 0xD4, 0x68, 0xD0, 0x00,
    0x2E, 0x01, 0xC5, 0x02, 0xE4, 0x00, 0xBE, 0x90, 0x00, 0x00, 0x02, 0x00, 0x02, 0x20, 0x00, 0x00,
    0x16, 0x00, 0x00, 0x00, 0x00, 0x00, 0x03, 0xD0, 0x04, 0x55, 0x55, 0x50, 0x00, 0x68, 0x00, 0x67,
    0x77, 0xDD, 0x02, 0xAD, 0xCA, 0x80, 0x00, 0x9B, 0x10, 0x02, 0xD3, 0x6A, 0x00, 0x7B, 0x00, 0x00,
    0x2C, 0x08, 0x70, 0x06, 0x90, 0x00, 0x07, 0x70, 0xC6, 0xED, 0xEE, 0xDE, 0x60, 0x8B, 0x4D, 0x00,
    0x05, 0x90, 0x00, 0x00, 0x5F, 0x80, 0x00, 0x59, 0x00, 0x00, 0x06, 0xCD, 0x50, 0x05, 0x90, 0x00,
    0x07, 0xC1, 0x3D, 0x10, 0x79, 0x00, 0x04, 0xB1, 0x00, 0x00, 0xDE, 0x40, 0x00, 0x00, 0x00, 0x00,
    0x02, 0x00, 0x00, 0x00, 0x00, 0x41, 0x00, 0x00, 0x02, 0x60, 0x00, 0x0E, 0x30, 0x4B, 0xCE, 0xCA,
    0x20, 0x01, 0xE0, 0x06, 0x90, 0x95, 0x00, 0x07, 0xCE, 0xCC, 0x5D, 0xBD, 0xDB, 0xB0, 0x04, 0xA2,
    0xC5, 0x92, 0x3E, 0x22, 0x00, 0x77, 0x4A, 0x7C, 0xC2, 0x98, 0x53, 0x09, 0x47, 0x88, 0xA3, 0x11,
    0xBF, 0x30, 0xC7, 0xA5, 0x0D, 0xBB, 0xBF, 0x20, 0x01, 0xAF, 0x40, 0xD3, 0x33, 0xF0, 0x00, 0x08,
    0xBE, 0x5D, 0x99, 0x9F, 0x00, 0x06, 0xD1, 0x35, 0xD6, 0x55, 0xF0, 0x00, 0xA2, 0x00, 0x0D, 0x77,
    0x7F, 0x10, 0x00, 0x00, 0x00, 0x30, 0x00, 0x20, 0x00, 0x00, 0xBB, 0xBB, 0xBB, 0xBB, 0xB0, 0x00,
    0x01, 0x11, 0x11, 0x29, 0xD6, 0x00, 0x00, 0x00, 0x00, 0x6D, 0x70, 0x00, 0x00, 0x00, 0x00, 0x1F,
    0x20, 0x00, 0x00, 0x15, 0x44, 0x44, 0xF4, 0x44, 0x45, 0x22, 0x88, 0x88, 0x8F, 0x88, 0x88, 0x83,
    0x00, 0x00, 0x00, 0xF0, 0x00, 0x00, 0x00, 0x00, 0x00, 0x0F, 0x00, 0x00, 0x00, 0x00, 0x00, 0x00,
    0xF0, 0x00, 0x00, 0x00, 0x00, 0x00, 0x2F, 0x00, 0x00, 0x00, 0x00, 0x00, 0x8F, 0xA0, 0x00, 0x00,
    0x00, 0x00, 0x01, 0x00, 0x00, 0x00, 0x00, 0x00, 0x00, 0x04, 0x30, 0x00, 0x00, 0x00, 0x01, 0x11,
    0x6D, 0x11, 0x11, 0x10, 0x0A, 0xDC, 0xCC, 0xCC, 0xCC, 0xCC, 0x00, 0xA5, 0x00, 0x00, 0x00, 0x03,
    0xC0, 0x02, 0x1B, 0xBB, 0xBB, 0xBB, 0x22, 0x00, 0x00, 0x32, 0x22, 0x6E, 0x80, 0x00, 0x00, 0x00,
    0x00, 0x9C, 0x30, 0x00, 0x00, 0x88, 0x88, 0x8E, 0x98, 0x88, 0x82, 0x06, 0x55, 0x55, 0xE7, 0x55,
    0x56, 0x20, 0x00, 0x00, 0x0D, 0x30, 0x00, 0x00, 0x00, 0x00, 0x00, 0xD3, 0x00, 0x00, 0x00, 0x00,
    0x06, 0xCE, 0x10, 0x00, 0x00, 0x00, 0x00, 0x14, 0x20, 0x00, 0x00, 0x00, 0x00, 0x00, 0x06, 0x50,
    0x00, 0x00, 0x00, 0x00, 0x00, 0xE4, 0x00, 0x00, 0x00, 0x09, 0xED, 0xDF, 0xDD, 0xDD, 0xDB, 0x00,
    0x00, 0x0B, 0x40, 0x00, 0x00, 0x00, 0x00, 0x18, 0xA4, 0x66, 0x66, 0x63, 0x00, 0x04, 0xE1, 0x47,
    0x77, 0xBF, 0x40, 0x03, 0xEC, 0x00, 0x00, 0x8B, 0x20, 0x02, 0xE6, 0xC3, 0x65, 0x5E, 0x65, 0x62,
    0x01, 0x2C, 0x48, 0x88, 0xE8, 0x88, 0x20, 0x02, 0xC0, 0x00, 0x0D, 0x10, 0x00, 0x00, 0x2C, 0x00,
    0x00, 0xD1, 0x00, 0x00, 0x02, 0xD0, 0x02, 0xBE, 0x00, 0x00, 0x00, 0x02, 0x00, 0x04, 0x10, 0x00,
    0x00, 0x00, 0x00, 0x03, 0x50, 0x00, 0x00, 0x00, 0x00, 0x00, 0x3E, 0x20, 0x00, 0x00, 0x06, 0xBB,
    0xBB, 0xDB, 0xBB, 0xB7, 0x00, 0x79, 0x33, 0x33, 0x33, 0x38, 0xA0, 0x07, 0x70, 0x00, 0x04, 0xC0,
    0x47, 0x00, 0x55, 0x55, 0x55, 0x7D, 0x55, 0x50, 0x09, 0x99, 0x99, 0x9A, 0xE9, 0x98, 0x00, 0x05,
    0x30, 0x00, 0x4C, 0x00, 0x00, 0x00, 0x4E, 0x20, 0x04, 0xC0, 0x00, 0x00, 0x00, 0x7A, 0x00, 0x4C,
    0x00, 0x00, 0x00, 0x00, 0x00, 0x04, 0xC0, 0x00, 0x00, 0x00, 0x00, 0x2C, 0xD9, 0x00, 0x00, 0x00,
    0x00, 0x00, 0x53, 0x00, 0x00, 0x00, 0x00, 0x00, 0x03, 0x50, 0x00, 0x00, 0x00, 0x00, 0x00, 0x2E,
    0x20, 0x00, 0x00, 0x04, 0xBB, 0xBB, 0xEB, 0xBB, 0xB3, 0x00, 0x4C, 0x11, 0x63, 0x11, 0x1B, 0x40,
    0x03, 0x60, 0x1E, 0x30, 0x00, 0x73, 0x00, 0x22, 0x27, 0xA2, 0x22, 0x22, 0x20, 0x0B, 0xAB, 0xFB,
    0xAA, 0xDD, 0xAB, 0x20, 0x00, 0x79, 0x00, 0x0C, 0x50, 0x00, 0x00, 0x1B, 0xD8, 0x47, 0xB0, 0x00,
    0x00, 0x00, 0x01, 0x6E, 0xF9, 0x20, 0x00, 0x00, 0x03, 0x7D, 0x92, 0x8E, 0xA2, 0x00, 0x7E, 0xD8,
    0x20, 0x00, 0x19, 0xB0, 0x01, 0x20, 0x00, 0x00, 0x00, 0x00, 0x00, 0x00, 0x00, 0x01, 0xA1, 0x00,
    0x00, 0x00, 0x88, 0x88, 0x8F, 0xA8, 0x88, 0x81, 0x0E, 0x75, 0x88, 0x55, 0x55, 0x5F, 0x10, 0xD2,
    0x1C, 0xC5, 0x55, 0x50, 0xC1, 0x00, 0x0A, 0xD8, 0x88, 0xEA, 0x00, 0x00, 0x1C, 0xAA, 0xA2, 0x9B,
    0x10, 0x00, 0x00, 0x30, 0x0A, 0xFD, 0x20, 0x00, 0x00, 0x25, 0x9E, 0xB5, 0x9E, 0xC9, 0x73, 0x5E,
    0xAC, 0xA8, 0x88, 0x9C, 0xBB, 0x30, 0x10, 0xC6, 0x44, 0x44, 0xA6, 0x00, 0x00, 0x0C, 0x64, 0x44,
    0x4A, 0x60, 0x00, 0x00, 0xC9, 0x88, 0x88, 0xC7, 0x00, 0x00, 0x04, 0x10, 0x00, 0x02, 0x20, 0x00,
    0x00, 0x00, 0x02, 0x80, 0x00, 0x00, 0x00, 0x33, 0x33, 0x4F, 0x43, 0x33, 0x30, 0x0F, 0xA9, 0x99,
    0x99, 0x99, 0xAE, 0x00, 0xF0, 0x33, 0x33, 0x33, 0x42, 0xE0, 0x08, 0x08, 0x9D, 0xD9, 0x99, 0x14,
    0x00, 0x00, 0x29, 0xF3, 0x00, 0x39, 0x00, 0x16, 0xBD, 0x69, 0xD1, 0x5D, 0x60, 0x00, 0x95, 0x19,
    0xBA, 0xDC, 0x80, 0x00, 0x03, 0x8D, 0x63, 0xDD, 0x1D, 0x10, 0x01, 0xB8, 0x28, 0xB2, 0xF0, 0x8B,
    0x10, 0x02, 0x8D, 0x60, 0x2E, 0x00, 0xAE, 0x31, 0xD8, 0x10, 0xAE, 0x70, 0x00, 0x50, 0x00, 0x00,
    0x03, 0x20, 0x00, 0x00, 0x00, 0x00, 0x00, 0x01, 0x70, 0x00, 0x00, 0x00, 0x34, 0x44, 0x6F, 0x64,
    0x44, 0x40, 0x0B, 0xB8, 0x8A, 0xA8, 0x88, 0x9F, 0x00, 0x94, 0x00, 0x6D, 0x25, 0x21, 0xB0, 0x00,
    0xB2, 0xD2, 0x55, 0xE5, 0x64, 0x00, 0x4D, 0x0E, 0x38, 0xC2, 0x15, 0xE1, 0x02, 0x31, 0xEE, 0x82,
    0x3E, 0x45, 0x12, 0x8B, 0xDA, 0xBB, 0xBB, 0x80, 0x00, 0x17, 0x62, 0x00, 0xA3, 0x00, 0x61, 0x00,
    0x08, 0x80, 0x0B, 0x40, 0x0E, 0x20, 0x00, 0x88, 0x00, 0xB4, 0x00, 0xD2, 0x00, 0x07, 0xCC, 0xCC,
    0xCC, 0xCF, 0x20, 0x00, 0x00, 0x00, 0x00, 0x00, 0x61, 0x00, 0x00, 0x00, 0x00, 0x00, 0x02, 0x50,
    0x00, 0x00, 0x00, 0x00, 0x00, 0x4C, 0x00, 0x09, 0x99, 0x96, 0x00, 0x03, 0xC0, 0x00, 0x44, 0x48,
    0x97, 0x77, 0x9E, 0x74, 0x04, 0x10, 0x96, 0x65, 0x57, 0xD5, 0x30, 0x7B, 0x0D, 0x23, 0x10, 0x3C,
    0x00, 0x00, 0x8B, 0xC0, 0x88, 0x03, 0xC0, 0x00, 0x00, 0xC9, 0x01, 0xE1, 0x3C, 0x00, 0x00, 0x3D,
    0xD3, 0x07, 0x33, 0xC0, 0x00, 0x1D, 0x44, 0xD1, 0x00, 0x3C, 0x00, 0x2D, 0x60, 0x08, 0x10, 0x03,
    0xC0, 0x02, 0x60, 0x00, 0x00, 0x08, 0xE9, 0x00, 0x00, 0x00, 0x00, 0x00, 0x22, 0x00, 0x00, 0x00,
    0x00, 0x01, 0x60, 0x00, 0x00, 0x00, 0x00, 0x00, 0x2E, 0x00, 0x00, 0x00, 0x00, 0x03, 0x12, 0xE0,
    0x23, 0x00, 0x00, 0x01, 0xE5, 0x2E, 0x05, 0xE5, 0x00, 0x00, 0x99, 0x02, 0xE0, 0x04, 0xE6, 0x00,
    0x5D, 0x10, 0x2E, 0x00, 0x03, 0xC1, 0x2E, 0x30, 0x02, 0xE0, 0x02, 0x20, 0x00, 0x10, 0x00, 0x2E,
    0x01, 0xD9, 0x00, 0x00, 0x00, 0x01, 0x41, 0xC9, 0x00, 0x00, 0x00, 0x00, 0x06, 0xE8, 0x00, 0x00,
    0x00, 0x14, 0x8E, 0xB3, 0x00, 0x00, 0x00, 0x9F, 0xC8, 0x30, 0x00, 0x00, 0x00, 0x01, 0x00, 0x00,
    0x00, 0x00, 0x00, 0x00, 0x00, 0x16, 0x00, 0x00, 0x62, 0x00, 0x00, 0x01, 0xB6, 0x00, 0x0C, 0x46,
    0x00, 0x28, 0x89, 0x98, 0x81, 0xC3, 0xC5, 0x01, 0x44, 0x44, 0x44, 0x0C, 0x23, 0x70, 0x06, 0xCC,
    0xCC, 0x6C, 0xED, 0xCC, 0x20, 0x77, 0x00, 0xB2, 0x0C, 0x10, 0x00, 0x07, 0x95, 0x5C, 0x20, 0xDC,
    0x30, 0x00, 0x37, 0xAA, 0x71, 0x1D, 0xC2, 0x00, 0x05, 0x97, 0x8D, 0x14, 0xAB, 0x20, 0x01, 0xD4,
    0x76, 0x88, 0xA5, 0xB2, 0x10, 0x38, 0x07, 0x61, 0x6C, 0x0B, 0x38, 0x60, 0x09, 0xE4, 0x3E, 0x30,
    0x7D, 0xD2, 0x00, 0x21, 0x00, 0x20, 0x00, 0x00, 0x00, 0x00, 0x00, 0x00, 0x51, 0x00, 0x00, 0x00,
    0x26, 0x00, 0x0D, 0x20, 0x04, 0x40, 0x04, 0xB0, 0x00, 0xD2, 0x00, 0x77, 0x00, 0x4E, 0xBB, 0xBE,
    0xBB, 0xBD, 0x70, 0x01, 0x22, 0x39, 0x32, 0x22, 0x21, 0x00, 0x00, 0x08, 0xB1, 0x00, 0x00, 0x00,
    0x00, 0x05, 0xEC, 0xCC, 0xCC, 0xF4, 0x00, 0x06, 0xD2, 0x10, 0x00, 0x5D, 0x00, 0x04, 0xD2, 0x5D,
    0x40, 0x2D, 0x50, 0x00, 0x00, 0x00, 0x4E, 0x8D, 0x80, 0x00, 0x00, 0x01, 0x47, 0xCD, 0x50, 0x00,
    0x01, 0xCE, 0xEB, 0x84, 0x00, 0x00, 0x00, 0x02, 0x10, 0x00, 0x00, 0x00, 0x00, 0x00, 0x06, 0x99,
    0x99, 0x99, 0x99, 0x60, 0x00, 0x45, 0x55, 0x55, 0x55, 0x9A, 0x00, 0x00, 0x00, 0x00, 0x00, 0x06,
    0xA0, 0x00, 0x3D, 0x00, 0x00, 0x00, 0x6A, 0x00, 0x03, 0xF7, 0x77, 0x77, 0x7A, 0xA0, 0x00, 0x3E,
    0x66, 0x66, 0x66, 0x9B, 0x00, 0x03, 0xD0, 0x00, 0x00, 0x01, 0x10, 0x00, 0x3D, 0x00, 0x00, 0x00,
    0x00, 0x00, 0x03, 0xD0, 0x00, 0x00, 0x00, 0x3B, 0x10, 0x2F, 0x31, 0x11, 0x11, 0x18, 0xD0, 0x00,
    0xAE, 0xEE, 0xEE, 0xEE, 0xD4, 0x00, 0x00, 0x00, 0x05, 0x30, 0x00, 0x00, 0x00, 0x00, 0x00, 0x5E,
    0x10, 0x00, 0x00, 0x38, 0x88, 0x88, 0xB8, 0x88, 0x88, 0x32, 0x66, 0x66, 0x6F, 0x66, 0x66, 0x62,
    0x00, 0x00, 0x01, 0xF0, 0x00, 0x00, 0x00, 0x0D, 0xDD, 0xDF, 0xDD, 0xDC, 0x00, 0x00, 0xF2, 0x01,
    0xF0, 0x03, 0xD0, 0x00, 0x0F, 0x10, 0x1F, 0x00, 0x3D, 0x00, 0x00, 0xF1, 0x01, 0xF0, 0x03, 0xD0,
    0x00, 0x0F, 0x10, 0x1F, 0x02, 0x6D, 0x00, 0x00, 0xF1, 0x01, 0xF0, 0x9D, 0x60, 0x00, 0x00, 0x00,
    0x1F, 0x10, 0x00, 0x00, 0x00, 0x00, 0x00, 0x30, 0x00, 0x00, 0x00, 0x00, 0x06, 0x20, 0x80, 0x16,
    0x00, 0x00, 0x21, 0xC4, 0x1F, 0x24, 0xC1, 0x20, 0x2C, 0xCE, 0xCC, 0xFC, 0xCE, 0xCC, 0x10, 0x00,
    0xC3, 0x0F, 0x12, 0xC0, 0x00, 0x04, 0x47, 0x54, 0x65, 0x56, 0x44, 0x01, 0xE8, 0x88, 0x9A, 0x88,
    0x88, 0xE0, 0x1D, 0x00, 0x01, 0xF0, 0x00, 0x0D, 0x00, 0x08, 0xCC, 0xCF, 0xCC, 0xC7, 0x00, 0x00,
    0x97, 0x12, 0xE1, 0x17, 0x90, 0x00, 0x09, 0x60, 0x1E, 0x00, 0x78, 0x00, 0x00, 0x96, 0x01, 0xE0,
    0x6C, 0x70, 0x00, 0x02, 0x20, 0x1F, 0x05, 0x71, 0x00, 0x00, 0x00, 0x00, 0x30, 0x00, 0x00, 0x00,
    0x03, 0xCC, 0xCC, 0xCC, 0xCC, 0xD1, 0x00, 0x02, 0x11, 0x1F, 0x21, 0x23, 0x00, 0x00, 0x98, 0x00,
    0xF1, 0x08, 0xB0, 0x00, 0x02, 0xE5, 0x0F, 0x13, 0xE2, 0x00, 0x00, 0x06, 0xB0, 0xF1, 0xC7, 0x00,
    0x01, 0x22, 0x22, 0x2F, 0x23, 0x22, 0x21, 0x3C, 0xBB, 0xBB, 0xFC, 0xBB, 0xBC, 0x30, 0x00, 0x00,
    0x0F, 0x10, 0x00, 0x00, 0x00, 0x00, 0x00, 0xF1, 0x00, 0x00, 0x00, 0x00, 0x00, 0x0F, 0x10, 0x00,
    0x00, 0x00, 0x00, 0x01, 0xF1, 0x00, 0x00, 0x00, 0x00, 0x00, 0x03, 0x00, 0x00, 0x00, 0x00, 0x03,
    0x81, 0x00, 0x00, 0x00, 0x00, 0x00, 0xAB, 0x00, 0x00, 0x00, 0x00, 0x00, 0x4F, 0xCB, 0xBC, 0xBB,
    0xC9, 0x00, 0x1D, 0x70, 0x04, 0xB0, 0x00, 0x00, 0x0B, 0xB0, 0x00, 0x4B, 0x00, 0x00, 0x00, 0x63,
    0xEB, 0xBC, 0xEB, 0xCD, 0x20, 0x00, 0x1E, 0x00, 0x4B, 0x00, 0x00, 0x00, 0x01, 0xE0, 0x04, 0xB0,
    0x00, 0x00, 0x5C, 0xCE, 0xCC, 0xDE, 0xCC, 0xCC, 0x50, 0x00, 0x00, 0x04, 0xB0, 0x00, 0x00, 0x00,
    0x00, 0x00, 0x5B, 0x00, 0x00, 0x00, 0x00, 0x00, 0x05, 0xB0, 0x00, 0x00, 0x00, 0x00, 0x00, 0x13,
    0x00, 0x00, 0x00, 0x00, 0x03, 0x20, 0x00, 0x64, 0x00, 0x00, 0x00, 0xAB, 0x00, 0x0D, 0x70, 0x00,
    0x00, 0x01, 0xD3, 0x03, 0xE1, 0x00, 0x00, 0x8E, 0xEF, 0xEE, 0xEF, 0xEE, 0x60, 0x00, 0x00, 0xE0,
    0x00, 0xE0, 0x00, 0x00, 0x00, 0x0E, 0x00, 0x0E, 0x00, 0x00, 0x25, 0x55, 0xE5, 0x55, 0xE5, 0x55,
    0x23, 0x99, 0x9F, 0x99, 0x9F, 0x99, 0x93, 0x00, 0x04, 0xC0, 0x00, 0xE0, 0x00, 0x00, 0x00, 0xB7,
    0x00, 0x0E, 0x00, 0x00, 0x00, 0x9D, 0x10, 0x00, 0xE0, 0x00, 0x00, 0xAC, 0x20, 0x00, 0x1E, 0x00,
    0x00, 0x01, 0x10, 0x00, 0x00, 0x20, 0x00, 0x00, 0x06, 0xFE, 0xEE, 0xEE, 0xEE, 0xE9, 0x00, 0x00,
    0x08, 0x80, 0x0E, 0x20, 0x00, 0x00, 0x00, 0x88, 0x00, 0xE2, 0x00, 0x00, 0x00, 0x08, 0x80, 0x0E,
    0x20, 0x00, 0x15, 0x44, 0xAA, 0x44, 0xE6, 0x45, 0x13, 0xA9, 0x9D, 0xC9, 0x9F, 0xA9, 0xA3, 0x00,
    0x00, 0xB5, 0x00, 0xE2, 0x00, 0x00, 0x00, 0x2F, 0x10, 0x0E, 0x20, 0x00, 0x00, 0x0B, 0xA0, 0x00,
    0xE2, 0x00, 0x00, 0x19, 0xD1, 0x00, 0x0E, 0x20, 0x00, 0x08, 0xD2, 0x00, 0x00, 0xE3, 0x00, 0x00,
    0x00, 0x00, 0x00, 0x02, 0x00, 0x00, 0x01, 0x33, 0x33, 0x31, 0x00, 0x41, 0x00, 0x6C, 0x88, 0x8D,
    0x30, 0x2E, 0x40, 0x06, 0xDC, 0xCC, 0xE2, 0x1C, 0x50, 0x00, 0x6C, 0x88, 0x8D, 0x4C, 0x60, 0x00,
    0x02, 0x45, 0xB4, 0x41, 0x20, 0x4B, 0x06, 0xCC, 0xCE, 0xCC, 0xC3, 0x1D, 0x40, 0x03, 0x88, 0x88,
    0x82, 0x2C, 0x50, 0x00, 0x6A, 0x44, 0x4C, 0x3C, 0x50, 0x30, 0x05, 0xCC, 0xFC, 0xC2, 0x00, 0x2E,
    0x30, 0x16, 0x0F, 0x26, 0x00, 0x3D, 0x50, 0x1B, 0x70, 0xF1, 0xC2, 0x6D, 0x40, 0x02, 0x50, 0xCC,
    0x00, 0xBB, 0x20, 0x00, 0x00, 0x01, 0x00, 0x02, 0x00, 0x00, 0x00, 0x00, 0x05, 0x10, 0x04, 0x50,
    0x00, 0x00, 0x03, 0xE3, 0x00, 0x78, 0x00, 0x00, 0x02, 0xD4, 0x0A, 0xAC, 0xDA, 0xB3, 0x01, 0xD6,
    0x43, 0x22, 0x89, 0x22, 0x10, 0x03, 0x0C, 0x83, 0x38, 0x93, 0x33, 0x10, 0x09, 0xA4, 0xA9, 0x99,
    0xDB, 0xA3, 0x06, 0xF8, 0x00, 0x00, 0x09, 0x50, 0x04, 0xD8, 0x88, 0xED, 0xDD, 0xEE, 0xE3, 0x01,
    0x78, 0x03, 0x70, 0x09, 0x50, 0x00, 0x07, 0x80, 0x2E, 0x50, 0x95, 0x00, 0x00, 0x78, 0x00, 0x42,
    0x1B, 0x50, 0x00, 0x07, 0x80, 0x00, 0x0D, 0xC2, 0x00, 0x00, 0x22, 0x00, 0x00, 0x00, 0x00, 0x00,
    0x00, 0x02, 0x10, 0x00, 0x00, 0x00, 0x00, 0x02, 0xD6, 0x6E, 0xDD, 0xDE, 0x20, 0x05, 0xE6, 0x06,
    0x80, 0x00, 0xD1, 0x02, 0xC3, 0x14, 0x6C, 0x99, 0x9E, 0x10, 0x00, 0x0B, 0xA6, 0xA4, 0x44, 0xE1,
    0x00, 0x08, 0xC0, 0x6A, 0x55, 0x5E, 0x10, 0x09, 0xE8, 0x06, 0xCA, 0xC8, 0x82, 0x04, 0xA6, 0x80,
    0x68, 0x1B, 0x09, 0xA0, 0x00, 0x58, 0x06, 0x80, 0xCC, 0x91, 0x00, 0x05, 0x80, 0x68, 0x04, 0xD1,
    0x00, 0x00, 0x69, 0x06, 0xBC, 0x38, 0xD4, 0x00, 0x06, 0x90, 0x8C, 0x40, 0x06, 0xD2, 0x00, 0x12,
    0x01, 0x00, 0x00, 0x00, 0x00, 0x00, 0x00, 0x03, 0x40, 0x00, 0x00, 0x00, 0x00, 0x00, 0x5D, 0x10,
    0x00, 0x00, 0x00, 0x00, 0x00, 0xB9, 0x00, 0x00, 0x00, 0x00, 0x00, 0x03, 0x50, 0x00, 0x00, 0x02,
    0x50, 0xA7, 0x00, 0x03, 0x50, 0x00, 0x7C, 0x0A, 0x70, 0x00, 0x3E, 0x30, 0x09, 0x80, 0xA7, 0x00,
    0x00, 0x8C, 0x00, 0xD5, 0x0A, 0x70, 0x00, 0x01, 0xD4, 0x2F, 0x20, 0xA7, 0x00, 0x00, 0x01, 0x01,
    0x50, 0x0A, 0x70, 0x00, 0x75, 0x00, 0x00, 0x00, 0xA9, 0x22, 0x3D, 0x60, 0x00, 0x00, 0x05, 0xDD,
    0xDD, 0xB1, 0x00, 0x00, 0x44, 0x00, 0x02, 0x50, 0x00, 0x00, 0x07, 0x80, 0x00, 0x2E, 0x40, 0x00,
    0x00, 0x78, 0x10, 0x00, 0x66, 0x00, 0x00, 0x89, 0xAC, 0xAC, 0xCC, 0xCC, 0xC4, 0x0E, 0x78, 0xD5,
    0xA8, 0x22, 0x22, 0x14, 0xC7, 0x85, 0x29, 0x60, 0x00, 0x00, 0x57, 0x78, 0x00, 0x96, 0x00, 0x00,
    0x00, 0x07, 0x80, 0x09, 0x60, 0x00, 0x00, 0x00, 0x78, 0x00, 0x96, 0x00, 0x00, 0x00, 0x07, 0x80,
    0x09, 0x60, 0x00, 0x00, 0x00, 0x78, 0x00, 0x9C, 0x99, 0x99, 0x00, 0x08, 0x80, 0x03, 0x55, 0x55,
    0x50, 0x00, 0x00, 0x00, 0x00, 0x00, 0x00, 0x00, 0x00, 0x00, 0x01, 0x92, 0x00, 0x00, 0x00, 0x00,
    0x00, 0xBD, 0x80, 0x00, 0x00, 0x00, 0x00, 0xAA, 0x1A, 0x80, 0x00, 0x00, 0x01, 0xB9, 0x2C, 0x19,
    0xB2, 0x00, 0x05, 0xD7, 0x00, 0x72, 0x06, 0xE8, 0x21, 0xB3, 0x7C, 0xCC, 0xCD, 0x82, 0x81, 0x00,
    0x00, 0x00, 0x03, 0xD1, 0x00, 0x00, 0x03, 0x10, 0x64, 0xC5, 0x01, 0x00, 0x00, 0xD2, 0xC2, 0xD4,
    0x04, 0xB0, 0x00, 0x5A, 0x0E, 0x04, 0x51, 0x18, 0x90, 0x0B, 0x20, 0xE0, 0x00, 0x4C, 0x08, 0x00,
    0x00, 0x0B, 0xCB, 0xBE, 0x60, 0x00, 0x00, 0x00, 0x00, 0x00, 0x00, 0x00, 0x00, 0x00, 0x64, 0x00,
    0x00, 0x91, 0x00, 0x00, 0x09, 0x60, 0x99, 0x9F, 0x99, 0xA0, 0x00, 0x86, 0x25, 0x54, 0xE5, 0x55,
    0x00, 0xD9, 0x9B, 0x7A, 0xAF, 0xAA, 0x70, 0x1D, 0x86, 0x99, 0x88, 0xE9, 0x88, 0x44, 0xA8, 0x51,
    0x45, 0x55, 0x55, 0x42, 0x22, 0x85, 0x06, 0xC9, 0x99, 0xD5, 0x00, 0x08, 0x50, 0x6B, 0x77, 0x7C,
    0x50, 0x00, 0x85, 0x05, 0xA5, 0x55, 0xB5, 0x00, 0x08, 0x50, 0x5D, 0xBB, 0xBD, 0x50, 0x00, 0x95,
    0x05, 0x80, 0x00, 0x95, 0x00, 0x09, 0x60, 0x68, 0x00, 0x3E, 0x40, 0x00, 0x21, 0x02, 0x20, 0x00,
    0x20, 0x00, 0x00, 0x18, 0x00, 0x12, 0x22, 0x21, 0x00, 0x02, 0xD0, 0x0D, 0xBB, 0xBD, 0x70, 0x1C,
    0xBE, 0xB5, 0xC3, 0x11, 0x97, 0x00, 0x08, 0xD0, 0x0C, 0xBA, 0xAD, 0x70, 0x01, 0xED, 0xA4, 0xC5,
    0x33, 0x96, 0x00, 0xA9, 0xD3, 0xAC, 0x98, 0x8C, 0x60, 0x4B, 0x2D, 0x00, 0xC6, 0x44, 0xA7, 0x00,
    0x01, 0x70, 0x06, 0x77, 0x77, 0x30, 0x00, 0x51, 0x62, 0x65, 0x01, 0x70, 0x00, 0x2E, 0x0B, 0x43,
    0xD0, 0x1C, 0x80, 0x06, 0xA0, 0xB4, 0x01, 0x0C, 0x3E, 0x30, 0x95, 0x08, 0xDC, 0xCC, 0xA0, 0x20,
    0x00, 0x00, 0x00, 0x81, 0x00, 0x00, 0x00, 0x56, 0x66, 0x6D, 0x86, 0x66, 0x30, 0x05, 0x66, 0xC5,
    0x55, 0xB6, 0x63, 0x02, 0x65, 0x5D, 0x65, 0x7E, 0x65, 0x62, 0x26, 0x66, 0x66, 0x66, 0x66, 0x66,
    0x20, 0x07, 0xCB, 0xBB, 0xBB, 0xC7, 0x00, 0x00, 0x8A, 0x66, 0x66, 0x6B, 0x70, 0x00, 0x08, 0xA6,
    0x66, 0x66, 0xB7, 0x00, 0x00, 0x7C, 0xBB, 0xBB, 0xBC, 0x60, 0x00, 0x32, 0x35, 0x0B, 0x20, 0x06,
    0x30, 0x0B, 0x45, 0xA0, 0x64, 0x66, 0x5D, 0x12, 0xD0, 0x3E, 0xBB, 0xBE, 0x60, 0x72, 0x00, 0x00,
    0x00, 0x00, 0x00, 0x00, 0x00, 0x00, 0x00, 0x00, 0x06, 0x10, 0x00, 0x00, 0x01, 0x37, 0xD3, 0xD3,
    0x91, 0x00, 0x0B, 0xDD, 0xA3, 0x0D, 0x26, 0xD2, 0x00, 0x10, 0x78, 0x00, 0xD2, 0x06, 0x10, 0x2A,
    0xAC, 0xDA, 0xAE, 0xBA, 0xAA, 0x21, 0x32, 0x89, 0x22, 0xC5, 0x24, 0x31, 0x00, 0x07, 0x82, 0x2A,
    0x50, 0xB7, 0x01, 0x47, 0xCE, 0xC4, 0x87, 0x4D, 0x00, 0x2D, 0x9A, 0x80, 0x04, 0xCD, 0x30, 0x00,
    0x00, 0x78, 0x00, 0x4F, 0x80, 0x10, 0x00, 0x07, 0x82, 0x9D, 0x7E, 0x3A, 0x60, 0x0B, 0xE4, 0x89,
    0x10, 0x4E, 0xE2, 0x00, 0x21, 0x00, 0x00, 0x00, 0x12, 0x00, 0x00, 0x00, 0x00, 0x81, 0x00, 0x00,
    0x00, 0x00, 0x00, 0x0B, 0x70, 0x00, 0x00, 0x00, 0x24, 0x44, 0x67, 0x44, 0x43, 0x00, 0x07, 0xDA,
    0xAA, 0xAA, 0xAC, 0xB0, 0x00, 0x78, 0x00, 0x00, 0x00, 0x7A, 0x00, 0x07, 0x80, 0x00, 0x00, 0x07,
    0xA0, 0x00, 0x7D, 0xBB, 0xBB, 0xBB, 0xDA, 0x00, 0x09, 0x93, 0x33, 0x33, 0x37, 0xA0, 0x00, 0xC5,
    0x00, 0x00, 0x00, 0x00, 0x00, 0x1F, 0x10, 0x00, 0x00, 0x00, 0x00, 0x09, 0xA0, 0x00, 0x00, 0x00,
    0x00, 0x03, 0xE2, 0x00, 0x00, 0x00, 0x00, 0x00, 0x01, 0x00, 0x00, 0x00, 0x00, 0x00, 0x00, 0x00,
    0x00, 0x00, 0x00, 0x00, 0x10, 0x00, 0x14, 0x55, 0x67, 0x9B, 0xDD, 0x10, 0x01, 0xA9, 0x88, 0xE7,
    0x42, 0x10, 0x00, 0x00, 0x00, 0x0D, 0x30, 0x00, 0x00, 0x00, 0x99, 0x99, 0xEA, 0x99, 0xA2, 0x00,
    0x04, 0x44, 0x4D, 0x64, 0x44, 0x10, 0x00, 0x00, 0x00, 0xD3, 0x00, 0x00, 0x03, 0xDD, 0xDD, 0xDF,
    0xDD, 0xDD, 0xD5, 0x00, 0x00, 0x00, 0xD3, 0x00, 0x00, 0x00, 0x00, 0x00, 0x0D, 0x30, 0x00, 0x00,
    0x00, 0x00, 0x01, 0xE3, 0x00, 0x00, 0x00, 0x00, 0x05, 0xFD, 0x10, 0x00, 0x00, 0x00, 0x00, 0x02,
    0x00, 0x00, 0x00, 0x00, 0x00, 0x53, 0x00, 0x00, 0x00, 0x11, 0x00, 0x09, 0x60, 0x35, 0x79, 0xBF,
    0xB0, 0x00, 0x96, 0x0B, 0xAB, 0xA9, 0x80, 0x04, 0x8C, 0xB6, 0xB4, 0x77, 0x78, 0x00, 0x25, 0xB9,
    0x4B, 0x47, 0x77, 0x80, 0x00, 0x09, 0x61, 0xB4, 0x77, 0x68, 0x00, 0x02, 0xBE, 0x7B, 0x37, 0x75,
    0x90, 0x05, 0xED, 0x60, 0xC2, 0x77, 0x2C, 0x00, 0x01, 0x96, 0x0E, 0x17, 0x70, 0xE1, 0x00, 0x09,
    0x63, 0xD0, 0x77, 0x0A, 0x70, 0x00, 0xA6, 0xA9, 0x08, 0x80, 0x3E, 0x30, 0x9E, 0x4E, 0x30, 0x88,
    0x00, 0x71, 0x01, 0x00, 0x10, 0x00, 0x00, 0x00, 0x00, 0x00, 0x54, 0x00, 0x14, 0x00, 0x00, 0x00,
    0x08, 0x60, 0x08, 0xA1, 0x11, 0x00, 0x00, 0x85, 0x02, 0xDA, 0xAE, 0x70, 0x04, 0xBD, 0xC8, 0xC5,
    0x04, 0xB0, 0x00, 0x01, 0x86, 0x4D, 0xBB, 0xED, 0xB4, 0x00, 0x08, 0x62, 0x84, 0x1D, 0x07, 0x60,
    0x00, 0xAE, 0x68, 0x42, 0xC0, 0x76, 0x03, 0xDD, 0x64, 0xB8, 0x7D, 0x5A, 0x93, 0x02, 0x85, 0x56,
    0x6B, 0xF9, 0x66, 0x30, 0x08, 0x50, 0x02, 0xD6, 0xC1, 0x00, 0x00, 0x85, 0x04, 0xD5, 0x08, 0xC2,
    0x00, 0x9E, 0x3B, 0xC3, 0x00, 0x07, 0xE3, 0x01, 0x00, 0x10, 0x00, 0x00, 0x01, 0x00, 0x00, 0x42,
    0x00, 0x02, 0x80, 0x00, 0x00, 0x09, 0x50, 0x44, 0x5F, 0x54, 0x50, 0x11, 0x95, 0x18, 0x88, 0x89,
    0x88, 0x15, 0xDE, 0xE8, 0x0A, 0x40, 0x79, 0x00, 0x00, 0x94, 0x01, 0x57, 0x0C, 0x31, 0x00, 0x09,
    0x52, 0xDC, 0xCC, 0xCC, 0xD1, 0x02, 0xBE, 0x50, 0x0B, 0x40, 0x00, 0x05, 0xED, 0x55, 0xDC, 0xFD,
    0xCD, 0xC7, 0x11, 0x94, 0x00, 0xA5, 0x09, 0x50, 0x00, 0x09, 0x40, 0x0A, 0xD8, 0xC0, 0x00, 0x00,
    0xA4, 0x00, 0x18, 0xDD, 0x81, 0x00, 0xCE, 0x23, 0xCD, 0x81, 0x19, 0xE1, 0x02, 0x10, 0x03, 0x00,
    0x00, 0x01, 0x00, 0x00, 0x61, 0x44, 0x00, 0x42, 0x00, 0x00, 0x0D, 0x27, 0x70, 0x0D, 0x40, 0x00,
    0x2C, 0xEC, 0xDD, 0x82, 0xE1, 0x11, 0x10, 0x0C, 0x17, 0x70, 0x7D, 0xBE, 0xC3, 0x6C, 0xDC, 0xDD,
    0x9D, 0x70, 0xD1, 0x00, 0x13, 0x33, 0x36, 0xE9, 0x0D, 0x00, 0x05, 0xC9, 0x9E, 0x33, 0xC1, 0xD0,
    0x00, 0x5C, 0x88, 0xE1, 0x0D, 0x5A, 0x00, 0x05, 0xA4, 0x4E, 0x10, 0x7E, 0x50, 0x00, 0x5E, 0xCC,
    0xF1, 0x06, 0xF5, 0x00, 0x05, 0x90, 0x1E, 0x14, 0xD4, 0xD7, 0x00, 0x59, 0x09, 0xB5, 0xD2, 0x02,
    0xC3, 0x01, 0x10, 0x00, 0x01, 0x00, 0x00, 0x00, 0x00, 0x05, 0x40, 0x00, 0x01, 0x47, 0x00, 0x44,
    0xAA, 0x43, 0x4D, 0xCA, 0x92, 0x0B, 0xAA, 0xAA, 0x94, 0xA0, 0x00, 0x00, 0x1B, 0x04, 0xB0, 0x4A,
    0x00, 0x00, 0x13, 0xA4, 0xA8, 0x44, 0xD8, 0x88, 0x44, 0xBB, 0xDD, 0xBB, 0x5C, 0x5C, 0x83, 0x01,
    0x08, 0x60, 0x15, 0xA0, 0xA4, 0x01, 0xEE, 0xEE, 0xED, 0x59, 0x0A, 0x40, 0x01, 0x88, 0x76, 0x08,
    0x70, 0xA4, 0x00, 0xA9, 0x87, 0xD4, 0xB4, 0x0A, 0x40, 0x5C, 0x08, 0x64, 0x5E, 0x10, 0xA4, 0x00,
    0x18, 0xE4, 0x09, 0x90, 0x0B, 0x50, 0x00, 0x12, 0x00, 0x22, 0x00, 0x42, 0x00, 0x00, 0x89, 0x99,
    0x99, 0x99, 0x70, 0x00, 0x04, 0x44, 0xA9, 0x44, 0x43, 0x00, 0x00, 0x00, 0x09, 0x60, 0x00, 0x00,
    0x00, 0x00, 0x00, 0x96, 0x00, 0x00, 0x00, 0x08, 0xAA, 0xAD, 0xCA, 0xAA, 0xAA, 0x00, 0x23, 0x33,
    0xD4, 0xE3, 0x33, 0x30, 0x00, 0x00, 0x2D, 0x0D, 0x00, 0x00, 0x00, 0x00, 0x09, 0x80, 0xD0, 0x00,
    0x00, 0x00, 0x06, 0xD1, 0x0D, 0x00, 0x08, 0x10, 0x08, 0xE3, 0x00, 0xD5, 0x34, 0xF1, 0x0C, 0xC2,
    0x00, 0x05, 0xBB, 0xB7, 0x00, 0x20, 0x00, 0x00, 0x00, 0x00, 0x00, 0x00, 0x12, 0x22, 0x22, 0x22,
    0x20, 0x00, 0x07, 0xEB, 0xBB, 0xBB, 0xCE, 0x00, 0x00, 0x7A, 0x00, 0x00, 0x04, 0xE0, 0x00, 0x06,
    0xA0, 0x00, 0x00, 0x4D, 0x00, 0x00, 0x6A, 0x00, 0x00, 0x04, 0xD0, 0x00, 0x06, 0xDA, 0xAA, 0xAA,
    0xCD, 0x00, 0x00, 0x6B, 0x33, 0x33, 0x36, 0xD0, 0x00, 0x06, 0xA0, 0x00, 0x00, 0x4D, 0x00, 0x00,
    0x6A, 0x00, 0x00, 0x04, 0xD0, 0x00, 0x06, 0xB3, 0x33, 0x33, 0x6D, 0x00, 0x00, 0x6D, 0xAA, 0xAA,
    0xAB, 0xE0, 0x00, 0x07, 0xA0, 0x00, 0x00, 0x3D, 0x00, 0x00, 0x12, 0x00, 0x00, 0x00, 0x00, 0x00,
    0x00, 0x23, 0x33, 0x33, 0x33, 0x20, 0x00, 0x09, 0xDB, 0xBB, 0xBB, 0xD9, 0x00, 0x00, 0x97, 0x00,
    0x00, 0x07, 0x90, 0x00, 0x08, 0xED, 0xDD, 0xDD, 0xE8, 0x00, 0x00, 0x97, 0x00, 0x00, 0x07, 0x90,
    0x00, 0x09, 0xCA, 0xAA, 0xAA, 0xC9, 0x00, 0x00, 0x34, 0x44, 0xF5, 0x44, 0x30, 0x00, 0x11, 0x11,
    0x1F, 0x21, 0x11, 0x10, 0x4F, 0xFF, 0xFF, 0xFF, 0xFF, 0xFF, 0x30, 0x00, 0x00, 0x0F, 0x10, 0x00,
    0x00, 0x00, 0x00, 0x00, 0xF1, 0x00, 0x00, 0x00, 0x00, 0x00, 0x1F, 0x10, 0x00, 0x00, 0x00, 0x00,
    0x00, 0x50, 0x00, 0x00, 0x00, 0x00, 0x00, 0x00, 0x00, 0x01, 0x90, 0x00, 0x44, 0x44, 0x10, 0x00,
    0x2E, 0x00, 0x0F, 0x98, 0xF2, 0x00, 0x02, 0xE0, 0x00, 0xF0, 0x0E, 0x6C, 0xCC, 0xCF, 0xC7, 0x0F,
    0x11, 0xE2, 0x22, 0x23, 0xE2, 0x10, 0xFC, 0xCF, 0x13, 0x30, 0x1E, 0x00, 0x0F, 0x00, 0xE1, 0x6C,
    0x01, 0xE0, 0x00, 0xF0, 0x0E, 0x10, 0xD4, 0x1E, 0x00, 0x0F, 0xAA, 0xF1, 0x01, 0x01, 0xE0, 0x00,
    0xF4, 0x3E, 0x20, 0x00, 0x1E, 0x00, 0x0D, 0x00, 0x30, 0x00, 0x02, 0xE0, 0x00, 0x00, 0x00, 0x00,
    0x07, 0xE9, 0x00, 0x00, 0x00, 0x00, 0x00, 0x11, 0x00, 0x00, 0x00, 0x00, 0x00, 0x12, 0x22, 0x21,
    0x00, 0x9B, 0xBB, 0x25, 0xEB, 0xBD, 0xB0, 0x0D, 0x42, 0xC3, 0x5B, 0x00, 0x5A, 0x00, 0xC2, 0x0B,
    0x34, 0xB2, 0x26, 0xA0, 0x0C, 0x98, 0xD3, 0x4E, 0xBB, 0xDA, 0x00, 0xC6, 0x4C, 0x35, 0xB0, 0x05,
    0xA0, 0x0C, 0x20, 0xB3, 0x5C, 0x33, 0x7A, 0x00, 0xC5, 0x4C, 0x36, 0xDB, 0xBC, 0xA0, 0x0D, 0xBA,
    0xE3, 0x88, 0x00, 0x5A, 0x00, 0xD2, 0x05, 0x1C, 0x40, 0x05, 0xA0, 0x01, 0x00, 0x04, 0xE0, 0x00,
    0x6A, 0x00, 0x00, 0x00, 0xD7, 0x00, 0x9F, 0x60, 0x00, 0x00, 0x02, 0x00, 0x01, 0x00, 0x00, 0x00,
    0x11, 0x11, 0x11, 0x11, 0x10, 0x00, 0x0E, 0xCB, 0xBB, 0xBB, 0xCE, 0x00, 0x00, 0xE6, 0x44, 0x44,
    0x46, 0xD0, 0x00, 0x0E, 0x98, 0x88, 0x88, 0x9D, 0x00, 0x00, 0xE9, 0x88, 0x88, 0x89, 0xD0, 0x00,
    0x05, 0x55, 0x57, 0x55, 0x54, 0x00, 0x00, 0x99, 0x00, 0xF2, 0x00, 0x00, 0x00, 0x4F, 0xDD, 0xDF,
    0xDD, 0xDE, 0x40, 0x3E, 0x40, 0x00, 0xE2, 0x00, 0x00, 0x02, 0x64, 0xDC, 0xCF, 0xDC, 0xDB, 0x00,
    0x00, 0x00, 0x00, 0xE2, 0x00, 0x00, 0x03, 0xBA, 0xAA, 0xAF, 0xAA, 0xAA, 0xB3, 0x14, 0x43, 0x33,
    0x33, 0x33, 0x34, 0x10, 0x00, 0x12, 0x22, 0x22, 0x22, 0x10, 0x00, 0x03, 0xEA, 0xAA, 0xAA, 0xE4,
    0x00, 0x00, 0x3D, 0x55, 0x55, 0x5D, 0x40, 0x00, 0x03, 0xE8, 0x88, 0x88, 0xD4, 0x00, 0x00, 0x3D,
    0x66, 0x66, 0x6D, 0x40, 0x00, 0x02, 0x77, 0x77, 0x77, 0x72, 0x00, 0x1A, 0xA9, 0x99, 0x99, 0x99,
    0x9A, 0x20, 0x33, 0x63, 0x3E, 0x43, 0x33, 0x31, 0x00, 0x1F, 0x30, 0xE9, 0x88, 0x80, 0x00, 0x06,
    0xF5, 0x0E, 0x54, 0x44, 0x00, 0x02, 0xE6, 0xCB, 0xE3, 0x11, 0x12, 0x21, 0xD8, 0x00, 0x59, 0xDE,
    0xEF, 0xF4, 0x02, 0x00, 0x00, 0x00, 0x00, 0x00, 0x00, 0x00, 0x00, 0x00, 0x38, 0x00, 0x00, 0x00,
    0x55, 0x52, 0x0B, 0x82, 0x21, 0x00, 0x0E, 0x6B, 0x58, 0xC9, 0x9F, 0x30, 0x00, 0xE0, 0x89, 0xC1,
    0x04, 0xB0, 0x00, 0x0E, 0x08, 0x59, 0xBB, 0xDD, 0xB7, 0x00, 0xEB, 0xD5, 0xB2, 0x2D, 0x05, 0x90,
    0x0E, 0x08, 0x5B, 0x67, 0xC5, 0x89, 0x00, 0xE0, 0x85, 0x68, 0xCB, 0x88, 0x50, 0x0E, 0x19, 0x50,
    0x0D, 0x6A, 0x00, 0x00, 0xEB, 0xD5, 0x09, 0x93, 0xA0, 0x00, 0x0D, 0x04, 0x38, 0xC1, 0x3A, 0x07,
    0x50, 0x00, 0x09, 0xB1, 0x01, 0xEC, 0xE3, 0x00, 0x00, 0x10, 0x00, 0x00, 0x00, 0x00, 0x00, 0x35,
    0x55, 0x55, 0x55, 0x30, 0x00, 0x09, 0xA7, 0x77, 0x77, 0xB8, 0x00, 0x00, 0x9D, 0xBB, 0xBB, 0xBD,
    0x80, 0x00, 0x09, 0x95, 0x55, 0x55, 0xA8, 0x00, 0x00, 0x47, 0x78, 0xD7, 0x77, 0x40, 0x03, 0x99,
    0x99, 0xAF, 0x99, 0x99, 0xA3, 0x13, 0x36, 0x66, 0x66, 0x66, 0x43, 0x10, 0x03, 0xD8, 0x88, 0x88,
    0xC6, 0x00, 0x00, 0x3D, 0x88, 0x88, 0x8C, 0x60, 0x00, 0x01, 0x35, 0x3C, 0x55, 0x41, 0x00, 0x00,
    0x4D, 0x90, 0xC2, 0x6E, 0x92, 0x00, 0x5D, 0x50, 0xAE, 0x20, 0x19, 0xA0, 0x00, 0x10, 0x05, 0x30,
    0x00, 0x00, 0x00, 0x00, 0x00, 0x00, 0x00, 0x61, 0x00, 0x01, 0x44, 0x42, 0x68, 0x8D, 0x98, 0x81,
    0x3E, 0x7C, 0x64, 0x55, 0xC6, 0x55, 0x12, 0xC0, 0x96, 0x4B, 0xBE, 0xCB, 0x80, 0x2C, 0x09, 0x67,
    0x77, 0xD8, 0x77, 0x42, 0xEC, 0xE6, 0x55, 0x55, 0x55, 0x53, 0x2C, 0x09, 0x63, 0xDB, 0xBB, 0xC7,
    0x02, 0xC0, 0x96, 0x3C, 0x44, 0x48, 0x70, 0x2D, 0x4B, 0x63, 0xD8, 0x88, 0xB7, 0x02, 0xE7, 0xC6,
    0x3D, 0x99, 0x9B, 0x70, 0x3C, 0x02, 0x23, 0xB3, 0x33, 0x87, 0x00, 0x00, 0x00, 0x3B, 0x00, 0x1D,
    0x60, 0x00, 0x00, 0x01, 0x30, 0x00, 0x30, 0x00, 0x00, 0x00, 0x00, 0x01, 0x24, 0x74, 0x00, 0x88,
    0x85, 0x8D, 0xBA, 0x87, 0x40, 0x0E, 0x48, 0x95, 0x53, 0xA0, 0x88, 0x00, 0xE0, 0x59, 0x1B, 0x09,
    0x1D, 0x10, 0x0E, 0x16, 0x96, 0xBB, 0xCC, 0xDC, 0x00, 0xFB, 0xC9, 0x00, 0x77, 0x00, 0x00, 0x0E,
    0x05, 0x9B, 0xBE, 0xCB, 0xBB, 0x30, 0xE0, 0x59, 0x02, 0xF7, 0x77, 0x30, 0x0E, 0x79, 0x90, 0x9F,
    0x65, 0xE2, 0x00, 0xE5, 0x89, 0x6C, 0x5C, 0x97, 0x00, 0x07, 0x00, 0x7C, 0x11, 0xDE, 0x40, 0x00,
    0x00, 0x02, 0x39, 0xD5, 0x2C, 0xC2, 0x00, 0x00, 0x00, 0x40, 0x00, 0x03, 0x00, 0x00, 0x6D, 0xAA,
    0xAA, 0xAD, 0x50, 0x00, 0x05, 0xDA, 0xAA, 0xAA, 0xD5, 0x00, 0x00, 0x6B, 0x55, 0x55, 0x5C, 0x50,
    0x00, 0x02, 0x66, 0x66, 0x66, 0x62, 0x00, 0x2C, 0xBB, 0xBB, 0xBB, 0xBB, 0xBC, 0x00, 0x1C, 0x32,
    0xB4, 0x22, 0x22, 0x10, 0x00, 0xC9, 0x9D, 0x6E, 0x9A, 0xB0, 0x00, 0x0C, 0x98, 0xD3, 0x93, 0x76,
    0x00, 0x00, 0xC3, 0x3B, 0x82, 0xBC, 0x10, 0x00, 0x9E, 0xCA, 0xD6, 0x1C, 0xC5, 0x00, 0x03, 0x10,
    0x0B, 0x5C, 0x41, 0x9A, 0x00, 0x00, 0x00, 0x10, 0x00, 0x00, 0x00, 0x00, 0x2C, 0xBB, 0xBB, 0xBC,
    0x80, 0x00, 0x03, 0xC0, 0x00, 0x00, 0x69, 0x00, 0x00, 0x2C, 0x00, 0x00, 0x06, 0x80, 0x00, 0x02,
    0xEC, 0xCC, 0xCC, 0xD8, 0x00, 0x00, 0x2C, 0x00, 0x00, 0x06, 0x80, 0x00, 0x03, 0xC1, 0x11, 0x11,
    0x78, 0x00, 0x00, 0x4E, 0xBB, 0xBB, 0xBD, 0x80, 0x00, 0x06, 0x90, 0x00, 0x00, 0x68, 0x00, 0x00,
    0xB5, 0x00, 0x00, 0x06, 0x80, 0x00, 0x3E, 0x00, 0x00, 0x11, 0x88, 0x00, 0x0D, 0x50, 0x00, 0x02,
    0xFD, 0x40, 0x00, 0x10, 0x00, 0x00, 0x00, 0x00, 0x00, 0x00, 0x00, 0x04, 0x50, 0x00, 0x00, 0x00,
    0x00, 0x00, 0x98, 0x00, 0x00, 0x00, 0x0A, 0xDD, 0xDF, 0xED, 0xDD, 0xDD, 0x30, 0x11, 0x07, 0xC0,
    0x00, 0x00, 0x10, 0x00, 0x02, 0xEC, 0xAA, 0xAA, 0xA1, 0x00, 0x01, 0xCC, 0x22, 0x22, 0x2E, 0x10,
    0x01, 0xCC, 0xD6, 0x66, 0x66, 0xE1, 0x02, 0xD9, 0x5D, 0x66, 0x66, 0x6E, 0x10, 0x04, 0x04, 0xD5,
    0x55, 0x55, 0xE1, 0x00, 0x00, 0x4D, 0x77, 0x77, 0x7F, 0x10, 0x00, 0x05, 0xC0, 0x00, 0x00, 0xE1,
    0x00, 0x00, 0x5C, 0x00, 0x03, 0xEC, 0x00, 0x00, 0x01, 0x20, 0x00, 0x02, 0x00, 0x00, 0x01, 0x60,
    0x05, 0x10, 0x00, 0x00, 0x00, 0x1E, 0x00, 0xC3, 0x3D, 0xCC, 0xE1, 0x2C, 0xFB, 0xBE, 0xC4, 0xD0,
    0x0F, 0x10, 0x2D, 0x00, 0xC4, 0x3D, 0x00, 0xF0, 0x01, 0xFC, 0xCE, 0x33, 0xEC, 0xCF, 0x00, 0x1D,
    0x00, 0xC3, 0x3D, 0x00, 0xF0, 0x01, 0xFB, 0xBE, 0x33, 0xD0, 0x0F, 0x01, 0x3E, 0x22, 0xD5, 0x4E,
    0xCC, 0xF0, 0x49, 0x99, 0x99, 0xA7, 0xA0, 0x0F, 0x00, 0x2C, 0x13, 0xB0, 0xA6, 0x00, 0xF0, 0x1C,
    0x50, 0x0A, 0x9E, 0x10, 0x0F, 0x03, 0x60, 0x00, 0x0C, 0x70, 0x0C, 0xC0, 0x00, 0x00, 0x00, 0x10,
    0x00, 0x20, 0x00, 0x00, 0x00, 0x00, 0x80, 0x00, 0x00, 0x00, 0x00, 0x00, 0x0F, 0x00, 0x00, 0x00,
    0x00, 0x00, 0x00, 0xF0, 0x00, 0x00, 0x00, 0xCD, 0xDD, 0xEF, 0xED, 0xDD, 0xC0, 0x00, 0x00, 0x2D,
    0xFD, 0x10, 0x00, 0x00, 0x00, 0x09, 0x7F, 0x87, 0x00, 0x00, 0x00, 0x03, 0xD1, 0xF2, 0xD2, 0x00,
    0x00, 0x01, 0xC5, 0x0F, 0x06, 0xC1, 0x00, 0x01, 0xBA, 0x10, 0xF1, 0x1A, 0xC2, 0x02, 0xCB, 0x4D,
    0xCF, 0xDD, 0x58, 0xE1, 0x06, 0x00, 0x00, 0xF0, 0x00, 0x02, 0x00, 0x00, 0x00, 0x1F, 0x10, 0x00,
    0x00, 0x00, 0x00, 0x00, 0x30, 0x00, 0x00, 0x00, 0x00, 0x24, 0x00, 0x00, 0x00, 0x00, 0x00, 0x06,
    0xA0, 0x07, 0xBB, 0xB4, 0x00, 0x00, 0x5A, 0x00, 0x97, 0x2B, 0x50, 0x03, 0xDD, 0xED, 0x69, 0x50,
    0xB5, 0x00, 0x01, 0xAA, 0x00, 0x95, 0x0B, 0x50, 0x00, 0x0E, 0xA4, 0x09, 0x50, 0xB5, 0x00, 0x05,
    0xEC, 0xE2, 0xA4, 0x0B, 0x50, 0x00, 0xC9, 0xA6, 0x3C, 0x30, 0xB5, 0x00, 0x6C, 0x5A, 0x00, 0xE1,
    0x0B, 0x50, 0x01, 0x35, 0xA0, 0x3C, 0x00, 0xB5, 0x10, 0x00, 0x6A, 0x0C, 0x60, 0x0A, 0x59, 0x70,
    0x06, 0xA4, 0xC0, 0x00, 0x7D, 0xD2, 0x00, 0x01, 0x00, 0x00, 0x00, 0x00, 0x00, 0x00, 0x00, 0x01,
    0x60, 0x00, 0x00, 0x00, 0x00, 0x00, 0x1E, 0x00, 0x00, 0x00, 0x05, 0xBB, 0xBB, 0xFB, 0xBB, 0xB4,
    0x00, 0x13, 0x62, 0x3E, 0x22, 0x73, 0x10, 0x00, 0x0C, 0x51, 0xE0, 0x7A, 0x00, 0x00, 0x00, 0x38,
    0x1E, 0x0A, 0x20, 0x00, 0x2E, 0xDD, 0xDE, 0xFE, 0xDD, 0xDE, 0x20, 0x00, 0x08, 0xAE, 0xC5, 0x00,
    0x00, 0x00, 0x07, 0xC2, 0xE2, 0xE6, 0x00, 0x00, 0x19, 0xD1, 0x1E, 0x03, 0xDC, 0x51, 0x1E, 0xB1,
    0x01, 0xE0, 0x01, 0x9D, 0x10, 0x20, 0x00, 0x2E, 0x00, 0x00, 0x00, 0x00, 0x07, 0x00, 0x00, 0x00,
    0x00, 0x00, 0x00, 0xE0, 0x79, 0x99, 0x99, 0x92, 0x00, 0x0E, 0x03, 0x43, 0xA9, 0x34, 0x11, 0xCC,
    0xFC, 0x70, 0x0D, 0x20, 0x00, 0x01, 0x5E, 0x11, 0x04, 0xE0, 0x00, 0x00, 0x0A, 0xE7, 0x00, 0xCE,
    0x24, 0x00, 0x02, 0xCE, 0xB7, 0x6B, 0xE3, 0xE2, 0x00, 0xB5, 0xE1, 0x4D, 0x2E, 0x07, 0xC0, 0x5B,
    0x0E, 0x3E, 0x30, 0xE0, 0x0A, 0x20, 0x10, 0xE0, 0x30, 0x0E, 0x00, 0x00, 0x00, 0x0E, 0x00, 0x01,
    0xE0, 0x00, 0x00, 0x01, 0xE0, 0x00, 0x1F, 0x00, 0x00, 0x00, 0x02, 0x00, 0x00, 0x20, 0x00, 0x00,
    0x00, 0x26, 0x00, 0x00, 0x13, 0x00, 0x00, 0x04, 0xB0, 0x05, 0x83, 0xC0, 0x00, 0x00, 0x4B, 0x00,
    0x87, 0x0E, 0x20, 0x02, 0xAB, 0xDA, 0x2D, 0x30, 0x89, 0x00, 0x13, 0xAB, 0x34, 0xC0, 0x01, 0xE5,
    0x00, 0x0D, 0xB3, 0xB6, 0x45, 0x04, 0xE3, 0x04, 0xFC, 0xD6, 0x09, 0x80, 0x02, 0x00, 0xB9, 0xB6,
    0x90, 0xD1, 0x01, 0x00, 0x5C, 0x4B, 0x01, 0x4A, 0x06, 0xB0, 0x01, 0x34, 0xB0, 0x0A, 0x40, 0x0E,
    0x30, 0x00, 0x4B, 0x05, 0xE8, 0x9B, 0xEA, 0x00, 0x04, 0xB0, 0x29, 0x53, 0x11, 0xC0, 0x00, 0x12,
    0x00, 0x00, 0x00, 0x00, 0x00, 0x00, 0x22, 0x22, 0x22, 0x22, 0x20, 0x00, 0x0A, 0xC9, 0x9E, 0xA9,
    0xAC, 0x00, 0x00, 0x96, 0x00, 0xE1, 0x03, 0xC0, 0x00, 0x09, 0xDC, 0xCF, 0xCC, 0xCC, 0x00, 0x00,
    0xA6, 0x00, 0xE1, 0x03, 0xC0, 0x00, 0x0A, 0xDB, 0xBF, 0xBB, 0xCC, 0x00, 0x02, 0x11, 0x11, 0xE2,
    0x11, 0x11, 0x01, 0xCB, 0xBC, 0xEF, 0xDD, 0xBB, 0xC0, 0x00, 0x01, 0xC6, 0xE3, 0xD2, 0x00, 0x00,
    0x04, 0xD8, 0x0E, 0x16, 0xD6, 0x10, 0x1C, 0xD5, 0x00, 0xE1, 0x03, 0xCE, 0x10, 0x41, 0x00, 0x0E,
    0x10, 0x00, 0x30, 0x00, 0x00, 0x00, 0x10, 0x00, 0x00, 0x00, 0x00, 0x24, 0x00, 0x33, 0x02, 0x50,
    0x00, 0x05, 0xA0, 0x05, 0xB0, 0x98, 0x00, 0x00, 0x5A, 0x02, 0x38, 0x3E, 0x43, 0x03, 0xAB, 0xDA,
    0x4A, 0xAE, 0xBA, 0xA1, 0x13, 0xBB, 0x30, 0x00, 0xB4, 0x00, 0x00, 0x0E, 0xA2, 0x17, 0x6C, 0x86,
    0x50, 0x05, 0xEC, 0xD2, 0x76, 0xD9, 0x65, 0x00, 0xD8, 0xA9, 0x40, 0x0B, 0x40, 0x00, 0x6A, 0x5A,
    0x07, 0x87, 0xD9, 0x78, 0x31, 0x25, 0xA0, 0x45, 0x5C, 0x75, 0x52, 0x00, 0x5A, 0x00, 0x00, 0xB4,
    0x00, 0x00, 0x05, 0xA0, 0x00, 0x0B, 0x40, 0x00, 0x00, 0x12, 0x00, 0x00, 0x21, 0x00, 0x00, 0x00,
    0x00, 0x00, 0x00, 0x62, 0x00, 0x00, 0x5D, 0xBB, 0xD5, 0x0E, 0x20, 0x00, 0x04, 0xB3, 0x3A, 0x54,
    0xD4, 0x44, 0x20, 0x4C, 0x88, 0xC5, 0x9A, 0x88, 0xE4, 0x05, 0xB4, 0x4A, 0x6E, 0x22, 0x1E, 0x00,
    0x2D, 0x96, 0x64, 0x62, 0xE1, 0x60, 0x05, 0xFA, 0xAA, 0x90, 0x3C, 0x00, 0x04, 0xE4, 0x78, 0x0D,
    0x05, 0xE0, 0x00, 0x09, 0x6C, 0xB2, 0xD0, 0x9D, 0x40, 0x00, 0x8B, 0x75, 0x4C, 0x1D, 0x3B, 0x00,
    0x08, 0xCB, 0x66, 0xAA, 0x70, 0xB8, 0x00, 0x00, 0x02, 0xB6, 0xB0, 0x01, 0xB2, 0x00, 0x00, 0x00,
    0x00, 0x00, 0x00, 0x00, 0x02, 0x66, 0x66, 0x66, 0x66, 0x64, 0x00, 0x38, 0x88, 0x8D, 0xA8, 0x88,
    0x40, 0x00, 0x00, 0x00, 0xB4, 0x00, 0x00, 0x00, 0x02, 0x40, 0x0B, 0x40, 0x00, 0x00, 0x00, 0x5C,
    0x00, 0xB7, 0x44, 0x51, 0x00, 0x05, 0xC0, 0x0B, 0xA9, 0x99, 0x30, 0x00, 0x5C, 0x00, 0xB4, 0x00,
    0x00, 0x00, 0x05, 0xC0, 0x0B, 0x40, 0x00, 0x00, 0x00, 0x5C, 0x00, 0xB4, 0x00, 0x00, 0x01, 0x58,
    0xD5, 0x5C, 0x75, 0x55, 0x50, 0x29, 0x99, 0x99, 0x99, 0x99, 0x9A, 0x00, 0x00, 0x00, 0x00, 0x33,
    0x00, 0x00, 0x00, 0x00, 0x11, 0x07, 0x80, 0x00, 0x00, 0x00, 0x08, 0x70, 0x7C, 0xAA, 0xA3, 0x00,
    0x00, 0x87, 0x07, 0x93, 0x33, 0x10, 0x02, 0x18, 0x81, 0x88, 0x11, 0x12, 0x10, 0xDC, 0xCC, 0xCC,
    0xCC, 0xCC, 0xC5, 0x00, 0x00, 0x40, 0x67, 0x00, 0x00, 0x00, 0x00, 0x7D, 0x17, 0x80, 0x08, 0xA0,
    0x00, 0x7D, 0x10, 0x78, 0x06, 0xD2, 0x00, 0x4C, 0x10, 0x07, 0x89, 0xD2, 0x00, 0x00, 0x10, 0x03,
    0xAF, 0x81, 0x00, 0x00, 0x8C, 0xDE, 0xB7, 0x10, 0x00, 0x00, 0x02, 0x32, 0x00, 0x00, 0x00, 0x00,
    0x00, 0x01, 0x10, 0x00, 0x24, 0x00, 0x00, 0x00, 0x89, 0x00, 0x06, 0xA0, 0x00, 0x00, 0x07, 0x80,
    0x00, 0x69, 0x00, 0x12, 0x00, 0x78, 0x00, 0x06, 0x90, 0x3D, 0xA0, 0x07, 0xB6, 0x66, 0x6B, 0xAD,
    0x60, 0x00, 0x7C, 0x89, 0x86, 0xD6, 0x00, 0x00, 0x07, 0x80, 0x00, 0x69, 0x00, 0x00, 0x00, 0x78,
    0x00, 0x06, 0x90, 0x00, 0x00, 0x07, 0x80, 0x05, 0x69, 0x00, 0x00, 0x00, 0x79, 0x6D, 0xA6, 0x90,
    0x00, 0x91, 0x0A, 0xFA, 0x30, 0x6C, 0x33, 0x7E, 0x00, 0x34, 0x00, 0x01, 0xAB, 0xBB, 0x40, 0x00,
    0x06, 0x40, 0x00, 0x00, 0x00, 0x00, 0x01, 0xE7, 0x44, 0x44, 0x44, 0x10, 0x00, 0x9C, 0x88, 0x88,
    0x88, 0x93, 0x00, 0x4E, 0x44, 0x44, 0x44, 0x42, 0x00, 0x1D, 0x56, 0x88, 0x88, 0x89, 0x30, 0x00,
    0x23, 0x33, 0x33, 0x33, 0x30, 0x00, 0x03, 0xA9, 0x99, 0x99, 0x9F, 0x10, 0x00, 0x00, 0x00, 0x00,
    0x00, 0xF0, 0x00, 0x00, 0x00, 0x00, 0x00, 0x0F, 0x10, 0x00, 0x00, 0x00, 0x00, 0x00, 0xD3, 0x51,
    0x00, 0x00, 0x00, 0x00, 0x09, 0x9D, 0x40, 0x00, 0x00, 0x00, 0x00, 0x2E, 0xC0, 0x00, 0x00, 0x00,
    0x00, 0x00, 0x11, 0x00, 0x00, 0x00, 0x01, 0x80, 0x00, 0x00, 0x00, 0x00, 0x00, 0x1F, 0x00, 0x00,
    0x00, 0x00, 0x00, 0x01, 0xF0, 0x00, 0x10, 0x01, 0x44, 0x44, 0x2F, 0x20, 0x1D, 0x30, 0x2B, 0xAA,
    0xF1, 0xF7, 0x1C, 0x80, 0x00, 0x00, 0x4B, 0x1F, 0xDD, 0x60, 0x00, 0x00, 0x0A, 0x61, 0xE7, 0xA0,
    0x00, 0x00, 0x03, 0xE1, 0x1E, 0x0D, 0x50, 0x00, 0x01, 0xC6, 0x01, 0xE0, 0x3E, 0x60, 0x01, 0xCA,
    0x00, 0x1E, 0x00, 0x3E, 0xB2, 0x28, 0x10, 0x01, 0xE0, 0x00, 0x17, 0x00, 0x00, 0x04, 0xDC, 0x00,
    0x00, 0x00, 0x00, 0x00, 0x14, 0x00, 0x00, 0x00, 0x00, 0x00, 0x00, 0x00, 0x00, 0x00, 0x00, 0x00,
    0x5D, 0x42, 0x55, 0x44, 0x55, 0x40, 0x00, 0x6C, 0x4B, 0xAC, 0xDA, 0xA7, 0x00, 0x00, 0x00, 0x00,
    0x79, 0x00, 0x00, 0x39, 0x20, 0x00, 0x07, 0x90, 0x00, 0x02, 0x9F, 0x20, 0x00, 0x79, 0x00, 0x00,
    0x00, 0x20, 0x00, 0x07, 0x90, 0x00, 0x00, 0x02, 0x81, 0x00, 0x79, 0x00, 0x00, 0x00, 0x8B, 0x00,
    0x07, 0x90, 0x00, 0x00, 0x1E, 0x30, 0x00, 0x79, 0x00, 0x00, 0x08, 0xC1, 0x88, 0x8B, 0xC8, 0x88,
    0x21, 0xE6, 0x17, 0x77, 0x77, 0x77, 0x72, 0x01, 0x10, 0x00, 0x00, 0x00, 0x00, 0x00, 0x00, 0x30,
    0x00, 0x00, 0x00, 0x00, 0x00, 0x1D, 0x80, 0x4D, 0xCC, 0xD2, 0x00, 0x00, 0x1B, 0x75, 0x90, 0x0C,
    0x20, 0x00, 0x60, 0x00, 0x77, 0x00, 0xC2, 0x00, 0x0A, 0xC1, 0x2D, 0x20, 0x0B, 0xB9, 0x10, 0x08,
    0x58, 0x50, 0x00, 0x15, 0x50, 0x00, 0x00, 0x1D, 0xCC, 0xCC, 0xB0, 0x00, 0x01, 0xC0, 0x2D, 0x00,
    0x97, 0x00, 0x00, 0x79, 0x00, 0xA7, 0x3D, 0x10, 0x00, 0x1D, 0x20, 0x01, 0xCE, 0x30, 0x00, 0x09,
    0xA0, 0x03, 0xAC, 0xAC, 0x50, 0x00, 0xA3, 0x0C, 0xC6, 0x00, 0x4C, 0xD1, 0x00, 0x00, 0x10, 0x00,
    0x00, 0x01, 0x00, 0x00, 0x10, 0x00, 0x26, 0x00, 0x00, 0x00, 0x5C, 0x20, 0x01, 0xC7, 0x00, 0x00,
    0x00, 0x6B, 0x24, 0x45, 0x84, 0x43, 0x00, 0x00, 0x05, 0xAA, 0xCC, 0xAA, 0x70, 0x09, 0x20, 0x00,
    0x07, 0x80, 0x00, 0x00, 0x6E, 0x40, 0x00, 0x78, 0x00, 0x00, 0x00, 0x31, 0x19, 0x9C, 0xC9, 0x95,
    0x00, 0x00, 0x51, 0x55, 0xAA, 0x45, 0x30, 0x00, 0x6B, 0x00, 0x07, 0x80, 0x00, 0x00, 0x1D, 0x30,
    0x00, 0x78, 0x00, 0x00, 0x08, 0xA0, 0x00, 0x07, 0x80, 0x00, 0x02, 0xE3, 0x0D, 0xDD, 0xDD, 0xDD,
    0xE5, 0x02, 0x00, 0x00, 0x00, 0x00, 0x00, 0x00, 0x00, 0x00, 0x00, 0x02, 0x70, 0x00, 0x00, 0x69,
    0x00, 0xA4, 0x3D, 0x00, 0x00, 0x01, 0xAB, 0x0F, 0x56, 0xD4, 0x43, 0x00, 0x00, 0x25, 0xD7, 0x9E,
    0x77, 0x50, 0x28, 0x10, 0x65, 0x03, 0xD0, 0x00, 0x01, 0x9E, 0x35, 0x44, 0x6D, 0x44, 0x51, 0x00,
    0x31, 0x87, 0xE9, 0xAC, 0x78, 0x20, 0x04, 0x10, 0x0D, 0x25, 0x80, 0x00, 0x00, 0xD4, 0x01, 0xE0,
    0x58, 0x00, 0x00, 0x3D, 0x00, 0x6B, 0x05, 0x80, 0x10, 0x0A, 0x80, 0x2E, 0x40, 0x59, 0x0A, 0x61,
    0xE2, 0x3E, 0x60, 0x02, 0xCB, 0xC1, 0x00, 0x00, 0x10, 0x00, 0x00, 0x00, 0x00, 0x00, 0x07, 0x20,
    0x00, 0x00, 0x00, 0x00, 0x00, 0xD2, 0x38, 0x88, 0x88, 0x84, 0x00, 0x0C, 0x12, 0x65, 0x6F, 0x56,
    0x30, 0x91, 0xD1, 0x91, 0x01, 0xE0, 0x00, 0x0E, 0x0D, 0xD9, 0x00, 0x1E, 0x00, 0x02, 0xC0, 0xF4,
    0x00, 0x01, 0xE0, 0x00, 0x37, 0x1E, 0x00, 0x00, 0x1E, 0x00, 0x00, 0x03, 0xE2, 0x00, 0x01, 0xE0,
    0x00, 0x00, 0x8B, 0xD3, 0x00, 0x1E, 0x00, 0x00, 0x0D, 0x26, 0xE2, 0x01, 0xE0, 0x00, 0x08, 0xA0,
    0x08, 0x30, 0x1E, 0x00, 0x02, 0xE2, 0x00, 0x00, 0x5E, 0xC0, 0x00, 0x01, 0x00, 0x00, 0x01, 0x40,
    0x00, 0x00, 0x00, 0x00, 0x03, 0x60, 0x00, 0x00, 0x00, 0x00, 0x00, 0x6B, 0x00, 0x00, 0x00, 0x00,
    0x00, 0x05, 0xED, 0xDD, 0xD9, 0x00, 0x00, 0x00, 0x5B, 0x00, 0x00, 0x00, 0x00, 0x58, 0x8B, 0xD8,
    0x88, 0x50, 0x00, 0x09, 0xA5, 0x55, 0x55, 0x99, 0x00, 0x00, 0x98, 0x00, 0x00, 0x07, 0x90, 0x00,
    0x09, 0x94, 0x44, 0x44, 0x99, 0x00, 0x00, 0x69, 0x99, 0x99, 0x99, 0x50, 0x00, 0x3A, 0x05, 0x00,
    0x70, 0x07, 0x10, 0x09, 0x80, 0xB6, 0x0B, 0x70, 0xA9, 0x02, 0xE1, 0x05, 0xA0, 0x4C, 0x01, 0xE2,
    0x01, 0x00, 0x00, 0x00, 0x00, 0x01, 0x00, 0x00, 0x16, 0x00, 0x05, 0x20, 0x00, 0x00, 0x02, 0xC0,
    0x00, 0xB4, 0x00, 0x00, 0x05, 0x6D, 0x52, 0x6C, 0x97, 0x30, 0x00, 0x78, 0xD7, 0x36, 0xC7, 0xB5,
    0x00, 0x00, 0x2C, 0x42, 0x3C, 0x19, 0x40, 0x01, 0x9C, 0xE8, 0x3C, 0xE0, 0x94, 0x00, 0x05, 0x3C,
    0x00, 0x6D, 0xC9, 0x64, 0x20, 0x13, 0xB0, 0x2D, 0x26, 0x5C, 0xB4, 0x03, 0xD5, 0x1D, 0x50, 0x00,
    0x79, 0x00, 0x26, 0x03, 0x10, 0x60, 0x1B, 0x00, 0x09, 0x80, 0xB4, 0x0B, 0x50, 0x97, 0x02, 0xE1,
    0x05, 0xA0, 0x59, 0x02, 0xD0, 0x02, 0x00, 0x00, 0x00, 0x00, 0x00, 0x00, 0x00, 0x00, 0x00, 0x00,
    0x03, 0x60, 0x00, 0x4A, 0x9A, 0xBC, 0xCC, 0xCA, 0x30, 0x01, 0x7A, 0x25, 0x90, 0x08, 0x90, 0x00,
    0x00, 0xC3, 0x0C, 0x21, 0xD1, 0x00, 0x0C, 0xBB, 0xBB, 0xBB, 0xCC, 0xCD, 0x00, 0xE2, 0x00, 0xC2,
    0x00, 0x00, 0xE0, 0x00, 0xCC, 0xCE, 0xCC, 0xCC, 0xC1, 0x00, 0x00, 0x1D, 0x30, 0x00, 0x00, 0x00,
    0x00, 0x1B, 0xEC, 0xBB, 0xBD, 0x20, 0x00, 0x2C, 0x73, 0xC2, 0x1C, 0x50, 0x00, 0x2D, 0x40, 0x04,
    0xEE, 0x50, 0x00, 0x00, 0x07, 0xAC, 0xC7, 0x7C, 0xED, 0x90, 0x00, 0x33, 0x10, 0x00, 0x00, 0x21,
    0x00, 0x00, 0x00, 0x02, 0x90, 0x00, 0x00, 0x00, 0x55, 0x44, 0x7F, 0x44, 0x45, 0x50, 0x19, 0x98,
    0x8A, 0xE8, 0x88, 0x99, 0x00, 0x53, 0x29, 0x3D, 0x19, 0x5C, 0x00, 0x03, 0xDE, 0x53, 0xD0, 0x8F,
    0x80, 0x01, 0x8D, 0xBA, 0x3C, 0x4D, 0x5B, 0x30, 0x07, 0x34, 0x45, 0xE0, 0x72, 0x83, 0x00, 0x3D,
    0xE4, 0x8F, 0x35, 0xED, 0x10, 0x07, 0xDB, 0x6D, 0x9B, 0xBB, 0xC6, 0x01, 0x81, 0x0A, 0xA0, 0xBA,
    0x11, 0x00, 0x00, 0x4C, 0xB1, 0x01, 0xAD, 0x84, 0x12, 0xDE, 0x70, 0x00, 0x00, 0x4A, 0xE2, 0x03,
    0x00, 0x00, 0x00, 0x00, 0x00, 0x00, 0x00, 0x08, 0x00, 0x00, 0x71, 0x00, 0x00, 0x00, 0xE0, 0x01,
    0x1C, 0x31, 0x10, 0x0B, 0x2E, 0x00, 0xCC, 0xEC, 0xC9, 0x00, 0xE5, 0xE5, 0x10, 0x0C, 0x20, 0x00,
    0x3D, 0x8E, 0x85, 0x66, 0xD7, 0x66, 0x35, 0x70, 0xE0, 0x27, 0x66, 0x8D, 0x63, 0x00, 0x0E, 0x63,
    0x11, 0x14, 0xB1, 0x11, 0x6B, 0xF7, 0x4C, 0xCC, 0xDE, 0xC5, 0x2B, 0x4E, 0x00, 0x22, 0x03, 0xB0,
    0x00, 0x00, 0xE0, 0x06, 0xB0, 0x3B, 0x00, 0x00, 0x0E, 0x00, 0x08, 0x03, 0xB0, 0x00, 0x00, 0xF0,
    0x00, 0x07, 0xD9, 0x00, 0x00, 0x05, 0x00, 0x00, 0x23, 0x00, 0x00, 0x01, 0x00, 0x30, 0x34, 0x04,
    0x30, 0x00, 0x97, 0x4C, 0x16, 0x90, 0x86, 0x00, 0x00, 0xCD, 0x5A, 0xCD, 0xAD, 0xCA, 0x40, 0x4D,
    0xC1, 0x27, 0x92, 0x97, 0x21, 0x3D, 0x2D, 0x10, 0x46, 0x05, 0x30, 0x00, 0x10, 0xC3, 0x8D, 0xDD,
    0xDD, 0xA0, 0x00, 0x7F, 0x49, 0x50, 0xD2, 0x4C, 0x00, 0x6C, 0x85, 0x96, 0x1D, 0x35, 0xC0, 0x3C,
    0x18, 0x69, 0xDC, 0xFC, 0xCC, 0x00, 0x10, 0x94, 0x95, 0x0D, 0x14, 0xC0, 0x00, 0x1E, 0x19, 0x96,
    0xE7, 0x8C, 0x00, 0x5E, 0x80, 0xA9, 0x66, 0x68, 0xC0, 0x01, 0x20, 0x03, 0x10, 0x00, 0x12, 0x00,
    0x00, 0x00, 0x00, 0x12, 0x00, 0x00, 0x00, 0x00, 0x00, 0x04, 0xC2, 0x11, 0x21, 0x2D, 0xED, 0x80,
    0x4A, 0xAC, 0xDA, 0x30, 0x0A, 0x40, 0x33, 0xA0, 0x58, 0x00, 0x00, 0xA4, 0x0D, 0x3A, 0x05, 0x80,
    0x00, 0x2B, 0x51, 0xD4, 0x92, 0x69, 0x20, 0x0B, 0xDC, 0x6D, 0x58, 0x9B, 0xDA, 0x00, 0x0A, 0x40,
    0x47, 0x70, 0x58, 0x00, 0x00, 0xA4, 0x00, 0xB3, 0x05, 0x80, 0x00, 0x0A, 0x78, 0x2D, 0x00, 0x58,
    0x00, 0x29, 0xD9, 0x3B, 0x72, 0x48, 0xA4, 0x22, 0x81, 0x07, 0xB0, 0x48, 0x88, 0x84, 0x00, 0x00,
    0x01, 0x00, 0x00, 0x00, 0x00, 0x00, 0x00, 0x01, 0x80, 0x00, 0x00, 0x00, 0x08, 0x60, 0x1F, 0x00,
    0x00, 0x00, 0x00, 0xD4, 0x01, 0xF0, 0x00, 0x00, 0x00, 0x4F, 0x88, 0x8F, 0x88, 0x88, 0x10, 0x0B,
    0xA6, 0x66, 0xF6, 0x66, 0x71, 0x04, 0xE1, 0x00, 0x1F, 0x00, 0x00, 0x00, 0x01, 0x25, 0x55, 0xF5,
    0x55, 0x20, 0x00, 0x04, 0x99, 0x9F, 0x99, 0x93, 0x00, 0x00, 0x00, 0x01, 0xF0, 0x00, 0x00, 0x00,
    0x00, 0x00, 0x1F, 0x00, 0x00, 0x00, 0x06, 0x55, 0x56, 0xF6, 0x55, 0x66, 0x00, 0x88, 0x88, 0x88,
    0x88, 0x88, 0x80, 0x00, 0x11, 0x11, 0x11, 0x11, 0x10, 0x00, 0x0E, 0xCB, 0xBF, 0xBB, 0xBF, 0x20,
    0x00, 0xD1, 0x00, 0xF0, 0x00, 0xD2, 0x00, 0x0D, 0x21, 0x1F, 0x11, 0x1D, 0x20, 0x00, 0xDB, 0xBB,
    0xFB, 0xBB, 0xF2, 0x00, 0x0D, 0x10, 0x0F, 0x00, 0x0D, 0x20, 0x00, 0xD4, 0x33, 0xF3, 0x33, 0xE2,
    0x00, 0x0E, 0xAA, 0xAF, 0xAA, 0xAE, 0x20, 0x01, 0xE0, 0x00, 0xF0, 0x00, 0xD2, 0x00, 0x4B, 0x00,
    0x0F, 0x00, 0x0D, 0x20, 0x0A, 0x60, 0x00, 0xF1, 0x14, 0xE1, 0x01, 0xD1, 0x00, 0x0A, 0x10, 0xC7,
    0x00, 0x00, 0x00, 0x00, 0x00, 0x00, 0x00, 0x00, 0x00, 0x00, 0x05, 0x40, 0x00, 0x00, 0x00, 0x00,
    0x00, 0x97, 0x00, 0x00, 0x00, 0x04, 0x77, 0x7B, 0xA7, 0x77, 0x40, 0x00, 0xAB, 0x77, 0xBA, 0x77,
    0xB8, 0x00, 0x0A, 0x70, 0x08, 0x70, 0x08, 0x80, 0x00, 0x9D, 0xAA, 0xDC, 0xAA, 0xD8, 0x00, 0x09,
    0x82, 0x29, 0x82, 0x28, 0x80, 0x00, 0x97, 0x00, 0x87, 0x00, 0x88, 0x00, 0x0A, 0xED, 0xDE, 0xED,
    0xDE, 0x80, 0x00, 0xA7, 0x00, 0x97, 0x00, 0x00, 0x10, 0x00, 0x00, 0x08, 0x80, 0x00, 0x0C, 0x50,
    0x00, 0x00, 0x5E, 0xBA, 0xAB, 0xE1, 0x00, 0x00, 0x00, 0x23, 0x33, 0x31, 0x00, 0x00, 0x01, 0x53,
    0x00, 0x00, 0x00, 0x00, 0x9E, 0xDA, 0x66, 0xDD, 0xCC, 0xD0, 0x09, 0x60, 0x60, 0x00, 0xE1, 0x2E,
    0x00, 0x96, 0x0C, 0x70, 0x5C, 0x03, 0xC0, 0x0A, 0xAC, 0x9B, 0x3D, 0x45, 0xBA, 0x00, 0xB9, 0x10,
    0x09, 0x50, 0x58, 0x20, 0x00, 0xAA, 0xAA, 0xAA, 0xAA, 0xA3, 0x00, 0x0F, 0x32, 0x2C, 0x52, 0x2C,
    0x40, 0x00, 0xF9, 0x99, 0xEA, 0x99, 0xD4, 0x00, 0x0F, 0x43, 0x3C, 0x63, 0x3C, 0x40, 0x00, 0xF8,
    0x88, 0xD9, 0x88, 0xD4, 0x00, 0x0F, 0x55, 0x55, 0x55, 0x5C, 0x50, 0x00, 0x50, 0x00, 0x00, 0x00,
    0x42, 0x00, 0x00, 0x00, 0x00, 0x05, 0x06, 0x20, 0x00, 0x8D, 0xCD, 0xC0, 0xD9, 0xB2, 0x00, 0x00,
    0x10, 0x88, 0x08, 0xB0, 0x78, 0x00, 0x5D, 0x4D, 0x10, 0x1D, 0xAA, 0x20, 0x00, 0x8F, 0xC9, 0x99,
    0xCE, 0x40, 0x00, 0x4D, 0x64, 0x44, 0x44, 0x5E, 0xB3, 0x2C, 0x39, 0xCC, 0xCC, 0xCC, 0x16, 0x10,
    0x00, 0xB5, 0x00, 0x01, 0xE0, 0x00, 0x00, 0x0C, 0xA8, 0x88, 0x9F, 0x00, 0x00, 0x00, 0x4B, 0x44,
    0x4C, 0x60, 0x00, 0x00, 0x00, 0xD5, 0x03, 0xD1, 0x00, 0x00, 0xBE, 0xDE, 0xEE, 0xEE, 0xDE, 0xE0,
    0x00, 0x00, 0x07, 0x10, 0x00, 0x00, 0x00, 0x00, 0x02, 0xE1, 0x00, 0x00, 0x00, 0x00, 0x77, 0xBC,
    0x77, 0x77, 0x72, 0x00, 0x1F, 0x66, 0x66, 0x66, 0x6D, 0x40, 0x00, 0xF0, 0x00, 0x00, 0x00, 0xC3,
    0x00, 0x0F, 0x00, 0x00, 0x00, 0x0C, 0x30, 0x00, 0xFE, 0xEE, 0xEE, 0xEE, 0xF3, 0x00, 0x0F, 0x00,
    0x00, 0x00, 0x0C, 0x30, 0x00, 0xF0, 0x00, 0x00, 0x00, 0xC3, 0x00, 0x0F, 0x33, 0x33, 0x33, 0x3C,
    0x30, 0x00, 0xFB, 0xBB, 0xBB, 0xBB, 0xE3, 0x00, 0x1F, 0x00, 0x00, 0x00, 0x0C, 0x40, 0x00, 0x20,
    0x00, 0x00, 0x00, 0x00, 0x00, 0x00, 0x05, 0x00, 0x01, 0x40, 0x00, 0x00, 0x01, 0xE1, 0x00, 0x5C,
    0x00, 0x00, 0x00, 0x4B, 0x00, 0x0A, 0x84, 0x43, 0x00, 0xBD, 0xDD, 0xC1, 0xEA, 0xAB, 0xD0, 0x0B,
    0x40, 0x3C, 0x89, 0x00, 0x1D, 0x00, 0xB4, 0x03, 0xCA, 0x22, 0x02, 0xC0, 0x0B, 0xB9, 0xAC, 0x07,
    0xA0, 0x2C, 0x00, 0xB6, 0x45, 0xC0, 0x1E, 0x22, 0xB0, 0x0B, 0x40, 0x3C, 0x00, 0x84, 0x3A, 0x00,
    0xB4, 0x13, 0xC0, 0x00, 0x04, 0xA0, 0x0B, 0xDC, 0xCC, 0x00, 0x00, 0x78, 0x00, 0xB3, 0x02, 0xA0,
    0x07, 0xED, 0x30, 0x00, 0x00, 0x00, 0x00, 0x11, 0x00, 0x00, 0x01, 0x80, 0x00, 0x00, 0x36, 0x00,
    0x00, 0x6C, 0x44, 0x10, 0x06, 0xA0, 0x00, 0x0B, 0xAA, 0xE1, 0x6A, 0xCD, 0xAA, 0x34, 0xD0, 0x78,
    0x09, 0x88, 0xA4, 0xE1, 0x34, 0x1D, 0x20, 0x95, 0x59, 0x07, 0x05, 0xCD, 0xEC, 0x29, 0xAA, 0xC7,
    0x50, 0x11, 0x00, 0xC2, 0x9C, 0xA6, 0xB7, 0x02, 0x98, 0x8E, 0x2A, 0x7B, 0x0C, 0x30, 0x14, 0x44,
    0xD2, 0xC2, 0xD6, 0xC0, 0x03, 0x55, 0x5D, 0x3D, 0x06, 0xF5, 0x00, 0x48, 0x77, 0xC8, 0x91, 0xBC,
    0xD4, 0x00, 0x00, 0x01, 0xE4, 0xD7, 0x06, 0xE4, 0x00, 0x00, 0x02, 0x02, 0x00, 0x01, 0x00, 0x00,
    0x33, 0x33, 0x33, 0x33, 0x33, 0x00, 0x0D, 0xA8, 0x8B, 0xC8, 0x89, 0xE0, 0x00, 0xC3, 0x00, 0x59,
    0x00, 0x2D, 0x00, 0x0C, 0xBA, 0xAC, 0xDA, 0xAB, 0xE0, 0x00, 0xD5, 0x22, 0x22, 0x22, 0x22, 0x00,
    0x0D, 0x4D, 0xCC, 0xCC, 0xCD, 0x70, 0x00, 0xE3, 0xF0, 0x00, 0x00, 0x88, 0x00, 0x0F, 0x1F, 0xCC,
    0xCC, 0xCE, 0x70, 0x03, 0xD0, 0xF2, 0x22, 0x22, 0x97, 0x00, 0x7A, 0x0F, 0xAA, 0xAA, 0xAD, 0x70,
    0x0D, 0x51, 0xF5, 0x55, 0x55, 0xB7, 0x02, 0xA0, 0x1F, 0x77, 0x77, 0x7B, 0x80, 0x00, 0x00, 0x40,
    0x00, 0x00, 0x22, 0x00, 0x00, 0x00, 0x00, 0x12, 0x35, 0x82, 0x00, 0x5D, 0xDC, 0xED, 0xA9, 0x98,
    0x40, 0x00, 0x34, 0x4B, 0x84, 0x44, 0x40, 0x00, 0x07, 0x88, 0xF8, 0x88, 0x88, 0x10, 0x28, 0x88,
    0x8E, 0x88, 0x88, 0x88, 0x41, 0x44, 0x4E, 0x74, 0x44, 0x44, 0x42, 0x00, 0x0A, 0xEC, 0xCC, 0xCC,
    0xC0, 0x00, 0x1B, 0xDB, 0x44, 0x44, 0x5E, 0x00, 0x3E, 0x86, 0xC7, 0x77, 0x77, 0xE0, 0x00, 0x30,
    0x6D, 0xBB, 0xBB, 0xBE, 0x00, 0x00, 0x06, 0xA3, 0x33, 0x34, 0xE0, 0x00, 0x00, 0x6D, 0x99, 0x99,
    0x9E, 0x00, 0x00, 0x02, 0x30, 0x00, 0x00, 0x50, 0x00, 0x00, 0x00, 0x60, 0x00, 0x82, 0x00, 0x00,
    0x00, 0x0A, 0x50, 0x2D, 0x00, 0x00, 0x0A, 0xBB, 0xBC, 0xDB, 0xBB, 0xB9, 0x00, 0x16, 0x55, 0xBA,
    0x55, 0x56, 0x00, 0x01, 0x55, 0x6E, 0x65, 0x55, 0x60, 0x04, 0xCC, 0xCD, 0xEC, 0xCC, 0xCC, 0xC5,
    0x00, 0x03, 0xE7, 0x66, 0x66, 0x50, 0x00, 0x04, 0xE8, 0x55, 0x55, 0x8C, 0x00, 0x19, 0xCC, 0xCB,
    0xBB, 0xBC, 0xC0, 0x01, 0x81, 0xBB, 0x99, 0x99, 0xAC, 0x00, 0x00, 0x0B, 0x85, 0x55, 0x58, 0xC0,
    0x00, 0x00, 0xBB, 0x88, 0x88, 0xAC, 0x00, 0x00, 0x04, 0x20, 0x00, 0x01, 0x30, 0x00, 0x00, 0x00,
    0x00, 0x00, 0x00, 0x11, 0x01, 0x77, 0x71, 0xAB, 0xCC, 0xCC, 0x60, 0x3D, 0x5D, 0x21, 0x12, 0xD0,
    0x00, 0x02, 0xC0, 0xC6, 0xBB, 0xBE, 0xBB, 0xB2, 0x2F, 0xCE, 0x25, 0xA2, 0xD1, 0xE1, 0x02, 0xC0,
    0xC2, 0x4A, 0x1D, 0x0E, 0x00, 0x2D, 0x4D, 0x9D, 0xEC, 0xFC, 0xFD, 0x42, 0xE8, 0xE2, 0x4A, 0x1D,
    0x0E, 0x00, 0x2C, 0x0C, 0x36, 0xB4, 0xD3, 0xE3, 0x12, 0xE9, 0xE6, 0xA9, 0xAE, 0x99, 0xA2, 0x3D,
    0x2C, 0x20, 0x01, 0xD0, 0x00, 0x02, 0x70, 0x10, 0xCC, 0xCC, 0xCC, 0xA0, 0x00, 0x33, 0x00, 0x00,
    0x00, 0x00, 0x00, 0x0A, 0x50, 0x00, 0x00, 0x00, 0x00, 0x01, 0xE6, 0x66, 0x3A, 0xCC, 0xCD, 0x00,
    0x5C, 0x8E, 0x74, 0xB4, 0x00, 0xF0, 0x0C, 0x43, 0xC0, 0x0B, 0x40, 0x0F, 0x00, 0x10, 0x4B, 0x00,
    0xB4, 0x00, 0xF0, 0x2E, 0xDE, 0xED, 0xCB, 0x40, 0x0F, 0x00, 0x00, 0x97, 0x00, 0xB4, 0x00, 0xF0,
    0x00, 0x0D, 0xC2, 0x0B, 0x40, 0x0F, 0x00, 0x06, 0xB4, 0xD3, 0xBD, 0xCC, 0xF0, 0x02, 0xD3, 0x05,
    0x6B, 0x40, 0x0F, 0x00, 0xA5, 0x00, 0x00, 0x52, 0x00, 0x40, 0x00, 0x00, 0x00, 0x00, 0x00, 0x00,
    0x00, 0x3A, 0xAA, 0xA6, 0xDC, 0xCC, 0xD1, 0x01, 0x29, 0x72, 0x11, 0x40, 0x0E, 0x00, 0x00, 0xB2,
    0x00, 0x4B, 0x01, 0xC0, 0x00, 0x1E, 0x33, 0x15, 0x80, 0x3A, 0x00, 0x07, 0xE9, 0xD4, 0x76, 0x05,
    0x90, 0x01, 0xDD, 0x09, 0x48, 0xDC, 0xDD, 0xE1, 0x69, 0xD0, 0x94, 0x00, 0x00, 0x0E, 0x00, 0x2D,
    0x0A, 0x6B, 0xAA, 0xB9, 0xD0, 0x01, 0xFC, 0xE4, 0x22, 0x22, 0x4C, 0x00, 0x1D, 0x06, 0x30, 0x00,
    0x05, 0xA0, 0x00, 0x30, 0x00, 0x00, 0x1D, 0xE4, 0x00, 0x00, 0x00, 0x00, 0x00, 0x31, 0x00, 0x00,
    0x00, 0x00, 0x00, 0x81, 0x00, 0x00, 0x77, 0x77, 0x12, 0x2B, 0x72, 0x20, 0x06, 0xB9, 0x66, 0xC9,
    0x99, 0x9E, 0x20, 0x0B, 0x20, 0x68, 0x00, 0x00, 0xA2, 0x02, 0xD1, 0x10, 0xD4, 0x14, 0x43, 0x00,
    0xAE, 0xC8, 0x4D, 0xD8, 0xE9, 0xB0, 0x5E, 0xA5, 0x8C, 0x39, 0x6C, 0x3A, 0x01, 0x6A, 0x58, 0x55,
    0xC3, 0xC3, 0xA0, 0x03, 0xA5, 0x80, 0xAE, 0x1C, 0xB6, 0x00, 0x3E, 0xD8, 0x08, 0x81, 0xC0, 0x00,
    0x04, 0xA3, 0x54, 0xD1, 0x1C, 0x0A, 0x40, 0x35, 0x03, 0xE3, 0x00, 0xDD, 0xC1, 0x00, 0x00, 0x02,
    0x00, 0x00, 0x00, 0x00, 0x05, 0x55, 0x55, 0x55, 0x55, 0x55, 0x00, 0x77, 0x7A, 0xB7, 0xD8, 0x77,
    0x70, 0x03, 0x99, 0xBC, 0x9E, 0xA9, 0x92, 0x00, 0x4C, 0x48, 0xA4, 0xD6, 0x4C, 0x40, 0x04, 0xD8,
    0xAC, 0x8D, 0x98, 0xD4, 0x00, 0x15, 0x55, 0x55, 0x55, 0x55, 0x10, 0x01, 0xBB, 0xBB, 0xBB, 0xBB,
    0xB1, 0x00, 0x01, 0x10, 0x00, 0x00, 0x11, 0x00, 0x5C, 0xCC, 0xCC, 0xFC, 0xCC, 0xCC, 0x60, 0x00,
    0x71, 0x0E, 0x10, 0x60, 0x00, 0x04, 0xCA, 0x10, 0xE1, 0x2B, 0xD6, 0x00, 0x95, 0x01, 0xCE, 0x00,
    0x04, 0x90, 0x00, 0x00, 0x04, 0x10, 0x00, 0x00, 0x00, 0x00, 0x00, 0x35, 0x00, 0x83, 0x00, 0x01,
    0x7A, 0xEB, 0x70, 0x0C, 0x30, 0x00, 0x05, 0x3F, 0x00, 0x00, 0xC3, 0x00, 0x00, 0x00, 0xF0, 0x08,
    0x3C, 0x24, 0x70, 0x39, 0x9F, 0x97, 0xD3, 0xD3, 0x97, 0x01, 0x38, 0xF3, 0x3E, 0x1E, 0x4D, 0x30,
    0x00, 0xBF, 0x52, 0x91, 0xF7, 0x80, 0x00, 0x4C, 0xF6, 0xC0, 0x5E, 0xA0, 0x00, 0x1D, 0x4F, 0x07,
    0x1A, 0x6D, 0x20, 0x05, 0x80, 0xF0, 0x04, 0xE1, 0x79, 0x00, 0x00, 0x0F, 0x02, 0xD5, 0x01, 0xD6,
    0x00, 0x00, 0xF1, 0xD8, 0x00, 0x03, 0xE4, 0x00, 0x05, 0x03, 0x00, 0x00, 0x02, 0x00, 0x00, 0x00,
    0x10, 0x08, 0x20, 0x00, 0x00, 0x57, 0xAE, 0x51, 0xE1, 0x00, 0x00, 0x08, 0x7D, 0x10, 0x5D, 0x77,
    0x76, 0x00, 0x02, 0xC0, 0x0A, 0x97, 0x7A, 0xB0, 0x29, 0x9E, 0x85, 0xE0, 0x42, 0x87, 0x01, 0x4C,
    0xD5, 0x56, 0x0A, 0x53, 0x20, 0x00, 0xED, 0x60, 0x41, 0x94, 0x20, 0x00, 0x6A, 0xCC, 0x3E, 0x49,
    0x5D, 0x40, 0x0D, 0x4C, 0x24, 0xC0, 0x94, 0x5C, 0x05, 0x92, 0xC0, 0xB7, 0x09, 0x40, 0xD5, 0x01,
    0x2C, 0x08, 0x10, 0xA4, 0x03, 0x10, 0x02, 0xC0, 0x00, 0xBE, 0x20, 0x00, 0x00, 0x13, 0x00, 0x03,
    0x20, 0x00, 0x00, 0x00, 0x00, 0x02, 0x90, 0x00, 0x00, 0x00, 0x00, 0x00, 0x1E, 0x30, 0x00, 0x00,
    0x0A, 0xDD, 0xDD, 0xED, 0xDD, 0xDB, 0x00, 0xB5, 0x14, 0x00, 0x01, 0x05, 0xC0, 0x06, 0x3A, 0xE2,
    0x04, 0xE8, 0x35, 0x00, 0x5D, 0xB2, 0x00, 0x03, 0xBE, 0x70, 0x09, 0x60, 0x00, 0x00, 0x00, 0x46,
    0x00, 0x0B, 0xED, 0xDE, 0xDD, 0xE9, 0x00, 0x00, 0x00, 0x01, 0xF1, 0x00, 0x00, 0x00, 0x00, 0x00,
    0x1F, 0x10, 0x00, 0x00, 0x01, 0x00, 0x01, 0xF1, 0x00, 0x00, 0x14, 0xED, 0xDD, 0xDD, 0xDD, 0xDD,
    0xD8, 0x00, 0x00, 0x02, 0x80, 0x00, 0x00, 0x00, 0x34, 0x44, 0x4F, 0x54, 0x44, 0x40, 0x0B, 0xA8,
    0x99, 0x88, 0xA8, 0x8F, 0x10, 0xA4, 0x5D, 0x70, 0x3D, 0x93, 0xD1, 0x00, 0x5B, 0x30, 0x00, 0x17,
    0x80, 0x00, 0x4D, 0xDD, 0xCC, 0xCD, 0xCD, 0x50, 0x00, 0x2D, 0x10, 0x00, 0xC3, 0x00, 0x00, 0x0C,
    0xB7, 0x77, 0x7E, 0x87, 0x71, 0x00, 0x66, 0x66, 0xEA, 0xD7, 0x56, 0x10, 0x00, 0x04, 0xC8, 0x0C,
    0x30, 0x00, 0x04, 0x7D, 0xB3, 0x00, 0xD3, 0x00, 0x00, 0xA8, 0x20, 0x04, 0xFE, 0x10, 0x00, 0x00,
    0x00, 0x00, 0x03, 0x10, 0x00, 0x00, 0x00, 0x33, 0x00, 0x02, 0x30, 0x00, 0x00, 0x0A, 0x92, 0x21,
    0x9A, 0x22, 0x20, 0x03, 0xEA, 0xFA, 0x6E, 0x9E, 0xA7, 0x01, 0xD4, 0x0D, 0x39, 0x80, 0x87, 0x00,
    0x03, 0x00, 0x41, 0x21, 0x15, 0x40, 0x00, 0x06, 0xAA, 0xAB, 0xDE, 0xC1, 0x00, 0x00, 0x24, 0x45,
    0xD0, 0x00, 0x00, 0x00, 0x57, 0x77, 0x9D, 0x77, 0x77, 0x30, 0x04, 0x55, 0x5B, 0xEA, 0x55, 0x63,
    0x00, 0x00, 0x02, 0xD3, 0xD4, 0x00, 0x00, 0x00, 0x06, 0xD5, 0x02, 0xDB, 0x63, 0x00, 0x6E, 0xC4,
    0x00, 0x00, 0x7C, 0x70, 0x01, 0x30, 0x00, 0x00, 0x00, 0x00, 0x00, 0x00, 0x37, 0x00, 0x01, 0x60,
    0x00, 0x00, 0x0A, 0xC6, 0x65, 0x6E, 0x77, 0x71, 0x05, 0xC8, 0xE6, 0x6D, 0x6C, 0x96, 0x13, 0xD4,
    0x2A, 0x36, 0x82, 0x59, 0x00, 0x01, 0xBB, 0xBB, 0xFB, 0xBB, 0xE0, 0x00, 0x00, 0x00, 0x0E, 0x10,
    0x1E, 0x00, 0x00, 0xFC, 0xCC, 0xFC, 0xCC, 0xC0, 0x00, 0x1E, 0x00, 0x0E, 0x10, 0x00, 0x00, 0x03,
    0xEC, 0xCD, 0xFC, 0xCC, 0xC9, 0x00, 0x00, 0x06, 0xCE, 0x10, 0x05, 0xA0, 0x00, 0x5C, 0xA1, 0xE1,
    0x26, 0xB7, 0x01, 0xDB, 0x40, 0x0E, 0x10, 0xA6, 0x00, 0x01, 0x00, 0x00, 0x51, 0x00, 0x00, 0x00,
    0x00, 0x74, 0x00, 0x01, 0x81, 0x00, 0x00, 0x2F, 0xA9, 0x96, 0x8E, 0x88, 0x84, 0x1D, 0x75, 0xD2,
    0x4D, 0x36, 0xD3, 0x11, 0x61, 0x06, 0x2F, 0x10, 0x0A, 0x20, 0x00, 0xAB, 0xBC, 0xFB, 0xBB, 0xA0,
    0x00, 0x00, 0x00, 0x1E, 0x00, 0x00, 0x00, 0x8D, 0xCC, 0xCC, 0xEC, 0xDD, 0xCD, 0x60, 0x00, 0x00,
    0x00, 0x08, 0x80, 0x00, 0x07, 0xCB, 0xBB, 0xBB, 0xDD, 0xB8, 0x00, 0x11, 0x84, 0x11, 0x18, 0x91,
    0x10, 0x00, 0x04, 0xD1, 0x00, 0x88, 0x00, 0x00, 0x00, 0x03, 0x01, 0xCE, 0x50, 0x00, 0x00, 0x00,
    0x00, 0x03, 0x10, 0x00, 0x00, 0x00, 0x19, 0x10, 0x00, 0x73, 0x00, 0x00, 0x09, 0xE8, 0x87, 0x3F,
    0x87, 0x73, 0x07, 0xD5, 0xD4, 0x4C, 0x79, 0xA5, 0x23, 0xD3, 0x2C, 0x15, 0xA0, 0x29, 0x00, 0x00,
    0x1E, 0x00, 0xAB, 0xBB, 0xB8, 0x00, 0x56, 0xE5, 0x3B, 0x20, 0x05, 0x90, 0x06, 0xAE, 0x63, 0xBC,
    0xCC, 0xD9, 0x00, 0x0B, 0xEB, 0x2B, 0x20, 0x05, 0x90, 0x04, 0xCE, 0x6B, 0xBC, 0xCC, 0xD9, 0x01,
    0xD4, 0xE0, 0x2B, 0x20, 0x05, 0x90, 0x38, 0x1E, 0x00, 0xBA, 0x99, 0xBA, 0x00, 0x01, 0xE0, 0x0C,
    0x42, 0x26, 0xA0, 0x00, 0x04, 0x00, 0x20, 0x00, 0x12, 0x00, 0x00, 0x45, 0x00, 0x00, 0x74, 0x00,
    0x01, 0x36, 0x94, 0x24, 0x4B, 0xA4, 0x41, 0x3B, 0x58, 0xD5, 0xD8, 0x88, 0x8D, 0x40, 0xC6, 0x9B,
    0x4A, 0x00, 0x00, 0x94, 0x24, 0x8A, 0x41, 0x49, 0x99, 0x96, 0x04, 0x9D, 0xC9, 0x31, 0x32, 0x22,
    0x20, 0x01, 0xE9, 0x33, 0x88, 0x88, 0x88, 0x30, 0x8C, 0xAD, 0x25, 0x4A, 0x94, 0x51, 0x4D, 0x68,
    0x93, 0x84, 0x86, 0x83, 0x04, 0x55, 0x80, 0x5D, 0x18, 0x64, 0xD1, 0x00, 0x58, 0x0C, 0x30, 0x96,
    0x07, 0x30, 0x06, 0x90, 0x00, 0x8E, 0x30, 0x00, 0x00, 0x23, 0x00, 0x02, 0x20, 0x00, 0x00, 0x00,
    0x63, 0x00, 0x80, 0x00, 0x00, 0x01, 0x89, 0x4A, 0x0D, 0x03, 0xDB, 0xD2, 0x0E, 0x96, 0xB0, 0xD0,
    0x3A, 0x0C, 0x20, 0x89, 0x78, 0xCF, 0xC8, 0xA0, 0xC1, 0x48, 0xCA, 0x50, 0xD0, 0x3E, 0xBE, 0x12,
    0x5F, 0x73, 0x3D, 0x34, 0xA0, 0xC1, 0x05, 0xF9, 0x3E, 0x9E, 0x5A, 0x0C, 0x10, 0xCC, 0x8A, 0xD0,
    0xC6, 0xDB, 0xE1, 0x5B, 0x94, 0x2D, 0x1C, 0x78, 0x0C, 0x10, 0x29, 0x40, 0xEA, 0xEB, 0x50, 0xC1,
    0x00, 0x94, 0x0D, 0x04, 0xE1, 0x0D, 0x10, 0x0A, 0x40, 0x10, 0xC7, 0x0C, 0xD0, 0x00, 0x21, 0x00,
    0x02, 0x00, 0x20, 0x00, 0x00, 0x54, 0x00, 0x00, 0x73, 0x00, 0x01, 0x27, 0x75, 0x46, 0x6B, 0xA6,
    0x62, 0x3A, 0x77, 0xE8, 0xA5, 0x78, 0x56, 0x20, 0xC7, 0x9C, 0x68, 0x9C, 0xDA, 0x60, 0x26, 0xAA,
    0x66, 0x83, 0x79, 0x79, 0x03, 0x7D, 0xB8, 0x6D, 0xCD, 0xDD, 0xE5, 0x01, 0xE9, 0x66, 0x75, 0x9A,
    0x89, 0x00, 0x7E, 0x9E, 0x96, 0x7A, 0xB8, 0x50, 0x1E, 0x97, 0x4B, 0x58, 0x9A, 0x86, 0x06, 0x87,
    0x71, 0xE2, 0xC4, 0x47, 0xA0, 0x01, 0x77, 0x99, 0x2D, 0x66, 0x9A, 0x00, 0x07, 0xAE, 0x12, 0xD6,
    0x68, 0xA0, 0x00, 0x22, 0x10, 0x02, 0x00, 0x00, 0x00, 0x00, 0x01, 0x30, 0x00, 0x00, 0x00, 0x00,
    0x55, 0x3B, 0x4B, 0xBB, 0xBB, 0x50, 0x06, 0x73, 0xB0, 0x4B, 0x04, 0xD1, 0x00, 0x67, 0x3B, 0x00,
    0x8C, 0xD2, 0x00, 0x07, 0x73, 0xB2, 0x8D, 0xAE, 0x94, 0x10, 0x11, 0x19, 0xA7, 0x27, 0x37, 0xA0,
    0x00, 0x5B, 0xE8, 0x7C, 0xA3, 0x00, 0x00, 0x05, 0x78, 0xEA, 0x31, 0xB1, 0x00, 0x01, 0x8C, 0xF9,
    0x88, 0x9E, 0xC1, 0x00, 0x19, 0x88, 0x4E, 0x47, 0x48, 0x30, 0x00, 0x6D, 0x60, 0xE2, 0x4D, 0x70,
    0x00, 0x8A, 0x13, 0xAF, 0x10, 0x1B, 0x70, 0x00, 0x00, 0x16, 0x20, 0x00, 0x00, 0x00, 0x00, 0x22,
    0x22, 0x22, 0x22, 0x20, 0x00, 0x1F, 0x88, 0x8F, 0x88, 0x8E, 0x10, 0x00, 0xF5, 0x55, 0xF5, 0x55,
    0xE1, 0x00, 0x0F, 0x66, 0x6F, 0x66, 0x6E, 0x10, 0x01, 0xFA, 0xAA, 0xFA, 0xAA, 0xE2, 0x00, 0x00,
    0x3A, 0x91, 0x18, 0xC1, 0x00, 0x00, 0x9E, 0xCB, 0xFD, 0x74, 0x00, 0x00, 0x00, 0x28, 0xB5, 0x14,
    0xE9, 0x10, 0x06, 0xEF, 0xEC, 0xFB, 0x98, 0x9B, 0x00, 0x12, 0x66, 0x0E, 0x15, 0x60, 0x00, 0x03,
    0xBB, 0x30, 0xE1, 0x3B, 0xD5, 0x00, 0x86, 0x00, 0xDD, 0x00, 0x04, 0x60, 0x00, 0x00, 0x02, 0x00,
    0x00, 0x00, 0x00, 0x00, 0x02, 0x00, 0x01, 0x40, 0x00, 0x00, 0x04, 0xC0, 0x00, 0x6B, 0x00, 0x00,
    0x00, 0xB3, 0x10, 0x0B, 0x61, 0x11, 0x00, 0x59, 0x07, 0x92, 0xED, 0xDD, 0xD0, 0x1E, 0x98, 0xD1,
    0xA7, 0x00, 0x2D, 0x00, 0x64, 0xC5, 0x3D, 0x10, 0x02, 0xC0, 0x00, 0x5A, 0x00, 0x19, 0x70, 0x3B,
    0x00, 0x4E, 0x77, 0x70, 0x1D, 0x33, 0xB0, 0x06, 0xC8, 0x64, 0x00, 0x41, 0x4A, 0x00, 0x00, 0x02,
    0x50, 0x00, 0x05, 0x90, 0x1A, 0xCD, 0xB7, 0x00, 0x00, 0x78, 0x00, 0x63, 0x00, 0x00, 0x01, 0xDE,
    0x40, 0x00, 0x00, 0x00, 0x00, 0x03, 0x10, 0x00, 0x00, 0x03, 0x00, 0x00, 0x00, 0x00, 0x00, 0x03,
    0xE1, 0x16, 0x55, 0x55, 0x30, 0x00, 0xA5, 0x01, 0x77, 0x77, 0xB8, 0x00, 0x3B, 0x05, 0xB0, 0x00,
    0x07, 0x80, 0x1D, 0x86, 0xD3, 0x00, 0x00, 0x78, 0x00, 0x86, 0xD6, 0x05, 0x77, 0x7A, 0x80, 0x00,
    0x79, 0x00, 0xAA, 0x77, 0xB8, 0x00, 0x7D, 0x57, 0x7A, 0x50, 0x01, 0x10, 0x09, 0xB8, 0x52, 0xA5,
    0x00, 0x00, 0x00, 0x00, 0x03, 0x4A, 0x50, 0x00, 0x10, 0x1A, 0xCE, 0xB6, 0xA5, 0x00, 0x1E, 0x30,
    0x63, 0x00, 0x06, 0xDC, 0xCD, 0xA0, 0x00, 0x43, 0x00, 0x00, 0x42, 0x00, 0x00, 0x0B, 0x70, 0x00,
    0x0A, 0x40, 0x00, 0x01, 0xD0, 0x20, 0x00, 0xA4, 0x00, 0x00, 0x96, 0x1E, 0x49, 0x8A, 0x4B, 0x50,
    0x4F, 0xAC, 0x90, 0xB5, 0xA4, 0x3E, 0x21, 0x56, 0xD1, 0x0E, 0x1A, 0x40, 0x73, 0x01, 0xC3, 0x04,
    0xC0, 0xA4, 0x26, 0x02, 0xDE, 0xDD, 0x23, 0x08, 0x39, 0xB0, 0x06, 0x31, 0x00, 0x00, 0x03, 0xE1,
    0x00, 0x00, 0x5C, 0x20, 0x02, 0xD4, 0x00, 0x1A, 0xE9, 0x30, 0x06, 0xD5, 0x00, 0x00, 0x51, 0x00,
    0x7E, 0xB2, 0x00, 0x00, 0x00, 0x00, 0x01, 0x30, 0x00, 0x00, 0x00, 0x00, 0x21, 0x00, 0x00, 0x62,
    0x00, 0x00, 0x0A, 0x90, 0x00, 0x0B, 0x40, 0x00, 0x02, 0xE1, 0x04, 0x77, 0xD9, 0x78, 0x40, 0xA6,
    0x1D, 0x55, 0x5C, 0x75, 0x53, 0x5F, 0x8B, 0x90, 0x00, 0xB4, 0x00, 0x03, 0x67, 0xD1, 0x1D, 0xCC,
    0xCC, 0xB0, 0x00, 0xC4, 0x00, 0x00, 0x00, 0x00, 0x01, 0xAC, 0x8A, 0x1B, 0xCC, 0xCD, 0x80, 0x1C,
    0x96, 0x40, 0xC2, 0x00, 0x69, 0x00, 0x00, 0x13, 0x1C, 0x20, 0x06, 0x90, 0x5C, 0xEE, 0xB2, 0xCD,
    0xCC, 0xD9, 0x01, 0x41, 0x00, 0x0D, 0x20, 0x06, 0x90, 0x00, 0x00, 0x00, 0x10, 0x00, 0x00, 0x00,
    0x00, 0x33, 0x00, 0x02, 0x81, 0x00, 0x00, 0x09, 0x80, 0x00, 0x7F, 0x10, 0x00, 0x00, 0xD1, 0x00,
    0x0D, 0xA9, 0x00, 0x00, 0x59, 0x1E, 0x26, 0xB0, 0xD6, 0x00, 0x2E, 0x79, 0x83, 0xE3, 0x03, 0xE8,
    0x01, 0xA8, 0xE3, 0xEC, 0xDC, 0xC9, 0xC4, 0x00, 0x68, 0x04, 0x00, 0x00, 0x00, 0x00, 0x5E, 0x78,
    0x0B, 0xCC, 0xCC, 0x20, 0x07, 0xB9, 0x60, 0xD4, 0x22, 0xD2, 0x00, 0x00, 0x03, 0x0D, 0x20, 0x0D,
    0x20, 0x09, 0xCE, 0xB0, 0xDB, 0xAA, 0xE2, 0x00, 0x74, 0x00, 0x0D, 0x42, 0x2D, 0x20, 0x00, 0x00,
    0x00, 0x41, 0x00, 0x10, 0x00, 0x0C, 0xDD, 0xDD, 0xDD, 0xDD, 0xDD, 0x00, 0xC4, 0x00, 0x10, 0x00,
    0x13, 0xD0, 0x0C, 0x67, 0x09, 0x80, 0x0D, 0x5C, 0x00, 0xC4, 0xC3, 0xD5, 0xC3, 0xD3, 0xC0, 0x0C,
    0x44, 0xDB, 0x0B, 0xC7, 0x3C, 0x00, 0xC4, 0x0C, 0x80, 0x3F, 0x23, 0xC0, 0x0C, 0x42, 0xDE, 0x17,
    0xF7, 0x3C, 0x00, 0xC4, 0xA6, 0x96, 0xE4, 0xE4, 0xC0, 0x0C, 0x8C, 0x00, 0xC7, 0x06, 0x4C, 0x00,
    0xC4, 0x20, 0x02, 0x00, 0x03, 0xC0, 0x0C, 0x40, 0x00, 0x00, 0x08, 0xE9, 0x00, 0x31, 0x00, 0x00,
    0x00, 0x11, 0x00, 0x00, 0x00, 0x00, 0x31, 0x00, 0x00, 0x00, 0x7B, 0xB7, 0x0A, 0x30, 0x78, 0x82,
    0x09, 0x56, 0x92, 0xB6, 0x1E, 0x5C, 0x30, 0x94, 0x59, 0x8D, 0xA4, 0xE0, 0xB3, 0x09, 0xDD, 0x90,
    0xA3, 0x0E, 0x0B, 0x30, 0x94, 0x5A, 0xAD, 0xB7, 0xE0, 0xB3, 0x09, 0x45, 0x92, 0xC3, 0x2E, 0x0B,
    0x30, 0xAC, 0xD9, 0x3C, 0x71, 0xE0, 0xB3, 0x0C, 0x15, 0x99, 0x6B, 0x7E, 0x2C, 0x30, 0xD0, 0x5B,
    0xFD, 0x9B, 0xE7, 0xB0, 0x4B, 0x2A, 0x83, 0x00, 0x0E, 0x00, 0x05, 0x61, 0x71, 0x00, 0x00, 0xE1,
    0x00, 0x00, 0x00, 0x00, 0x00, 0x00, 0x00, 0x00, 0x00, 0x00, 0x07, 0x20, 0x00, 0x00, 0x00, 0x00,
    0x00, 0xE2, 0x00, 0x00, 0x00, 0x00, 0x79, 0x9F, 0x99, 0x99, 0x80, 0x00, 0x0D, 0x64, 0x44, 0x44,
    0x5E, 0x00, 0x00, 0xC3, 0x11, 0x11, 0x11, 0xE0, 0x00, 0x0C, 0xCC, 0xCC, 0xCC, 0xCE, 0x00, 0x00,
    0xC2, 0x00, 0x00, 0x01, 0xE0, 0x00, 0x0C, 0xA9, 0x99, 0x99, 0x9E, 0x00, 0x00, 0xC5, 0x33, 0x33,
    0x34, 0xE0, 0x00, 0x0C, 0x20, 0x00, 0x00, 0x1E, 0x00, 0x00, 0xCD, 0xCC, 0xCC, 0xCC, 0xE0, 0x00,
    0x0D, 0x20, 0x00, 0x00, 0x1E, 0x00, 0x00, 0x10, 0x00, 0x00, 0x00, 0x10, 0x00, 0x00, 0x00, 0x60,
    0x03, 0x50, 0x00, 0x00, 0x00, 0x1F, 0x00, 0x79, 0x00, 0x00, 0x2D, 0xCC, 0xFC, 0xCD, 0xEC, 0xCD,
    0x20, 0x00, 0x1F, 0x00, 0x69, 0x00, 0x00, 0x00, 0x02, 0xA1, 0x0A, 0x00, 0x00, 0x00, 0x01, 0xD8,
    0x00, 0xF0, 0x2D, 0x30, 0x02, 0xDF, 0x10, 0x0E, 0x2D, 0x70, 0x02, 0xE6, 0xE1, 0x00, 0xFD, 0x40,
    0x00, 0x02, 0x0E, 0x15, 0xDF, 0x10, 0x00, 0x00, 0x00, 0xE3, 0xA3, 0xE0, 0x00, 0x20, 0x00, 0x0E,
    0x10, 0x0F, 0x10, 0x1E, 0x30, 0x00, 0xE1, 0x00, 0x9C, 0xCC, 0x80, 0x00, 0x02, 0x00, 0x00, 0x00,
    0x00, 0x00, 0x00, 0x01, 0x70, 0x00, 0x80, 0x00, 0x00, 0x44, 0x5E, 0x44, 0x4F, 0x44, 0x40, 0x09,
    0x9A, 0xE9, 0xA9, 0xF9, 0x9A, 0x00, 0x00, 0x1A, 0x3D, 0x1B, 0x00, 0x00, 0x00, 0x00, 0x3D, 0xAB,
    0x20, 0x00, 0x00, 0x00, 0x6D, 0x44, 0x6E, 0x81, 0x00, 0x27, 0xD9, 0x10, 0xF0, 0x2A, 0xEB, 0x32,
    0x92, 0xAA, 0xAF, 0xAA, 0xA3, 0x80, 0x00, 0x04, 0x43, 0xE3, 0x33, 0x10, 0x00, 0x01, 0xB9, 0x0E,
    0x08, 0xA1, 0x00, 0x05, 0xE8, 0x11, 0xF0, 0x19, 0xD3, 0x00, 0x74, 0x04, 0xFC, 0x00, 0x07, 0x40,
    0x00, 0x00, 0x02, 0x00, 0x00, 0x00, 0x00, 0x00, 0x00, 0x62, 0x02, 0x60, 0x00, 0x02, 0x55, 0x5D,
    0x75, 0x7D, 0x55, 0x52, 0x28, 0x88, 0xE9, 0x89, 0xE8, 0x88, 0x30, 0x12, 0x27, 0x44, 0x6A, 0x89,
    0x10, 0x04, 0xBA, 0x99, 0xB7, 0x67, 0x71, 0x00, 0x09, 0x70, 0x3E, 0x10, 0xA8, 0x00, 0x00, 0x1D,
    0x10, 0xC1, 0x3D, 0x10, 0x02, 0x65, 0x65, 0x5E, 0x65, 0x65, 0x62, 0x38, 0x88, 0xCC, 0xEC, 0xC8,
    0x88, 0x30, 0x00, 0x5C, 0x1E, 0x1C, 0x80, 0x00, 0x02, 0x9B, 0x10, 0xE0, 0x1A, 0xE8, 0x21, 0xC7,
    0x00, 0x0E, 0x10, 0x04, 0x90, 0x00, 0x00, 0x00, 0x40, 0x00, 0x00, 0x00, 0x00, 0x17, 0x00, 0x00,
    0x00, 0x00, 0x00, 0x09, 0x90, 0x0C, 0xBB, 0xBB, 0x80, 0x06, 0xC0, 0x00, 0x22, 0x22, 0x22, 0x02,
    0xE2, 0x51, 0x00, 0x00, 0x00, 0x00, 0x02, 0x3E, 0x44, 0x54, 0x44, 0x45, 0x30, 0x0C, 0x80, 0x89,
    0x99, 0xEA, 0xA5, 0x08, 0xF5, 0x00, 0x00, 0x0E, 0x20, 0x04, 0xDA, 0x50, 0x00, 0x00, 0xE2, 0x00,
    0x01, 0x95, 0x00, 0x00, 0x0E, 0x20, 0x00, 0x09, 0x50, 0x00, 0x00, 0xE2, 0x00, 0x00, 0x95, 0x00,
    0x00, 0x0E, 0x20, 0x00, 0x0A, 0x60, 0x00, 0x3C, 0xE1, 0x00, 0x00, 0x42, 0x00, 0x00, 0x41, 0x00,
    0x00, 0x13, 0x22, 0x22, 0x22, 0x22, 0x23, 0x02, 0xA9, 0x9B, 0xD9, 0xDB, 0x99, 0xA1, 0x00, 0x11,
    0x69, 0x19, 0x61, 0x10, 0x00, 0x2E, 0xBD, 0xDB, 0xDC, 0xBE, 0x20, 0x02, 0xD0, 0x69, 0x09, 0x50,
    0xD2, 0x00, 0x2E, 0xAC, 0xDA, 0xDB, 0xAE, 0x20, 0x00, 0x22, 0x2B, 0x62, 0x22, 0x20, 0x07, 0xCC,
    0xCC, 0xFC, 0xCC, 0xCC, 0xC6, 0x11, 0x14, 0xD2, 0x14, 0xD1, 0x11, 0x10, 0x00, 0xAD, 0xB7, 0xD4,
    0x00, 0x00, 0x00, 0x00, 0x29, 0xEB, 0xD9, 0x40, 0x00, 0xAC, 0xDB, 0x61, 0x01, 0x6C, 0xC0, 0x03,
    0x30, 0x00, 0x00, 0x00, 0x00, 0x00, 0x00, 0x39, 0x99, 0x99, 0x99, 0x50, 0x00, 0x06, 0xA3, 0x33,
    0x33, 0x89, 0x00, 0x00, 0x59, 0x01, 0xC1, 0x06, 0x80, 0x00, 0x05, 0x90, 0x2E, 0x00, 0x68, 0x00,
    0x00, 0x59, 0x03, 0xC0, 0x06, 0x80, 0x00, 0x05, 0x90, 0x4B, 0x30, 0x68, 0x00, 0x00, 0x69, 0x07,
    0xAD, 0x06, 0x90, 0x00, 0x04, 0x60, 0xD5, 0xC0, 0x24, 0x00, 0x00, 0x00, 0x9A, 0x2C, 0x00, 0x02,
    0x00, 0x03, 0xBB, 0x12, 0xD0, 0x00, 0xB6, 0x2D, 0xD6, 0x00, 0x1E, 0xA9, 0xAE, 0x10, 0x30, 0x00,
    0x00, 0x13, 0x33, 0x10, 0x00, 0x20, 0x00, 0x00, 0x00, 0x00, 0x00, 0x3E, 0x40, 0xAA, 0xAA, 0xAA,
    0xA5, 0x00, 0x6E, 0x24, 0x33, 0x6C, 0x34, 0x20, 0x00, 0x30, 0x00, 0x04, 0xB0, 0x00, 0x36, 0x65,
    0x00, 0x00, 0x4B, 0x00, 0x03, 0x79, 0xC0, 0x00, 0x04, 0xB0, 0x00, 0x00, 0x3C, 0x00, 0x00, 0x4B,
    0x00, 0x00, 0x03, 0xC0, 0x00, 0x04, 0xB0, 0x00, 0x00, 0x3C, 0x03, 0x00, 0x4B, 0x00, 0x00, 0x03,
    0xC8, 0xC0, 0x04, 0xB0, 0x00, 0x00, 0x4F, 0xB1, 0x02, 0x6A, 0x00, 0x00, 0x06, 0xA0, 0x00, 0xDF,
    0x60, 0x00, 0x00, 0x00, 0x00, 0x02, 0x00, 0x00, 0x00, 0x01, 0x30, 0x00, 0x00, 0x00, 0x00, 0x00,
    0x4E, 0x30, 0x5E, 0xCD, 0xE0, 0x00, 0x00, 0x6C, 0x06, 0x90, 0x2E, 0x00, 0x00, 0x00, 0x10, 0x87,
    0x02, 0xE0, 0x00, 0x48, 0x83, 0x4E, 0x20, 0x1F, 0x99, 0x12, 0x5B, 0x56, 0x51, 0x11, 0x57, 0x51,
    0x00, 0xA4, 0x4D, 0xDB, 0xBD, 0xC0, 0x00, 0x0A, 0x40, 0x4B, 0x00, 0xB5, 0x00, 0x00, 0xA5, 0x40,
    0xC5, 0x5D, 0x00, 0x00, 0x0A, 0xDB, 0x02, 0xEE, 0x30, 0x00, 0x00, 0xCC, 0x10, 0x7D, 0xD8, 0x20,
    0x00, 0x07, 0x2A, 0xD8, 0x11, 0x7D, 0xD3, 0x00, 0x00, 0x30, 0x00, 0x00, 0x02, 0x00, 0x00, 0x40,
    0x00, 0x00, 0x00, 0x00, 0x00, 0x2E, 0x40, 0x88, 0x88, 0x88, 0x82, 0x00, 0x59, 0x06, 0x65, 0xE7,
    0x56, 0x20, 0x00, 0x00, 0x00, 0x0D, 0x20, 0x00, 0x47, 0x72, 0x00, 0x00, 0xD2, 0x00, 0x04, 0x6C,
    0x50, 0x6A, 0x0D, 0x65, 0x50, 0x00, 0xA5, 0x05, 0x90, 0xD9, 0x88, 0x00, 0x0A, 0x40, 0x59, 0x0D,
    0x20, 0x00, 0x00, 0xA6, 0x35, 0x90, 0xD2, 0x00, 0x00, 0x0A, 0xE7, 0x59, 0x0D, 0x20, 0x00, 0x00,
    0xCB, 0x48, 0xB4, 0xE5, 0x44, 0x20, 0x1C, 0x19, 0x99, 0x99, 0x99, 0x95, 0x00, 0x00, 0x00, 0x00,
    0x00, 0x00, 0x00, 0x00, 0x00, 0x00, 0x01, 0x80, 0x40, 0x00, 0x97, 0x00, 0x00, 0x1F, 0x1D, 0x50,
    0x01, 0xD3, 0x00, 0x00, 0xF0, 0x36, 0x00, 0x01, 0x2C, 0xCC, 0xCF, 0xCC, 0xB0, 0x37, 0x71, 0x11,
    0x11, 0xD2, 0x11, 0x03, 0x7E, 0x03, 0x55, 0x4C, 0x30, 0x00, 0x00, 0xE0, 0x4A, 0xC6, 0xA5, 0x00,
    0x00, 0x0E, 0x00, 0x59, 0x07, 0x80, 0x00, 0x00, 0xE0, 0x35, 0x90, 0x4C, 0x00, 0x00, 0x0E, 0xB8,
    0x5B, 0x70, 0xE2, 0x61, 0x01, 0xF8, 0x8E, 0xB7, 0x08, 0x9D, 0x40, 0x16, 0x02, 0x10, 0x00, 0x1D,
    0xE1, 0x00, 0x00, 0x00, 0x00, 0x00, 0x11, 0x00, 0x01, 0x10, 0x03, 0x10, 0x03, 0x40, 0x00, 0x5D,
    0x20, 0x69, 0x00, 0xA8, 0x00, 0x00, 0x6B, 0x00, 0xD2, 0x1E, 0x10, 0x00, 0x00, 0x10, 0x9B, 0xAC,
    0xDA, 0x30, 0x3B, 0xB3, 0x0D, 0x32, 0x22, 0xB3, 0x01, 0x2B, 0x30, 0xD1, 0x00, 0x0A, 0x30, 0x00,
    0xB3, 0x0E, 0x88, 0x88, 0xD4, 0x00, 0x0B, 0x30, 0x49, 0xA8, 0xB4, 0x10, 0x00, 0xB3, 0x70, 0x95,
    0x59, 0x00, 0x00, 0x0B, 0xCA, 0x1E, 0x25, 0x90, 0x10, 0x00, 0xD9, 0x09, 0xA0, 0x5A, 0x0B, 0x70,
    0x02, 0x2C, 0xB1, 0x02, 0xDE, 0xC1, 0x00, 0x00, 0x30, 0x00, 0x00, 0x00, 0x00, 0x00, 0x00, 0x00,
    0x02, 0x60, 0x00, 0x00, 0x4C, 0x12, 0x77, 0x8D, 0x77, 0x70, 0x00, 0x9A, 0x14, 0x46, 0xD4, 0x44,
    0x00, 0x00, 0x20, 0xAA, 0xBE, 0xAA, 0x70, 0x36, 0x61, 0x45, 0x57, 0xD5, 0x56, 0x33, 0x7E, 0x14,
    0x66, 0x55, 0x56, 0x63, 0x00, 0xD1, 0x09, 0xDC, 0xCC, 0xE4, 0x00, 0x0D, 0x10, 0x99, 0x55, 0x5C,
    0x30, 0x00, 0xD1, 0x38, 0x95, 0x55, 0xC3, 0x00, 0x0D, 0xB9, 0x8C, 0xAA, 0xAE, 0x30, 0x02, 0xF7,
    0x09, 0x60, 0x00, 0xB3, 0x00, 0x05, 0x00, 0x96, 0x00, 0x5E, 0x20, 0x00, 0x00, 0x02, 0x10, 0x01,
    0x20, 0x00, 0x00, 0x00, 0x00, 0x00, 0x41, 0x00, 0x00, 0x46, 0x66, 0x62, 0x0E, 0x20, 0x00, 0x0B,
    0x85, 0x5B, 0x43, 0xC0, 0x00, 0x00, 0xA4, 0x62, 0x94, 0x8D, 0xCD, 0xC5, 0x0A, 0x4A, 0x49, 0x4D,
    0x30, 0xB2, 0x00, 0xA4, 0xA3, 0x9A, 0xE5, 0x0C, 0x00, 0x0A, 0x4A, 0x29, 0x45, 0x80, 0xD0, 0x00,
    0xA4, 0xC1, 0x94, 0x1C, 0x3A, 0x00, 0x07, 0x3D, 0x15, 0x20, 0xAC, 0x50, 0x00, 0x07, 0x8B, 0x50,
    0x06, 0xF1, 0x00, 0x06, 0xC1, 0x2D, 0x35, 0xC9, 0xB1, 0x03, 0xB1, 0x00, 0x2B, 0xB1, 0x07, 0xD3,
    0x00, 0x00, 0x00, 0x20, 0x00, 0x02, 0x00, 0x00, 0x00, 0x00, 0x50, 0x00, 0x00, 0x00, 0x00, 0x00,
    0x0F, 0x00, 0x00, 0x00, 0x00, 0x7B, 0xAA, 0xFA, 0xAA, 0xA0, 0x00, 0x02, 0x33, 0x3E, 0x33, 0x33,
    0x00, 0x00, 0x00, 0x00, 0xE0, 0x00, 0x00, 0x03, 0xED, 0xDD, 0xDF, 0xDD, 0xDD, 0xB0, 0x00, 0x03,
    0x00, 0xE0, 0x00, 0x00, 0x00, 0x00, 0xE2, 0x0F, 0x66, 0x66, 0x00, 0x00, 0x1E, 0x00, 0xF7, 0x77,
    0x70, 0x00, 0x05, 0xF9, 0x0E, 0x00, 0x00, 0x00, 0x01, 0xC4, 0x9C, 0xE3, 0x22, 0x34, 0x11, 0xC8,
    0x00, 0x39, 0xCD, 0xDD, 0xC1, 0x02, 0x00, 0x00, 0x00, 0x00, 0x00, 0x00, 0x00, 0x06, 0x30, 0x00,
    0x00, 0x00, 0x00, 0x00, 0x95, 0x02, 0x77, 0x77, 0x30, 0x08, 0xCE, 0xDC, 0x25, 0x55, 0xA7, 0x00,
    0x11, 0x95, 0x10, 0x00, 0x08, 0x60, 0x00, 0x09, 0x50, 0x01, 0x11, 0x96, 0x00, 0xDC, 0xDE, 0xC7,
    0xEC, 0xCC, 0x50, 0x00, 0x06, 0x80, 0x0D, 0x10, 0x00, 0x00, 0x4A, 0x6C, 0x94, 0xD1, 0x00, 0x40,
    0x07, 0xA6, 0xA4, 0x2D, 0x20, 0x2F, 0x10, 0xAD, 0xA8, 0x00, 0xBD, 0xCD, 0xA0, 0x1D, 0x2D, 0xB3,
    0x00, 0x11, 0x10, 0x14, 0x80, 0x17, 0xCE, 0xED, 0xDE, 0xF6, 0x00, 0x00, 0x00, 0x01, 0x12, 0x22,
    0x00, 0x00, 0x06, 0x20, 0x00, 0x00, 0x00, 0x00, 0x00, 0xB4, 0x06, 0xDD, 0xCC, 0xB0, 0x09, 0xCE,
    0xDC, 0x00, 0xE0, 0x3C, 0x00, 0x11, 0xB4, 0x20, 0x5B, 0x04, 0xB0, 0x05, 0x5C, 0x75, 0x3E, 0x43,
    0x99, 0x00, 0x88, 0xBB, 0x89, 0x70, 0x79, 0x20, 0x03, 0x47, 0x70, 0x0C, 0xDD, 0xDA, 0x00, 0x78,
    0x7D, 0xC1, 0xD1, 0x03, 0xB0, 0x09, 0x77, 0x82, 0x0D, 0x10, 0x3B, 0x00, 0xCD, 0xA7, 0x00, 0xDC,
    0xCC, 0xC0, 0x2E, 0x3D, 0xB5, 0x22, 0x11, 0x23, 0x14, 0x80, 0x16, 0xBE, 0xFF, 0xFF, 0xF3, 0x00,
    0x00, 0x00, 0x00, 0x11, 0x10, 0x00, 0x00, 0x00, 0x00, 0x04, 0x20, 0x00, 0x00, 0x5A, 0xAA, 0x40,
    0xD6, 0x44, 0x20, 0x07, 0x72, 0x95, 0x5B, 0x88, 0xE4, 0x00, 0x76, 0x08, 0x7C, 0xC1, 0x3C, 0x00,
    0x07, 0xDC, 0xD7, 0x44, 0xBC, 0x30, 0x00, 0x00, 0xD0, 0x00, 0x3D, 0xD4, 0x00, 0x07, 0x3D, 0x44,
    0xAC, 0x32, 0xBC, 0x40, 0x94, 0xD9, 0x59, 0xAA, 0xAA, 0x51, 0x09, 0x4D, 0x00, 0x87, 0x22, 0xC3,
    0x00, 0x94, 0xD4, 0x88, 0x50, 0x0B, 0x30, 0x2B, 0xCD, 0x84, 0x8C, 0xAA, 0xE3, 0x02, 0x83, 0x00,
    0x08, 0x62, 0x2B, 0x30, 0x00, 0x00, 0x00, 0x11, 0x00, 0x10, 0x00, 0x00, 0x00, 0x08, 0x50, 0x00,
    0x00, 0x00, 0x00, 0x66, 0xE8, 0x66, 0x62, 0x00, 0x00, 0x0F, 0x65, 0x55, 0x5C, 0x40, 0x00, 0x00,
    0xE7, 0x66, 0x66, 0xC4, 0x00, 0x00, 0x0E, 0x66, 0x66, 0x6C, 0x40, 0x00, 0x00, 0xE7, 0x77, 0x77,
    0xD5, 0xC3, 0x00, 0x0E, 0x66, 0x66, 0x6C, 0xE7, 0x00, 0xA9, 0xFA, 0x99, 0x99, 0xE6, 0x00, 0x05,
    0x55, 0x55, 0x6E, 0xBC, 0x40, 0x00, 0x00, 0x01, 0x7D, 0x70, 0xB4, 0x00, 0x01, 0x49, 0xD8, 0x20,
    0x0B, 0x40, 0x01, 0xCC, 0x61, 0x00, 0x3C, 0xF2, 0x00, 0x01, 0x00, 0x00, 0x00, 0x52, 0x00, 0x00,
    0x00, 0x18, 0x10, 0x00, 0x00, 0x00, 0x00, 0x04, 0xD0, 0x09, 0xBB, 0xBA, 0x00, 0x2C, 0xDE, 0xCA,
    0x33, 0x2B, 0x80, 0x00, 0x1B, 0x41, 0x10, 0x06, 0xE1, 0x00, 0x01, 0xD5, 0x80, 0x06, 0xEB, 0xC3,
    0x00, 0x88, 0x69, 0x19, 0xD3, 0x05, 0xE3, 0x0D, 0xCD, 0xE9, 0x71, 0x00, 0x02, 0x00, 0x00, 0x59,
    0x06, 0xDD, 0xED, 0xA0, 0x00, 0x38, 0xCA, 0x00, 0x59, 0x00, 0x01, 0xEB, 0xBA, 0x20, 0x05, 0x90,
    0x00, 0x01, 0x05, 0x91, 0x33, 0x7A, 0x33, 0x20, 0x00, 0x69, 0x2A, 0xAA, 0xAA, 0xA5, 0x00, 0x02,
    0x30, 0x00, 0x00, 0x00, 0x00, 0x00, 0x00, 0x26, 0x06, 0x20, 0x00, 0x00, 0x9B, 0xBC, 0xA0, 0xBB,
    0xAA, 0xA0, 0x01, 0x22, 0x5A, 0x0B, 0x53, 0x31, 0x00, 0x59, 0x9A, 0xA0, 0xB9, 0x88, 0x40, 0x2A,
    0x99, 0xAA, 0x0B, 0xA9, 0x9A, 0x21, 0x22, 0x23, 0xB0, 0x72, 0x11, 0x10, 0x08, 0x99, 0xBD, 0x99,
    0x99, 0x96, 0x00, 0x22, 0xA9, 0x28, 0x22, 0x22, 0x20, 0x01, 0xCE, 0x99, 0xF9, 0x99, 0x60, 0x00,
    0x04, 0x32, 0x2E, 0x22, 0x22, 0x00, 0x6B, 0xBB, 0xBB, 0xFB, 0xBB, 0xBB, 0x60, 0x00, 0x00, 0x0E,
    0x00, 0x00, 0x00, 0x00, 0x00, 0x00, 0x50, 0x00, 0x00, 0x00, 0x01, 0x20, 0x00, 0x09, 0x10, 0x00,
    0x00, 0x7B, 0x00, 0x00, 0xF2, 0x00, 0x00, 0x01, 0xE3, 0x01, 0x1F, 0x10, 0x00, 0x00, 0x04, 0x15,
    0xEE, 0xFD, 0xDE, 0x80, 0x00, 0x00, 0x00, 0x2D, 0x00, 0x87, 0x08, 0xED, 0x40, 0x05, 0xA0, 0x09,
    0x60, 0x11, 0xC4, 0x00, 0xB6, 0x00, 0xA5, 0x00, 0x0C, 0x40, 0x4E, 0x10, 0x0B, 0x40, 0x00, 0xC4,
    0x2D, 0x70, 0x24, 0xE2, 0x00, 0x0C, 0x55, 0xA0, 0x07, 0xE9, 0x00, 0x08, 0xAA, 0x94, 0x10, 0x10,
    0x00, 0x13, 0xC0, 0x04, 0xAD, 0xEF, 0xFF, 0xF3, 0x00, 0x00, 0x00, 0x00, 0x11, 0x22, 0x00, 0x00,
    0x00, 0x00, 0x00, 0x00, 0x00, 0x00, 0x6B, 0x07, 0x99, 0x99, 0x99, 0x70, 0x01, 0xD8, 0x34, 0x4A,
    0xB4, 0x44, 0x00, 0x03, 0x40, 0x01, 0xE3, 0x00, 0x00, 0x12, 0x20, 0x00, 0xAF, 0x27, 0x10, 0x04,
    0xBE, 0x40, 0x8B, 0xD2, 0x8C, 0x00, 0x00, 0xC4, 0x9C, 0x1D, 0x20, 0xAA, 0x00, 0x0C, 0x6A, 0x10,
    0xD2, 0x01, 0x91, 0x00, 0xC3, 0x00, 0x0D, 0x20, 0x00, 0x00, 0x0C, 0x40, 0x00, 0xD2, 0x00, 0x00,
    0x08, 0xDC, 0xA5, 0x35, 0x22, 0x33, 0x23, 0xC1, 0x05, 0x9B, 0xCD, 0xDD, 0xD3, 0x00, 0x00, 0x00,
    0x00, 0x00, 0x00, 0x00, 0x00, 0x00, 0x00, 0x24, 0x00, 0x00, 0x00, 0x88, 0x00, 0x02, 0xD4, 0x00,
    0x00, 0x01, 0xE5, 0x11, 0x04, 0x50, 0x11, 0x00, 0x04, 0x47, 0xCC, 0xCC, 0xED, 0x80, 0x00, 0x00,
    0x06, 0x30, 0x0E, 0x10, 0x00, 0xCC, 0x80, 0x5E, 0x55, 0xB0, 0x00, 0x00, 0x59, 0x00, 0x3D, 0xE4,
    0x00, 0x00, 0x05, 0x90, 0x00, 0xAF, 0x80, 0x00, 0x00, 0x59, 0x02, 0xBA, 0x2E, 0x70, 0x00, 0x05,
    0xA4, 0xE7, 0x00, 0x3E, 0x30, 0x06, 0xCC, 0x95, 0x00, 0x00, 0x22, 0x02, 0xB1, 0x05, 0xBE, 0xEE,
    0xFF, 0xD0, 0x00, 0x00, 0x00, 0x00, 0x11, 0x11, 0x00, 0x00, 0x00, 0x00, 0x06, 0x00, 0x00, 0x00,
    0x96, 0x00, 0x04, 0xC0, 0x00, 0x00, 0x03, 0xE2, 0xDC, 0xED, 0xCC, 0xCC, 0x00, 0x07, 0x40, 0x3C,
    0x17, 0x00, 0x00, 0x00, 0x00, 0x1C, 0x32, 0xC0, 0x00, 0x03, 0xDE, 0x46, 0xEC, 0xDE, 0xCD, 0x70,
    0x00, 0xC4, 0x00, 0x02, 0xC0, 0x00, 0x00, 0x0C, 0x47, 0x77, 0x8D, 0x77, 0x71, 0x00, 0xC4, 0x66,
    0x57, 0xD5, 0x56, 0x10, 0x0C, 0x40, 0x00, 0x2C, 0x00, 0x00, 0x06, 0xED, 0x61, 0x02, 0xA0, 0x00,
    0x03, 0xD1, 0x28, 0xCD, 0xDD, 0xDD, 0xE5, 0x00, 0x00, 0x00, 0x01, 0x12, 0x22, 0x00, 0x00, 0x00,
    0x00, 0x03, 0x30, 0x00, 0x00, 0x27, 0x01, 0x40, 0x86, 0x07, 0x10, 0x01, 0xE2, 0x3E, 0x28, 0x63,
    0xD0, 0x00, 0x08, 0x40, 0x75, 0x86, 0x95, 0x00, 0x00, 0x00, 0x55, 0x4A, 0x85, 0x55, 0x02, 0xBA,
    0x39, 0x9A, 0xFB, 0x99, 0x91, 0x13, 0xC4, 0x00, 0xBC, 0x9B, 0x10, 0x00, 0x0B, 0x40, 0x7A, 0x86,
    0xAB, 0x00, 0x00, 0xB4, 0x9D, 0x18, 0x60, 0xB8, 0x00, 0x0B, 0x59, 0x20, 0x86, 0x01, 0x10, 0x05,
    0xEE, 0x72, 0x06, 0x50, 0x00, 0x12, 0xD2, 0x29, 0xDE, 0xED, 0xEE, 0xF2, 0x01, 0x00, 0x00, 0x02,
    0x22, 0x22, 0x00, 0x00, 0x00, 0x00, 0x00, 0x02, 0x40, 0x00, 0x55, 0x03, 0xBC, 0xDD, 0xB9, 0x00,
    0x02, 0xD3, 0x02, 0x08, 0x60, 0x00, 0x00, 0x04, 0x25, 0x55, 0xA9, 0x55, 0x50, 0x00, 0x00, 0x88,
    0x8C, 0xA8, 0x87, 0x02, 0xCC, 0x30, 0x00, 0x86, 0x00, 0x00, 0x01, 0xA4, 0x1F, 0xCC, 0xCC, 0xF0,
    0x00, 0x0A, 0x40, 0xD0, 0x00, 0x0E, 0x00, 0x00, 0xA4, 0x0E, 0x55, 0x55, 0xE0, 0x00, 0x0A, 0x51,
    0xE7, 0x77, 0x7E, 0x00, 0x04, 0xDD, 0x96, 0x10, 0x00, 0x23, 0x11, 0xD2, 0x05, 0xAC, 0xDE, 0xEE,
    0xD0, 0x00, 0x00, 0x00, 0x00, 0x00, 0x00, 0x00, 0x00, 0x00, 0x20, 0x43, 0x00, 0x00, 0x00, 0xB6,
    0x0B, 0x8D, 0x7B, 0xBB, 0xB0, 0x05, 0xD0, 0x2F, 0x71, 0x2D, 0x32, 0x00, 0x02, 0x3D, 0x99, 0x00,
    0xC2, 0x00, 0x37, 0x72, 0x34, 0xC2, 0x6D, 0x65, 0x03, 0x7E, 0x02, 0xDE, 0x38, 0xE9, 0x70, 0x00,
    0xD4, 0xD4, 0xE0, 0x0C, 0x20, 0x00, 0x0D, 0x44, 0x0D, 0x00, 0xC2, 0x00, 0x00, 0xD0, 0x27, 0xB6,
    0x8E, 0x88, 0x00, 0x0E, 0x18, 0xB2, 0x46, 0x66, 0x60, 0x09, 0xCC, 0x85, 0x32, 0x22, 0x23, 0x23,
    0xA0, 0x06, 0xAB, 0xCD, 0xEE, 0xE3, 0x00, 0x00, 0x03, 0x50, 0x07, 0x30, 0x00, 0x6A, 0x00, 0x2D,
    0x11, 0xE1, 0x00, 0x03, 0xE0, 0xBB, 0xCB, 0xCE, 0xBB, 0x50, 0x06, 0x02, 0x11, 0x98, 0x11, 0x11,
    0x00, 0x00, 0x0E, 0xCD, 0xDC, 0xD4, 0x04, 0xBA, 0x10, 0xF2, 0x22, 0x2C, 0x40, 0x12, 0xE1, 0x0F,
    0xA9, 0x99, 0xE3, 0x00, 0x0E, 0x10, 0xF7, 0x66, 0x6D, 0x30, 0x00, 0xE1, 0x0F, 0x65, 0x55, 0xC3,
    0x00, 0x0E, 0x11, 0xFA, 0x99, 0x9E, 0x40, 0x08, 0xDC, 0x54, 0x33, 0x33, 0x31, 0x14, 0xC0, 0x29,
    0xDE, 0xDE, 0xEF, 0xF3, 0x00, 0x00, 0x00, 0x01, 0x11, 0x11, 0x00, 0x05, 0x65, 0x55, 0x32, 0x55,
    0x55, 0x20, 0x69, 0xE8, 0xB9, 0x5D, 0x89, 0xF2, 0x00, 0x2C, 0x06, 0x85, 0xA0, 0x5B, 0x00, 0x89,
    0xE8, 0xB8, 0x5A, 0x0A, 0x50, 0x05, 0x7D, 0x59, 0x85, 0xA1, 0xD0, 0x00, 0x02, 0xC0, 0x68, 0x5A,
    0x3D, 0x10, 0x0D, 0xDF, 0xCD, 0x85, 0xA0, 0x89, 0x00, 0x25, 0xB1, 0x78, 0x5A, 0x01, 0xE1, 0x00,
    0x78, 0x06, 0x85, 0xA0, 0x0D, 0x30, 0x0D, 0x30, 0x68, 0x5A, 0x5D, 0xD1, 0x09, 0xA0, 0x17, 0x85,
    0xA1, 0x61, 0x03, 0xC1, 0x0A, 0xE4, 0x5A, 0x00, 0x00, 0x00, 0x00, 0x10, 0x02, 0x40, 0x00, 0x00,
    0x00, 0x04, 0x20, 0x00, 0x00, 0x00, 0x00, 0x00, 0xA5, 0x08, 0x3A, 0xBB, 0xA0, 0x07, 0xBD, 0xC9,
    0xD1, 0xE2, 0x6B, 0x00, 0x00, 0xA5, 0xB5, 0x0E, 0x08, 0x60, 0x28, 0x8C, 0xBE, 0x86, 0xE0, 0xD1,
    0x01, 0x44, 0x9C, 0x44, 0x3E, 0x2C, 0x00, 0x00, 0x7E, 0x76, 0x60, 0xE0, 0xB5, 0x02, 0xCF, 0x54,
    0x4E, 0x0E, 0x02, 0xD1, 0x16, 0xC7, 0x77, 0xD0, 0xE0, 0x0A, 0x40, 0x0C, 0x65, 0x5D, 0x0E, 0x28,
    0xE3, 0x00, 0xC8, 0x88, 0xE0, 0xE1, 0x94, 0x00, 0x0C, 0x54, 0x4D, 0x0E, 0x00, 0x00, 0x00, 0x00,
    0x00, 0x00, 0x40, 0x00, 0x00, 0x13, 0x22, 0x23, 0x23, 0x33, 0x32, 0x05, 0xBD, 0xCE, 0xB8, 0x8A,
    0xAB, 0xB0, 0x00, 0x74, 0xC0, 0x00, 0x00, 0x4A, 0x01, 0xBD, 0xCE, 0xB7, 0x00, 0x04, 0xA0, 0x2C,
    0x74, 0xC5, 0x90, 0x00, 0x4A, 0x01, 0xC8, 0x3C, 0x59, 0x6C, 0xCD, 0xA0, 0x1C, 0xC1, 0xDA, 0x97,
    0x70, 0x00, 0x01, 0xD8, 0x03, 0x89, 0x77, 0x00, 0x00, 0x1D, 0x77, 0x7A, 0x97, 0x70, 0x00, 0x01,
    0xC3, 0x33, 0x79, 0x77, 0x00, 0x20, 0x1E, 0xBB, 0xBC, 0x97, 0x80, 0x0A, 0x62, 0xC2, 0x22, 0x6A,
    0x4E, 0xCC, 0xE1, 0x02, 0x00, 0x00, 0x00, 0x11, 0x10, 0x00, 0x00, 0xCD, 0xDD, 0xFD, 0xDD, 0xC0,
    0x00, 0x0C, 0x40, 0x1E, 0x00, 0x3C, 0x00, 0x00, 0xC9, 0x78, 0xE7, 0x79, 0xC0, 0x00, 0x0B, 0x85,
    0x6E, 0x55, 0x7C, 0x00, 0x00, 0xC5, 0x12, 0xE1, 0x14, 0xC0, 0x00, 0x09, 0xCC, 0xCF, 0xCC, 0xC9,
    0x00, 0x00, 0x00, 0x01, 0xE0, 0x00, 0x00, 0x00, 0x0E, 0xDD, 0xDF, 0xDD, 0xDE, 0x00, 0x00, 0x10,
    0x01, 0xE0, 0x00, 0x10, 0x01, 0x44, 0x44, 0x4E, 0x44, 0x44, 0x41, 0x2B, 0xAA, 0xAA, 0xAA, 0xAA,
    0xAA, 0x20, 0x00, 0x00, 0x00, 0x00, 0x03, 0x00, 0x00, 0x18, 0x89, 0xAB, 0xDD, 0xC5, 0x00, 0x00,
    0x44, 0x33, 0xE0, 0x00, 0x00, 0x03, 0xDC, 0xCC, 0xCF, 0xCC, 0xCC, 0xD3, 0x00, 0x13, 0x34, 0xE3,
    0x33, 0x10, 0x00, 0x06, 0xC9, 0xAF, 0x99, 0xC6, 0x00, 0x00, 0x6D, 0xAA, 0xFA, 0xAD, 0x60, 0x00,
    0x06, 0xB5, 0x6F, 0x55, 0xB6, 0x00, 0x00, 0x49, 0x9A, 0xF9, 0x99, 0x40, 0x00, 0x18, 0x88, 0x8F,
    0x88, 0x88, 0x10, 0x00, 0x33, 0x34, 0xE3, 0x33, 0x31, 0x01, 0xDC, 0xBB, 0xBD, 0xBB, 0xBC, 0xD2,
    0x00, 0x22, 0x00, 0x00, 0x42, 0x00, 0x00, 0x09, 0x90, 0x00, 0x0B, 0x50, 0x00, 0x02, 0xF9, 0x81,
    0x00, 0xB4, 0x00, 0x00, 0xC9, 0x55, 0x4D, 0xCE, 0xDC, 0xC0, 0x5B, 0x65, 0x53, 0xB0, 0xB4, 0x1D,
    0x00, 0x1A, 0xC6, 0x3B, 0x0B, 0x41, 0xD0, 0x02, 0x7A, 0x24, 0xB0, 0xB4, 0x1D, 0x00, 0x9C, 0xDB,
    0x6E, 0x9D, 0xBA, 0xD0, 0x00, 0x59, 0x04, 0xC3, 0xC7, 0x4E, 0x00, 0x05, 0x98, 0x11, 0x0B, 0x40,
    0x20, 0x00, 0x8F, 0x90, 0x00, 0xB4, 0x00, 0x00, 0x07, 0x70, 0x00, 0x0B, 0x50, 0x00, 0x00, 0x00,
    0x00, 0x00, 0x21, 0x00, 0x00, 0x00, 0x31, 0x00, 0x14, 0x02, 0x20, 0x00, 0x0B, 0x80, 0x03, 0xB0,
    0x78, 0x00, 0x04, 0xF8, 0x65, 0xBE, 0xAC, 0xC9, 0x01, 0xD6, 0x54, 0x25, 0xC3, 0x89, 0x30, 0x5A,
    0x77, 0x42, 0x5B, 0x28, 0x92, 0x10, 0x2B, 0x93, 0x79, 0x99, 0x99, 0x94, 0x03, 0xA7, 0x30, 0x33,
    0x33, 0x31, 0x01, 0x9D, 0xB9, 0x1E, 0x99, 0x9D, 0x50, 0x00, 0x95, 0x00, 0xE4, 0x44, 0xA5, 0x00,
    0x09, 0x7C, 0x0E, 0x88, 0x8C, 0x50, 0x00, 0xBE, 0x40, 0xE5, 0x55, 0xB5, 0x00, 0x09, 0x30, 0x1E,
    0x77, 0x7C, 0x50, 0x00, 0x00, 0x00, 0x40, 0x00, 0x11, 0x00, 0x00, 0x22, 0x00, 0x00, 0x00, 0x00,
    0x00, 0x05, 0xD1, 0x18, 0x88, 0x88, 0x60, 0x00, 0x07, 0x41, 0x55, 0x55, 0x7B, 0x00, 0x77, 0x00,
    0x03, 0x00, 0x04, 0xB0, 0x07, 0x70, 0x01, 0xE1, 0x00, 0x4B, 0x00, 0x77, 0x00, 0x5B, 0x00, 0x04,
    0xB0, 0x07, 0x70, 0x0A, 0xE7, 0x00, 0x4B, 0x00, 0x77, 0x02, 0xD1, 0xB8, 0x04, 0xB0, 0x07, 0x71,
    0xC5, 0x01, 0xD6, 0x4B, 0x00, 0x77, 0x98, 0x00, 0x03, 0x74, 0xB0, 0x07, 0x70, 0x00, 0x00, 0x00,
    0x5B, 0x00, 0x87, 0x00, 0x00, 0x00, 0x7E, 0x60, 0x00, 0x00, 0x00, 0x00, 0x01, 0x00, 0x00, 0x0B,
    0xCB, 0xF4, 0x8B, 0xBB, 0xB9, 0x00, 0xA4, 0x1E, 0x0C, 0x52, 0x23, 0xD0, 0x0A, 0x45, 0xA0, 0xB3,
    0x00, 0x2C, 0x00, 0xA4, 0xA5, 0x0B, 0x30, 0x02, 0xC0, 0x0A, 0x4B, 0x60, 0xB9, 0x77, 0x8C, 0x00,
    0xA4, 0x2D, 0x1B, 0x75, 0x56, 0xC0, 0x0A, 0x40, 0xA4, 0xB3, 0x00, 0x2C, 0x00, 0xA4, 0x2C, 0x5B,
    0x30, 0x02, 0xC0, 0x0A, 0x4C, 0x90, 0xB8, 0x66, 0x7C, 0x00, 0xA4, 0x00, 0x0B, 0x86, 0x67, 0xD0,
    0x0B, 0x40, 0x00, 0xB3, 0x00, 0x2B, 0x00, 0x21, 0x00, 0x00, 0x00, 0x00, 0x00, 0x00, 0x00, 0x00,
    0x00, 0x80, 0x00, 0x00, 0xCC, 0xDD, 0x00, 0x0B, 0x20, 0x00, 0x0D, 0x15, 0x96, 0xCC, 0xCC, 0xCC,
    0x00, 0xC1, 0x95, 0x03, 0x40, 0x0B, 0x20, 0x0C, 0x1D, 0x10, 0x3D, 0x03, 0xD0, 0x00, 0xC2, 0xD2,
    0x45, 0xA5, 0xAA, 0x53, 0x0C, 0x16, 0xB6, 0x66, 0x66, 0x66, 0x40, 0xC1, 0x0E, 0x27, 0x99, 0x99,
    0x30, 0x0C, 0x23, 0xD3, 0xB5, 0x33, 0xB5, 0x00, 0xC2, 0xD8, 0x0B, 0x20, 0x0A, 0x50, 0x0D, 0x10,
    0x00, 0xBB, 0xBB, 0xE5, 0x00, 0xD1, 0x00, 0x0C, 0x31, 0x1A, 0x50, 0x03, 0x00, 0x00, 0x20, 0x00,
    0x10, 0x00, 0x1E, 0xDD, 0xDD, 0xED, 0xDD, 0xDE, 0x30, 0x00, 0x00, 0x0D, 0x20, 0x00, 0x00, 0x03,
    0x66, 0x66, 0xE8, 0x66, 0x65, 0x00, 0x6C, 0x77, 0x7E, 0x87, 0x79, 0xB0, 0x06, 0xA3, 0x80, 0xD3,
    0x91, 0x4B, 0x00, 0x6A, 0x1B, 0x4D, 0x27, 0xB4, 0xB0, 0x06, 0xA0, 0x00, 0xD2, 0x00, 0x4B, 0x00,
    0x6A, 0x79, 0x0D, 0x3C, 0x34, 0xB0, 0x06, 0xA0, 0x92, 0xD2, 0x48, 0x4B, 0x00, 0x6A, 0x00, 0x0D,
    0x20, 0x16, 0xB0, 0x06, 0x90, 0x00, 0x71, 0x06, 0xE6, 0x00, 0x00, 0x00, 0x00, 0x00, 0x00, 0x00,
    0x00, 0x22, 0x22, 0x22, 0x22, 0x21, 0x00, 0x0A, 0x99, 0x9E, 0xA9, 0x9A, 0x30, 0x06, 0x77, 0x77,
    0xE7, 0x77, 0x77, 0x10, 0xD5, 0x44, 0x4E, 0x54, 0x44, 0xD2, 0x0C, 0x2B, 0xB3, 0xD5, 0xBB, 0x3B,
    0x20, 0x01, 0x55, 0x2D, 0x35, 0x53, 0x00, 0x00, 0x16, 0x63, 0x52, 0x66, 0x30, 0x00, 0x09, 0x99,
    0x99, 0x99, 0x99, 0x10, 0x00, 0x22, 0x22, 0x22, 0x22, 0xE1, 0x00, 0x08, 0xBB, 0xBB, 0xBB, 0xBF,
    0x10, 0x00, 0x22, 0x22, 0x22, 0x22, 0xE1, 0x00, 0x09, 0x99, 0x99, 0x99, 0x9F, 0x10, 0x00, 0x00,
    0x00, 0x00, 0x00, 0x30, 0x00, 0x00, 0x45, 0x55, 0x55, 0x55, 0x40, 0x00, 0x06, 0x77, 0x7E, 0x77,
    0x76, 0x00, 0x0B, 0xBB, 0xBB, 0xFB, 0xBB, 0xBA, 0x00, 0xE4, 0x88, 0x1E, 0x38, 0x83, 0xE0, 0x05,
    0x24, 0x41, 0xE1, 0x44, 0x14, 0x00, 0x06, 0xBB, 0x5D, 0x4B, 0xB3, 0x00, 0x00, 0x00, 0x5D, 0xAA,
    0x10, 0x00, 0x00, 0x15, 0xBB, 0x68, 0x5D, 0x95, 0x20, 0x2E, 0xAA, 0x67, 0xB6, 0x69, 0xCE, 0x20,
    0x10, 0x76, 0x66, 0xCA, 0x00, 0x00, 0x00, 0x00, 0x8B, 0x9B, 0x00, 0x00, 0x00, 0x00, 0x00, 0x4A,
    0xE8, 0x00, 0x00, 0x00, 0x00, 0x00, 0x01, 0x30, 0x00, 0x00, 0x01, 0x43, 0x33, 0x33, 0x33, 0x41,
    0x00, 0x18, 0x88, 0x8F, 0x88, 0x88, 0x20, 0x29, 0x99, 0x99, 0xF9, 0x99, 0x99, 0x23, 0xD3, 0x55,
    0x3F, 0x35, 0x53, 0xD3, 0x29, 0x38, 0x81, 0xF2, 0x88, 0x39, 0x20, 0x04, 0xAA, 0x1F, 0x2A, 0xA4,
    0x00, 0x00, 0x55, 0x55, 0xB5, 0x55, 0x40, 0x00, 0x0E, 0x88, 0x8F, 0x88, 0x9D, 0x00, 0x00, 0xE5,
    0x44, 0xF4, 0x46, 0xC0, 0x00, 0x0E, 0x87, 0x7F, 0x77, 0x8C, 0x00, 0x00, 0xE5, 0x44, 0xF4, 0x45,
    0xC0, 0x00, 0x0E, 0x88, 0x88, 0x88, 0x9D, 0x00, 0x00, 0x50, 0x00, 0x00, 0x01, 0x40, 0x00, 0x00,
    0x04, 0x00, 0x00, 0x00, 0x00, 0x00, 0x01, 0xD0, 0x07, 0x88, 0x88, 0x82, 0x38, 0x8E, 0x99, 0x33,
    0xA7, 0x23, 0x11, 0x44, 0xD4, 0x41, 0x2C, 0x42, 0x20, 0x09, 0x1D, 0x18, 0x5D, 0x99, 0xBB, 0x00,
    0xD1, 0xD1, 0xC5, 0x93, 0x44, 0xA0, 0x0D, 0x1D, 0x1C, 0x49, 0x69, 0x4A, 0x00, 0xFC, 0xFC, 0xC5,
    0x96, 0x74, 0xA0, 0x02, 0x1D, 0x18, 0x59, 0x86, 0x4B, 0x00, 0x01, 0xD1, 0x22, 0x5D, 0x34, 0x60,
    0x00, 0x2E, 0xD6, 0x0A, 0x85, 0xD4, 0x00, 0x05, 0xC3, 0x1C, 0x80, 0x04, 0xE2, 0x00, 0x00, 0x00,
    0x20, 0x00, 0x01, 0x00, 0x00, 0x11, 0x11, 0x11, 0x11, 0x00, 0x00, 0x0D, 0xDD, 0xDD, 0xDD, 0xE5,
    0x00, 0x00, 0xD1, 0x00, 0x00, 0x0A, 0x50, 0x00, 0x0D, 0x15, 0x00, 0x84, 0xA4, 0x00, 0x00, 0xD1,
    0xB5, 0x0D, 0x2A, 0x40, 0x00, 0x0E, 0x01, 0xD7, 0xA0, 0xA4, 0x00, 0x00, 0xE0, 0x04, 0xF3, 0x09,
    0x50, 0x00, 0x1D, 0x00, 0x7E, 0x80, 0x95, 0x00, 0x03, 0xB0, 0x5C, 0x2E, 0x27, 0x70, 0x00, 0x78,
    0x5D, 0x20, 0x79, 0x5A, 0x31, 0x0C, 0x32, 0x20, 0x01, 0x21, 0xEB, 0x74, 0xB0, 0x00, 0x00, 0x00,
    0x09, 0xE2, 0x01, 0x00, 0x00, 0x00, 0x00, 0x01, 0x00, 0x00, 0x00, 0x00, 0x00, 0x00, 0x00, 0x01,
    0xBC, 0xCD, 0xB4, 0xEB, 0xBD, 0x40, 0x03, 0x87, 0xA3, 0x3B, 0x03, 0xA3, 0x00, 0xEB, 0xBC, 0xD5,
    0xD5, 0xAC, 0x30, 0x0D, 0x88, 0xBB, 0x5C, 0xBC, 0xA3, 0x00, 0x77, 0x77, 0x74, 0xAB, 0xAA, 0x30,
    0x06, 0xBB, 0xB8, 0x3A, 0x88, 0xA3, 0x00, 0x44, 0x44, 0x45, 0x8B, 0xAA, 0x30, 0x07, 0x7D, 0x77,
    0x88, 0xBC, 0xA3, 0x00, 0x84, 0xB7, 0x7B, 0xA6, 0x9B, 0x74, 0x3B, 0x0C, 0x18, 0xD1, 0x10, 0x4D,
    0x70, 0x18, 0xB0, 0x77, 0x00, 0x00, 0xC4, 0x00, 0x00, 0x00, 0x00, 0x00, 0x00, 0x00, 0x00, 0x00,
    0x03, 0x70, 0x00, 0x00, 0x00, 0x00, 0x01, 0xCD, 0x60, 0x00, 0x00, 0x00, 0x00, 0xB9, 0x4C, 0x60,
    0x00, 0x00, 0x01, 0xB9, 0x3D, 0x1C, 0xA2, 0x00, 0x06, 0xDE, 0x99, 0xA9, 0xAD, 0xEB, 0x23, 0xC3,
    0xE4, 0x33, 0x37, 0xA1, 0x70, 0x00, 0x0E, 0xCC, 0xCC, 0xDA, 0x00, 0x00, 0x00, 0xE4, 0x33, 0x37,
    0xA0, 0x00, 0x00, 0x0E, 0xA9, 0x99, 0x97, 0x30, 0x00, 0x00, 0xE1, 0x1C, 0x72, 0xC9, 0x00, 0x00,
    0x0E, 0x48, 0x29, 0xFC, 0x10, 0x00, 0x02, 0xFC, 0x80, 0x02, 0xAE, 0x10, 0x00, 0x03, 0x00, 0x00,
    0x00, 0x10, 0x00, 0x00, 0x41, 0x00, 0x00, 0x00, 0x00, 0x00, 0x0D, 0x40, 0x06, 0x79, 0xBE, 0x70,
    0x04, 0xD2, 0x21, 0xE6, 0x53, 0x20, 0x00, 0xBB, 0xAD, 0x6D, 0x00, 0x00, 0x00, 0x5C, 0x00, 0xD1,
    0xDB, 0xBB, 0xB6, 0x02, 0x38, 0x42, 0x0E, 0x96, 0x0B, 0x50, 0x00, 0x95, 0x00, 0xE6, 0x90, 0xE2,
    0x00, 0x09, 0x40, 0x1D, 0x2D, 0x4C, 0x00, 0x00, 0x96, 0xB5, 0xB0, 0xCD, 0x60, 0x00, 0x09, 0xE5,
    0xA6, 0x08, 0xF2, 0x00, 0x00, 0xD7, 0x3E, 0x16, 0xD9, 0xD3, 0x00, 0x03, 0x0A, 0x69, 0xC2, 0x07,
    0xE2, 0x00, 0x00, 0x00, 0x20, 0x00, 0x01, 0x00, 0x00, 0x00, 0x00, 0x02, 0x58, 0x00, 0x00, 0x0A,
    0xBC, 0xDE, 0xB9, 0x83, 0x00, 0x00, 0x22, 0x11, 0xC0, 0x00, 0x00, 0x00, 0xCB, 0xBB, 0xCE, 0xCB,
    0xBB, 0xA0, 0x00, 0x01, 0xB7, 0xCA, 0x90, 0x00, 0x00, 0x17, 0xD4, 0x1C, 0x0A, 0xB2, 0x00, 0x1C,
    0x97, 0x66, 0xD6, 0x6C, 0xEB, 0x10, 0x03, 0xC6, 0x66, 0x66, 0xF1, 0x40, 0x00, 0x2C, 0x55, 0x55,
    0x5E, 0x00, 0x00, 0x02, 0xC6, 0x66, 0x66, 0xE0, 0x00, 0x00, 0x2C, 0x55, 0x55, 0x5E, 0x00, 0x00,
    0x02, 0xC6, 0x66, 0x66, 0xE0, 0x00, 0x00, 0x02, 0x00, 0x00, 0x02, 0x00, 0x00, 0x00, 0x00, 0x02,
    0x70, 0x00, 0x00, 0x01, 0x54, 0x44, 0x6F, 0x54, 0x44, 0x51, 0x18, 0x88, 0x88, 0x88, 0x88, 0x88,
    0x10, 0x02, 0xBB, 0xBB, 0xBB, 0xB0, 0x00, 0x00, 0x2D, 0x11, 0x11, 0x1E, 0x00, 0x00, 0x01, 0xBB,
    0xBB, 0xBB, 0xB0, 0x00, 0x05, 0x77, 0x77, 0x77, 0x77, 0x76, 0x00, 0xB7, 0x44, 0x44, 0x44, 0x46,
    0xD0, 0x0B, 0x40, 0xCB, 0xBB, 0xC2, 0x2C, 0x00, 0xB4, 0x0D, 0x22, 0x2D, 0x22, 0xC0, 0x0B, 0x40,
    0x99, 0x99, 0x91, 0x2C, 0x00, 0xB4, 0x00, 0x00, 0x00, 0x3D, 0xA0, 0x02, 0x10, 0x00, 0x00, 0x00,
    0x30, 0x00, 0x00, 0x03, 0x30, 0x00, 0x00, 0x00, 0x00, 0x00, 0xBA, 0x00, 0x00, 0x00, 0x00, 0x00,
    0x0A, 0x90, 0x00, 0x00, 0x00, 0x00, 0x00, 0xA8, 0x00, 0x00, 0x00, 0x00, 0x00, 0x09, 0x80, 0x00,
    0x00, 0x00, 0x00, 0x00, 0x87, 0x00, 0x00, 0x00, 0x00, 0x00, 0x06, 0x50, 0x00, 0x00, 0x00, 0x00,
    0x00, 0x00, 0x00, 0x00, 0x00, 0x00, 0x00, 0x06, 0x50, 0x00, 0x00, 0x00, 0x00, 0x00, 0xCA, 0x00,
    0x00, 0x00, 0x00, 0x00, 0x00, 0x00, 0x00, 0x00, 0x11, 0x00, 0x00, 0x00, 0x00, 0x00, 0x1C, 0x40,
    0x00, 0x00, 0x00, 0x00, 0x0B, 0x40, 0x00, 0x00, 0x00, 0x00, 0x06, 0x80, 0x00, 0x00, 0x00, 0x00,
    0x00, 0xC1, 0x00, 0x00, 0x00, 0x00, 0x00, 0x0C, 0x00, 0x00, 0x00, 0x00, 0x00, 0x00, 0xC0, 0x00,
    0x00, 0x00, 0x00, 0x00, 0x0C, 0x10, 0x00, 0x00, 0x00, 0x00, 0x00, 0x86, 0x00, 0x00, 0x00, 0x00,
    0x00, 0x01, 0xD2, 0x00, 0x00, 0x00, 0x00, 0x00, 0x04, 0xD3, 0x00, 0x00, 0x00, 0x00, 0x00, 0x03,
    0x20, 0x01, 0x10, 0x00, 0x00, 0x00, 0x00, 0x00, 0x4C, 0x10, 0x00, 0x00, 0x00, 0x00, 0x00, 0x4B,
    0x00, 0x00, 0x00, 0x00, 0x00, 0x00, 0x77, 0x00, 0x00, 0x00, 0x00, 0x00, 0x01, 0xC0, 0x00, 0x00,
    0x00, 0x00, 0x00, 0x0C, 0x00, 0x00, 0x00, 0x00, 0x00, 0x00, 0xC0, 0x00, 0x00, 0x00, 0x00, 0x00,
    0x0D, 0x00, 0x00, 0x00, 0x00, 0x00, 0x05, 0x90, 0x00, 0x00, 0x00, 0x00, 0x02, 0xD2, 0x00, 0x00,
    0x00, 0x00, 0x02, 0xD4, 0x00, 0x00, 0x00, 0x00, 0x00, 0x13, 0x00, 0x00, 0x00, 0x00, 0x00, 0x03,
    0xE9, 0x00, 0x00, 0x00, 0x00, 0x00, 0x3F, 0x90, 0x00, 0x00, 0x00, 0x00, 0x00, 0x67, 0x00, 0x00,
    0x00, 0x00, 0x00, 0x0A, 0x10, 0x00, 0x00, 0x00, 0x00, 0x00, 0x8E, 0x10, 0x00, 0x00, 0x00, 0x00,
    0x06, 0xB1, 0x00, 0x00, 0x00, 0x00, 0x00, 0x00, 0x00, 0x00, 0x00, 0x00, 0x00, 0x06, 0xA1, 0x00,
    0x00, 0x00, 0x00, 0x00, 0x8F, 0x20, 0x00, 0x00, 0x00, 0x00, 0x00, 0x8E, 0x10, 0x00, 0x00, 0x00,
    0x00, 0x06, 0xB1, 0x00, 0x00, 0x00, 0x00, 0x00, 0x00, 0x00, 0x00, 0x00, 0x00, 0x00, 0x06, 0xB1,
    0x00, 0x00, 0x00, 0x00, 0x00, 0x8F, 0x20, 0x00, 0x00, 0x00, 0x00, 0x00, 0xD1, 0x00, 0x00, 0x00,
    0x00, 0x00, 0x66, 0x00, 0x00, 0x00, 0x00, 0x00, 0x00, 0x03, 0x51, 0x00, 0x00, 0x00, 0x00, 0x08,
    0xCB, 0xC0, 0x00, 0x00, 0x00, 0x00, 0xE1, 0x0B, 0x40, 0x00, 0x00, 0x00, 0x03, 0x00, 0xD2, 0x00,
    0x00, 0x00, 0x00, 0x00, 0x8A, 0x00, 0x00, 0x00, 0x00, 0x00, 0x3C, 0x10, 0x00, 0x00, 0x00, 0x00,
    0x09, 0x60, 0x00, 0x00, 0x00, 0x00, 0x00, 0x52, 0x00, 0x00, 0x00, 0x00, 0x00, 0x06, 0x40, 0x00,
    0x00, 0x00, 0x00, 0x00, 0xE8, 0x00, 0x00, 0x00, 0x00,
};

static const lv_font_fmt_txt_glyph_dsc_t my_font_13_glyph_dsc[] = {
    {.bitmap_index = 0, .adv_w = 0, .box_w = 0, .box_h = 0, .ofs_x = 0, .ofs_y = 0},
    {.bitmap_index = 0, .adv_w = 0, .box_w = 0, .box_h = 0, .ofs_x = 0, .ofs_y = 0},
    {.bitmap_index = 0, .adv_w = 112, .box_w = 7, .box_h = 10, .ofs_x = 0, .ofs_y = 0},
    {.bitmap_index = 35, .adv_w = 112, .box_w = 7, .box_h = 10, .ofs_x = 0, .ofs_y = 0},
    {.bitmap_index = 70, .adv_w = 112, .box_w = 7, .box_h = 9, .ofs_x = 0, .ofs_y = 0},
    {.bitmap_index = 102, .adv_w = 112, .box_w = 7, .box_h = 12, .ofs_x = 0, .ofs_y = -2},
    {.bitmap_index = 144, .adv_w = 112, .box_w = 7, .box_h = 10, .ofs_x = 0, .ofs_y = 0},
    {.bitmap_index = 179, .adv_w = 112, .box_w = 7, .box_h = 10, .ofs_x = 0, .ofs_y = 0},
    {.bitmap_index = 214, .adv_w = 112, .box_w = 7, .box_h = 10, .ofs_x = 0, .ofs_y = 0},
    {.bitmap_index = 249, .adv_w = 112, .box_w = 7, .box_h = 12, .ofs_x = 0, .ofs_y = -1},
    {.bitmap_index = 291, .adv_w = 112, .box_w = 7, .box_h = 12, .ofs_x = 0, .ofs_y = -1},
    {.bitmap_index = 333, .adv_w = 112, .box_w = 7, .box_h = 10, .ofs_x = 0, .ofs_y = 0},
    {.bitmap_index = 368, .adv_w = 112, .box_w = 7, .box_h = 8, .ofs_x = 0, .ofs_y = 0},
    {.bitmap_index = 396, .adv_w = 112, .box_w = 7, .box_h = 4, .ofs_x = 0, .ofs_y = -2},
    {.bitmap_index = 410, .adv_w = 112, .box_w = 7, .box_h = 6, .ofs_x = 0, .ofs_y = 0},
    {.bitmap_index = 431, .adv_w = 112, .box_w = 7, .box_h = 2, .ofs_x = 0, .ofs_y = 0},
    {.bitmap_index = 438, .adv_w = 112, .box_w = 7, .box_h = 11, .ofs_x = 0, .ofs_y = -1},
    {.bitmap_index = 477, .adv_w = 112, .box_w = 7, .box_h = 11, .ofs_x = 0, .ofs_y = -1},
    {.bitmap_index = 516, .adv_w = 112, .box_w = 7, .box_h = 10, .ofs_x = 0, .ofs_y = 0},
    {.bitmap_index = 551, .adv_w = 112, .box_w = 7, .box_h = 10, .ofs_x = 0, .ofs_y = 0},
    {.bitmap_index = 586, .adv_w = 112, .box_w = 7, .box_h = 10, .ofs_x = 0, .ofs_y = 0},
    {.bitmap_index = 621, .adv_w = 112, .box_w = 7, .box_h = 10, .ofs_x = 0, .ofs_y = 0},
    {.bitmap_index = 656, .adv_w = 112, .box_w = 7, .box_h = 9, .ofs_x = 0, .ofs_y = 0},
    {.bitmap_index = 688, .adv_w = 112, .box_w = 7, .box_h = 10, .ofs_x = 0, .ofs_y = 0},
    {.bitmap_index = 723, .adv_w = 112, .box_w = 7, .box_h = 9, .ofs_x = 0, .ofs_y = 0},
    {.bitmap_index = 755, .adv_w = 112, .box_w = 7, .box_h = 10, .ofs_x = 0, .ofs_y = 0},
    {.bitmap_index = 790, .adv_w = 112, .box_w = 7, .box_h = 10, .ofs_x = 0, .ofs_y = 0},
    {.bitmap_index = 825, .adv_w = 112, .box_w = 7, .box_h = 7, .ofs_x = 0, .ofs_y = 0},
    {.bitmap_index = 850, .adv_w = 112, .box_w = 7, .box_h = 9, .ofs_x = 0, .ofs_y = -2},
    {.bitmap_index = 882, .adv_w = 112, .box_w = 7, .box_h = 11, .ofs_x = 0, .ofs_y = -1},
    {.bitmap_index = 921, .adv_w = 112, .box_w = 7, .box_h = 7, .ofs_x = 0, .ofs_y = 0},
    {.bitmap_index = 946, .adv_w = 112, .box_w = 7, .box_h = 11, .ofs_x = 0, .ofs_y = -1},
    {.bitmap_index = 985, .adv_w = 112, .box_w = 7, .box_h = 10, .ofs_x = 0, .ofs_y = 0},
    {.bitmap_index = 1020, .adv_w = 112, .box_w = 7, .box_h = 10, .ofs_x = 0, .ofs_y = 0},
    {.bitmap_index = 1055, .adv_w = 112, .box_w = 7, .box_h = 10, .ofs_x = 0, .ofs_y = 0},
    {.bitmap_index = 1090, .adv_w = 112, .box_w = 7, .box_h = 9, .ofs_x = 0, .ofs_y = 0},
    {.bitmap_index = 1122, .adv_w = 112, .box_w = 7, .box_h = 10, .ofs_x = 0, .ofs_y = 0},
    {.bitmap_index = 1157, .adv_w = 112, .box_w = 7, .box_h = 9, .ofs_x = 0, .ofs_y = 0},
    {.bitmap_index = 1189, .adv_w = 112, .box_w = 7, .box_h = 9, .ofs_x = 0, .ofs_y = 0},
    {.bitmap_index = 1221, .adv_w = 112, .box_w = 7, .box_h = 9, .ofs_x = 0, .ofs_y = 0},
    {.bitmap_index = 1253, .adv_w = 112, .box_w = 7, .box_h = 10, .ofs_x = 0, .ofs_y = 0},
    {.bitmap_index = 1288, .adv_w = 112, .box_w = 7, .box_h = 9, .ofs_x = 0, .ofs_y = 0},
    {.bitmap_index = 1320, .adv_w = 112, .box_w = 7, .box_h = 9, .ofs_x = 0, .ofs_y = 0},
    {.bitmap_index = 1352, .adv_w = 112, .box_w = 7, .box_h = 9, .ofs_x = 0, .ofs_y = 0},
    {.bitmap_index = 1384, .adv_w = 112, .box_w = 7, .box_h = 9, .ofs_x = 0, .ofs_y = 0},
    {.bitmap_index = 1416, .adv_w = 112, .box_w = 7, .box_h = 9, .ofs_x = 0, .ofs_y = 0},
    {.bitmap_index = 1448, .adv_w = 112, .box_w = 7, .box_h = 9, .ofs_x = 0, .ofs_y = 0},
    {.bitmap_index = 1480, .adv_w = 112, .box_w = 7, .box_h = 9, .ofs_x = 0, .ofs_y = 0},
    {.bitmap_index = 1512, .adv_w = 112, .box_w = 7, .box_h = 10, .ofs_x = 0, .ofs_y = 0},
    {.bitmap_index = 1547, .adv_w = 112, .box_w = 7, .box_h = 9, .ofs_x = 0, .ofs_y = 0},
    {.bitmap_index = 1579, .adv_w = 112, .box_w = 7, .box_h = 11, .ofs_x = 0, .ofs_y = -1},
    {.bitmap_index = 1618, .adv_w = 112, .box_w = 7, .box_h = 9, .ofs_x = 0, .ofs_y = 0},
    {.bitmap_index = 1650, .adv_w = 112, .box_w = 7, .box_h = 10, .ofs_x = 0, .ofs_y = 0},
    {.bitmap_index = 1685, .adv_w = 112, .box_w = 7, .box_h = 9, .ofs_x = 0, .ofs_y = 0},
    {.bitmap_index = 1717, .adv_w = 112, .box_w = 7, .box_h = 9, .ofs_x = 0, .ofs_y = 0},
    {.bitmap_index = 1749, .adv_w = 112, .box_w = 7, .box_h = 9, .ofs_x = 0, .ofs_y = 0},
    {.bitmap_index = 1781, .adv_w = 112, .box_w = 7, .box_h = 9, .ofs_x = 0, .ofs_y = 0},
    {.bitmap_index = 1813, .adv_w = 112, .box_w = 7, .box_h = 9, .ofs_x = 0, .ofs_y = 0},
    {.bitmap_index = 1845, .adv_w = 112, .box_w = 7, .box_h = 9, .ofs_x = 0, .ofs_y = 0},
    {.bitmap_index = 1877, .adv_w = 112, .box_w = 7, .box_h = 9, .ofs_x = 0, .ofs_y = 0},
    {.bitmap_index = 1909, .adv_w = 112, .box_w = 7, .box_h = 13, .ofs_x = 0, .ofs_y = -2},
    {.bitmap_index = 1955, .adv_w = 112, .box_w = 7, .box_h = 12, .ofs_x = 0, .ofs_y = -2},
    {.bitmap_index = 1997, .adv_w = 112, .box_w = 7, .box_h = 13, .ofs_x = 0, .ofs_y = -2},
    {.bitmap_index = 2043, .adv_w = 112, .box_w = 7, .box_h = 11, .ofs_x = 0, .ofs_y = 0},
    {.bitmap_index = 2082, .adv_w = 112, .box_w = 7, .box_h = 2, .ofs_x = 0, .ofs_y = -2},
    {.bitmap_index = 2089, .adv_w = 112, .box_w = 7, .box_h = 11, .ofs_x = 0, .ofs_y = 0},
    {.bitmap_index = 2128, .adv_w = 112, .box_w = 7, .box_h = 7, .ofs_x = 0, .ofs_y = 0},
    {.bitmap_index = 2153, .adv_w = 112, .box_w = 7, .box_h = 9, .ofs_x = 0, .ofs_y = 0},
    {.bitmap_index = 2185, .adv_w = 112, .box_w = 7, .box_h = 7, .ofs_x = 0, .ofs_y = 0},
    {.bitmap_index = 2210, .adv_w = 112, .box_w = 7, .box_h = 9, .ofs_x = 0, .ofs_y = 0},
    {.bitmap_index = 2242, .adv_w = 112, .box_w = 7, .box_h = 7, .ofs_x = 0, .ofs_y = 0},
    {.bitmap_index = 2267, .adv_w = 112, .box_w = 7, .box_h = 10, .ofs_x = 0, .ofs_y = 0},
    {.bitmap_index = 2302, .adv_w = 112, .box_w = 7, .box_h = 9, .ofs_x = 0, .ofs_y = -2},
    {.bitmap_index = 2334, .adv_w = 112, .box_w = 7, .box_h = 9, .ofs_x = 0, .ofs_y = 0},
    {.bitmap_index = 2366, .adv_w = 112, .box_w = 7, .box_h = 9, .ofs_x = 0, .ofs_y = 0},
    {.bitmap_index = 2398, .adv_w = 112, .box_w = 7, .box_h = 11, .ofs_x = 0, .ofs_y = -2},
    {.bitmap_index = 2437, .adv_w = 112, .box_w = 7, .box_h = 9, .ofs_x = 0, .ofs_y = 0},
    {.bitmap_index = 2469, .adv_w = 112, .box_w = 7, .box_h = 9, .ofs_x = 0, .ofs_y = 0},
    {.bitmap_index = 2501, .adv_w = 112, .box_w = 7, .box_h = 7, .ofs_x = 0, .ofs_y = 0},
    {.bitmap_index = 2526, .adv_w = 112, .box_w = 7, .box_h = 7, .ofs_x = 0, .ofs_y = 0},
    {.bitmap_index = 2551, .adv_w = 112, .box_w = 7, .box_h = 7, .ofs_x = 0, .ofs_y = 0},
    {.bitmap_index = 2576, .adv_w = 112, .box_w = 7, .box_h = 9, .ofs_x = 0, .ofs_y = -2},
    {.bitmap_index = 2608, .adv_w = 112, .box_w = 7, .box_h = 9, .ofs_x = 0, .ofs_y = -2},
    {.bitmap_index = 2640, .adv_w = 112, .box_w = 7, .box_h = 7, .ofs_x = 0, .ofs_y = 0},
    {.bitmap_index = 2665, .adv_w = 112, .box_w = 7, .box_h = 7, .ofs_x = 0, .ofs_y = 0},
    {.bitmap_index = 2690, .adv_w = 112, .box_w = 7, .box_h = 8, .ofs_x = 0, .ofs_y = 0},
    {.bitmap_index = 2718, .adv_w = 112, .box_w = 7, .box_h = 6, .ofs_x = 0, .ofs_y = 0},
    {.bitmap_index = 2739, .adv_w = 112, .box_w = 7, .box_h = 6, .ofs_x = 0, .ofs_y = 0},
    {.bitmap_index = 2760, .adv_w = 112, .box_w = 7, .box_h = 6, .ofs_x = 0, .ofs_y = 0},
    {.bitmap_index = 2781, .adv_w = 112, .box_w = 7, .box_h = 6, .ofs_x = 0, .ofs_y = 0},
    {.bitmap_index = 2802, .adv_w = 112, .box_w = 7, .box_h = 8, .ofs_x = 0, .ofs_y = -2},
    {.bitmap_index = 2830, .adv_w = 112, .box_w = 7, .box_h = 6, .ofs_x = 0, .ofs_y = 0},
    {.bitmap_index = 2851, .adv_w = 112, .box_w = 7, .box_h = 13, .ofs_x = 0, .ofs_y = -2},
    {.bitmap_index = 2897, .adv_w = 112, .box_w = 7, .box_h = 14, .ofs_x = 0, .ofs_y = -2},
    {.bitmap_index = 2946, .adv_w = 112, .box_w = 7, .box_h = 13, .ofs_x = 0, .ofs_y = -2},
    {.bitmap_index = 2992, .adv_w = 112, .box_w = 7, .box_h = 12, .ofs_x = 0, .ofs_y = 0},
    {.bitmap_index = 3034, .adv_w = 208, .box_w = 13, .box_h = 6, .ofs_x = 0, .ofs_y = 0},
    {.bitmap_index = 3073, .adv_w = 208, .box_w = 13, .box_h = 6, .ofs_x = 0, .ofs_y = 0},
    {.bitmap_index = 3112, .adv_w = 208, .box_w = 13, .box_h = 11, .ofs_x = 0, .ofs_y = 0},
    {.bitmap_index = 3184, .adv_w = 208, .box_w = 13, .box_h = 11, .ofs_x = 0, .ofs_y = 0},
    {.bitmap_index = 3256, .adv_w = 208, .box_w = 13, .box_h = 11, .ofs_x = 0, .ofs_y = 0},
    {.bitmap_index = 3328, .adv_w = 208, .box_w = 13, .box_h = 11, .ofs_x = 0, .ofs_y = 0},
    {.bitmap_index = 3400, .adv_w = 208, .box_w = 13, .box_h = 6, .ofs_x = 0, .ofs_y = 0},
    {.bitmap_index = 3439, .adv_w = 208, .box_w = 13, .box_h = 12, .ofs_x = 0, .ofs_y = -1},
    {.bitmap_index = 3517, .adv_w = 208, .box_w = 13, .box_h = 12, .ofs_x = 0, .ofs_y = -1},
    {.bitmap_index = 3595, .adv_w = 208, .box_w = 13, .box_h = 12, .ofs_x = 0, .ofs_y = -1},
    {.bitmap_index = 3673, .adv_w = 208, .box_w = 13, .box_h = 5, .ofs_x = 0, .ofs_y = -1},
    {.bitmap_index = 3706, .adv_w = 208, .box_w = 13, .box_h = 4, .ofs_x = 0, .ofs_y = -1},
    {.bitmap_index = 3732, .adv_w = 208, .box_w = 13, .box_h = 13, .ofs_x = 0, .ofs_y = -2},
    {.bitmap_index = 3817, .adv_w = 208, .box_w = 13, .box_h = 13, .ofs_x = 0, .ofs_y = -2},
    {.bitmap_index = 3902, .adv_w = 208, .box_w = 13, .box_h = 6, .ofs_x = 0, .ofs_y = 0},
    {.bitmap_index = 3941, .adv_w = 208, .box_w = 13, .box_h = 11, .ofs_x = 0, .ofs_y = -1},
    {.bitmap_index = 4013, .adv_w = 208, .box_w = 13, .box_h = 12, .ofs_x = 0, .ofs_y = -1},
    {.bitmap_index = 4091, .adv_w = 208, .box_w = 13, .box_h = 11, .ofs_x = 0, .ofs_y = -1},
    {.bitmap_index = 4163, .adv_w = 208, .box_w = 13, .box_h = 13, .ofs_x = 0, .ofs_y = -2},
    {.bitmap_index = 4248, .adv_w = 208, .box_w = 13, .box_h = 13, .ofs_x = 0, .ofs_y = -2},
    {.bitmap_index = 4333, .adv_w = 208, .box_w = 13, .box_h = 13, .ofs_x = 0, .ofs_y = -2},
    {.bitmap_index = 4418, .adv_w = 208, .box_w = 13, .box_h = 12, .ofs_x = 0, .ofs_y = -1},
    {.bitmap_index = 4496, .adv_w = 208, .box_w = 13, .box_h = 12, .ofs_x = 0, .ofs_y = -2},
    {.bitmap_index = 4574, .adv_w = 208, .box_w = 13, .box_h = 12, .ofs_x = 0, .ofs_y = -2},
    {.bitmap_index = 4652, .adv_w = 208, .box_w = 13, .box_h = 13, .ofs_x = 0, .ofs_y = -2},
    {.bitmap_index = 4737, .adv_w = 208, .box_w = 13, .box_h = 9, .ofs_x = 0, .ofs_y = 0},
    {.bitmap_index = 4796, .adv_w = 208, .box_w = 13, .box_h = 11, .ofs_x = 0, .ofs_y = -1},
    {.bitmap_index = 4868, .adv_w = 208, .box_w = 13, .box_h = 11, .ofs_x = 0, .ofs_y = -1},
    {.bitmap_index = 4940, .adv_w = 208, .box_w = 13, .box_h = 13, .ofs_x = 0, .ofs_y = -2},
    {.bitmap_index = 5025, .adv_w = 208, .box_w = 13, .box_h = 13, .ofs_x = 0, .ofs_y = -2},
    {.bitmap_index = 5110, .adv_w = 208, .box_w = 13, .box_h = 13, .ofs_x = 0, .ofs_y = -2},
    {.bitmap_index = 5195, .adv_w = 208, .box_w = 13, .box_h = 13, .ofs_x = 0, .ofs_y = -2},
    {.bitmap_index = 5280, .adv_w = 208, .box_w = 13, .box_h = 13, .ofs_x = 0, .ofs_y = -2},
    {.bitmap_index = 5365, .adv_w = 208, .box_w = 13, .box_h = 13, .ofs_x = 0, .ofs_y = -2},
    {.bitmap_index = 5450, .adv_w = 208, .box_w = 13, .box_h = 13, .ofs_x = 0, .ofs_y = -2},
    {.bitmap_index = 5535, .adv_w = 208, .box_w = 13, .box_h = 13, .ofs_x = 0, .ofs_y = -2},
    {.bitmap_index = 5620, .adv_w = 208, .box_w = 13, .box_h = 13, .ofs_x = 0, .ofs_y = -2},
    {.bitmap_index = 5705, .adv_w = 208, .box_w = 13, .box_h = 13, .ofs_x = 0, .ofs_y = -2},
    {.bitmap_index = 5790, .adv_w = 208, .box_w = 13, .box_h = 13, .ofs_x = 0, .ofs_y = -2},
    {.bitmap_index = 5875, .adv_w = 208, .box_w = 13, .box_h = 13, .ofs_x = 0, .ofs_y = -2},
    {.bitmap_index = 5960, .adv_w = 208, .box_w = 13, .box_h = 13, .ofs_x = 0, .ofs_y = -2},
    {.bitmap_index = 6045, .adv_w = 208, .box_w = 13, .box_h = 13, .ofs_x = 0, .ofs_y = -2},
    {.bitmap_index = 6130, .adv_w = 208, .box_w = 13, .box_h = 13, .ofs_x = 0, .ofs_y = -2},
    {.bitmap_index = 6215, .adv_w = 208, .box_w = 13, .box_h = 13, .ofs_x = 0, .ofs_y = -2},
    {.bitmap_index = 6300, .adv_w = 208, .box_w = 13, .box_h = 12, .ofs_x = 0, .ofs_y = -1},
    {.bitmap_index = 6378, .adv_w = 208, .box_w = 13, .box_h = 12, .ofs_x = 0, .ofs_y = -2},
    {.bitmap_index = 6456, .adv_w = 208, .box_w = 13, .box_h = 12, .ofs_x = 0, .ofs_y = -2},
    {.bitmap_index = 6534, .adv_w = 208, .box_w = 13, .box_h = 13, .ofs_x = 0, .ofs_y = -2},
    {.bitmap_index = 6619, .adv_w = 208, .box_w = 13, .box_h = 13, .ofs_x = 0, .ofs_y = -2},
    {.bitmap_index = 6704, .adv_w = 208, .box_w = 13, .box_h = 13, .ofs_x = 0, .ofs_y = -2},
    {.bitmap_index = 6789, .adv_w = 208, .box_w = 13, .box_h = 13, .ofs_x = 0, .ofs_y = -2},
    {.bitmap_index = 6874, .adv_w = 208, .box_w = 13, .box_h = 13, .ofs_x = 0, .ofs_y = -2},
    {.bitmap_index = 6959, .adv_w = 208, .box_w = 13, .box_h = 13, .ofs_x = 0, .ofs_y = -2},
    {.bitmap_index = 7044, .adv_w = 208, .box_w = 13, .box_h = 12, .ofs_x = 0, .ofs_y = -2},
    {.bitmap_index = 7122, .adv_w = 208, .box_w = 13, .box_h = 13, .ofs_x = 0, .ofs_y = -2},
    {.bitmap_index = 7207, .adv_w = 208, .box_w = 13, .box_h = 12, .ofs_x = 0, .ofs_y = -2},
    {.bitmap_index = 7285, .adv_w = 208, .box_w = 13, .box_h = 10, .ofs_x = 0, .ofs_y = -1},
    {.bitmap_index = 7350, .adv_w = 208, .box_w = 13, .box_h = 12, .ofs_x = 0, .ofs_y = -2},
    {.bitmap_index = 7428, .adv_w = 208, .box_w = 13, .box_h = 12, .ofs_x = 0, .ofs_y = -2},
    {.bitmap_index = 7506, .adv_w = 208, .box_w = 13, .box_h = 12, .ofs_x = 0, .ofs_y = -1},
    {.bitmap_index = 7584, .adv_w = 208, .box_w = 13, .box_h = 13, .ofs_x = 0, .ofs_y = -2},
    {.bitmap_index = 7669, .adv_w = 208, .box_w = 13, .box_h = 12, .ofs_x = 0, .ofs_y = -2},
    {.bitmap_index = 7747, .adv_w = 208, .box_w = 13, .box_h = 13, .ofs_x = 0, .ofs_y = -2},
    {.bitmap_index = 7832, .adv_w = 208, .box_w = 13, .box_h = 13, .ofs_x = 0, .ofs_y = -2},
    {.bitmap_index = 7917, .adv_w = 208, .box_w = 13, .box_h = 11, .ofs_x = 0, .ofs_y = -1},
    {.bitmap_index = 7989, .adv_w = 208, .box_w = 13, .box_h = 13, .ofs_x = 0, .ofs_y = -2},
    {.bitmap_index = 8074, .adv_w = 208, .box_w = 13, .box_h = 13, .ofs_x = 0, .ofs_y = -2},
    {.bitmap_index = 8159, .adv_w = 208, .box_w = 13, .box_h = 13, .ofs_x = 0, .ofs_y = -2},
    {.bitmap_index = 8244, .adv_w = 208, .box_w = 13, .box_h = 13, .ofs_x = 0, .ofs_y = -2},
    {.bitmap_index = 8329, .adv_w = 208, .box_w = 13, .box_h = 13, .ofs_x = 0, .ofs_y = -2},
    {.bitmap_index = 8414, .adv_w = 208, .box_w = 13, .box_h = 13, .ofs_x = 0, .ofs_y = -2},
    {.bitmap_index = 8499, .adv_w = 208, .box_w = 13, .box_h = 13, .ofs_x = 0, .ofs_y = -2},
    {.bitmap_index = 8584, .adv_w = 208, .box_w = 13, .box_h = 12, .ofs_x = 0, .ofs_y = -1},
    {.bitmap_index = 8662, .adv_w = 208, .box_w = 13, .box_h = 12, .ofs_x = 0, .ofs_y = -2},
    {.bitmap_index = 8740, .adv_w = 208, .box_w = 13, .box_h = 11, .ofs_x = 0, .ofs_y = -1},
    {.bitmap_index = 8812, .adv_w = 208, .box_w = 13, .box_h = 13, .ofs_x = 0, .ofs_y = -2},
    {.bitmap_index = 8897, .adv_w = 208, .box_w = 13, .box_h = 13, .ofs_x = 0, .ofs_y = -2},
    {.bitmap_index = 8982, .adv_w = 208, .box_w = 13, .box_h = 13, .ofs_x = 0, .ofs_y = -2},
    {.bitmap_index = 9067, .adv_w = 208, .box_w = 13, .box_h = 13, .ofs_x = 0, .ofs_y = -2},
    {.bitmap_index = 9152, .adv_w = 208, .box_w = 13, .box_h = 13, .ofs_x = 0, .ofs_y = -2},
    {.bitmap_index = 9237, .adv_w = 208, .box_w = 13, .box_h = 13, .ofs_x = 0, .ofs_y = -2},
    {.bitmap_index = 9322, .adv_w = 208, .box_w = 13, .box_h = 13, .ofs_x = 0, .ofs_y = -2},
    {.bitmap_index = 9407, .adv_w = 208, .box_w = 13, .box_h = 13, .ofs_x = 0, .ofs_y = -2},
    {.bitmap_index = 9492, .adv_w = 208, .box_w = 13, .box_h = 13, .ofs_x = 0, .ofs_y = -2},
    {.bitmap_index = 9577, .adv_w = 208, .box_w = 13, .box_h = 13, .ofs_x = 0, .ofs_y = -2},
    {.bitmap_index = 9662, .adv_w = 208, .box_w = 13, .box_h = 13, .ofs_x = 0, .ofs_y = -2},
    {.bitmap_index = 9747, .adv_w = 208, .box_w = 13, .box_h = 13, .ofs_x = 0, .ofs_y = -2},
    {.bitmap_index = 9832, .adv_w = 208, .box_w = 13, .box_h = 13, .ofs_x = 0, .ofs_y = -2},
    {.bitmap_index = 9917, .adv_w = 208, .box_w = 13, .box_h = 12, .ofs_x = 0, .ofs_y = -2},
    {.bitmap_index = 9995, .adv_w = 208, .box_w = 13, .box_h = 13, .ofs_x = 0, .ofs_y = -2},
    {.bitmap_index = 10080, .adv_w = 208, .box_w = 13, .box_h = 13, .ofs_x = 0, .ofs_y = -2},
    {.bitmap_index = 10165, .adv_w = 208, .box_w = 13, .box_h = 13, .ofs_x = 0, .ofs_y = -2},
    {.bitmap_index = 10250, .adv_w = 208, .box_w = 13, .box_h = 13, .ofs_x = 0, .ofs_y = -2},
    {.bitmap_index = 10335, .adv_w = 208, .box_w = 13, .box_h = 13, .ofs_x = 0, .ofs_y = -2},
    {.bitmap_index = 10420, .adv_w = 208, .box_w = 13, .box_h = 13, .ofs_x = 0, .ofs_y = -2},
    {.bitmap_index = 10505, .adv_w = 208, .box_w = 13, .box_h = 12, .ofs_x = 0, .ofs_y = -2},
    {.bitmap_index = 10583, .adv_w = 208, .box_w = 13, .box_h = 13, .ofs_x = 0, .ofs_y = -2},
    {.bitmap_index = 10668, .adv_w = 208, .box_w = 13, .box_h = 13, .ofs_x = 0, .ofs_y = -2},
    {.bitmap_index = 10753, .adv_w = 208, .box_w = 13, .box_h = 13, .ofs_x = 0, .ofs_y = -2},
    {.bitmap_index = 10838, .adv_w = 208, .box_w = 13, .box_h = 13, .ofs_x = 0, .ofs_y = -2},
    {.bitmap_index = 10923, .adv_w = 208, .box_w = 13, .box_h = 13, .ofs_x = 0, .ofs_y = -2},
    {.bitmap_index = 11008, .adv_w = 208, .box_w = 13, .box_h = 13, .ofs_x = 0, .ofs_y = -2},
    {.bitmap_index = 11093, .adv_w = 208, .box_w = 13, .box_h = 13, .ofs_x = 0, .ofs_y = -2},
    {.bitmap_index = 11178, .adv_w = 208, .box_w = 13, .box_h = 13, .ofs_x = 0, .ofs_y = -2},
    {.bitmap_index = 11263, .adv_w = 208, .box_w = 13, .box_h = 13, .ofs_x = 0, .ofs_y = -2},
    {.bitmap_index = 11348, .adv_w = 208, .box_w = 13, .box_h = 13, .ofs_x = 0, .ofs_y = -2},
    {.bitmap_index = 11433, .adv_w = 208, .box_w = 13, .box_h = 13, .ofs_x = 0, .ofs_y = -2},
    {.bitmap_index = 11518, .adv_w = 208, .box_w = 13, .box_h = 11, .ofs_x = 0, .ofs_y = -1},
    {.bitmap_index = 11590, .adv_w = 208, .box_w = 13, .box_h = 13, .ofs_x = 0, .ofs_y = -2},
    {.bitmap_index = 11675, .adv_w = 208, .box_w = 13, .box_h = 13, .ofs_x = 0, .ofs_y = -2},
    {.bitmap_index = 11760, .adv_w = 208, .box_w = 13, .box_h = 12, .ofs_x = 0, .ofs_y = -2},
    {.bitmap_index = 11838, .adv_w = 208, .box_w = 13, .box_h = 13, .ofs_x = 0, .ofs_y = -2},
    {.bitmap_index = 11923, .adv_w = 208, .box_w = 13, .box_h = 13, .ofs_x = 0, .ofs_y = -2},
    {.bitmap_index = 12008, .adv_w = 208, .box_w = 13, .box_h = 12, .ofs_x = 0, .ofs_y = -2},
    {.bitmap_index = 12086, .adv_w = 208, .box_w = 13, .box_h = 13, .ofs_x = 0, .ofs_y = -2},
    {.bitmap_index = 12171, .adv_w = 208, .box_w = 13, .box_h = 13, .ofs_x = 0, .ofs_y = -2},
    {.bitmap_index = 12256, .adv_w = 208, .box_w = 13, .box_h = 13, .ofs_x = 0, .ofs_y = -2},
    {.bitmap_index = 12341, .adv_w = 208, .box_w = 13, .box_h = 12, .ofs_x = 0, .ofs_y = -1},
    {.bitmap_index = 12419, .adv_w = 208, .box_w = 13, .box_h = 13, .ofs_x = 0, .ofs_y = -2},
    {.bitmap_index = 12504, .adv_w = 208, .box_w = 13, .box_h = 13, .ofs_x = 0, .ofs_y = -2},
    {.bitmap_index = 12589, .adv_w = 208, .box_w = 13, .box_h = 13, .ofs_x = 0, .ofs_y = -2},
    {.bitmap_index = 12674, .adv_w = 208, .box_w = 13, .box_h = 12, .ofs_x = 0, .ofs_y = -1},
    {.bitmap_index = 12752, .adv_w = 208, .box_w = 13, .box_h = 13, .ofs_x = 0, .ofs_y = -2},
    {.bitmap_index = 12837, .adv_w = 208, .box_w = 13, .box_h = 13, .ofs_x = 0, .ofs_y = -2},
    {.bitmap_index = 12922, .adv_w = 208, .box_w = 13, .box_h = 13, .ofs_x = 0, .ofs_y = -2},
    {.bitmap_index = 13007, .adv_w = 208, .box_w = 13, .box_h = 13, .ofs_x = 0, .ofs_y = -2},
    {.bitmap_index = 13092, .adv_w = 208, .box_w = 13, .box_h = 13, .ofs_x = 0, .ofs_y = -2},
    {.bitmap_index = 13177, .adv_w = 208, .box_w = 13, .box_h = 13, .ofs_x = 0, .ofs_y = -2},
    {.bitmap_index = 13262, .adv_w = 208, .box_w = 13, .box_h = 13, .ofs_x = 0, .ofs_y = -2},
    {.bitmap_index = 13347, .adv_w = 208, .box_w = 13, .box_h = 13, .ofs_x = 0, .ofs_y = -2},
    {.bitmap_index = 13432, .adv_w = 208, .box_w = 13, .box_h = 13, .ofs_x = 0, .ofs_y = -2},
    {.bitmap_index = 13517, .adv_w = 208, .box_w = 13, .box_h = 12, .ofs_x = 0, .ofs_y = -2},
    {.bitmap_index = 13595, .adv_w = 208, .box_w = 13, .box_h = 13, .ofs_x = 0, .ofs_y = -2},
    {.bitmap_index = 13680, .adv_w = 208, .box_w = 13, .box_h = 13, .ofs_x = 0, .ofs_y = -2},
    {.bitmap_index = 13765, .adv_w = 208, .box_w = 13, .box_h = 13, .ofs_x = 0, .ofs_y = -2},
    {.bitmap_index = 13850, .adv_w = 208, .box_w = 13, .box_h = 13, .ofs_x = 0, .ofs_y = -2},
    {.bitmap_index = 13935, .adv_w = 208, .box_w = 13, .box_h = 13, .ofs_x = 0, .ofs_y = -2},
    {.bitmap_index = 14020, .adv_w = 208, .box_w = 13, .box_h = 13, .ofs_x = 0, .ofs_y = -2},
    {.bitmap_index = 14105, .adv_w = 208, .box_w = 13, .box_h = 13, .ofs_x = 0, .ofs_y = -2},
    {.bitmap_index = 14190, .adv_w = 208, .box_w = 13, .box_h = 13, .ofs_x = 0, .ofs_y = -2},
    {.bitmap_index = 14275, .adv_w = 208, .box_w = 13, .box_h = 13, .ofs_x = 0, .ofs_y = -2},
    {.bitmap_index = 14360, .adv_w = 208, .box_w = 13, .box_h = 13, .ofs_x = 0, .ofs_y = -2},
    {.bitmap_index = 14445, .adv_w = 208, .box_w = 13, .box_h = 12, .ofs_x = 0, .ofs_y = -2},
    {.bitmap_index = 14523, .adv_w = 208, .box_w = 13, .box_h = 12, .ofs_x = 0, .ofs_y = -2},
    {.bitmap_index = 14601, .adv_w = 208, .box_w = 13, .box_h = 13, .ofs_x = 0, .ofs_y = -2},
    {.bitmap_index = 14686, .adv_w = 208, .box_w = 13, .box_h = 13, .ofs_x = 0, .ofs_y = -2},
    {.bitmap_index = 14771, .adv_w = 208, .box_w = 13, .box_h = 13, .ofs_x = 0, .ofs_y = -2},
    {.bitmap_index = 14856, .adv_w = 208, .box_w = 13, .box_h = 13, .ofs_x = 0, .ofs_y = -2},
    {.bitmap_index = 14941, .adv_w = 208, .box_w = 13, .box_h = 12, .ofs_x = 0, .ofs_y = -1},
    {.bitmap_index = 15019, .adv_w = 208, .box_w = 13, .box_h = 13, .ofs_x = 0, .ofs_y = -2},
    {.bitmap_index = 15104, .adv_w = 208, .box_w = 13, .box_h = 13, .ofs_x = 0, .ofs_y = -2},
    {.bitmap_index = 15189, .adv_w = 208, .box_w = 13, .box_h = 13, .ofs_x = 0, .ofs_y = -2},
    {.bitmap_index = 15274, .adv_w = 208, .box_w = 13, .box_h = 13, .ofs_x = 0, .ofs_y = -2},
    {.bitmap_index = 15359, .adv_w = 208, .box_w = 13, .box_h = 13, .ofs_x = 0, .ofs_y = -2},
    {.bitmap_index = 15444, .adv_w = 208, .box_w = 13, .box_h = 11, .ofs_x = 0, .ofs_y = -1},
    {.bitmap_index = 15516, .adv_w = 208, .box_w = 13, .box_h = 13, .ofs_x = 0, .ofs_y = -2},
    {.bitmap_index = 15601, .adv_w = 208, .box_w = 13, .box_h = 12, .ofs_x = 0, .ofs_y = -1},
    {.bitmap_index = 15679, .adv_w = 208, .box_w = 13, .box_h = 13, .ofs_x = 0, .ofs_y = -2},
    {.bitmap_index = 15764, .adv_w = 208, .box_w = 13, .box_h = 13, .ofs_x = 0, .ofs_y = -2},
    {.bitmap_index = 15849, .adv_w = 208, .box_w = 13, .box_h = 13, .ofs_x = 0, .ofs_y = -2},
    {.bitmap_index = 15934, .adv_w = 208, .box_w = 13, .box_h = 13, .ofs_x = 0, .ofs_y = -2},
    {.bitmap_index = 16019, .adv_w = 208, .box_w = 13, .box_h = 13, .ofs_x = 0, .ofs_y = -2},
    {.bitmap_index = 16104, .adv_w = 208, .box_w = 13, .box_h = 13, .ofs_x = 0, .ofs_y = -2},
    {.bitmap_index = 16189, .adv_w = 208, .box_w = 13, .box_h = 13, .ofs_x = 0, .ofs_y = -2},
    {.bitmap_index = 16274, .adv_w = 208, .box_w = 13, .box_h = 13, .ofs_x = 0, .ofs_y = -2},
    {.bitmap_index = 16359, .adv_w = 208, .box_w = 13, .box_h = 13, .ofs_x = 0, .ofs_y = -2},
    {.bitmap_index = 16444, .adv_w = 208, .box_w = 13, .box_h = 13, .ofs_x = 0, .ofs_y = -2},
    {.bitmap_index = 16529, .adv_w = 208, .box_w = 13, .box_h = 13, .ofs_x = 0, .ofs_y = -2},
    {.bitmap_index = 16614, .adv_w = 208, .box_w = 13, .box_h = 13, .ofs_x = 0, .ofs_y = -2},
    {.bitmap_index = 16699, .adv_w = 208, .box_w = 13, .box_h = 13, .ofs_x = 0, .ofs_y = -2},
    {.bitmap_index = 16784, .adv_w = 208, .box_w = 13, .box_h = 13, .ofs_x = 0, .ofs_y = -2},
    {.bitmap_index = 16869, .adv_w = 208, .box_w = 13, .box_h = 12, .ofs_x = 0, .ofs_y = -1},
    {.bitmap_index = 16947, .adv_w = 208, .box_w = 13, .box_h = 13, .ofs_x = 0, .ofs_y = -2},
    {.bitmap_index = 17032, .adv_w = 208, .box_w = 13, .box_h = 13, .ofs_x = 0, .ofs_y = -2},
    {.bitmap_index = 17117, .adv_w = 208, .box_w = 13, .box_h = 13, .ofs_x = 0, .ofs_y = -2},
    {.bitmap_index = 17202, .adv_w = 208, .box_w = 13, .box_h = 12, .ofs_x = 0, .ofs_y = -1},
    {.bitmap_index = 17280, .adv_w = 208, .box_w = 13, .box_h = 13, .ofs_x = 0, .ofs_y = -2},
    {.bitmap_index = 17365, .adv_w = 208, .box_w = 13, .box_h = 13, .ofs_x = 0, .ofs_y = -2},
    {.bitmap_index = 17450, .adv_w = 208, .box_w = 13, .box_h = 13, .ofs_x = 0, .ofs_y = -2},
    {.bitmap_index = 17535, .adv_w = 208, .box_w = 13, .box_h = 13, .ofs_x = 0, .ofs_y = -2},
    {.bitmap_index = 17620, .adv_w = 208, .box_w = 13, .box_h = 13, .ofs_x = 0, .ofs_y = -2},
    {.bitmap_index = 17705, .adv_w = 208, .box_w = 13, .box_h = 13, .ofs_x = 0, .ofs_y = -2},
    {.bitmap_index = 17790, .adv_w = 208, .box_w = 13, .box_h = 12, .ofs_x = 0, .ofs_y = -1},
    {.bitmap_index = 17868, .adv_w = 208, .box_w = 13, .box_h = 13, .ofs_x = 0, .ofs_y = -2},
    {.bitmap_index = 17953, .adv_w = 208, .box_w = 13, .box_h = 12, .ofs_x = 0, .ofs_y = -2},
    {.bitmap_index = 18031, .adv_w = 208, .box_w = 13, .box_h = 13, .ofs_x = 0, .ofs_y = -2},
    {.bitmap_index = 18116, .adv_w = 208, .box_w = 13, .box_h = 13, .ofs_x = 0, .ofs_y = -2},
    {.bitmap_index = 18201, .adv_w = 208, .box_w = 13, .box_h = 13, .ofs_x = 0, .ofs_y = -2},
    {.bitmap_index = 18286, .adv_w = 208, .box_w = 13, .box_h = 13, .ofs_x = 0, .ofs_y = -2},
    {.bitmap_index = 18371, .adv_w = 208, .box_w = 13, .box_h = 12, .ofs_x = 0, .ofs_y = -1},
    {.bitmap_index = 18449, .adv_w = 208, .box_w = 13, .box_h = 13, .ofs_x = 0, .ofs_y = -2},
    {.bitmap_index = 18534, .adv_w = 208, .box_w = 13, .box_h = 13, .ofs_x = 0, .ofs_y = -2},
    {.bitmap_index = 18619, .adv_w = 208, .box_w = 13, .box_h = 13, .ofs_x = 0, .ofs_y = -2},
    {.bitmap_index = 18704, .adv_w = 208, .box_w = 13, .box_h = 13, .ofs_x = 0, .ofs_y = -2},
    {.bitmap_index = 18789, .adv_w = 208, .box_w = 13, .box_h = 13, .ofs_x = 0, .ofs_y = -2},
    {.bitmap_index = 18874, .adv_w = 208, .box_w = 13, .box_h = 13, .ofs_x = 0, .ofs_y = -2},
    {.bitmap_index = 18959, .adv_w = 208, .box_w = 13, .box_h = 13, .ofs_x = 0, .ofs_y = -2},
    {.bitmap_index = 19044, .adv_w = 208, .box_w = 13, .box_h = 13, .ofs_x = 0, .ofs_y = -2},
    {.bitmap_index = 19129, .adv_w = 208, .box_w = 13, .box_h = 13, .ofs_x = 0, .ofs_y = -2},
    {.bitmap_index = 19214, .adv_w = 208, .box_w = 13, .box_h = 13, .ofs_x = 0, .ofs_y = -2},
    {.bitmap_index = 19299, .adv_w = 208, .box_w = 13, .box_h = 13, .ofs_x = 0, .ofs_y = -2},
    {.bitmap_index = 19384, .adv_w = 208, .box_w = 13, .box_h = 12, .ofs_x = 0, .ofs_y = -1},
    {.bitmap_index = 19462, .adv_w = 208, .box_w = 13, .box_h = 13, .ofs_x = 0, .ofs_y = -2},
    {.bitmap_index = 19547, .adv_w = 208, .box_w = 13, .box_h = 13, .ofs_x = 0, .ofs_y = -2},
    {.bitmap_index = 19632, .adv_w = 208, .box_w = 13, .box_h = 13, .ofs_x = 0, .ofs_y = -2},
    {.bitmap_index = 19717, .adv_w = 208, .box_w = 13, .box_h = 12, .ofs_x = 0, .ofs_y = -2},
    {.bitmap_index = 19795, .adv_w = 208, .box_w = 13, .box_h = 13, .ofs_x = 0, .ofs_y = -2},
    {.bitmap_index = 19880, .adv_w = 208, .box_w = 13, .box_h = 13, .ofs_x = 0, .ofs_y = -2},
    {.bitmap_index = 19965, .adv_w = 208, .box_w = 13, .box_h = 13, .ofs_x = 0, .ofs_y = -2},
    {.bitmap_index = 20050, .adv_w = 208, .box_w = 13, .box_h = 13, .ofs_x = 0, .ofs_y = -2},
    {.bitmap_index = 20135, .adv_w = 208, .box_w = 13, .box_h = 13, .ofs_x = 0, .ofs_y = -2},
    {.bitmap_index = 20220, .adv_w = 208, .box_w = 13, .box_h = 13, .ofs_x = 0, .ofs_y = -2},
    {.bitmap_index = 20305, .adv_w = 208, .box_w = 13, .box_h = 13, .ofs_x = 0, .ofs_y = -2},
    {.bitmap_index = 20390, .adv_w = 208, .box_w = 13, .box_h = 12, .ofs_x = 0, .ofs_y = -2},
    {.bitmap_index = 20468, .adv_w = 208, .box_w = 13, .box_h = 13, .ofs_x = 0, .ofs_y = -2},
    {.bitmap_index = 20553, .adv_w = 208, .box_w = 13, .box_h = 13, .ofs_x = 0, .ofs_y = -2},
    {.bitmap_index = 20638, .adv_w = 208, .box_w = 13, .box_h = 13, .ofs_x = 0, .ofs_y = -2},
    {.bitmap_index = 20723, .adv_w = 208, .box_w = 13, .box_h = 13, .ofs_x = 0, .ofs_y = -2},
    {.bitmap_index = 20808, .adv_w = 208, .box_w = 13, .box_h = 13, .ofs_x = 0, .ofs_y = -2},
    {.bitmap_index = 20893, .adv_w = 208, .box_w = 13, .box_h = 13, .ofs_x = 0, .ofs_y = -2},
    {.bitmap_index = 20978, .adv_w = 208, .box_w = 13, .box_h = 13, .ofs_x = 0, .ofs_y = -2},
    {.bitmap_index = 21063, .adv_w = 208, .box_w = 13, .box_h = 13, .ofs_x = 0, .ofs_y = -2},
    {.bitmap_index = 21148, .adv_w = 208, .box_w = 13, .box_h = 13, .ofs_x = 0, .ofs_y = -2},
    {.bitmap_index = 21233, .adv_w = 208, .box_w = 13, .box_h = 13, .ofs_x = 0, .ofs_y = -2},
    {.bitmap_index = 21318, .adv_w = 208, .box_w = 13, .box_h = 13, .ofs_x = 0, .ofs_y = -2},
    {.bitmap_index = 21403, .adv_w = 208, .box_w = 13, .box_h = 13, .ofs_x = 0, .ofs_y = -2},
    {.bitmap_index = 21488, .adv_w = 208, .box_w = 13, .box_h = 13, .ofs_x = 0, .ofs_y = -2},
    {.bitmap_index = 21573, .adv_w = 208, .box_w = 13, .box_h = 13, .ofs_x = 0, .ofs_y = -2},
    {.bitmap_index = 21658, .adv_w = 208, .box_w = 13, .box_h = 13, .ofs_x = 0, .ofs_y = -2},
    {.bitmap_index = 21743, .adv_w = 208, .box_w = 13, .box_h = 13, .ofs_x = 0, .ofs_y = -2},
    {.bitmap_index = 21828, .adv_w = 208, .box_w = 13, .box_h = 13, .ofs_x = 0, .ofs_y = -2},
    {.bitmap_index = 21913, .adv_w = 208, .box_w = 13, .box_h = 13, .ofs_x = 0, .ofs_y = -2},
    {.bitmap_index = 21998, .adv_w = 208, .box_w = 13, .box_h = 13, .ofs_x = 0, .ofs_y = -2},
    {.bitmap_index = 22083, .adv_w = 208, .box_w = 13, .box_h = 13, .ofs_x = 0, .ofs_y = -2},
    {.bitmap_index = 22168, .adv_w = 208, .box_w = 13, .box_h = 12, .ofs_x = 0, .ofs_y = -1},
    {.bitmap_index = 22246, .adv_w = 208, .box_w = 13, .box_h = 13, .ofs_x = 0, .ofs_y = -2},
    {.bitmap_index = 22331, .adv_w = 208, .box_w = 13, .box_h = 13, .ofs_x = 0, .ofs_y = -2},
    {.bitmap_index = 22416, .adv_w = 208, .box_w = 13, .box_h = 13, .ofs_x = 0, .ofs_y = -2},
    {.bitmap_index = 22501, .adv_w = 208, .box_w = 13, .box_h = 13, .ofs_x = 0, .ofs_y = -2},
    {.bitmap_index = 22586, .adv_w = 208, .box_w = 13, .box_h = 11, .ofs_x = 0, .ofs_y = -1},
    {.bitmap_index = 22658, .adv_w = 208, .box_w = 13, .box_h = 12, .ofs_x = 0, .ofs_y = -1},
    {.bitmap_index = 22736, .adv_w = 208, .box_w = 13, .box_h = 13, .ofs_x = 0, .ofs_y = -2},
    {.bitmap_index = 22821, .adv_w = 208, .box_w = 13, .box_h = 13, .ofs_x = 0, .ofs_y = -2},
    {.bitmap_index = 22906, .adv_w = 208, .box_w = 13, .box_h = 13, .ofs_x = 0, .ofs_y = -2},
    {.bitmap_index = 22991, .adv_w = 208, .box_w = 13, .box_h = 12, .ofs_x = 0, .ofs_y = -2},
    {.bitmap_index = 23069, .adv_w = 208, .box_w = 13, .box_h = 13, .ofs_x = 0, .ofs_y = -2},
    {.bitmap_index = 23154, .adv_w = 208, .box_w = 13, .box_h = 12, .ofs_x = 0, .ofs_y = -2},
    {.bitmap_index = 23232, .adv_w = 208, .box_w = 13, .box_h = 13, .ofs_x = 0, .ofs_y = -2},
    {.bitmap_index = 23317, .adv_w = 208, .box_w = 13, .box_h = 13, .ofs_x = 0, .ofs_y = -2},
    {.bitmap_index = 23402, .adv_w = 208, .box_w = 13, .box_h = 13, .ofs_x = 0, .ofs_y = -2},
    {.bitmap_index = 23487, .adv_w = 208, .box_w = 13, .box_h = 13, .ofs_x = 0, .ofs_y = -2},
    {.bitmap_index = 23572, .adv_w = 208, .box_w = 13, .box_h = 13, .ofs_x = 0, .ofs_y = -2},
    {.bitmap_index = 23657, .adv_w = 208, .box_w = 13, .box_h = 13, .ofs_x = 0, .ofs_y = -2},
    {.bitmap_index = 23742, .adv_w = 208, .box_w = 13, .box_h = 13, .ofs_x = 0, .ofs_y = -2},
    {.bitmap_index = 23827, .adv_w = 208, .box_w = 13, .box_h = 13, .ofs_x = 0, .ofs_y = -2},
    {.bitmap_index = 23912, .adv_w = 208, .box_w = 13, .box_h = 13, .ofs_x = 0, .ofs_y = -2},
    {.bitmap_index = 23997, .adv_w = 208, .box_w = 13, .box_h = 13, .ofs_x = 0, .ofs_y = -2},
    {.bitmap_index = 24082, .adv_w = 208, .box_w = 13, .box_h = 10, .ofs_x = 0, .ofs_y = 0},
    {.bitmap_index = 24147, .adv_w = 208, .box_w = 13, .box_h = 12, .ofs_x = 0, .ofs_y = -1},
    {.bitmap_index = 24225, .adv_w = 208, .box_w = 13, .box_h = 12, .ofs_x = 0, .ofs_y = -1},
    {.bitmap_index = 24303, .adv_w = 208, .box_w = 13, .box_h = 4, .ofs_x = 0, .ofs_y = -2},
    {.bitmap_index = 24329, .adv_w = 208, .box_w = 13, .box_h = 5, .ofs_x = 0, .ofs_y = 0},
    {.bitmap_index = 24362, .adv_w = 208, .box_w = 13, .box_h = 7, .ofs_x = 0, .ofs_y = -2},
    {.bitmap_index = 24408, .adv_w = 208, .box_w = 13, .box_h = 10, .ofs_x = 0, .ofs_y = 0},
};

static const uint16_t my_font_13_unicode_list[] = {
        0x0000, 0x1F5D, 0x1F61, 0x1F62, 0x1F65, 0x1F66, 0x1F6F, 0x204C,
        0x254E, 0x254F, 0x2F4A, 0x2F4B, 0x2F53, 0x2F54, 0x4D49, 0x4D52,
        0x4D53, 0x4D54, 0x4D56, 0x4D83, 0x4D91, 0x4DA8, 0x4DB9, 0x4DCF,
        0x4DD4, 0x4DD5, 0x4DDA, 0x4DDD, 0x4DF7, 0x4E03, 0x4E09, 0x4E13,
        0x4E17, 0x4E35, 0x4E3F, 0x4E63, 0x4EA2, 0x4EA9, 0x4F26, 0x4FA3,
        0x5018, 0x5092, 0x50B1, 0x50B5, 0x50B6, 0x50D6, 0x50E2, 0x50F9,
        0x5143, 0x5163, 0x5174, 0x5179, 0x51F1, 0x52BC, 0x5304, 0x5313,
        0x532C, 0x5333, 0x5338, 0x534C, 0x5351, 0x5355, 0x5356, 0x5357,
        0x5370, 0x5375, 0x5378, 0x5393, 0x53BC, 0x53D5, 0x53DF, 0x5433,
        0x54AA, 0x5624, 0x5627, 0x5629, 0x562B, 0x564F, 0x5651, 0x5671,
        0x57B4, 0x5839, 0x5850, 0x585F, 0x5863, 0x5865, 0x5868, 0x5870,
        0x5872, 0x5873, 0x587A, 0x58A0, 0x58BF, 0x58C6, 0x59A3, 0x5A99,
        0x5AA0, 0x5AA1, 0x5AD1, 0x5AD2, 0x5AEB, 0x5AFF, 0x5B0F, 0x5B42,
        0x5B5A, 0x5B7A, 0x5BCA, 0x5D3B, 0x5D4B, 0x5D6F, 0x5DBC, 0x5DBD,
        0x5DBF, 0x5E49, 0x5EBA, 0x5ECE, 0x5ED1, 0x5F0C, 0x5F22, 0x5F3E,
        0x600E, 0x603C, 0x6058, 0x615A, 0x6180, 0x6194, 0x61DC, 0x62AB,
        0x62EE, 0x64AC, 0x64F9, 0x6529, 0x652E, 0x6532, 0x653F, 0x6557,
        0x6568, 0x6578, 0x65A3, 0x65B8, 0x65BD, 0x65DF, 0x6649, 0x6651,
        0x6652, 0x6668, 0x6675, 0x6683, 0x66AE, 0x66B8, 0x66C7, 0x66E5,
        0x6780, 0x6A90, 0x6AAC, 0x6AAE, 0x6B1D, 0x6B5D, 0x6B7D, 0x6BA8,
        0x6BEA, 0x6C31, 0x6C60, 0x6FB8, 0x7002, 0x7036, 0x717A, 0x7186,
        0x71C2, 0x7274, 0x7336, 0x7468, 0x7471, 0x747E, 0x74A2, 0x75C4,
        0x75C6, 0x75CD, 0x75FA, 0x7652, 0x7654, 0x7689, 0x76AA, 0x772E,
        0x774A, 0x77E0, 0x78B1, 0x7914, 0x7939, 0x79C3, 0x79C8, 0x7A5A,
        0x7A75, 0x7A92, 0x7AFA, 0x7C06, 0x7C13, 0x7C1F, 0x7C70, 0x7C78,
        0x7DEF, 0x7DF3, 0x7DFA, 0x7E1C, 0x7E22, 0x7E9A, 0x8063, 0x8133,
        0x81FA, 0x827F, 0x8325, 0x8795, 0x88CA, 0x890A, 0x8AEB, 0x8B07,
        0x8B0A, 0x8B1E, 0x8B3D, 0x8B40, 0x8C6E, 0x8CB9, 0x8CC0, 0x8CCE,
        0x8D38, 0x8DF4, 0x8EC4, 0x8ED1, 0x8F02, 0x8F21, 0x8F22, 0x8F27,
        0x8F40, 0x8F4B, 0x8F64, 0x8F9C, 0x8FEC, 0x9046, 0x9096, 0x9115,
        0x9116, 0x93E8, 0x9462, 0x9533, 0x957C, 0x95B3, 0x9631, 0x9633,
        0x963F, 0x9640, 0x97C8, 0x9817, 0x9821, 0x9828, 0x98B6, 0x98E2,
        0x9A21, 0xFE4A, 0xFE51, 0xFE52, 0xFE55, 0xFE63, 0xFE64, 0xFE68,
};

static const lv_font_fmt_txt_cmap_t my_font_13_cmaps[] = {
    {
        .range_start = 32, .range_length = 95, .glyph_id_start = 1,
        .unicode_list = NULL, .glyph_id_ofs_list = NULL, .list_length = 0, .type = LV_FONT_FMT_TXT_CMAP_FORMAT0_TINY
    },
    {
        .range_start = 183, .range_length = 65129, .glyph_id_start = 96,
        .unicode_list = my_font_13_unicode_list, .glyph_id_ofs_list = NULL, .list_length = 264,
        .type = LV_FONT_FMT_TXT_CMAP_SPARSE_TINY
    },
};

static lv_font_fmt_txt_glyph_cache_t my_font_13_cache;

static const lv_font_fmt_txt_dsc_t my_font_13_dsc = {
    .glyph_bitmap = my_font_13_glyph_bitmap,
    .glyph_dsc = my_font_13_glyph_dsc,
    .cmaps = my_font_13_cmaps,
    .kern_dsc = NULL,
    .kern_scale = 0,
    .cmap_num = 2,
    .bpp = 4,
    .kern_classes = 0,
    .bitmap_format = 0,
    .cache = &my_font_13_cache
};

const lv_font_t my_font_13 = {
    .get_glyph_dsc = lv_font_get_glyph_dsc_fmt_txt,
    .get_glyph_bitmap = lv_font_get_bitmap_fmt_txt,
    .line_height = 13,
    .base_line = 3,
    .subpx = LV_FONT_SUBPX_NONE,
    .underline_position = -2,
    .underline_thickness = 1,
    .dsc = &my_font_13_dsc,
    .fallback = NULL,
    .user_data = NULL,
};
