#include "lvgl.h"

/* 由 tools/gen_lvgl_font.py 生成：size=18 line_height=18 base_line=4
 * 请勿手工编辑；需要新字时改源文件里的文案后重新运行脚本。
 */

static const uint8_t my_font_18_glyph_bitmap[] = {
    0x00, 0x03, 0x41, 0x00, 0x00, 0x00, 0x9F, 0x50, 0x00, 0x00, 0x08, 0xF4, 0x00, 0x00, 0x00, 0x7F,
    0x30, 0x00, 0x00, 0x06, 0xF2, 0x00, 0x00, 0x00, 0x6F, 0x10, 0x00, 0x00, 0x05, 0xF1, 0x00, 0x00,
    0x00, 0x4F, 0x00, 0x00, 0x00, 0x03, 0xE0, 0x00, 0x00, 0x00, 0x2D, 0x00, 0x00, 0x00, 0x00, 0x10,
    0x00, 0x00, 0x00, 0x46, 0x20, 0x00, 0x00, 0x09, 0xF5, 0x00, 0x00, 0x00, 0x6A, 0x30, 0x00, 0x00,
    0x8A, 0x0A, 0x80, 0x00, 0x09, 0xB0, 0xC8, 0x00, 0x00, 0x99, 0x0C, 0x70, 0x00, 0x08, 0x80, 0xA5,
    0x00, 0x00, 0x00, 0x00, 0x00, 0x00, 0x00, 0x00, 0x00, 0x00, 0x00, 0x00, 0x00, 0x00, 0x00, 0x00,
    0x00, 0x00, 0x00, 0x00, 0x00, 0x00, 0x00, 0x00, 0x00, 0x00, 0x00, 0x00, 0x00, 0x00, 0x00, 0x00,
    0x00, 0x00, 0x00, 0x00, 0x00, 0x00, 0x00, 0x00, 0x00, 0x00, 0x00, 0x16, 0x00, 0x42, 0x00, 0x03,
    0xD0, 0x0C, 0x50, 0x00, 0x5B, 0x00, 0xE3, 0x02, 0x39, 0xB3, 0x4F, 0x41, 0xAF, 0xFF, 0xFF, 0xFF,
    0x71, 0x2C, 0x72, 0x6D, 0x21, 0x00, 0xD4, 0x07, 0xA0, 0x00, 0x0F, 0x20, 0x98, 0x00, 0x9E, 0xFE,
    0xEF, 0xEE, 0x64, 0x9E, 0x66, 0xE9, 0x63, 0x06, 0xB0, 0x0E, 0x30, 0x00, 0x89, 0x01, 0xF1, 0x00,
    0x06, 0x50, 0x29, 0x00, 0x00, 0x00, 0x02, 0xB0, 0x00, 0x00, 0x01, 0x7E, 0x60, 0x00, 0x02, 0xEE,
    0xFF, 0xB0, 0x00, 0x9D, 0x3D, 0x5F, 0x40, 0x0B, 0xB2, 0xD1, 0xC6, 0x00, 0x9E, 0x4D, 0x00, 0x00,
    0x02, 0xEF, 0xD0, 0x00, 0x00, 0x01, 0xAF, 0xD3, 0x00, 0x00, 0x02, 0xEE, 0xE2, 0x00, 0x32, 0x2D,
    0x3F, 0x80, 0x0F, 0x82, 0xD0, 0xE9, 0x00, 0xDB, 0x2D, 0x1F, 0x70, 0x06, 0xFB, 0xEC, 0xE1, 0x00,
    0x05, 0xBF, 0xA2, 0x00, 0x00, 0x02, 0xD0, 0x00, 0x00, 0x00, 0x17, 0x00, 0x00, 0x04, 0x60, 0x00,
    0x22, 0x04, 0xEB, 0x90, 0x09, 0x10, 0x89, 0x4D, 0x01, 0x80, 0x09, 0x83, 0xE0, 0x82, 0x00, 0x89,
    0x3D, 0x19, 0x00, 0x05, 0xC8, 0xB6, 0x30, 0x00, 0x08, 0xB2, 0xA1, 0x73, 0x00, 0x00, 0x55, 0xCA,
    0xE1, 0x00, 0x0A, 0x1F, 0x1C, 0x40, 0x03, 0x72, 0xF0, 0xB5, 0x00, 0x91, 0x1F, 0x0C, 0x50, 0x28,
    0x00, 0xE7, 0xE2, 0x05, 0x20, 0x04, 0xB6, 0x00, 0x00, 0x06, 0x72, 0x00, 0x00, 0x0B, 0xED, 0xE1,
    0x00, 0x03, 0xF3, 0x1F, 0x50, 0x00, 0x4F, 0x11, 0xF4, 0x00, 0x01, 0xF4, 0x9D, 0x10, 0x00, 0x0B,
    0xED, 0x20, 0x00, 0x02, 0xDF, 0x30, 0x00, 0x01, 0xD9, 0xCB, 0x04, 0xA0, 0x7F, 0x13, 0xF8, 0x8D,
    0x08, 0xE0, 0x07, 0xFE, 0x90, 0x6F, 0x30, 0x0B, 0xF9, 0x01, 0xDE, 0x99, 0xFC, 0xF6, 0x01, 0x7B,
    0xB5, 0x05, 0x10, 0x00, 0x07, 0x60, 0x00, 0x00, 0x00, 0xC9, 0x00, 0x00, 0x00, 0x0B, 0x70, 0x00,
    0x00, 0x00, 0xB6, 0x00, 0x00, 0x00, 0x01, 0x10, 0x00, 0x00, 0x00, 0x00, 0x00, 0x00, 0x00, 0x00,
    0x00, 0x00, 0x00, 0x00, 0x00, 0x00, 0x00, 0x00, 0x00, 0x00, 0x00, 0x00, 0x00, 0x00, 0x00, 0x00,
    0x00, 0x00, 0x00, 0x00, 0x00, 0x00, 0x00, 0x00, 0x00, 0x00, 0x00, 0x00, 0x00, 0x00, 0x00, 0x00,
    0x00, 0x00, 0x00, 0x00, 0x00, 0x01, 0xC2, 0x00, 0x00, 0x00, 0xBA, 0x00, 0x00, 0x00, 0x6C, 0x00,
    0x00, 0x00, 0x1E, 0x30, 0x00, 0x00, 0x06, 0xB0, 0x00, 0x00, 0x00, 0xA6, 0x00, 0x00, 0x00, 0x0C,
    0x40, 0x00, 0x00, 0x00, 0xD3, 0x00, 0x00, 0x00, 0x0D, 0x30, 0x00, 0x00, 0x00, 0xB5, 0x00, 0x00,
    0x00, 0x07, 0x90, 0x00, 0x00, 0x00, 0x2E, 0x10, 0x00, 0x00, 0x00, 0x99, 0x00, 0x00, 0x00, 0x01,
    0xE6, 0x00, 0x00, 0x00, 0x03, 0xE2, 0x00, 0x00, 0x00, 0x02, 0x00, 0x00, 0x00, 0x00, 0x00, 0x04,
    0xA0, 0x00, 0x00, 0x00, 0x1C, 0x80, 0x00, 0x00, 0x00, 0x1E, 0x30, 0x00, 0x00, 0x00, 0x6C, 0x00,
    0x00, 0x00, 0x00, 0xE2, 0x00, 0x00, 0x00, 0x09, 0x70, 0x00, 0x00, 0x00, 0x79, 0x00, 0x00, 0x00,
    0x06, 0xA0, 0x00, 0x00, 0x00, 0x6A, 0x00, 0x00, 0x00, 0x08, 0x80, 0x00, 0x00, 0x00, 0xD4, 0x00,
    0x00, 0x00, 0x3E, 0x00, 0x00, 0x00, 0x0C, 0x60, 0x00, 0x00, 0x09, 0xC0, 0x00, 0x00, 0x05, 0xD1,
    0x00, 0x00, 0x00, 0x01, 0x00, 0x00, 0x00, 0x00, 0x00, 0x01, 0x81, 0x00, 0x00, 0x00, 0x2F, 0x20,
    0x00, 0x3A, 0x22, 0xF2, 0x2A, 0x34, 0xDE, 0x7F, 0x7E, 0xD4, 0x00, 0x6E, 0xFE, 0x60, 0x00, 0x3B,
    0xFF, 0xFB, 0x30, 0x6F, 0xB3, 0xF3, 0xBF, 0x61, 0x60, 0x2F, 0x20, 0x61, 0x00, 0x03, 0xF2, 0x00,
    0x00, 0x00, 0x16, 0x10, 0x00, 0x00, 0x00, 0x00, 0x00, 0x00, 0x00, 0x00, 0x00, 0x00, 0x00, 0x00,
    0x00, 0x00, 0x00, 0x00, 0x02, 0x80, 0x00, 0x00, 0x00, 0x3F, 0x00, 0x00, 0x00, 0x03, 0xF0, 0x00,
    0x01, 0x22, 0x4F, 0x22, 0x21, 0xAF, 0xFF, 0xFF, 0xFF, 0x70, 0x00, 0x3F, 0x00, 0x00, 0x00, 0x03,
    0xF0, 0x00, 0x00, 0x00, 0x3F, 0x00, 0x00, 0x00, 0x01, 0x70, 0x00, 0x00, 0x00, 0x00, 0x00, 0x00,
    0x00, 0x00, 0x00, 0x00, 0x00, 0x07, 0xE1, 0x00, 0x00, 0x00, 0x5E, 0x10, 0x00, 0x00, 0x02, 0xA0,
    0x00, 0x00, 0x00, 0x33, 0x00, 0x00, 0x00, 0x12, 0x22, 0x22, 0x22, 0x1A, 0xFF, 0xFF, 0xFF, 0xF6,
    0x00, 0x00, 0x00, 0x00, 0x00, 0x00, 0x00, 0x00, 0x00, 0x00, 0x00, 0x00, 0x00, 0x00, 0x00, 0x00,
    0x00, 0x00, 0x00, 0x00, 0x00, 0x00, 0x00, 0x00, 0x00, 0x00, 0x00, 0x08, 0xE0, 0x00, 0x00, 0x00,
    0x6A, 0x00, 0x00, 0x00, 0x00, 0x00, 0x00, 0x01, 0x00, 0x00, 0x00, 0x00, 0xA3, 0x00, 0x00, 0x00,
    0x3B, 0x00, 0x00, 0x00, 0x0C, 0x20, 0x00, 0x00, 0x05, 0x90, 0x00, 0x00, 0x00, 0xC1, 0x00, 0x00,
    0x00, 0x77, 0x00, 0x00, 0x00, 0x1C, 0x00, 0x00, 0x00, 0x09, 0x50, 0x00, 0x00, 0x02, 0xC0, 0x00,
    0x00, 0x00, 0xB3, 0x00, 0x00, 0x00, 0x4A, 0x00, 0x00, 0x00, 0x0C, 0x20, 0x00, 0x00, 0x06, 0x80,
    0x00, 0x00, 0x00, 0x31, 0x00, 0x00, 0x00, 0x00, 0x00, 0x06, 0x86, 0x00, 0x00, 0x1C, 0xEC, 0xFA,
    0x00, 0x09, 0xE3, 0x04, 0xF5, 0x01, 0xF8, 0x00, 0x0B, 0xB0, 0x3F, 0x40, 0x00, 0x7E, 0x05, 0xF2,
    0x00, 0x06, 0xF0, 0x6F, 0x10, 0x00, 0x5F, 0x15, 0xF1, 0x00, 0x05, 0xF0, 0x4F, 0x30, 0x00, 0x6E,
    0x01, 0xF7, 0x00, 0x0A, 0xB0, 0x0A, 0xD1, 0x02, 0xF7, 0x00, 0x2E, 0xEA, 0xEC, 0x00, 0x00, 0x29,
    0xC8, 0x10, 0x00, 0x00, 0x00, 0x00, 0x00, 0x00, 0x00, 0x63, 0x00, 0x00, 0x00, 0x5F, 0x50, 0x00,
    0x00, 0x6F, 0xF5, 0x00, 0x00, 0x5E, 0x5F, 0x50, 0x00, 0x03, 0x21, 0xF5, 0x00, 0x00, 0x00, 0x1F,
    0x50, 0x00, 0x00, 0x01, 0xF5, 0x00, 0x00, 0x00, 0x1F, 0x50, 0x00, 0x00, 0x01, 0xF5, 0x00, 0x00,
    0x00, 0x1F, 0x50, 0x00, 0x00, 0x01, 0xF5, 0x00, 0x00, 0x00, 0x1F, 0x50, 0x00, 0x00, 0x01, 0x93,
    0x00, 0x00, 0x00, 0x27, 0x97, 0x10, 0x00, 0x4E, 0xEC, 0xEE, 0x20, 0x0E, 0xB1, 0x02, 0xE9, 0x03,
    0xB1, 0x00, 0x0B, 0xB0, 0x00, 0x00, 0x00, 0xD9, 0x00, 0x00, 0x00, 0x5F, 0x40, 0x00, 0x00, 0x1D,
    0xB0, 0x00, 0x00, 0x0A, 0xE2, 0x00, 0x00, 0x07, 0xF4, 0x00, 0x00, 0x05, 0xF6, 0x00, 0x00, 0x04,
    0xF9, 0x00, 0x00, 0x00, 0xEF, 0xBA, 0xAA, 0xA0, 0x19, 0x99, 0x99, 0x98, 0x00, 0x00, 0x16, 0x86,
    0x10, 0x00, 0x1D, 0xDB, 0xEE, 0x20, 0x0A, 0xC0, 0x02, 0xE9, 0x00, 0xA3, 0x00, 0x0B, 0xB0, 0x00,
    0x00, 0x01, 0xD9, 0x00, 0x00, 0x15, 0xCD, 0x10, 0x00, 0x05, 0xEF, 0x80, 0x00, 0x00, 0x00, 0x6F,
    0x70, 0x00, 0x00, 0x00, 0xAD, 0x02, 0x91, 0x00, 0x09, 0xD0, 0x0E, 0x90, 0x01, 0xEA, 0x00, 0x5F,
    0xC9, 0xDE, 0x20, 0x00, 0x39, 0xB8, 0x10, 0x00, 0x00, 0x00, 0x02, 0x70, 0x00, 0x00, 0x00, 0xCF,
    0x00, 0x00, 0x00, 0x7F, 0xF0, 0x00, 0x00, 0x3F, 0xBF, 0x00, 0x00, 0x0D, 0xA6, 0xF0, 0x00, 0x09,
    0xD1, 0x6F, 0x00, 0x04, 0xF4, 0x06, 0xF0, 0x01, 0xD8, 0x00, 0x6F, 0x00, 0x9E, 0x54, 0x48, 0xF4,
    0x3B, 0xEE, 0xEE, 0xEF, 0xE9, 0x00, 0x00, 0x06, 0xF0, 0x00, 0x00, 0x00, 0x6F, 0x00, 0x00, 0x00,
    0x03, 0x80, 0x00, 0x00, 0x55, 0x55, 0x52, 0x00, 0x3F, 0xEE, 0xEE, 0x80, 0x06, 0xE0, 0x00, 0x00,
    0x00, 0xAB, 0x00, 0x00, 0x00, 0x0D, 0x86, 0x63, 0x00, 0x01, 0xFF, 0xDD, 0xFB, 0x10, 0x3C, 0x40,
    0x04, 0xF7, 0x00, 0x00, 0x00, 0x0A, 0xD0, 0x00, 0x00, 0x00, 0x8E, 0x05, 0x70, 0x00, 0x0A, 0xD0,
    0x6E, 0x20, 0x03, 0xF9, 0x01, 0xCE, 0x9A, 0xED, 0x10, 0x01, 0x8B, 0xB7, 0x10, 0x00, 0x00, 0x00,
    0x28, 0x30, 0x00, 0x00, 0x0B, 0xD1, 0x00, 0x00, 0x06, 0xF4, 0x00, 0x00, 0x01, 0xE9, 0x00, 0x00,
    0x00, 0xAE, 0x21, 0x00, 0x00, 0x4F, 0xFF, 0xFB, 0x20, 0x0C, 0xE6, 0x24, 0xCD, 0x12, 0xF7, 0x00,
    0x03, 0xF6, 0x4F, 0x30, 0x00, 0x0F, 0x83, 0xF4, 0x00, 0x01, 0xF7, 0x0E, 0xB0, 0x00, 0x8F, 0x30,
    0x6F, 0xC8, 0xAF, 0x80, 0x00, 0x4A, 0xCA, 0x50, 0x00, 0x15, 0x55, 0x55, 0x55, 0x13, 0xEE, 0xEE,
    0xEE, 0xF4, 0x00, 0x00, 0x00, 0x7E, 0x10, 0x00, 0x00, 0x1E, 0x60, 0x00, 0x00, 0x09, 0xC0, 0x00,
    0x00, 0x01, 0xF5, 0x00, 0x00, 0x00, 0x8D, 0x00, 0x00, 0x00, 0x0E, 0x70, 0x00, 0x00, 0x05, 0xF2,
    0x00, 0x00, 0x00, 0xBB, 0x00, 0x00, 0x00, 0x1F, 0x70, 0x00, 0x00, 0x05, 0xF3, 0x00, 0x00, 0x00,
    0x59, 0x00, 0x00, 0x00, 0x00, 0x26, 0x75, 0x00, 0x00, 0x4F, 0xDC, 0xED, 0x10, 0x0E, 0x90, 0x02,
    0xE8, 0x02, 0xF3, 0x00, 0x0B, 0xA0, 0x0E, 0x70, 0x01, 0xE8, 0x00, 0x7F, 0x98, 0xDD, 0x10, 0x04,
    0xEF, 0xFF, 0x80, 0x01, 0xEB, 0x31, 0x6E, 0x90, 0x6F, 0x10, 0x00, 0x7F, 0x07, 0xF0, 0x00, 0x06,
    0xF1, 0x5F, 0x40, 0x00, 0xBD, 0x01, 0xDE, 0xA9, 0xDF, 0x50, 0x01, 0x7B, 0xBA, 0x40, 0x00, 0x00,
    0x27, 0x85, 0x00, 0x00, 0x7F, 0xED, 0xFC, 0x10, 0x3F, 0x90, 0x05, 0xF9, 0x08, 0xF1, 0x00, 0x0B,
    0xD0, 0x9D, 0x00, 0x00, 0xAE, 0x08, 0xF1, 0x00, 0x1E, 0xA0, 0x3F, 0xB2, 0x2A, 0xF5, 0x00, 0x4E,
    0xFF, 0xFC, 0x00, 0x00, 0x02, 0x8F, 0x40, 0x00, 0x00, 0x1E, 0xB0, 0x00, 0x00, 0x07, 0xF2, 0x00,
    0x00, 0x01, 0xE8, 0x00, 0x00, 0x00, 0x6B, 0x10, 0x00, 0x00, 0x00, 0x03, 0x61, 0x00, 0x00, 0x00,
    0x7F, 0x20, 0x00, 0x00, 0x01, 0x30, 0x00, 0x00, 0x00, 0x00, 0x00, 0x00, 0x00, 0x00, 0x00, 0x00,
    0x00, 0x00, 0x00, 0x00, 0x00, 0x00, 0x00, 0x00, 0x00, 0x00, 0x00, 0x7E, 0x20, 0x00, 0x00, 0x05,
    0xA1, 0x00, 0x00, 0x00, 0x03, 0x61, 0x00, 0x00, 0x00, 0x7F, 0x20, 0x00, 0x00, 0x01, 0x30, 0x00,
    0x00, 0x00, 0x00, 0x00, 0x00, 0x00, 0x00, 0x00, 0x00, 0x00, 0x00, 0x00, 0x00, 0x00, 0x00, 0x00,
    0x00, 0x00, 0x00, 0x00, 0x7E, 0x20, 0x00, 0x00, 0x05, 0xE2, 0x00, 0x00, 0x00, 0x2B, 0x00, 0x00,
    0x00, 0x03, 0x30, 0x00, 0x00, 0x00, 0x00, 0x00, 0x08, 0x10, 0x00, 0x00, 0x1B, 0x90, 0x00, 0x00,
    0x1C, 0x80, 0x00, 0x00, 0x2D, 0x70, 0x00, 0x00, 0x3D, 0x60, 0x00, 0x00, 0x3D, 0x40, 0x00, 0x00,
    0x3E, 0x40, 0x00, 0x00, 0x00, 0x8C, 0x10, 0x00, 0x00, 0x00, 0x6D, 0x20, 0x00, 0x00, 0x00, 0x5D,
    0x30, 0x00, 0x00, 0x00, 0x4E, 0x50, 0x00, 0x00, 0x00, 0x3D, 0x60, 0x00, 0x00, 0x00, 0x2C, 0x10,
    0x00, 0x00, 0x00, 0x00, 0x34, 0x44, 0x44, 0x44, 0x28, 0xDD, 0xDD, 0xDD, 0xD5, 0x00, 0x00, 0x00,
    0x00, 0x00, 0x00, 0x00, 0x00, 0x00, 0x00, 0x00, 0x00, 0x00, 0x0A, 0xFF, 0xFF, 0xFF, 0xF6, 0x12,
    0x22, 0x22, 0x22, 0x10, 0x00, 0x00, 0x00, 0x00, 0x00, 0x00, 0x00, 0x00, 0x00, 0x00, 0x00, 0x00,
    0x00, 0x28, 0x00, 0x00, 0x00, 0x01, 0xBA, 0x00, 0x00, 0x00, 0x00, 0xAB, 0x10, 0x00, 0x00, 0x00,
    0x9C, 0x10, 0x00, 0x00, 0x00, 0x7C, 0x20, 0x00, 0x00, 0x00, 0x6D, 0x20, 0x00, 0x00, 0x00, 0x6E,
    0x10, 0x00, 0x00, 0x2D, 0x60, 0x00, 0x00, 0x4D, 0x50, 0x00, 0x00, 0x5E, 0x40, 0x00, 0x00, 0x6D,
    0x30, 0x00, 0x00, 0x8D, 0x20, 0x00, 0x00, 0x3B, 0x10, 0x00, 0x00, 0x00, 0x00, 0x00, 0x00, 0x00,
    0x00, 0x15, 0x75, 0x00, 0x00, 0x2D, 0xFD, 0xFC, 0x10, 0x0B, 0xE2, 0x05, 0xF7, 0x00, 0xFA, 0x00,
    0x1F, 0xA0, 0x05, 0x30, 0x03, 0xF8, 0x00, 0x00, 0x01, 0xCE, 0x20, 0x00, 0x00, 0xBE, 0x30, 0x00,
    0x00, 0x4F, 0x40, 0x00, 0x00, 0x06, 0xC0, 0x00, 0x00, 0x00, 0x00, 0x00, 0x00, 0x00, 0x00, 0x10,
    0x00, 0x00, 0x00, 0x8F, 0x00, 0x00, 0x00, 0x05, 0xA0, 0x00, 0x00, 0x00, 0x04, 0x76, 0x10, 0x00,
    0x09, 0x61, 0x3A, 0x30, 0x08, 0x30, 0x00, 0x2A, 0x01, 0x90, 0x4C, 0xCB, 0x82, 0x65, 0x2D, 0x18,
    0x86, 0x58, 0x28, 0x80, 0xA5, 0x46, 0x91, 0xD4, 0x0D, 0x35, 0x69, 0x1F, 0x21, 0xE0, 0x74, 0x83,
    0xE3, 0x5D, 0x0B, 0x15, 0x67, 0xEA, 0xCE, 0x50, 0x1A, 0x01, 0x00, 0x00, 0x00, 0x49, 0x10, 0x18,
    0x00, 0x00, 0x28, 0x88, 0x20, 0x00, 0x00, 0x03, 0x82, 0x00, 0x00, 0x00, 0x8F, 0x70, 0x00, 0x00,
    0x0D, 0xFB, 0x00, 0x00, 0x02, 0xFC, 0xF1, 0x00, 0x00, 0x6F, 0x4F, 0x50, 0x00, 0x0B, 0xC0, 0xE9,
    0x00, 0x01, 0xF8, 0x0A, 0xD0, 0x00, 0x4F, 0x96, 0xAF, 0x30, 0x09, 0xFE, 0xEE, 0xF7, 0x00, 0xDB,
    0x00, 0x0D, 0xB0, 0x2F, 0x70, 0x00, 0x9F, 0x17, 0xF3, 0x00, 0x05, 0xF5, 0x79, 0x00, 0x00, 0x1A,
    0x50, 0x16, 0x66, 0x53, 0x00, 0x03, 0xFF, 0xEF, 0xFC, 0x10, 0x3F, 0x60, 0x04, 0xEA, 0x03, 0xF6,
    0x00, 0x0B, 0xE0, 0x3F, 0x60, 0x00, 0xCD, 0x03, 0xF9, 0x55, 0xAF, 0x50, 0x3F, 0xFF, 0xFF, 0xA0,
    0x03, 0xF6, 0x01, 0x5E, 0xB0, 0x3F, 0x60, 0x00, 0x8F, 0x33, 0xF6, 0x00, 0x07, 0xF4, 0x3F, 0x60,
    0x01, 0xCF, 0x13, 0xFC, 0xAB, 0xEF, 0x80, 0x2A, 0xAA, 0x97, 0x30, 0x00, 0x00, 0x04, 0x76, 0x10,
    0x00, 0x09, 0xFD, 0xEE, 0x30, 0x06, 0xF6, 0x01, 0xDD, 0x00, 0xDC, 0x00, 0x06, 0xF3, 0x2F, 0x80,
    0x00, 0x4E, 0x44, 0xF6, 0x00, 0x00, 0x00, 0x5F, 0x50, 0x00, 0x00, 0x05, 0xF5, 0x00, 0x01, 0x21,
    0x4F, 0x60, 0x00, 0x4F, 0x51, 0xF9, 0x00, 0x06, 0xF3, 0x0B, 0xE2, 0x00, 0xCD, 0x00, 0x2E, 0xE9,
    0xCF, 0x50, 0x00, 0x18, 0xBA, 0x40, 0x00, 0x16, 0x65, 0x40, 0x00, 0x03, 0xFF, 0xFF, 0xE6, 0x00,
    0x3F, 0x60, 0x3C, 0xF5, 0x03, 0xF6, 0x00, 0x1E, 0xC0, 0x3F, 0x60, 0x00, 0xAF, 0x13, 0xF6, 0x00,
    0x08, 0xF3, 0x3F, 0x60, 0x00, 0x7F, 0x33, 0xF6, 0x00, 0x07, 0xF3, 0x3F, 0x60, 0x00, 0x9F, 0x13,
    0xF6, 0x00, 0x0D, 0xD0, 0x3F, 0x60, 0x08, 0xF6, 0x03, 0xFC, 0xBE, 0xF8, 0x00, 0x2A, 0xA9, 0x73,
    0x00, 0x00, 0x06, 0x66, 0x66, 0x65, 0x00, 0xFF, 0xEE, 0xEE, 0xC0, 0x0F, 0x90, 0x00, 0x00, 0x00,
    0xF9, 0x00, 0x00, 0x00, 0x0F, 0x90, 0x00, 0x00, 0x00, 0xFB, 0x55, 0x55, 0x20, 0x0F, 0xFF, 0xFF,
    0xF6, 0x00, 0xF9, 0x00, 0x00, 0x00, 0x0F, 0x90, 0x00, 0x00, 0x00, 0xF9, 0x00, 0x00, 0x00, 0x0F,
    0x90, 0x00, 0x00, 0x00, 0xFD, 0xAA, 0xAA, 0xA2, 0x0A, 0xAA, 0xAA, 0xAA, 0x10, 0x16, 0x66, 0x66,
    0x66, 0x12, 0xFF, 0xEE, 0xEE, 0xE3, 0x2F, 0x70, 0x00, 0x00, 0x02, 0xF7, 0x00, 0x00, 0x00, 0x2F,
    0x70, 0x00, 0x00, 0x02, 0xF8, 0x22, 0x21, 0x00, 0x2F, 0xFF, 0xFF, 0xC0, 0x02, 0xF9, 0x44, 0x43,
    0x00, 0x2F, 0x70, 0x00, 0x00, 0x02, 0xF7, 0x00, 0x00, 0x00, 0x2F, 0x70, 0x00, 0x00, 0x02, 0xF7,
    0x00, 0x00, 0x00, 0x1A, 0x40, 0x00, 0x00, 0x00, 0x00, 0x05, 0x76, 0x10, 0x00, 0x0B, 0xFD, 0xFC,
    0x10, 0x08, 0xF4, 0x03, 0xF8, 0x00, 0xEB, 0x00, 0x0A, 0xD0, 0x2F, 0x70, 0x00, 0x7B, 0x04, 0xF6,
    0x00, 0x00, 0x00, 0x5F, 0x50, 0x36, 0x66, 0x05, 0xF5, 0x08, 0xEE, 0xF0, 0x4F, 0x60, 0x00, 0x6F,
    0x01, 0xF9, 0x00, 0x07, 0xF0, 0x0B, 0xE2, 0x00, 0xCF, 0x00, 0x2E, 0xE9, 0xCF, 0xF0, 0x00, 0x29,
    0xB9, 0x4C, 0x00, 0x16, 0x20, 0x00, 0x36, 0x03, 0xF6, 0x00, 0x09, 0xF0, 0x3F, 0x60, 0x00, 0x9F,
    0x03, 0xF6, 0x00, 0x09, 0xF0, 0x3F, 0x60, 0x00, 0x9F, 0x03, 0xF9, 0x55, 0x5B, 0xF0, 0x3F, 0xFF,
    0xFF, 0xFF, 0x03, 0xF6, 0x00, 0x09, 0xF0, 0x3F, 0x60, 0x00, 0x9F, 0x03, 0xF6, 0x00, 0x09, 0xF0,
    0x3F, 0x60, 0x00, 0x9F, 0x03, 0xF6, 0x00, 0x09, 0xF0, 0x2A, 0x40, 0x00, 0x6A, 0x00, 0x00, 0x02,
    0x61, 0x00, 0x00, 0x00, 0x6F, 0x30, 0x00, 0x00, 0x06, 0xF3, 0x00, 0x00, 0x00, 0x6F, 0x30, 0x00,
    0x00, 0x06, 0xF3, 0x00, 0x00, 0x00, 0x6F, 0x30, 0x00, 0x00, 0x06, 0xF3, 0x00, 0x00, 0x00, 0x6F,
    0x30, 0x00, 0x00, 0x06, 0xF3, 0x00, 0x00, 0x00, 0x6F, 0x30, 0x00, 0x00, 0x06, 0xF3, 0x00, 0x00,
    0x00, 0x6F, 0x30, 0x00, 0x00, 0x04, 0xA2, 0x00, 0x00, 0x00, 0x00, 0x00, 0x45, 0x00, 0x00, 0x00,
    0x0B, 0xD0, 0x00, 0x00, 0x00, 0xBD, 0x00, 0x00, 0x00, 0x0B, 0xD0, 0x00, 0x00, 0x00, 0xBD, 0x00,
    0x00, 0x00, 0x0B, 0xD0, 0x00, 0x00, 0x00, 0xBD, 0x00, 0x00, 0x00, 0x0B, 0xD0, 0x1F, 0x80, 0x00,
    0xBD, 0x00, 0xF9, 0x00, 0x0C, 0xC0, 0x0D, 0xD1, 0x02, 0xF9, 0x00, 0x5F, 0xDB, 0xEE, 0x20, 0x00,
    0x3A, 0xB9, 0x20, 0x00, 0x16, 0x20, 0x00, 0x46, 0x13, 0xF6, 0x00, 0x4F, 0x90, 0x3F, 0x60, 0x2E,
    0xC0, 0x03, 0xF6, 0x0C, 0xE2, 0x00, 0x3F, 0x69, 0xF4, 0x00, 0x03, 0xFB, 0xFB, 0x00, 0x00, 0x3F,
    0xFE, 0xF3, 0x00, 0x03, 0xFD, 0x2E, 0xB0, 0x00, 0x3F, 0x60, 0x7F, 0x50, 0x03, 0xF6, 0x01, 0xED,
    0x00, 0x3F, 0x60, 0x06, 0xF6, 0x03, 0xF6, 0x00, 0x0D, 0xE1, 0x2A, 0x40, 0x00, 0x4A, 0x40, 0x16,
    0x30, 0x00, 0x00, 0x02, 0xF7, 0x00, 0x00, 0x00, 0x2F, 0x70, 0x00, 0x00, 0x02, 0xF7, 0x00, 0x00,
    0x00, 0x2F, 0x70, 0x00, 0x00, 0x02, 0xF7, 0x00, 0x00, 0x00, 0x2F, 0x70, 0x00, 0x00, 0x02, 0xF7,
    0x00, 0x00, 0x00, 0x2F, 0x70, 0x00, 0x00, 0x02, 0xF7, 0x00, 0x00, 0x00, 0x2F, 0x70, 0x00, 0x00,
    0x02, 0xFD, 0xAA, 0xAA, 0xA2, 0x1A, 0xAA, 0xAA, 0xAA, 0x10, 0x26, 0x50, 0x00, 0x66, 0x15, 0xFF,
    0x00, 0x2F, 0xF4, 0x5F, 0xF3, 0x05, 0xFF, 0x45, 0xFF, 0x60, 0x8F, 0xF4, 0x5F, 0xC9, 0x0B, 0xCF,
    0x45, 0xF9, 0xB0, 0xE9, 0xF4, 0x5F, 0x6E, 0x2F, 0x6F, 0x45, 0xF3, 0xF7, 0xF3, 0xF4, 0x5F, 0x1E,
    0xDC, 0x3F, 0x45, 0xF1, 0xBF, 0x93, 0xF4, 0x5F, 0x18, 0xF6, 0x3F, 0x45, 0xF1, 0x5F, 0x33, 0xF4,
    0x3A, 0x02, 0xA1, 0x2A, 0x20, 0x26, 0x30, 0x00, 0x36, 0x04, 0xFD, 0x00, 0x09, 0xF0, 0x4F, 0xF4,
    0x00, 0x9F, 0x04, 0xFF, 0xB0, 0x09, 0xF0, 0x4F, 0xAF, 0x30, 0x9F, 0x04, 0xF5, 0xD9, 0x09, 0xF0,
    0x4F, 0x57, 0xF1, 0x9F, 0x04, 0xF5, 0x1E, 0x89, 0xF0, 0x4F, 0x50, 0x9E, 0x9F, 0x04, 0xF5, 0x02,
    0xFE, 0xF0, 0x4F, 0x50, 0x0A, 0xFF, 0x04, 0xF5, 0x00, 0x4F, 0xF0, 0x3A, 0x30, 0x00, 0x8A, 0x00,
    0x00, 0x16, 0x75, 0x00, 0x00, 0x2E, 0xFD, 0xFC, 0x10, 0x0C, 0xE3, 0x04, 0xF9, 0x02, 0xF8, 0x00,
    0x0B, 0xE0, 0x5F, 0x50, 0x00, 0x8F, 0x27, 0xF3, 0x00, 0x06, 0xF4, 0x7F, 0x30, 0x00, 0x6F, 0x47,
    0xF3, 0x00, 0x06, 0xF4, 0x6F, 0x40, 0x00, 0x7F, 0x33, 0xF7, 0x00, 0x0A, 0xF1, 0x0D, 0xD1, 0x02,
    0xEA, 0x00, 0x5F, 0xD9, 0xEE, 0x30, 0x00, 0x3A, 0xB9, 0x20, 0x00, 0x06, 0x66, 0x53, 0x00, 0x01,
    0xFF, 0xEF, 0xFD, 0x30, 0x1F, 0x80, 0x03, 0xDD, 0x01, 0xF8, 0x00, 0x06, 0xF3, 0x1F, 0x80, 0x00,
    0x5F, 0x41, 0xF8, 0x00, 0x09, 0xF1, 0x1F, 0xB6, 0x7A, 0xF9, 0x01, 0xFF, 0xEE, 0xC7, 0x00, 0x1F,
    0x80, 0x00, 0x00, 0x01, 0xF8, 0x00, 0x00, 0x00, 0x1F, 0x80, 0x00, 0x00, 0x01, 0xF8, 0x00, 0x00,
    0x00, 0x1A, 0x50, 0x00, 0x00, 0x00, 0x00, 0x16, 0x75, 0x00, 0x00, 0x2E, 0xFD, 0xFC, 0x10, 0x0C,
    0xE3, 0x04, 0xF9, 0x02, 0xF8, 0x00, 0x0B, 0xE0, 0x5F, 0x50, 0x00, 0x8F, 0x27, 0xF3, 0x00, 0x06,
    0xF4, 0x7F, 0x30, 0x00, 0x6F, 0x47, 0xF3, 0x00, 0x16, 0xF4, 0x6F, 0x40, 0x4B, 0x7F, 0x33, 0xF7,
    0x05, 0xFD, 0xF1, 0x0D, 0xD1, 0x0C, 0xFA, 0x00, 0x5F, 0xD9, 0xDF, 0x60, 0x00, 0x3A, 0xB9, 0xD9,
    0x00, 0x00, 0x00, 0x03, 0x00, 0x16, 0x66, 0x53, 0x00, 0x03, 0xFF, 0xEF, 0xFC, 0x30, 0x3F, 0x60,
    0x05, 0xFC, 0x03, 0xF6, 0x00, 0x0A, 0xF1, 0x3F, 0x60, 0x00, 0x9F, 0x13, 0xF6, 0x00, 0x3E, 0xC0,
    0x3F, 0xED, 0xEF, 0xD3, 0x03, 0xFA, 0x7C, 0xE1, 0x00, 0x3F, 0x60, 0x4F, 0x60, 0x03, 0xF6, 0x00,
    0xCD, 0x00, 0x3F, 0x60, 0x04, 0xF6, 0x03, 0xF6, 0x00, 0x0C, 0xD0, 0x2A, 0x40, 0x00, 0x4A, 0x30,
    0x00, 0x15, 0x75, 0x10, 0x00, 0x3D, 0xFE, 0xFC, 0x10, 0x0C, 0xD2, 0x05, 0xF7, 0x01, 0xF9, 0x00,
    0x0C, 0xA0, 0x0E, 0xC1, 0x00, 0x00, 0x00, 0x6F, 0xD6, 0x10, 0x00, 0x00, 0x4B, 0xFE, 0x60, 0x00,
    0x00, 0x03, 0xCF, 0x70, 0x12, 0x10, 0x00, 0xCF, 0x05, 0xF4, 0x00, 0x08, 0xF2, 0x2F, 0x90, 0x00,
    0xCE, 0x00, 0x8F, 0xC9, 0xCF, 0x60, 0x00, 0x5A, 0xB9, 0x30, 0x00, 0x16, 0x66, 0x66, 0x66, 0x03,
    0xEE, 0xFF, 0xEE, 0xE0, 0x00, 0x06, 0xF3, 0x00, 0x00, 0x00, 0x6F, 0x30, 0x00, 0x00, 0x06, 0xF3,
    0x00, 0x00, 0x00, 0x6F, 0x30, 0x00, 0x00, 0x06, 0xF3, 0x00, 0x00, 0x00, 0x6F, 0x30, 0x00, 0x00,
    0x06, 0xF3, 0x00, 0x00, 0x00, 0x6F, 0x30, 0x00, 0x00, 0x06, 0xF3, 0x00, 0x00, 0x00, 0x6F, 0x30,
    0x00, 0x00, 0x04, 0xA2, 0x00, 0x00, 0x16, 0x20, 0x00, 0x36, 0x13, 0xF6, 0x00, 0x08, 0xF1, 0x3F,
    0x60, 0x00, 0x8F, 0x13, 0xF6, 0x00, 0x08, 0xF1, 0x3F, 0x60, 0x00, 0x8F, 0x13, 0xF6, 0x00, 0x08,
    0xF1, 0x3F, 0x60, 0x00, 0x8F, 0x13, 0xF6, 0x00, 0x08, 0xF1, 0x3F, 0x60, 0x00, 0x8F, 0x12, 0xF7,
    0x00, 0x09, 0xF1, 0x0E, 0xB0, 0x00, 0xDD, 0x00, 0x8F, 0xC9, 0xDF, 0x50, 0x00, 0x6A, 0xBA, 0x50,
    0x00, 0x55, 0x00, 0x00, 0x16, 0x39, 0xF1, 0x00, 0x05, 0xF5, 0x5F, 0x50, 0x00, 0x9F, 0x11, 0xF9,
    0x00, 0x0D, 0xB0, 0x0B, 0xD0, 0x02, 0xF7, 0x00, 0x7F, 0x20, 0x6F, 0x30, 0x02, 0xF6, 0x0A, 0xD0,
    0x00, 0x0D, 0xA0, 0xE9, 0x00, 0x00, 0x9E, 0x3F, 0x40, 0x00, 0x04, 0xFB, 0xF1, 0x00, 0x00, 0x1F,
    0xFB, 0x00, 0x00, 0x00, 0xBF, 0x60, 0x00, 0x00, 0x05, 0xC2, 0x00, 0x00, 0x54, 0x02, 0x61, 0x05,
    0x4C, 0xB0, 0x8F, 0x40, 0xF8, 0xAC, 0x0A, 0xF6, 0x1F, 0x68, 0xE0, 0xCE, 0x83, 0xF4, 0x6F, 0x0E,
    0xAA, 0x4F, 0x25, 0xF3, 0xF6, 0xC6, 0xF1, 0x3F, 0x7E, 0x3E, 0x7E, 0x01, 0xFA, 0xC1, 0xFA, 0xC0,
    0x0E, 0xEA, 0x0E, 0xEA, 0x00, 0xCF, 0x70, 0xBF, 0x80, 0x0A, 0xF5, 0x09, 0xF6, 0x00, 0x8F, 0x30,
    0x7F, 0x40, 0x05, 0xC1, 0x04, 0xC2, 0x00, 0x16, 0x20, 0x00, 0x45, 0x00, 0xDB, 0x00, 0x1E, 0xA0,
    0x06, 0xF3, 0x07, 0xF2, 0x00, 0x0D, 0xA0, 0xE9, 0x00, 0x00, 0x5F, 0x8F, 0x20, 0x00, 0x00, 0xCF,
    0x80, 0x00, 0x00, 0x08, 0xF4, 0x00, 0x00, 0x01, 0xEE, 0xB0, 0x00, 0x00, 0x8E, 0x5F, 0x40, 0x00,
    0x2F, 0x70, 0xCC, 0x00, 0x09, 0xE1, 0x04, 0xF5, 0x02, 0xF8, 0x00, 0x0C, 0xC0, 0x5A, 0x10, 0x00,
    0x4A, 0x30, 0x45, 0x00, 0x00, 0x16, 0x24, 0xF5, 0x00, 0x08, 0xF2, 0x0C, 0xC0, 0x01, 0xE9, 0x00,
    0x4F, 0x40, 0x7F, 0x20, 0x00, 0xCB, 0x1E, 0x90, 0x00, 0x04, 0xFA, 0xF2, 0x00, 0x00, 0x0C, 0xF9,
    0x00, 0x00, 0x00, 0x6F, 0x30, 0x00, 0x00, 0x06, 0xF3, 0x00, 0x00, 0x00, 0x6F, 0x30, 0x00, 0x00,
    0x06, 0xF3, 0x00, 0x00, 0x00, 0x6F, 0x30, 0x00, 0x00, 0x04, 0xA2, 0x00, 0x00, 0x05, 0x66, 0x66,
    0x65, 0x00, 0xDE, 0xEE, 0xEF, 0xE0, 0x00, 0x00, 0x01, 0xE9, 0x00, 0x00, 0x00, 0x9E, 0x10, 0x00,
    0x00, 0x3F, 0x60, 0x00, 0x00, 0x0C, 0xC0, 0x00, 0x00, 0x07, 0xF3, 0x00, 0x00, 0x01, 0xE9, 0x00,
    0x00, 0x00, 0xAE, 0x10, 0x00, 0x00, 0x4F, 0x50, 0x00, 0x00, 0x0D, 0xB0, 0x00, 0x00, 0x05, 0xFC,
    0xAA, 0xAA, 0xA2, 0x3A, 0xAA, 0xAA, 0xAA, 0x10, 0x00, 0x01, 0x33, 0x33, 0x00, 0x00, 0x7F, 0xEE,
    0xD0, 0x00, 0x07, 0xB0, 0x00, 0x00, 0x00, 0x7B, 0x00, 0x00, 0x00, 0x07, 0xB0, 0x00, 0x00, 0x00,
    0x7B, 0x00, 0x00, 0x00, 0x07, 0xB0, 0x00, 0x00, 0x00, 0x7B, 0x00, 0x00, 0x00, 0x07, 0xB0, 0x00,
    0x00, 0x00, 0x7B, 0x00, 0x00, 0x00, 0x07, 0xB0, 0x00, 0x00, 0x00, 0x7B, 0x00, 0x00, 0x00, 0x07,
    0xB0, 0x00, 0x00, 0x00, 0x7B, 0x00, 0x00, 0x00, 0x07, 0xB0, 0x00, 0x00, 0x00, 0x7E, 0xAA, 0x90,
    0x00, 0x04, 0x77, 0x77, 0x00, 0x0B, 0x20, 0x00, 0x00, 0x00, 0x89, 0x00, 0x00, 0x00, 0x02, 0xE1,
    0x00, 0x00, 0x00, 0x0B, 0x60, 0x00, 0x00, 0x00, 0x5C, 0x00, 0x00, 0x00, 0x00, 0xE3, 0x00, 0x00,
    0x00, 0x08, 0x90, 0x00, 0x00, 0x00, 0x2E, 0x10, 0x00, 0x00, 0x00, 0xB6, 0x00, 0x00, 0x00, 0x05,
    0xC0, 0x00, 0x00, 0x00, 0x0E, 0x30, 0x00, 0x00, 0x00, 0x89, 0x00, 0x00, 0x00, 0x02, 0xE1, 0x00,
    0x00, 0x00, 0x0B, 0x60, 0x00, 0x00, 0x00, 0x4A, 0x00, 0x03, 0x33, 0x31, 0x00, 0x02, 0xEE, 0xEF,
    0x40, 0x00, 0x00, 0x00, 0xE4, 0x00, 0x00, 0x00, 0x0E, 0x40, 0x00, 0x00, 0x00, 0xE4, 0x00, 0x00,
    0x00, 0x0E, 0x40, 0x00, 0x00, 0x00, 0xE4, 0x00, 0x00, 0x00, 0x0E, 0x40, 0x00, 0x00, 0x00, 0xE4,
    0x00, 0x00, 0x00, 0x0E, 0x40, 0x00, 0x00, 0x00, 0xE4, 0x00, 0x00, 0x00, 0x0E, 0x40, 0x00, 0x00,
    0x00, 0xE4, 0x00, 0x00, 0x00, 0x0E, 0x40, 0x00, 0x00, 0x00, 0xE4, 0x00, 0x01, 0xAA, 0xAF, 0x40,
    0x00, 0x17, 0x77, 0x72, 0x00, 0x00, 0x00, 0x05, 0x73, 0x00, 0x00, 0x05, 0xFD, 0xE2, 0x00, 0x04,
    0xE5, 0x09, 0xD1, 0x00, 0x53, 0x00, 0x04, 0x30, 0x00, 0x00, 0x00, 0x00, 0x00, 0x00, 0x00, 0x00,
    0x00, 0x00, 0x00, 0x00, 0x00, 0x00, 0x00, 0x00, 0x00, 0x00, 0x00, 0x00, 0x00, 0x00, 0x00, 0x00,
    0x00, 0x00, 0x00, 0x00, 0x00, 0x00, 0x00, 0x00, 0x00, 0x00, 0x00, 0x00, 0x00, 0x00, 0x00, 0x00,
    0x00, 0x00, 0x00, 0x00, 0x00, 0x00, 0x00, 0x00, 0x00, 0x00, 0x00, 0x00, 0x00, 0x00, 0x07, 0x77,
    0x77, 0x77, 0x76, 0x66, 0x66, 0x66, 0x66, 0x50, 0x00, 0x47, 0x40, 0x00, 0x00, 0x01, 0xCE, 0x10,
    0x00, 0x00, 0x01, 0xD9, 0x00, 0x00, 0x00, 0x02, 0xB2, 0x00, 0x00, 0x00, 0x00, 0x00, 0x00, 0x00,
    0x00, 0x00, 0x00, 0x00, 0x00, 0x00, 0x00, 0x00, 0x00, 0x00, 0x00, 0x00, 0x00, 0x00, 0x00, 0x00,
    0x00, 0x00, 0x00, 0x00, 0x00, 0x00, 0x00, 0x00, 0x00, 0x00, 0x00, 0x00, 0x00, 0x00, 0x00, 0x00,
    0x00, 0x00, 0x00, 0x00, 0x00, 0x00, 0x00, 0x00, 0x00, 0x00, 0x00, 0x00, 0x00, 0x04, 0x53, 0x00,
    0x00, 0x2D, 0xFE, 0xFC, 0x00, 0x0A, 0xE2, 0x03, 0xF6, 0x00, 0x11, 0x01, 0x5F, 0x80, 0x02, 0x9D,
    0xFC, 0xE8, 0x00, 0xDC, 0x41, 0x0D, 0x80, 0x3F, 0x60, 0x04, 0xF8, 0x01, 0xED, 0x8A, 0xEE, 0x90,
    0x03, 0x9B, 0x93, 0x79, 0x00, 0x16, 0x10, 0x00, 0x00, 0x02, 0xF4, 0x00, 0x00, 0x00, 0x2F, 0x40,
    0x00, 0x00, 0x02, 0xF4, 0x00, 0x00, 0x00, 0x2F, 0x43, 0x64, 0x00, 0x02, 0xFB, 0xFD, 0xFB, 0x00,
    0x2F, 0xD2, 0x05, 0xF7, 0x02, 0xF7, 0x00, 0x0C, 0xC0, 0x2F, 0x40, 0x00, 0x9E, 0x02, 0xF5, 0x00,
    0x0A, 0xD0, 0x2F, 0xB0, 0x01, 0xEA, 0x02, 0xFE, 0xB8, 0xDE, 0x30, 0x1A, 0x49, 0xBA, 0x30, 0x00,
    0x00, 0x04, 0x53, 0x00, 0x00, 0x2C, 0xFE, 0xFC, 0x10, 0x0C, 0xD3, 0x03, 0xE9, 0x03, 0xF6, 0x00,
    0x04, 0x40, 0x5F, 0x30, 0x00, 0x00, 0x04, 0xF4, 0x00, 0x04, 0x80, 0x1E, 0xA0, 0x00, 0xCD, 0x00,
    0x6F, 0xB8, 0xBF, 0x50, 0x00, 0x4A, 0xB9, 0x30, 0x00, 0x00, 0x00, 0x00, 0x44, 0x00, 0x00, 0x00,
    0x0A, 0xB0, 0x00, 0x00, 0x00, 0xAB, 0x00, 0x00, 0x00, 0x0A, 0xB0, 0x00, 0x16, 0x61, 0xAB, 0x00,
    0x4E, 0xFE, 0xEC, 0xB0, 0x0D, 0xC1, 0x07, 0xFB, 0x03, 0xF5, 0x00, 0x0D, 0xB0, 0x5F, 0x30, 0x00,
    0xBB, 0x05, 0xF4, 0x00, 0x0C, 0xB0, 0x1F, 0x90, 0x02, 0xFB, 0x00, 0x8F, 0xA8, 0xEE, 0xB0, 0x00,
    0x6B, 0xB5, 0x67, 0x00, 0x00, 0x03, 0x53, 0x00, 0x00, 0x2C, 0xFD, 0xFB, 0x10, 0x0B, 0xD2, 0x03,
    0xE8, 0x02, 0xFA, 0x66, 0x6D, 0xD0, 0x4F, 0xCB, 0xBB, 0xBA, 0x03, 0xF5, 0x00, 0x00, 0x00, 0x0E,
    0xA0, 0x00, 0xBD, 0x00, 0x5F, 0xC8, 0xBF, 0x50, 0x00, 0x3A, 0xBA, 0x30, 0x00, 0x00, 0x00, 0x27,
    0x75, 0x00, 0x00, 0x4F, 0xCC, 0xE0, 0x00, 0x0B, 0xB0, 0x01, 0x00, 0x00, 0xC9, 0x00, 0x00, 0x14,
    0x4D, 0xA4, 0x42, 0x03, 0xDD, 0xFE, 0xDD, 0x60, 0x00, 0x0C, 0x90, 0x00, 0x00, 0x00, 0xC9, 0x00,
    0x00, 0x00, 0x0C, 0x90, 0x00, 0x00, 0x00, 0xC9, 0x00, 0x00, 0x00, 0x0C, 0x90, 0x00, 0x00, 0x00,
    0xC9, 0x00, 0x00, 0x00, 0x08, 0x60, 0x00, 0x00, 0x00, 0x04, 0x51, 0x04, 0x20, 0x1C, 0xEE, 0xEC,
    0xD5, 0x07, 0xE1, 0x0A, 0xC0, 0x00, 0x9C, 0x00, 0x7E, 0x00, 0x05, 0xF4, 0x2C, 0xA0, 0x00, 0x4E,
    0xFF, 0xB2, 0x00, 0x0D, 0x71, 0x10, 0x00, 0x00, 0x7F, 0xEE, 0xDA, 0x30, 0x1B, 0x84, 0x56, 0xBE,
    0x03, 0xF2, 0x00, 0x06, 0xF1, 0x09, 0xEC, 0xBD, 0xD5, 0x00, 0x01, 0x33, 0x20, 0x00, 0x06, 0x20,
    0x00, 0x00, 0x00, 0xF6, 0x00, 0x00, 0x00, 0x0F, 0x60, 0x00, 0x00, 0x00, 0xF6, 0x00, 0x00, 0x00,
    0x0F, 0x60, 0x45, 0x20, 0x00, 0xF7, 0xCD, 0xDF, 0x50, 0x0F, 0xF7, 0x00, 0xCC, 0x00, 0xFB, 0x00,
    0x08, 0xD0, 0x0F, 0x70, 0x00, 0x8D, 0x00, 0xF6, 0x00, 0x08, 0xD0, 0x0F, 0x60, 0x00, 0x8D, 0x00,
    0xF6, 0x00, 0x08, 0xD0, 0x0A, 0x40, 0x00, 0x58, 0x00, 0x00, 0x02, 0x50, 0x00, 0x00, 0x00, 0x5F,
    0x10, 0x00, 0x00, 0x03, 0x80, 0x00, 0x00, 0x00, 0x00, 0x00, 0x00, 0x00, 0x01, 0x40, 0x00, 0x00,
    0x00, 0x5F, 0x10, 0x00, 0x00, 0x05, 0xF1, 0x00, 0x00, 0x00, 0x5F, 0x10, 0x00, 0x00, 0x05, 0xF1,
    0x00, 0x00, 0x00, 0x5F, 0x10, 0x00, 0x00, 0x05, 0xF1, 0x00, 0x00, 0x00, 0x5F, 0x10, 0x00, 0x00,
    0x03, 0xA1, 0x00, 0x00, 0x00, 0x00, 0x04, 0x20, 0x00, 0x00, 0x00, 0xE7, 0x00, 0x00, 0x00, 0x07,
    0x40, 0x00, 0x00, 0x00, 0x00, 0x00, 0x00, 0x00, 0x03, 0x20, 0x00, 0x00, 0x00, 0xE7, 0x00, 0x00,
    0x00, 0x0E, 0x70, 0x00, 0x00, 0x00, 0xE7, 0x00, 0x00, 0x00, 0x0E, 0x70, 0x00, 0x00, 0x00, 0xE7,
    0x00, 0x00, 0x00, 0x0E, 0x70, 0x00, 0x00, 0x00, 0xE7, 0x00, 0x00, 0x00, 0x0E, 0x70, 0x00, 0x23,
    0x04, 0xF4, 0x00, 0x05, 0xFF, 0xF9, 0x00, 0x00, 0x02, 0x42, 0x00, 0x00, 0x05, 0x30, 0x00, 0x00,
    0x00, 0xE7, 0x00, 0x00, 0x00, 0x0E, 0x70, 0x00, 0x00, 0x00, 0xE7, 0x00, 0x00, 0x00, 0x0E, 0x70,
    0x00, 0x42, 0x00, 0xE7, 0x00, 0xBD, 0x20, 0x0E, 0x70, 0xBD, 0x20, 0x00, 0xE7, 0xBF, 0x30, 0x00,
    0x0E, 0xED, 0xDA, 0x00, 0x00, 0xEC, 0x14, 0xF4, 0x00, 0x0E, 0x70, 0x0A, 0xD1, 0x00, 0xE7, 0x00,
    0x2E, 0x80, 0x09, 0x40, 0x00, 0x69, 0x10, 0x00, 0x01, 0x61, 0x00, 0x00, 0x00, 0x4F, 0x20, 0x00,
    0x00, 0x04, 0xF2, 0x00, 0x00, 0x00, 0x4F, 0x20, 0x00, 0x00, 0x04, 0xF2, 0x00, 0x00, 0x00, 0x4F,
    0x20, 0x00, 0x00, 0x04, 0xF2, 0x00, 0x00, 0x00, 0x4F, 0x20, 0x00, 0x00, 0x04, 0xF2, 0x00, 0x00,
    0x00, 0x4F, 0x20, 0x00, 0x00, 0x04, 0xF2, 0x00, 0x00, 0x00, 0x4F, 0x20, 0x00, 0x00, 0x03, 0xA1,
    0x00, 0x00, 0x32, 0x15, 0x20, 0x44, 0x0B, 0xCD, 0xFD, 0xAF, 0xF5, 0xBF, 0x36, 0xF9, 0x1E, 0x9B,
    0xB0, 0x4F, 0x30, 0xC9, 0xBA, 0x04, 0xF2, 0x0C, 0x9B, 0xA0, 0x4F, 0x20, 0xC9, 0xBA, 0x04, 0xF2,
    0x0C, 0x9B, 0xA0, 0x4F, 0x20, 0xC9, 0x77, 0x03, 0xA1, 0x08, 0x60, 0x04, 0x10, 0x45, 0x20, 0x00,
    0xF7, 0xCD, 0xDF, 0x50, 0x0F, 0xF7, 0x00, 0xCC, 0x00, 0xFB, 0x00, 0x08, 0xD0, 0x0F, 0x70, 0x00,
    0x8D, 0x00, 0xF6, 0x00, 0x08, 0xD0, 0x0F, 0x60, 0x00, 0x8D, 0x00, 0xF6, 0x00, 0x08, 0xD0, 0x0A,
    0x40, 0x00, 0x58, 0x00, 0x00, 0x04, 0x53, 0x00, 0x00, 0x2C, 0xFE, 0xFB, 0x10, 0x0C, 0xE3, 0x04,
    0xEA, 0x03, 0xF6, 0x00, 0x08, 0xF1, 0x5F, 0x30, 0x00, 0x5F, 0x34, 0xF4, 0x00, 0x06, 0xF2, 0x1E,
    0xB0, 0x00, 0xCD, 0x00, 0x5F, 0xC8, 0xCE, 0x40, 0x00, 0x3A, 0xB9, 0x20, 0x00, 0x14, 0x13, 0x53,
    0x00, 0x02, 0xFA, 0xFE, 0xFB, 0x00, 0x2F, 0xE2, 0x05, 0xF8, 0x02, 0xF7, 0x00, 0x0C, 0xC0, 0x2F,
    0x40, 0x00, 0x9E, 0x02, 0xF5, 0x00, 0x0A, 0xD0, 0x2F, 0xA0, 0x01, 0xEA, 0x02, 0xFE, 0xA7, 0xCF,
    0x20, 0x2F, 0x5A, 0xDB, 0x30, 0x02, 0xF4, 0x00, 0x00, 0x00, 0x2F, 0x40, 0x00, 0x00, 0x01, 0x41,
    0x00, 0x00, 0x00, 0x00, 0x15, 0x51, 0x23, 0x00, 0x4E, 0xFE, 0xEC, 0xB0, 0x0D, 0xC1, 0x07, 0xFB,
    0x04, 0xF5, 0x00, 0x0D, 0xB0, 0x5F, 0x30, 0x00, 0xBB, 0x04, 0xF4, 0x00, 0x0C, 0xB0, 0x1F, 0x90,
    0x02, 0xFB, 0x00, 0x8F, 0x97, 0xDE, 0xB0, 0x00, 0x7C, 0xC6, 0xAB, 0x00, 0x00, 0x00, 0x0A, 0xB0,
    0x00, 0x00, 0x00, 0xAB, 0x00, 0x00, 0x00, 0x03, 0x30, 0x01, 0x41, 0x02, 0x50, 0x00, 0x3F, 0x49,
    0xFF, 0x00, 0x03, 0xFB, 0xC4, 0x30, 0x00, 0x3F, 0xD1, 0x00, 0x00, 0x03, 0xF5, 0x00, 0x00, 0x00,
    0x3F, 0x40, 0x00, 0x00, 0x03, 0xF4, 0x00, 0x00, 0x00, 0x3F, 0x40, 0x00, 0x00, 0x02, 0xA2, 0x00,
    0x00, 0x00, 0x00, 0x04, 0x54, 0x00, 0x00, 0x2D, 0xED, 0xFC, 0x10, 0x09, 0xE1, 0x01, 0xE6, 0x00,
    0x8E, 0x30, 0x00, 0x00, 0x01, 0xBF, 0xEB, 0x60, 0x00, 0x00, 0x14, 0x8F, 0x70, 0x0A, 0x80, 0x00,
    0xCA, 0x00, 0x7F, 0x96, 0x9F, 0x60, 0x00, 0x5A, 0xBA, 0x50, 0x00, 0x00, 0x2F, 0x40, 0x00, 0x00,
    0x02, 0xF4, 0x00, 0x00, 0x24, 0x5F, 0x74, 0x41, 0x07, 0xDE, 0xFE, 0xDD, 0x20, 0x00, 0x2F, 0x40,
    0x00, 0x00, 0x02, 0xF4, 0x00, 0x00, 0x00, 0x2F, 0x40, 0x00, 0x00, 0x02, 0xF4, 0x00, 0x00, 0x00,
    0x1F, 0x50, 0x00, 0x00, 0x00, 0xBD, 0x88, 0x90, 0x00, 0x01, 0x8B, 0xB6, 0x00, 0x04, 0x10, 0x00,
    0x23, 0x00, 0xF6, 0x00, 0x08, 0xD0, 0x0F, 0x60, 0x00, 0x8D, 0x00, 0xF6, 0x00, 0x08, 0xD0, 0x0F,
    0x60, 0x00, 0x8D, 0x00, 0xF6, 0x00, 0x0B, 0xD0, 0x0F, 0x80, 0x04, 0xFD, 0x00, 0xBE, 0x77, 0xEB,
    0xD0, 0x01, 0x9B, 0x93, 0x58, 0x00, 0x14, 0x10, 0x00, 0x24, 0x01, 0xF6, 0x00, 0x0A, 0xC0, 0x0B,
    0xB0, 0x01, 0xE7, 0x00, 0x5F, 0x10, 0x5F, 0x10, 0x01, 0xE7, 0x0B, 0xB0, 0x00, 0x09, 0xC1, 0xF5,
    0x00, 0x00, 0x4F, 0x9E, 0x10, 0x00, 0x00, 0xDF, 0x90, 0x00, 0x00, 0x06, 0xC3, 0x00, 0x00, 0x32,
    0x01, 0x41, 0x03, 0x2B, 0xA0, 0x8F, 0x40, 0xE7, 0x8D, 0x0B, 0xE7, 0x2F, 0x45, 0xF0, 0xE8, 0xA5,
    0xF1, 0x2F, 0x5E, 0x4D, 0x7D, 0x00, 0xDA, 0xC1, 0xFA, 0x90, 0x0A, 0xF9, 0x0D, 0xF6, 0x00, 0x7F,
    0x60, 0xAF, 0x30, 0x03, 0xC3, 0x06, 0xB0, 0x00, 0x03, 0x20, 0x00, 0x33, 0x00, 0xAE, 0x10, 0x4F,
    0x60, 0x01, 0xD9, 0x0D, 0xA0, 0x00, 0x04, 0xFA, 0xE1, 0x00, 0x00, 0x0A, 0xF6, 0x00, 0x00, 0x02,
    0xEE, 0xC0, 0x00, 0x00, 0xCB, 0x2E, 0x80, 0x00, 0x8E, 0x20, 0x6F, 0x40, 0x1A, 0x50, 0x00, 0x88,
    0x00, 0x14, 0x10, 0x00, 0x24, 0x02, 0xF6, 0x00, 0x0A, 0xD0, 0x0C, 0xB0, 0x01, 0xE7, 0x00, 0x6F,
    0x20, 0x5F, 0x20, 0x01, 0xE7, 0x0B, 0xB0, 0x00, 0x0A, 0xC1, 0xF5, 0x00, 0x00, 0x4F, 0x9E, 0x10,
    0x00, 0x00, 0xDF, 0x90, 0x00, 0x00, 0x08, 0xF3, 0x00, 0x00, 0x22, 0xAC, 0x00, 0x00, 0x09, 0xFF,
    0x40, 0x00, 0x00, 0x13, 0x10, 0x00, 0x00, 0x03, 0x44, 0x44, 0x42, 0x00, 0xAD, 0xDD, 0xEF, 0x70,
    0x00, 0x00, 0x0B, 0xD1, 0x00, 0x00, 0x09, 0xE2, 0x00, 0x00, 0x07, 0xF4, 0x00, 0x00, 0x05, 0xF6,
    0x00, 0x00, 0x03, 0xE8, 0x00, 0x00, 0x00, 0xDE, 0x77, 0x77, 0x60, 0x0A, 0xAA, 0xAA, 0xA8, 0x00,
    0x00, 0x00, 0x00, 0x32, 0x00, 0x00, 0x00, 0xBD, 0x70, 0x00, 0x00, 0x1F, 0x50, 0x00, 0x00, 0x01,
    0xF5, 0x00, 0x00, 0x00, 0x1F, 0x50, 0x00, 0x00, 0x01, 0xF5, 0x00, 0x00, 0x00, 0x1F, 0x50, 0x00,
    0x00, 0x02, 0xF4, 0x00, 0x00, 0x00, 0xED, 0x00, 0x00, 0x00, 0x06, 0xF2, 0x00, 0x00, 0x00, 0x1F,
    0x50, 0x00, 0x00, 0x01, 0xF5, 0x00, 0x00, 0x00, 0x1F, 0x50, 0x00, 0x00, 0x01, 0xF5, 0x00, 0x00,
    0x00, 0x1F, 0x50, 0x00, 0x00, 0x00, 0xDB, 0x40, 0x00, 0x00, 0x02, 0x75, 0x00, 0x00, 0x02, 0x71,
    0x00, 0x00, 0x00, 0x4F, 0x20, 0x00, 0x00, 0x04, 0xF2, 0x00, 0x00, 0x00, 0x4F, 0x20, 0x00, 0x00,
    0x04, 0xF2, 0x00, 0x00, 0x00, 0x4F, 0x20, 0x00, 0x00, 0x04, 0xF2, 0x00, 0x00, 0x00, 0x4F, 0x20,
    0x00, 0x00, 0x04, 0xF2, 0x00, 0x00, 0x00, 0x4F, 0x20, 0x00, 0x00, 0x04, 0xF2, 0x00, 0x00, 0x00,
    0x4F, 0x20, 0x00, 0x00, 0x04, 0xF2, 0x00, 0x00, 0x00, 0x4F, 0x20, 0x00, 0x00, 0x04, 0xF2, 0x00,
    0x00, 0x00, 0x4F, 0x20, 0x00, 0x00, 0x04, 0xF2, 0x00, 0x00, 0x00, 0x4F, 0x20, 0x00, 0x00, 0x02,
    0x61, 0x00, 0x00, 0x03, 0x20, 0x00, 0x00, 0x00, 0x9E, 0x80, 0x00, 0x00, 0x00, 0x9D, 0x00, 0x00,
    0x00, 0x08, 0xD0, 0x00, 0x00, 0x00, 0x8D, 0x00, 0x00, 0x00, 0x08, 0xD0, 0x00, 0x00, 0x00, 0x8D,
    0x00, 0x00, 0x00, 0x06, 0xE0, 0x00, 0x00, 0x00, 0x2F, 0xB0, 0x00, 0x00, 0x05, 0xF4, 0x00, 0x00,
    0x00, 0x8D, 0x00, 0x00, 0x00, 0x08, 0xD0, 0x00, 0x00, 0x00, 0x8D, 0x00, 0x00, 0x00, 0x08, 0xD0,
    0x00, 0x00, 0x00, 0x8D, 0x00, 0x00, 0x00, 0x5D, 0xA0, 0x00, 0x00, 0x07, 0x61, 0x00, 0x00, 0x00,
    0x00, 0x22, 0x00, 0x00, 0x00, 0x3E, 0xF7, 0x00, 0xB1, 0x0B, 0x76, 0xEC, 0xBB, 0x00, 0x70, 0x02,
    0xCD, 0x20, 0x00, 0x00, 0x00, 0x00, 0x00, 0x00, 0x00, 0x00, 0x00, 0x00, 0x00, 0x00, 0x00, 0x00,
    0x00, 0x00, 0x00, 0x00, 0x00, 0x00, 0x00, 0x00, 0x00, 0x00, 0x00, 0x00, 0x00, 0x00, 0x00, 0x00,
    0x00, 0x00, 0x00, 0x00, 0x00, 0x00, 0x00, 0x00, 0x00, 0x00, 0x00, 0x00, 0x00, 0x00, 0x00, 0x00,
    0x00, 0x00, 0x00, 0x00, 0x00, 0x00, 0x00, 0x00, 0x00, 0x00, 0x00, 0x05, 0xDD, 0x50, 0x00, 0x00,
    0x00, 0x00, 0x00, 0x00, 0x06, 0xFF, 0x50, 0x00, 0x00, 0x00, 0x00, 0x00, 0x00, 0x05, 0xDD, 0x40,
    0x00, 0x00, 0x00, 0x00, 0x00, 0x00, 0x00, 0x00, 0x00, 0x00, 0x00, 0x00, 0x00, 0x00, 0x00, 0x00,
    0x00, 0x00, 0x00, 0x00, 0x00, 0x00, 0x00, 0x00, 0x00, 0x00, 0x00, 0x00, 0x00, 0x00, 0x00, 0x00,
    0x00, 0x00, 0x00, 0x00, 0x00, 0x00, 0x00, 0x00, 0x00, 0x00, 0x00, 0x00, 0x00, 0x00, 0x00, 0x00,
    0x00, 0x00, 0x00, 0x00, 0x00, 0x00, 0x00, 0x00, 0x00, 0xFF, 0xFF, 0xFF, 0xFF, 0xFF, 0xFF, 0xFF,
    0xFF, 0xFE, 0x00, 0x00, 0x00, 0x00, 0x00, 0x00, 0x00, 0x00, 0x00, 0x00, 0x00, 0x00, 0x00, 0x00,
    0x00, 0x00, 0x00, 0x00, 0x00, 0x00, 0x00, 0x00, 0x00, 0x00, 0x00, 0x00, 0x00, 0x00, 0x00, 0x00,
    0x00, 0x00, 0x00, 0x00, 0x00, 0x00, 0x00, 0x00, 0x00, 0x00, 0x00, 0x00, 0x00, 0x00, 0x00, 0x00,
    0x00, 0x00, 0x00, 0x00, 0x00, 0x00, 0x00, 0x00, 0x00, 0x00, 0x00, 0x00, 0x00, 0x00, 0x00, 0x02,
    0x10, 0x00, 0x00, 0x00, 0x00, 0x00, 0x00, 0x00, 0x4D, 0x10, 0x00, 0x00, 0x00, 0x00, 0x00, 0x00,
    0x00, 0xC4, 0x00, 0x00, 0x00, 0x00, 0x00, 0x00, 0x00, 0x00, 0xE8, 0x20, 0x00, 0x00, 0x00, 0x00,
    0x00, 0x00, 0x00, 0xEF, 0x60, 0x00, 0x00, 0x00, 0x00, 0x00, 0x00, 0x00, 0xDE, 0x50, 0x00, 0x00,
    0x00, 0x00, 0x00, 0x00, 0x00, 0x00, 0x00, 0x00, 0x00, 0x00, 0x00, 0x00, 0x00, 0x00, 0x00, 0x00,
    0x00, 0x00, 0x00, 0x00, 0x00, 0x00, 0x00, 0x00, 0x00, 0x00, 0x00, 0x00, 0x00, 0x00, 0x00, 0x00,
    0x00, 0x00, 0x00, 0x00, 0x00, 0x00, 0x00, 0x00, 0x00, 0x00, 0x00, 0x00, 0x00, 0x00, 0x00, 0x00,
    0x00, 0x00, 0x00, 0x00, 0x00, 0x00, 0x00, 0x00, 0x00, 0x00, 0x00, 0x00, 0x00, 0x00, 0x00, 0x00,
    0x00, 0x00, 0x00, 0x00, 0x00, 0x00, 0x00, 0x00, 0x00, 0x00, 0x00, 0x00, 0x00, 0x00, 0x00, 0x03,
    0x65, 0x00, 0x00, 0x00, 0x00, 0x00, 0x00, 0x00, 0x08, 0xFC, 0x00, 0x00, 0x00, 0x00, 0x00, 0x00,
    0x00, 0x07, 0xEC, 0x00, 0x00, 0x00, 0x00, 0x00, 0x00, 0x00, 0x00, 0x6C, 0x00, 0x00, 0x00, 0x00,
    0x00, 0x00, 0x00, 0x00, 0xB7, 0x00, 0x00, 0x00, 0x00, 0x00, 0x00, 0x00, 0x04, 0x90, 0x00, 0x00,
    0x00, 0x00, 0x00, 0x00, 0x00, 0x00, 0x00, 0x00, 0x00, 0x00, 0x00, 0x00, 0x00, 0x00, 0x00, 0x00,
    0x00, 0x00, 0x00, 0x00, 0x00, 0x00, 0x00, 0x00, 0x00, 0x00, 0x00, 0x00, 0x00, 0x00, 0x00, 0x00,
    0x00, 0x00, 0x00, 0x00, 0x00, 0x00, 0x00, 0x00, 0x00, 0x00, 0x00, 0x00, 0x00, 0x00, 0x00, 0x00,
    0x00, 0x00, 0x00, 0x00, 0x00, 0x00, 0x00, 0x00, 0x00, 0x00, 0x00, 0x00, 0x00, 0x00, 0x00, 0x00,
    0x00, 0x00, 0x00, 0x00, 0x00, 0x00, 0x00, 0x00, 0x00, 0x00, 0x00, 0x00, 0x00, 0x00, 0x00, 0x00,
    0x00, 0x00, 0x00, 0x00, 0x00, 0x00, 0x00, 0x00, 0x00, 0x00, 0x00, 0x02, 0x10, 0x02, 0x10, 0x00,
    0x00, 0x00, 0x00, 0x00, 0x4D, 0x20, 0x4D, 0x10, 0x00, 0x00, 0x00, 0x00, 0x00, 0xB5, 0x00, 0xC4,
    0x00, 0x00, 0x00, 0x00, 0x00, 0x00, 0xD8, 0x20, 0xE8, 0x20, 0x00, 0x00, 0x00, 0x00, 0x00, 0xDF,
    0x60, 0xEF, 0x60, 0x00, 0x00, 0x00, 0x00, 0x00, 0xCE, 0x50, 0xDE, 0x50, 0x00, 0x00, 0x00, 0x00,
    0x00, 0x00, 0x00, 0x00, 0x00, 0x00, 0x00, 0x00, 0x00, 0x00, 0x00, 0x00, 0x00, 0x00, 0x00, 0x00,
    0x00, 0x00, 0x00, 0x00, 0x00, 0x00, 0x00, 0x00, 0x00, 0x00, 0x00, 0x00, 0x00, 0x00, 0x00, 0x00,
    0x00, 0x00, 0x00, 0x00, 0x00, 0x00, 0x00, 0x00, 0x00, 0x00, 0x00, 0x00, 0x00, 0x00, 0x00, 0x00,
    0x00, 0x00, 0x00, 0x00, 0x00, 0x00, 0x00, 0x00, 0x00, 0x00, 0x00, 0x00, 0x00, 0x00, 0x00, 0x00,
    0x00, 0x00, 0x00, 0x00, 0x00, 0x00, 0x00, 0x00, 0x00, 0x00, 0x00, 0x00, 0x00, 0x03, 0x65, 0x02,
    0x66, 0x00, 0x00, 0x00, 0x00, 0x00, 0x08, 0xFC, 0x06, 0xFD, 0x00, 0x00, 0x00, 0x00, 0x00, 0x07,
    0xEC, 0x05, 0xED, 0x00, 0x00, 0x00, 0x00, 0x00, 0x00, 0x6C, 0x00, 0x4D, 0x00, 0x00, 0x00, 0x00,
    0x00, 0x00, 0xB7, 0x00, 0x99, 0x00, 0x00, 0x00, 0x00, 0x00, 0x04, 0x90, 0x02, 0xB1, 0x00, 0x00,
    0x00, 0x00, 0x00, 0x00, 0x00, 0x00, 0x00, 0x00, 0x00, 0x00, 0x00, 0x00, 0x00, 0x00, 0x00, 0x00,
    0x00, 0x00, 0x00, 0x00, 0x00, 0x00, 0x00, 0x00, 0x00, 0x00, 0x00, 0x00, 0x00, 0x00, 0x00, 0x00,
    0x00, 0x00, 0x00, 0x00, 0x00, 0x00, 0x00, 0x00, 0x00, 0x00, 0x00, 0x00, 0x00, 0x00, 0x00, 0x00,
    0x00, 0x00, 0x00, 0x00, 0x00, 0x00, 0x00, 0x00, 0x00, 0x00, 0x00, 0x00, 0x00, 0x00, 0x00, 0x00,
    0x00, 0x00, 0x00, 0x00, 0x00, 0x00, 0x00, 0x00, 0x00, 0x00, 0x00, 0x00, 0x00, 0x00, 0x00, 0x00,
    0x00, 0x00, 0x00, 0x00, 0x04, 0xDD, 0x60, 0x05, 0xDD, 0x50, 0x08, 0xDD, 0x10, 0x05, 0xFF, 0x70,
    0x06, 0xFF, 0x50, 0x0A, 0xFF, 0x20, 0x04, 0xDD, 0x60, 0x05, 0xDD, 0x40, 0x08, 0xDD, 0x10, 0x00,
    0x00, 0x00, 0x00, 0x00, 0x00, 0x00, 0x00, 0x00, 0x00, 0x00, 0x00, 0x00, 0x00, 0x00, 0x00, 0x00,
    0x00, 0x00, 0x00, 0x00, 0x00, 0x00, 0x00, 0x00, 0x00, 0x00, 0x00, 0x00, 0x00, 0x00, 0x00, 0x00,
    0x00, 0x00, 0x00, 0x00, 0x00, 0x00, 0x00, 0x00, 0x00, 0x00, 0x00, 0x00, 0x00, 0x11, 0x00, 0x00,
    0x00, 0x00, 0x00, 0x00, 0x00, 0x05, 0x98, 0x40, 0x00, 0x00, 0x00, 0x00, 0x00, 0x00, 0x09, 0x00,
    0x90, 0x00, 0x02, 0x56, 0x41, 0x00, 0x00, 0x06, 0x77, 0x50, 0x01, 0xAF, 0xFF, 0xFE, 0x70, 0x00,
    0x00, 0x22, 0x00, 0x0C, 0xD5, 0x10, 0x28, 0xF7, 0x00, 0x00, 0x00, 0x00, 0x8D, 0x10, 0x00, 0x00,
    0x9E, 0x10, 0x00, 0x00, 0x00, 0xE6, 0x00, 0x00, 0x00, 0x13, 0x00, 0x00, 0x00, 0x03, 0xF2, 0x00,
    0x00, 0x00, 0x00, 0x00, 0x00, 0x00, 0x05, 0xE0, 0x00, 0x00, 0x00, 0x00, 0x00, 0x00, 0x00, 0x06,
    0xE0, 0x00, 0x00, 0x00, 0x00, 0x00, 0x00, 0x00, 0x05, 0xF1, 0x00, 0x00, 0x00, 0x01, 0x00, 0x00,
    0x00, 0x02, 0xF6, 0x00, 0x00, 0x00, 0x2F, 0x60, 0x00, 0x00, 0x00, 0xBE, 0x20, 0x00, 0x00, 0xBD,
    0x00, 0x00, 0x00, 0x00, 0x2E, 0xD5, 0x10, 0x3C, 0xE3, 0x00, 0x00, 0x00, 0x00, 0x02, 0xBF, 0xFF,
    0xFC, 0x30, 0x00, 0x00, 0x00, 0x00, 0x00, 0x01, 0x55, 0x20, 0x00, 0x00, 0x00, 0x00, 0x00, 0x00,
    0x00, 0x00, 0x00, 0x00, 0x00, 0x00, 0x00, 0x00, 0x00, 0x43, 0x00, 0x00, 0x00, 0x00, 0x00, 0x00,
    0x00, 0x00, 0x98, 0x00, 0x00, 0x00, 0x00, 0x00, 0x00, 0x00, 0x00, 0xED, 0x00, 0x00, 0x00, 0x00,
    0x00, 0x00, 0x00, 0x04, 0xFF, 0x30, 0x00, 0x00, 0x00, 0x00, 0x00, 0x00, 0x09, 0xFF, 0x80, 0x00,
    0x00, 0x00, 0x04, 0x44, 0x44, 0x4E, 0xFF, 0xD4, 0x44, 0x44, 0x30, 0x02, 0xCF, 0xFF, 0xFF, 0xFF,
    0xFF, 0xFF, 0xFC, 0x20, 0x00, 0x09, 0xFF, 0xFF, 0xFF, 0xFF, 0xFF, 0x80, 0x00, 0x00, 0x00, 0x5E,
    0xFF, 0xFF, 0xFF, 0xE4, 0x00, 0x00, 0x00, 0x00, 0x06, 0xFF, 0xFF, 0xFF, 0x50, 0x00, 0x00, 0x00,
    0x00, 0x0B, 0xFF, 0xFF, 0xFF, 0xA0, 0x00, 0x00, 0x00, 0x00, 0x1F, 0xFF, 0xAB, 0xFF, 0xE1, 0x00,
    0x00, 0x00, 0x00, 0x6F, 0xE6, 0x00, 0x7F, 0xF5, 0x00, 0x00, 0x00, 0x00, 0xAC, 0x20, 0x00, 0x03,
    0xDA, 0x00, 0x00, 0x00, 0x01, 0x80, 0x00, 0x00, 0x00, 0x19, 0x10, 0x00, 0x00, 0x00, 0x00, 0x00,
    0x00, 0x00, 0x00, 0x00, 0x00, 0x00, 0x00, 0x00, 0x00, 0x00, 0x00, 0x00, 0x00, 0x00, 0x00, 0x00,
    0x00, 0x00, 0x43, 0x00, 0x00, 0x00, 0x00, 0x00, 0x00, 0x00, 0x00, 0x98, 0x00, 0x00, 0x00, 0x00,
    0x00, 0x00, 0x00, 0x00, 0xED, 0x00, 0x00, 0x00, 0x00, 0x00, 0x00, 0x00, 0x04, 0xBB, 0x30, 0x00,
    0x00, 0x00, 0x00, 0x00, 0x00, 0x09, 0x56, 0x80, 0x00, 0x00, 0x00, 0x04, 0x44, 0x44, 0x4D, 0x01,
    0xD4, 0x44, 0x44, 0x30, 0x02, 0xCF, 0x87, 0x75, 0x00, 0x57, 0x78, 0xFC, 0x20, 0x00, 0x09, 0xD3,
    0x00, 0x00, 0x00, 0x4D, 0x80, 0x00, 0x00, 0x00, 0x5E, 0x50, 0x00, 0x07, 0xE4, 0x00, 0x00, 0x00,
    0x00, 0x06, 0x80, 0x00, 0x0A, 0x50, 0x00, 0x00, 0x00, 0x00, 0x0B, 0x30, 0x87, 0x05, 0xA0, 0x00,
    0x00, 0x00, 0x00, 0x1D, 0x2C, 0xAB, 0xB2, 0xE1, 0x00, 0x00, 0x00, 0x00, 0x6D, 0xD6, 0x00, 0x7D,
    0xE5, 0x00, 0x00, 0x00, 0x00, 0xAC, 0x20, 0x00, 0x03, 0xDA, 0x00, 0x00, 0x00, 0x01, 0x80, 0x00,
    0x00, 0x00, 0x19, 0x10, 0x00, 0x00, 0x00, 0x00, 0x00, 0x00, 0x00, 0x00, 0x00, 0x00, 0x00, 0x17,
    0x00, 0x00, 0x00, 0x00, 0x00, 0x00, 0x00, 0x00, 0x2F, 0x70, 0x00, 0x00, 0x00, 0x00, 0x00, 0x00,
    0x00, 0x09, 0xF2, 0x00, 0x00, 0x00, 0x00, 0x00, 0x00, 0x00, 0x02, 0xFB, 0x00, 0x00, 0x00, 0x00,
    0x00, 0x00, 0x00, 0x00, 0xBF, 0x40, 0x00, 0x00, 0x00, 0x00, 0x00, 0x00, 0x00, 0x47, 0x10, 0x00,
    0x00, 0x00, 0x00, 0x00, 0x00, 0x00, 0x00, 0x00, 0x00, 0x00, 0x00, 0x00, 0x00, 0x00, 0x1B, 0xDA,
    0x10, 0x00, 0x00, 0x00, 0x00, 0x00, 0x00, 0x86, 0x08, 0x70, 0x00, 0x00, 0x00, 0x00, 0x00, 0x00,
    0x94, 0x06, 0x70, 0x00, 0x00, 0x00, 0x00, 0x00, 0x00, 0x3D, 0xAD, 0x20, 0x00, 0x00, 0x00, 0x00,
    0x00, 0x00, 0x01, 0x41, 0x00, 0x00, 0x00, 0x00, 0x00, 0x00, 0x00, 0x00, 0x00, 0x00, 0x00, 0x00,
    0x00, 0x00, 0x00, 0x00, 0x00, 0x00, 0x00, 0x00, 0x00, 0x4A, 0x07, 0x70, 0x00, 0x00, 0x00, 0x00,
    0x00, 0x00, 0xB5, 0x0D, 0x20, 0x00, 0x00, 0x00, 0x00, 0x00, 0x03, 0xD0, 0x6A, 0x00, 0x00, 0x00,
    0x00, 0x00, 0x00, 0x0A, 0x60, 0xD3, 0x00, 0x00, 0x00, 0x00, 0x00, 0x00, 0x3E, 0x16, 0xB0, 0x00,
    0x00, 0x00, 0x00, 0x00, 0x00, 0xA7, 0x0D, 0x40, 0x00, 0x00, 0x00, 0x00, 0x00, 0x02, 0xE1, 0x6C,
    0x00, 0x00, 0x00, 0x00, 0x00, 0x00, 0x09, 0x80, 0xD4, 0x00, 0x00, 0x00, 0x00, 0x00, 0x00, 0x0E,
    0x33, 0xE0, 0x00, 0x00, 0x00, 0x00, 0x00, 0x00, 0x08, 0x80, 0xC4, 0x00, 0x00, 0x00, 0x00, 0x00,
    0x00, 0x02, 0xE1, 0x5B, 0x00, 0x00, 0x00, 0x00, 0x00, 0x00, 0x00, 0x97, 0x0C, 0x40, 0x00, 0x00,
    0x00, 0x00, 0x00, 0x00, 0x2E, 0x15, 0xB0, 0x00, 0x00, 0x00, 0x00, 0x00, 0x00, 0x09, 0x70, 0xD4,
    0x00, 0x00, 0x00, 0x00, 0x00, 0x00, 0x02, 0xD0, 0x5B, 0x00, 0x00, 0x00, 0x00, 0x00, 0x00, 0x00,
    0xA6, 0x0D, 0x30, 0x00, 0x00, 0x00, 0x00, 0x00, 0x00, 0x39, 0x05, 0x70, 0x00, 0x00, 0x00, 0x00,
    0x00, 0x00, 0x00, 0x00, 0x00, 0x08, 0x50, 0xC2, 0x00, 0x00, 0x00, 0x00, 0x00, 0x00, 0x03, 0xC0,
    0x79, 0x00, 0x00, 0x00, 0x00, 0x00, 0x00, 0x00, 0xB4, 0x1D, 0x10, 0x00, 0x00, 0x00, 0x00, 0x00,
    0x00, 0x4B, 0x07, 0x80, 0x00, 0x00, 0x00, 0x00, 0x00, 0x00, 0x0C, 0x31, 0xD1, 0x00, 0x00, 0x00,
    0x00, 0x00, 0x00, 0x05, 0xA0, 0x87, 0x00, 0x00, 0x00, 0x00, 0x00, 0x00, 0x00, 0xD2, 0x1D, 0x10,
    0x00, 0x00, 0x00, 0x00, 0x00, 0x00, 0x69, 0x08, 0x70, 0x00, 0x00, 0x00, 0x00, 0x00, 0x00, 0x1E,
    0x03, 0xC0, 0x00, 0x00, 0x00, 0x00, 0x00, 0x00, 0x79, 0x09, 0x70, 0x00, 0x00, 0x00, 0x00, 0x00,
    0x00, 0xD2, 0x1D, 0x10, 0x00, 0x00, 0x00, 0x00, 0x00, 0x06, 0xA0, 0x87, 0x00, 0x00, 0x00, 0x00,
    0x00, 0x00, 0x0D, 0x31, 0xE1, 0x00, 0x00, 0x00, 0x00, 0x00, 0x00, 0x5B, 0x08, 0x80, 0x00, 0x00,
    0x00, 0x00, 0x00, 0x00, 0xC4, 0x1E, 0x10, 0x00, 0x00, 0x00, 0x00, 0x00, 0x05, 0xC0, 0x88, 0x00,
    0x00, 0x00, 0x00, 0x00, 0x00, 0x07, 0x40, 0xB1, 0x00, 0x00, 0x00, 0x00, 0x00, 0x00, 0x09, 0x88,
    0x88, 0x88, 0x88, 0x88, 0x88, 0x88, 0x90, 0x0F, 0xFF, 0xFF, 0xFF, 0xFF, 0xFF, 0xFF, 0xFF, 0xF0,
    0x03, 0x33, 0x22, 0x22, 0x22, 0x22, 0x22, 0x23, 0x30, 0x00, 0x00, 0x00, 0x00, 0x00, 0x00, 0x00,
    0x00, 0x00, 0x00, 0x00, 0x00, 0x00, 0x00, 0x00, 0x00, 0x00, 0x00, 0x00, 0x00, 0x00, 0x00, 0x00,
    0x00, 0x00, 0x00, 0x00, 0x00, 0x00, 0x00, 0x00, 0x00, 0x00, 0x00, 0x00, 0x00, 0x00, 0x00, 0x00,
    0x00, 0x00, 0x00, 0x00, 0x00, 0x00, 0x00, 0x7E, 0xDD, 0xDD, 0xDD, 0xDD, 0xDD, 0xE6, 0x00, 0x00,
    0x48, 0x77, 0x77, 0x77, 0x77, 0x77, 0x73, 0x00, 0x00, 0x00, 0x00, 0x00, 0x00, 0x00, 0x00, 0x00,
    0x00, 0x00, 0x00, 0x00, 0x00, 0x00, 0x00, 0x00, 0x00, 0x00, 0x00, 0x00, 0x00, 0x00, 0x00, 0x00,
    0x00, 0x00, 0x00, 0x00, 0x02, 0x55, 0x55, 0x55, 0x55, 0x55, 0x10, 0x00, 0x00, 0x06, 0xFF, 0xFF,
    0xFF, 0xFF, 0xFF, 0x30, 0x00, 0x00, 0x01, 0x22, 0x11, 0x11, 0x11, 0x22, 0x00, 0x00, 0x00, 0x00,
    0x00, 0x00, 0x00, 0x00, 0x00, 0x00, 0x00, 0x00, 0x00, 0x00, 0x00, 0x00, 0x00, 0x00, 0x00, 0x00,
    0x00, 0x00, 0x00, 0x00, 0x00, 0x00, 0x00, 0x00, 0x00, 0x00, 0x00, 0x00, 0x00, 0x00, 0x00, 0x00,
    0x00, 0x00, 0x0E, 0xEE, 0xEE, 0xEE, 0xEE, 0xEE, 0xEE, 0xEF, 0xD0, 0x08, 0x88, 0x88, 0x88, 0x88,
    0x88, 0x88, 0x88, 0x70, 0x00, 0x00, 0x00, 0x02, 0x41, 0x00, 0x00, 0x00, 0x00, 0x00, 0x00, 0x00,
    0x07, 0xF2, 0x00, 0x00, 0x00, 0x00, 0x00, 0x00, 0x00, 0x06, 0xF1, 0x00, 0x00, 0x00, 0x00, 0x00,
    0x00, 0x00, 0x06, 0xF1, 0x00, 0x00, 0x00, 0x00, 0x00, 0x00, 0x00, 0x06, 0xF1, 0x00, 0x00, 0x00,
    0x00, 0x00, 0x00, 0x00, 0x06, 0xF2, 0x11, 0x11, 0x21, 0x00, 0x00, 0x00, 0x00, 0x06, 0xFF, 0xFF,
    0xFF, 0xFB, 0x00, 0x00, 0x00, 0x00, 0x06, 0xF6, 0x55, 0x55, 0x64, 0x00, 0x00, 0x00, 0x00, 0x06,
    0xF1, 0x00, 0x00, 0x00, 0x00, 0x00, 0x00, 0x00, 0x06, 0xF1, 0x00, 0x00, 0x00, 0x00, 0x00, 0x00,
    0x00, 0x06, 0xF1, 0x00, 0x00, 0x00, 0x00, 0x00, 0x00, 0x00, 0x06, 0xF1, 0x00, 0x00, 0x00, 0x00,
    0x00, 0x00, 0x00, 0x06, 0xF1, 0x00, 0x00, 0x00, 0x00, 0x00, 0x00, 0x00, 0x06, 0xF1, 0x00, 0x00,
    0x00, 0x00, 0x09, 0x99, 0x88, 0x8B, 0xF9, 0x88, 0x88, 0x89, 0x91, 0x0C, 0xCC, 0xCC, 0xCC, 0xCC,
    0xCC, 0xCC, 0xCC, 0xC1, 0x04, 0x43, 0x33, 0x33, 0x33, 0x33, 0x33, 0x34, 0x30, 0x0D, 0xFF, 0xFF,
    0xFF, 0xFF, 0xFF, 0xFF, 0xFF, 0xC0, 0x02, 0x22, 0x22, 0x25, 0xF5, 0x22, 0x22, 0x22, 0x20, 0x00,
    0x00, 0x00, 0x04, 0xF3, 0x00, 0x00, 0x00, 0x00, 0x00, 0x00, 0x00, 0x04, 0xF3, 0x00, 0x00, 0x00,
    0x00, 0x00, 0x00, 0x00, 0x04, 0xF3, 0x01, 0x00, 0x00, 0x00, 0x00, 0x00, 0x00, 0x04, 0xF3, 0x6E,
    0x40, 0x00, 0x00, 0x00, 0x00, 0x00, 0x04, 0xF3, 0x2C, 0xF5, 0x00, 0x00, 0x00, 0x00, 0x00, 0x04,
    0xF3, 0x01, 0xCF, 0x60, 0x00, 0x00, 0x00, 0x00, 0x04, 0xF3, 0x00, 0x1C, 0xF5, 0x00, 0x00, 0x00,
    0x00, 0x04, 0xF3, 0x00, 0x01, 0xD6, 0x00, 0x00, 0x00, 0x00, 0x04, 0xF3, 0x00, 0x00, 0x00, 0x00,
    0x00, 0x00, 0x00, 0x04, 0xF3, 0x00, 0x00, 0x00, 0x00, 0x00, 0x00, 0x00, 0x04, 0xF3, 0x00, 0x00,
    0x00, 0x00, 0x00, 0x00, 0x00, 0x05, 0xF4, 0x00, 0x00, 0x00, 0x00, 0x00, 0x00, 0x00, 0x01, 0x41,
    0x00, 0x00, 0x00, 0x00, 0x07, 0xDD, 0xDD, 0xDD, 0xDD, 0xDD, 0xDD, 0xDD, 0xB0, 0x04, 0x76, 0x66,
    0x66, 0x8F, 0x96, 0x66, 0x66, 0x60, 0x00, 0x00, 0x00, 0x00, 0xBD, 0x00, 0x00, 0x00, 0x00, 0x00,
    0x00, 0x00, 0x05, 0xF6, 0x00, 0x00, 0x00, 0x00, 0x00, 0x00, 0x00, 0x1E, 0xF4, 0x02, 0x00, 0x00,
    0x00, 0x00, 0x00, 0x00, 0xCD, 0xF4, 0x3F, 0x60, 0x00, 0x00, 0x00, 0x00, 0x0A, 0xE4, 0xF4, 0x09,
    0xF7, 0x00, 0x00, 0x00, 0x01, 0xBE, 0x32, 0xF4, 0x00, 0xAF, 0x70, 0x00, 0x00, 0x2D, 0xE4, 0x02,
    0xF4, 0x00, 0x0A, 0xF7, 0x00, 0x07, 0xED, 0x20, 0x02, 0xF4, 0x00, 0x01, 0xCF, 0x50, 0x07, 0xA1,
    0x00, 0x02, 0xF4, 0x00, 0x00, 0x18, 0x00, 0x00, 0x00, 0x00, 0x02, 0xF4, 0x00, 0x00, 0x00, 0x00,
    0x00, 0x00, 0x00, 0x02, 0xF4, 0x00, 0x00, 0x00, 0x00, 0x00, 0x00, 0x00, 0x02, 0xF4, 0x00, 0x00,
    0x00, 0x00, 0x00, 0x00, 0x00, 0x03, 0xF5, 0x00, 0x00, 0x00, 0x00, 0x00, 0x00, 0x00, 0x01, 0x83,
    0x00, 0x00, 0x00, 0x00, 0x00, 0x00, 0x00, 0x00, 0x96, 0x00, 0x00, 0x00, 0x00, 0x00, 0x03, 0x70,
    0x00, 0xEA, 0x00, 0x00, 0x00, 0x00, 0x00, 0x07, 0xF8, 0x00, 0xF8, 0x00, 0x00, 0x00, 0x00, 0x00,
    0x00, 0x9F, 0x70, 0xF6, 0x00, 0x00, 0x00, 0x00, 0x00, 0x00, 0x0A, 0x51, 0xF5, 0x00, 0x00, 0x00,
    0x00, 0x00, 0x67, 0x66, 0x68, 0xF8, 0x66, 0x66, 0x66, 0x30, 0x00, 0xAC, 0xCC, 0xCD, 0xFC, 0xCC,
    0xCC, 0xCF, 0x50, 0x00, 0x00, 0x00, 0x09, 0xD0, 0x00, 0x00, 0x4F, 0x40, 0x00, 0x00, 0x00, 0x0D,
    0x90, 0x00, 0x00, 0x5F, 0x20, 0x00, 0x00, 0x00, 0x4F, 0x47, 0xA1, 0x00, 0x7F, 0x10, 0x00, 0x00,
    0x00, 0xCC, 0x06, 0xEE, 0x50, 0x8E, 0x00, 0x00, 0x00, 0x06, 0xF4, 0x00, 0x2C, 0xE2, 0xAC, 0x00,
    0x00, 0x00, 0x4F, 0x90, 0x00, 0x01, 0x40, 0xBB, 0x00, 0x00, 0x03, 0xEB, 0x00, 0x00, 0x00, 0x00,
    0xD9, 0x00, 0x00, 0x6F, 0xC1, 0x00, 0x00, 0x00, 0x04, 0xF7, 0x00, 0x08, 0xFB, 0x10, 0x00, 0x00,
    0x2E, 0xEF, 0xE2, 0x00, 0x00, 0x70, 0x00, 0x00, 0x00, 0x08, 0x96, 0x20, 0x00, 0x00, 0x00, 0x00,
    0x00, 0x20, 0x00, 0x00, 0x00, 0x00, 0x00, 0x00, 0x00, 0x06, 0xF5, 0x00, 0x00, 0x00, 0x00, 0x00,
    0x00, 0x00, 0x1D, 0xE1, 0x00, 0x00, 0x00, 0x00, 0x00, 0x00, 0x00, 0x9F, 0x50, 0x00, 0x00, 0x00,
    0x00, 0x00, 0x00, 0x05, 0xFA, 0x00, 0x48, 0x00, 0x00, 0x00, 0x00, 0x00, 0x3E, 0xD1, 0x00, 0xCF,
    0x40, 0x00, 0x00, 0x00, 0x02, 0xDE, 0x20, 0x07, 0xF8, 0x00, 0x00, 0x00, 0x00, 0x2D, 0xE3, 0x00,
    0x2F, 0xB0, 0x00, 0x00, 0x00, 0x04, 0xEE, 0x30, 0x00, 0xCD, 0x10, 0x00, 0x00, 0x00, 0x0A, 0xD2,
    0x00, 0x09, 0xE3, 0x00, 0x22, 0x00, 0x00, 0x00, 0x10, 0x00, 0x7F, 0x40, 0x00, 0xDC, 0x00, 0x00,
    0x00, 0x00, 0x06, 0xF5, 0x00, 0x00, 0x5F, 0x80, 0x00, 0x00, 0x00, 0x6F, 0x60, 0x00, 0x00, 0x0B,
    0xF3, 0x00, 0x00, 0x19, 0xF7, 0x34, 0x56, 0x67, 0x8B, 0xFC, 0x00, 0x00, 0x9F, 0xFF, 0xFF, 0xFE,
    0xDC, 0xBB, 0xCF, 0x70, 0x00, 0x39, 0x75, 0x32, 0x10, 0x00, 0x00, 0x1E, 0xC0, 0x00, 0x00, 0x00,
    0x00, 0x00, 0x00, 0x00, 0x03, 0x00, 0x00, 0x00, 0x00, 0x00, 0x47, 0x00, 0x00, 0x00, 0x00, 0x00,
    0x00, 0x00, 0x00, 0x8F, 0x00, 0x00, 0x00, 0x00, 0x00, 0x03, 0xB3, 0x00, 0x8F, 0x00, 0x00, 0x00,
    0x00, 0x00, 0x04, 0xF4, 0x00, 0x7F, 0x00, 0x01, 0x42, 0x00, 0x00, 0x04, 0xF4, 0x00, 0x7F, 0x26,
    0xBE, 0xF3, 0x00, 0x00, 0x03, 0xF3, 0x14, 0xBF, 0xFE, 0xAA, 0xF1, 0x00, 0x00, 0x05, 0xFC, 0xFF,
    0xEF, 0x30, 0x07, 0xF0, 0x00, 0x08, 0xEF, 0xFA, 0x51, 0x7F, 0x00, 0x08, 0xE0, 0x00, 0x06, 0x76,
    0xF3, 0x00, 0x7F, 0x00, 0x09, 0xD0, 0x00, 0x00, 0x03, 0xF3, 0x00, 0x7F, 0x00, 0x0B, 0xB0, 0x00,
    0x00, 0x03, 0xF3, 0x00, 0x8F, 0x08, 0x9F, 0x80, 0x00, 0x00, 0x03, 0xF3, 0x00, 0x8F, 0x0B, 0xE9,
    0x10, 0x00, 0x00, 0x03, 0xF3, 0x00, 0x8F, 0x11, 0x00, 0x06, 0x50, 0x00, 0x03, 0xF3, 0x00, 0x11,
    0x00, 0x00, 0x0A, 0xF2, 0x00, 0x01, 0xFA, 0x43, 0x33, 0x33, 0x33, 0x4E, 0xD0, 0x00, 0x00, 0x8F,
    0xFF, 0xFF, 0xFF, 0xFF, 0xFE, 0x50, 0x00, 0x00, 0x00, 0x11, 0x11, 0x11, 0x11, 0x10, 0x00, 0x00,
    0x56, 0x55, 0x55, 0x55, 0x55, 0x55, 0x55, 0x30, 0x00, 0x8B, 0xAA, 0xAA, 0xAA, 0xAA, 0xAA, 0xCF,
    0x40, 0x00, 0x00, 0x03, 0x00, 0x01, 0x74, 0x00, 0xAE, 0x00, 0x00, 0x00, 0x3F, 0xA1, 0x02, 0xF7,
    0x01, 0xF8, 0x00, 0x00, 0x00, 0x03, 0xCE, 0x32, 0xF4, 0x02, 0x72, 0x00, 0x00, 0x05, 0x40, 0x18,
    0x13, 0xF2, 0x00, 0x00, 0x00, 0x00, 0x0A, 0xF9, 0x10, 0x04, 0xF0, 0x00, 0x00, 0x00, 0x00, 0x00,
    0x5E, 0xC0, 0x06, 0xD0, 0x00, 0x00, 0x00, 0x00, 0x00, 0x02, 0x30, 0x09, 0xB0, 0x00, 0x00, 0x00,
    0x0A, 0xEE, 0xEE, 0xEE, 0xEF, 0xFE, 0xEE, 0xEE, 0xD0, 0x03, 0x43, 0x33, 0x33, 0x9F, 0x53, 0x33,
    0x33, 0x30, 0x00, 0x00, 0x00, 0x03, 0xFA, 0x26, 0x00, 0x00, 0x00, 0x00, 0x00, 0x00, 0x6F, 0xB1,
    0x5E, 0xD5, 0x00, 0x00, 0x00, 0x00, 0x4B, 0xF8, 0x00, 0x01, 0xAF, 0xB2, 0x00, 0x02, 0x9E, 0xFB,
    0x30, 0x00, 0x00, 0x04, 0xDF, 0x40, 0x00, 0x88, 0x20, 0x00, 0x00, 0x00, 0x00, 0x18, 0x00, 0x00,
    0x38, 0x88, 0x88, 0x88, 0x88, 0x88, 0x86, 0x00, 0x00, 0x5C, 0xCC, 0xCC, 0xCC, 0xCC, 0xCF, 0xFB,
    0x00, 0x00, 0x00, 0x00, 0x00, 0x00, 0x01, 0xAF, 0xB2, 0x00, 0x00, 0x00, 0x00, 0x00, 0x00, 0x6E,
    0xE5, 0x00, 0x00, 0x00, 0x00, 0x00, 0x00, 0x3B, 0xFA, 0x10, 0x00, 0x00, 0x00, 0x00, 0x00, 0x00,
    0xCF, 0x50, 0x00, 0x00, 0x00, 0x00, 0x00, 0x00, 0x00, 0xBD, 0x00, 0x00, 0x00, 0x00, 0x00, 0x00,
    0x00, 0x00, 0xBD, 0x00, 0x00, 0x00, 0x00, 0x00, 0x00, 0x00, 0x00, 0xBD, 0x00, 0x00, 0x00, 0x00,
    0x00, 0x00, 0x00, 0x00, 0xBD, 0x00, 0x00, 0x00, 0x00, 0x00, 0x00, 0x00, 0x00, 0xBD, 0x00, 0x00,
    0x00, 0x00, 0x00, 0x00, 0x00, 0x00, 0xBD, 0x00, 0x00, 0x00, 0x00, 0x00, 0x00, 0x00, 0x00, 0xBD,
    0x00, 0x00, 0x00, 0x00, 0x00, 0x00, 0x01, 0x22, 0xDD, 0x00, 0x00, 0x00, 0x00, 0x00, 0x00, 0x02,
    0xFF, 0xFA, 0x00, 0x00, 0x00, 0x00, 0x00, 0x00, 0x00, 0xA9, 0x61, 0x00, 0x00, 0x00, 0x00, 0x00,
    0x00, 0x00, 0x00, 0x65, 0x00, 0x00, 0x00, 0x00, 0x04, 0x54, 0x44, 0x44, 0xCB, 0x44, 0x44, 0x55,
    0x40, 0x0B, 0xDC, 0xCC, 0xCC, 0xEE, 0xCC, 0xCC, 0xDD, 0xB0, 0x00, 0x02, 0x33, 0x33, 0xBA, 0x33,
    0x33, 0x20, 0x00, 0x00, 0x09, 0xFE, 0xEE, 0xFF, 0xEE, 0xEF, 0x90, 0x00, 0x00, 0x08, 0xB0, 0x00,
    0xB8, 0x00, 0x0C, 0x90, 0x00, 0x00, 0x09, 0xEA, 0xAA, 0xDD, 0xAA, 0xAE, 0x90, 0x00, 0x00, 0x04,
    0x77, 0x77, 0xDC, 0x77, 0x77, 0x40, 0x00, 0x00, 0x5A, 0x99, 0x99, 0xDC, 0x99, 0x99, 0x70, 0x00,
    0x00, 0x48, 0x88, 0x88, 0xDC, 0x88, 0x8C, 0xB0, 0x00, 0x06, 0x88, 0x88, 0x88, 0xDC, 0x88, 0x8C,
    0xD8, 0x80, 0x07, 0xA9, 0x99, 0x99, 0xDD, 0x99, 0x9D, 0xDA, 0xA0, 0x00, 0x35, 0x55, 0x55, 0xCB,
    0x55, 0x5B, 0xB0, 0x00, 0x00, 0x6C, 0xCC, 0xCC, 0xEE, 0xCC, 0xCE, 0xB0, 0x00, 0x00, 0x00, 0x00,
    0x00, 0xB8, 0x00, 0x05, 0x60, 0x00, 0x00, 0x00, 0x00, 0x7C, 0xF7, 0x00, 0x00, 0x00, 0x00, 0x00,
    0x00, 0x00, 0x3A, 0x60, 0x00, 0x00, 0x00, 0x00, 0x00, 0x2B, 0xAA, 0xAA, 0xAA, 0xAA, 0xAB, 0xC1,
    0x00, 0x00, 0x3E, 0xDD, 0xDD, 0xDD, 0xDD, 0xDE, 0xE1, 0x00, 0x00, 0x00, 0x00, 0x00, 0x00, 0x00,
    0x00, 0x00, 0x00, 0x00, 0x00, 0x00, 0x00, 0x00, 0x00, 0x00, 0x00, 0x00, 0x00, 0x00, 0x00, 0x00,
    0x00, 0x00, 0x00, 0x00, 0x00, 0x00, 0x00, 0x00, 0x00, 0x00, 0x00, 0x00, 0x00, 0x00, 0x00, 0x00,
    0x00, 0x00, 0x00, 0x00, 0x00, 0x00, 0x00, 0x00, 0x00, 0x00, 0x00, 0x00, 0x00, 0x00, 0x00, 0x00,
    0x00, 0x00, 0x00, 0x00, 0x00, 0x00, 0x00, 0x00, 0x00, 0x00, 0x00, 0x00, 0x00, 0x00, 0x00, 0x00,
    0x00, 0x00, 0x0C, 0xCC, 0xCC, 0xCC, 0xCC, 0xCC, 0xCC, 0xCC, 0xC0, 0x0D, 0xCC, 0xCC, 0xCC, 0xCC,
    0xCC, 0xCC, 0xCC, 0xC0, 0x00, 0x03, 0x54, 0x44, 0x44, 0x44, 0x45, 0x50, 0x00, 0x00, 0x08, 0xFF,
    0xFF, 0xFF, 0xFF, 0xFF, 0xE0, 0x00, 0x00, 0x00, 0x00, 0x00, 0x00, 0x00, 0x00, 0x00, 0x00, 0x00,
    0x00, 0x00, 0x00, 0x00, 0x00, 0x00, 0x00, 0x00, 0x00, 0x00, 0x00, 0x00, 0x00, 0x00, 0x00, 0x00,
    0x00, 0x07, 0x88, 0x88, 0x88, 0x88, 0x88, 0x88, 0x88, 0x70, 0x09, 0xBA, 0xAA, 0xAD, 0xAA, 0xAA,
    0xAA, 0xAB, 0x90, 0x00, 0x00, 0x00, 0x2F, 0x90, 0x00, 0x00, 0x00, 0x00, 0x00, 0x00, 0x00, 0x9F,
    0x30, 0x00, 0x00, 0x00, 0x00, 0x00, 0x00, 0x03, 0xF7, 0x00, 0x09, 0x30, 0x00, 0x00, 0x00, 0x00,
    0x0C, 0xC0, 0x00, 0x0B, 0xE2, 0x00, 0x00, 0x00, 0x00, 0x8E, 0x20, 0x00, 0x01, 0xDC, 0x10, 0x00,
    0x00, 0x05, 0xF4, 0x00, 0x00, 0x01, 0x5F, 0xA0, 0x00, 0x00, 0x4F, 0xDA, 0xBC, 0xDE, 0xFF, 0xFE,
    0xF7, 0x00, 0x00, 0x1D, 0xB9, 0x86, 0x53, 0x21, 0x00, 0xAA, 0x00, 0x00, 0x00, 0x00, 0x00, 0x00,
    0x00, 0x00, 0x10, 0x00, 0x00, 0x00, 0x00, 0x00, 0x00, 0x00, 0x00, 0x00, 0x00, 0x00, 0xBE, 0xEE,
    0xEE, 0xEE, 0xEE, 0xEE, 0xED, 0x00, 0x00, 0x33, 0x33, 0x39, 0xD3, 0x33, 0x33, 0x33, 0x00, 0x00,
    0x00, 0x00, 0x09, 0xB0, 0x00, 0x00, 0x00, 0x00, 0x00, 0x00, 0x00, 0x0B, 0x90, 0x00, 0x00, 0x00,
    0x00, 0x00, 0x02, 0x21, 0x1D, 0x81, 0x11, 0x11, 0x00, 0x00, 0x00, 0x0C, 0xFF, 0xFF, 0xFF, 0xFF,
    0xFD, 0x00, 0x00, 0x00, 0x01, 0x10, 0x3F, 0x40, 0x00, 0x9C, 0x00, 0x00, 0x00, 0x00, 0x00, 0x5F,
    0x10, 0x00, 0x9C, 0x00, 0x00, 0x00, 0x00, 0x00, 0x7E, 0x00, 0x00, 0xAB, 0x00, 0x00, 0x00, 0x00,
    0x00, 0x9C, 0x00, 0x00, 0xAB, 0x00, 0x00, 0x00, 0x00, 0x00, 0xBA, 0x00, 0x00, 0xBA, 0x00, 0x00,
    0x00, 0x00, 0x00, 0xD8, 0x00, 0x00, 0xBA, 0x00, 0x00, 0x0B, 0xDD, 0xDD, 0xFE, 0xDD, 0xDD, 0xEE,
    0xDD, 0xC0, 0x07, 0x88, 0x88, 0x88, 0x88, 0x88, 0x88, 0x88, 0x70, 0x00, 0x00, 0x00, 0x03, 0xB4,
    0x00, 0x00, 0x00, 0x00, 0x01, 0x33, 0x22, 0x23, 0xFB, 0x22, 0x22, 0x33, 0x10, 0x05, 0xFF, 0xFF,
    0xFF, 0xFF, 0xFF, 0xFF, 0xFF, 0x70, 0x00, 0x00, 0x00, 0x00, 0x00, 0x00, 0x00, 0x00, 0x00, 0x00,
    0x00, 0x9A, 0xAA, 0xAA, 0xAA, 0xAA, 0x00, 0x00, 0x00, 0x00, 0xDB, 0x44, 0x44, 0x44, 0xAE, 0x00,
    0x00, 0x00, 0x00, 0xDC, 0x77, 0x77, 0x77, 0xBE, 0x00, 0x00, 0x00, 0x00, 0x78, 0x88, 0x88, 0x88,
    0x88, 0x00, 0x00, 0x02, 0x33, 0x33, 0x33, 0x33, 0x33, 0x33, 0x33, 0x20, 0x0C, 0xFE, 0xEE, 0xEE,
    0xEE, 0xEE, 0xEE, 0xEF, 0xD0, 0x0B, 0xB0, 0x00, 0x00, 0x00, 0x00, 0x00, 0x0A, 0xC0, 0x06, 0x50,
    0x03, 0xCC, 0xCC, 0xCB, 0x00, 0x04, 0x50, 0x00, 0x00, 0x04, 0xF7, 0x33, 0x9E, 0x00, 0x00, 0x00,
    0x00, 0x00, 0x07, 0xF3, 0x00, 0x8E, 0x00, 0x03, 0x00, 0x00, 0x00, 0x4E, 0xB0, 0x00, 0x8F, 0x00,
    0x0A, 0xD0, 0x00, 0xAD, 0xFC, 0x10, 0x00, 0x6F, 0xCB, 0xBF, 0x90, 0x00, 0x6A, 0x40, 0x00, 0x00,
    0x05, 0x66, 0x65, 0x00, 0x00, 0x00, 0x00, 0x00, 0x85, 0x00, 0x00, 0x00, 0x00, 0x00, 0x00, 0x00,
    0x00, 0xFA, 0x00, 0x00, 0x00, 0x00, 0x00, 0x00, 0x00, 0x00, 0xE9, 0x00, 0x00, 0x00, 0x00, 0x00,
    0x00, 0x00, 0x00, 0xE9, 0x00, 0x00, 0x00, 0x00, 0x00, 0x00, 0x00, 0x00, 0xE9, 0x00, 0x00, 0x00,
    0x00, 0x00, 0x00, 0x00, 0x01, 0xFB, 0x00, 0x00, 0x00, 0x00, 0x00, 0x00, 0x00, 0x03, 0xFD, 0x00,
    0x00, 0x00, 0x00, 0x00, 0x00, 0x00, 0x07, 0xFF, 0x40, 0x00, 0x00, 0x00, 0x00, 0x00, 0x00, 0x0B,
    0xBA, 0xB0, 0x00, 0x00, 0x00, 0x00, 0x00, 0x00, 0x2F, 0x64, 0xF4, 0x00, 0x00, 0x00, 0x00, 0x00,
    0x00, 0xAE, 0x10, 0xCC, 0x00, 0x00, 0x00, 0x00, 0x00, 0x05, 0xF5, 0x00, 0x3F, 0x80, 0x00, 0x00,
    0x00, 0x00, 0x2E, 0xB0, 0x00, 0x08, 0xF7, 0x00, 0x00, 0x00, 0x03, 0xDC, 0x10, 0x00, 0x00, 0xBF,
    0x90, 0x00, 0x00, 0x7E, 0xD1, 0x00, 0x00, 0x00, 0x0B, 0xFD, 0x50, 0x0A, 0xFA, 0x10, 0x00, 0x00,
    0x00, 0x00, 0x7E, 0xA0, 0x01, 0x50, 0x00, 0x00, 0x00, 0x00, 0x00, 0x02, 0x10, 0x00, 0x00, 0x05,
    0x20, 0x00, 0x37, 0x10, 0x00, 0x00, 0x00, 0x00, 0x1E, 0xB0, 0x00, 0x6F, 0x20, 0x00, 0x00, 0x00,
    0x00, 0x6F, 0x30, 0x00, 0x6F, 0x10, 0x00, 0x00, 0x00, 0x00, 0xDA, 0x00, 0x00, 0x6F, 0x00, 0x00,
    0x00, 0x00, 0x05, 0xF4, 0x00, 0x00, 0x6F, 0x00, 0x00, 0x00, 0x00, 0x0D, 0xF4, 0x00, 0x00, 0x6F,
    0x00, 0x00, 0x00, 0x00, 0x7F, 0xF4, 0xED, 0xDD, 0xEF, 0xDD, 0xDD, 0xE1, 0x03, 0xF9, 0xF4, 0x76,
    0x66, 0x9F, 0x66, 0x66, 0x71, 0x0D, 0xB3, 0xF4, 0x00, 0x00, 0x6F, 0x00, 0x00, 0x00, 0x03, 0x23,
    0xF4, 0x00, 0x00, 0x6F, 0x00, 0x00, 0x00, 0x00, 0x03, 0xF4, 0x00, 0x00, 0x6F, 0x00, 0x00, 0x00,
    0x00, 0x03, 0xF4, 0x00, 0x00, 0x6F, 0x00, 0x00, 0x00, 0x00, 0x03, 0xF4, 0x00, 0x00, 0x6F, 0x00,
    0x00, 0x00, 0x00, 0x03, 0xF4, 0x00, 0x00, 0x6F, 0x00, 0x00, 0x00, 0x00, 0x03, 0xF4, 0x00, 0x00,
    0x6F, 0x10, 0x00, 0x00, 0x00, 0x03, 0xF4, 0x00, 0x00, 0x6F, 0x10, 0x00, 0x00, 0x00, 0x03, 0xC4,
    0x00, 0x00, 0x49, 0x10, 0x00, 0x00, 0x00, 0x00, 0x00, 0x00, 0x86, 0x00, 0x00, 0x00, 0x00, 0x00,
    0x00, 0x00, 0x02, 0xFD, 0x00, 0x00, 0x00, 0x00, 0x00, 0x00, 0x00, 0x0B, 0xCC, 0x90, 0x00, 0x00,
    0x00, 0x00, 0x00, 0x00, 0x6E, 0x22, 0xF6, 0x00, 0x00, 0x00, 0x00, 0x00, 0x05, 0xF5, 0x00, 0x6F,
    0x50, 0x00, 0x00, 0x00, 0x00, 0x5F, 0x71, 0x40, 0x08, 0xF6, 0x00, 0x00, 0x00, 0x07, 0xF7, 0x09,
    0xE3, 0x00, 0x8F, 0xA1, 0x00, 0x03, 0xCF, 0x60, 0x01, 0xCE, 0x20, 0x06, 0xFE, 0x70, 0x0B, 0xD3,
    0x00, 0x00, 0x2C, 0x30, 0x00, 0x3D, 0xA0, 0x01, 0x11, 0x65, 0x55, 0x55, 0x55, 0x55, 0x41, 0x10,
    0x00, 0x02, 0xEE, 0xEE, 0xEE, 0xEE, 0xEF, 0xB0, 0x00, 0x00, 0x00, 0x00, 0x00, 0x00, 0x01, 0xDE,
    0x20, 0x00, 0x00, 0x00, 0x00, 0x00, 0x00, 0x09, 0xF4, 0x00, 0x00, 0x00, 0x00, 0x00, 0x00, 0x00,
    0x4F, 0x70, 0x00, 0x00, 0x00, 0x00, 0x00, 0x00, 0x01, 0xEB, 0x00, 0x00, 0x00, 0x00, 0x00, 0x00,
    0x00, 0x0B, 0xE1, 0x00, 0x00, 0x00, 0x00, 0x00, 0x00, 0x00, 0x1C, 0x60, 0x00, 0x00, 0x00, 0x00,
    0x00, 0x00, 0x00, 0x00, 0x00, 0x00, 0x00, 0x00, 0x00, 0x00, 0x00, 0x00, 0x00, 0x13, 0x00, 0x00,
    0x00, 0x00, 0x00, 0x7D, 0x10, 0x00, 0x4F, 0x50, 0x00, 0x00, 0x00, 0x00, 0x7F, 0x00, 0x00, 0x4F,
    0x30, 0x00, 0x00, 0x00, 0x00, 0x6F, 0x00, 0x00, 0x4F, 0x30, 0x00, 0x00, 0x00, 0x00, 0x6E, 0x00,
    0x00, 0x4F, 0x30, 0x00, 0x00, 0x00, 0x00, 0x7E, 0x00, 0x00, 0x5F, 0x40, 0x00, 0x00, 0x00, 0x00,
    0x7D, 0x00, 0x00, 0x6F, 0x50, 0x00, 0x00, 0x00, 0x00, 0x9D, 0x00, 0x00, 0x7F, 0x70, 0x00, 0x00,
    0x00, 0x00, 0xBF, 0x90, 0x00, 0xAF, 0xB0, 0x00, 0x00, 0x00, 0x00, 0xEA, 0xF8, 0x00, 0xEA, 0xF2,
    0x00, 0x00, 0x00, 0x04, 0xF3, 0x6F, 0x75, 0xF2, 0xD8, 0x00, 0x00, 0x00, 0x0B, 0xC0, 0x0A, 0xAB,
    0xC0, 0x8E, 0x10, 0x00, 0x00, 0x4F, 0x40, 0x01, 0x4F, 0x40, 0x1E, 0xA0, 0x00, 0x02, 0xEA, 0x00,
    0x01, 0xDB, 0x00, 0x07, 0xF6, 0x00, 0x1D, 0xD1, 0x00, 0x0B, 0xE2, 0x00, 0x00, 0xCF, 0x60, 0x08,
    0x30, 0x00, 0xBF, 0x40, 0x00, 0x00, 0x1D, 0xB0, 0x00, 0x00, 0x00, 0x54, 0x00, 0x00, 0x00, 0x02,
    0x10, 0x00, 0x00, 0x66, 0x00, 0x20, 0x00, 0x00, 0x00, 0x00, 0x00, 0x00, 0xDC, 0x08, 0xE2, 0x00,
    0x00, 0x00, 0x00, 0x00, 0x03, 0xF4, 0x01, 0xEC, 0x04, 0x77, 0x77, 0x20, 0x00, 0x0A, 0xC0, 0x00,
    0x4E, 0x27, 0xDC, 0xCF, 0x40, 0x00, 0x2F, 0x90, 0x39, 0x21, 0x00, 0x00, 0x1F, 0x40, 0x00, 0xAF,
    0x90, 0x4F, 0x30, 0x00, 0x00, 0x1F, 0x40, 0x04, 0xFE, 0x90, 0x4F, 0x20, 0x00, 0x00, 0x1F, 0x40,
    0x1D, 0xAC, 0x90, 0x4F, 0x20, 0x00, 0x00, 0x1F, 0x40, 0x19, 0x2C, 0x90, 0x4F, 0x20, 0x00, 0x00,
    0x1F, 0x40, 0x00, 0x0C, 0x90, 0x4F, 0x20, 0x00, 0x00, 0x1F, 0x40, 0x00, 0x0C, 0x90, 0x4F, 0x20,
    0x00, 0x00, 0x1F, 0x40, 0x00, 0x0C, 0x90, 0x4F, 0x20, 0x00, 0x00, 0x1F, 0x40, 0x00, 0x0C, 0x90,
    0x4F, 0x20, 0x00, 0x00, 0x1F, 0x40, 0x00, 0x0C, 0x90, 0x4F, 0x20, 0x00, 0x00, 0x1F, 0x40, 0x00,
    0x0D, 0x90, 0x4F, 0x20, 0x00, 0x00, 0x2F, 0x40, 0x00, 0x0D, 0x90, 0x4F, 0x20, 0x00, 0x1D, 0xEF,
    0x20, 0x00, 0x0C, 0x90, 0x4C, 0x20, 0x00, 0x09, 0xA5, 0x00, 0x00, 0x00, 0x54, 0x00, 0x00, 0x06,
    0x20, 0x00, 0x00, 0x00, 0x00, 0xDB, 0x01, 0x00, 0x1F, 0x50, 0x00, 0x00, 0x00, 0x04, 0xF2, 0x09,
    0xC0, 0x0F, 0x50, 0x00, 0x00, 0x00, 0x0C, 0xA0, 0x0D, 0x90, 0x0F, 0x50, 0x00, 0x00, 0x00, 0x5F,
    0x90, 0x2F, 0xB9, 0xAF, 0xB9, 0x9A, 0x10, 0x01, 0xEF, 0x90, 0x8D, 0x99, 0x9F, 0xB9, 0x99, 0x10,
    0x0B, 0xDC, 0x91, 0xE6, 0x00, 0x0F, 0x50, 0x00, 0x00, 0x2D, 0x3C, 0x95, 0xD0, 0x00, 0x0F, 0x50,
    0x00, 0x00, 0x01, 0x0C, 0x90, 0x00, 0x00, 0x0F, 0x50, 0x00, 0x00, 0x00, 0x0C, 0x96, 0xA9, 0x99,
    0xAF, 0xB9, 0x9A, 0xA2, 0x00, 0x0C, 0x95, 0x99, 0x88, 0x9F, 0xB8, 0x89, 0x91, 0x00, 0x0C, 0x90,
    0x00, 0x00, 0x0F, 0x50, 0x00, 0x00, 0x00, 0x0C, 0x90, 0x00, 0x00, 0x0F, 0x50, 0x00, 0x00, 0x00,
    0x0C, 0x90, 0x00, 0x00, 0x0F, 0x50, 0x00, 0x00, 0x00, 0x0C, 0x90, 0x00, 0x00, 0x1F, 0x50, 0x00,
    0x00, 0x00, 0x0C, 0x90, 0x00, 0x00, 0x1F, 0x50, 0x00, 0x00, 0x00, 0x08, 0x60, 0x00, 0x00, 0x18,
    0x30, 0x00, 0x00, 0x00, 0x00, 0x00, 0x00, 0x54, 0x00, 0x00, 0x00, 0x00, 0x00, 0x00, 0x00, 0x02,
    0xEE, 0x10, 0x00, 0x00, 0x00, 0x00, 0x00, 0x00, 0x1C, 0xDD, 0x90, 0x00, 0x00, 0x00, 0x00, 0x00,
    0x01, 0xBD, 0x12, 0xE9, 0x00, 0x00, 0x00, 0x00, 0x00, 0x1C, 0xD2, 0x00, 0x3E, 0xB1, 0x00, 0x00,
    0x00, 0x04, 0xEC, 0x10, 0x00, 0x02, 0xCE, 0x71, 0x00, 0x03, 0xAF, 0x89, 0x88, 0x88, 0x88, 0x78,
    0xFE, 0x81, 0x2D, 0xD4, 0x0A, 0x99, 0x99, 0x99, 0x80, 0x2A, 0x90, 0x02, 0x10, 0x00, 0x00, 0x00,
    0x00, 0x00, 0x00, 0x00, 0x00, 0x55, 0x44, 0x44, 0x44, 0x44, 0x44, 0x54, 0x00, 0x00, 0xCC, 0xCC,
    0xCE, 0xCC, 0xCC, 0xCC, 0xCB, 0x00, 0x00, 0x00, 0x00, 0x2E, 0xA0, 0x00, 0x00, 0x00, 0x00, 0x00,
    0x00, 0x02, 0xDC, 0x20, 0x4D, 0x30, 0x00, 0x00, 0x00, 0x00, 0x3D, 0xA1, 0x00, 0x1B, 0xE3, 0x00,
    0x00, 0x00, 0x17, 0xEA, 0x33, 0x44, 0x56, 0xEE, 0x30, 0x00, 0x00, 0x2F, 0xFF, 0xED, 0xCC, 0xBA,
    0x9D, 0xE2, 0x00, 0x00, 0x03, 0x20, 0x00, 0x00, 0x00, 0x02, 0x80, 0x00, 0x00, 0x00, 0x00, 0x01,
    0xA5, 0x00, 0x00, 0x00, 0x00, 0x00, 0x00, 0x00, 0x09, 0xFC, 0x00, 0x00, 0x00, 0x00, 0x00, 0x00,
    0x00, 0x5F, 0x9D, 0xA0, 0x00, 0x00, 0x00, 0x00, 0x00, 0x03, 0xEC, 0x02, 0xEC, 0x20, 0x00, 0x00,
    0x00, 0x00, 0x3E, 0xD1, 0x00, 0x2D, 0xE8, 0x10, 0x00, 0x00, 0x05, 0xED, 0x20, 0x00, 0x01, 0x9F,
    0xFB, 0x71, 0x03, 0xBF, 0xB9, 0x99, 0x99, 0x99, 0x73, 0xBF, 0xA0, 0x09, 0xE6, 0x09, 0x99, 0xDD,
    0x9A, 0x70, 0x02, 0x20, 0x00, 0x10, 0x00, 0x00, 0xBB, 0x00, 0x00, 0x00, 0x00, 0x00, 0x12, 0x22,
    0x22, 0xBB, 0x22, 0x22, 0x30, 0x00, 0x00, 0x7F, 0xFF, 0xFF, 0xFF, 0xFF, 0xFF, 0xF2, 0x00, 0x00,
    0x12, 0x22, 0x22, 0xBB, 0x22, 0x32, 0x30, 0x00, 0x00, 0x00, 0x3C, 0x20, 0xBB, 0x05, 0xE3, 0x00,
    0x00, 0x00, 0x05, 0xED, 0x20, 0xBB, 0x00, 0xBE, 0x40, 0x00, 0x00, 0x9F, 0xB1, 0x00, 0xBB, 0x00,
    0x1C, 0xE4, 0x00, 0x03, 0xE9, 0x00, 0x3D, 0xFA, 0x00, 0x01, 0xD4, 0x00, 0x00, 0x10, 0x00, 0x0B,
    0x92, 0x00, 0x00, 0x00, 0x00, 0x00, 0x00, 0x65, 0x00, 0x25, 0x10, 0x00, 0x00, 0x00, 0x00, 0x00,
    0xDC, 0x00, 0x7F, 0x40, 0x00, 0x00, 0x00, 0x00, 0x03, 0xF4, 0x00, 0xCA, 0x00, 0x00, 0x00, 0x00,
    0x00, 0x0A, 0xB0, 0x04, 0xFD, 0xCC, 0xCC, 0xCC, 0x70, 0x00, 0x4F, 0x80, 0x0C, 0xC6, 0x66, 0x66,
    0x8F, 0x40, 0x01, 0xDF, 0x80, 0x5F, 0x40, 0x12, 0x00, 0x9D, 0x00, 0x0B, 0xED, 0x82, 0xEB, 0x00,
    0x6F, 0x00, 0xB7, 0x00, 0x1C, 0x5C, 0x82, 0x82, 0x00, 0x6E, 0x00, 0x00, 0x00, 0x00, 0x0C, 0x80,
    0x00, 0x30, 0x6E, 0x02, 0x30, 0x00, 0x00, 0x0C, 0x80, 0x02, 0xF7, 0x6E, 0x0A, 0xD1, 0x00, 0x00,
    0x0C, 0x80, 0x0B, 0xD1, 0x6E, 0x02, 0xEA, 0x00, 0x00, 0x0C, 0x80, 0x7F, 0x40, 0x6E, 0x00, 0x6F,
    0x40, 0x00, 0x0C, 0x84, 0xF8, 0x00, 0x6E, 0x00, 0x0C, 0xD0, 0x00, 0x0C, 0x81, 0x80, 0x00, 0x6E,
    0x00, 0x03, 0x40, 0x00, 0x0D, 0x80, 0x00, 0x00, 0x7E, 0x00, 0x00, 0x00, 0x00, 0x0D, 0x80, 0x00,
    0x5E, 0xFC, 0x00, 0x00, 0x00, 0x00, 0x08, 0x50, 0x00, 0x1A, 0x71, 0x00, 0x00, 0x00, 0x00, 0x00,
    0x33, 0x00, 0x00, 0x00, 0x21, 0x00, 0x00, 0x00, 0x00, 0xBC, 0x04, 0xE1, 0x00, 0x9E, 0x10, 0x00,
    0x00, 0x01, 0xF5, 0x04, 0xF0, 0x00, 0xC9, 0x00, 0x00, 0x00, 0x08, 0xE0, 0x04, 0xF0, 0x01, 0xF4,
    0x00, 0x00, 0x00, 0x1E, 0x91, 0x36, 0xF3, 0x36, 0xFB, 0xAB, 0xA0, 0x00, 0x8F, 0x96, 0xEE, 0xFE,
    0xBB, 0xB5, 0xBC, 0x40, 0x02, 0xFF, 0x90, 0x04, 0xF0, 0x3F, 0x40, 0x9A, 0x00, 0x0C, 0xDB, 0x90,
    0x04, 0xF0, 0xAF, 0x90, 0xA9, 0x00, 0x08, 0x4A, 0x91, 0x8A, 0xF8, 0x89, 0xB0, 0xC8, 0x00, 0x00,
    0x0A, 0x91, 0xFA, 0x8C, 0xB4, 0xE0, 0xE5, 0x00, 0x00, 0x0A, 0x90, 0xF4, 0x09, 0xA1, 0xF5, 0xF2,
    0x00, 0x00, 0x0A, 0x90, 0xF4, 0x09, 0xA0, 0xBD, 0xD0, 0x00, 0x00, 0x0A, 0x90, 0xFC, 0xBD, 0xB0,
    0x6F, 0x80, 0x00, 0x00, 0x0A, 0x91, 0xF7, 0x5B, 0xB0, 0xBF, 0xD1, 0x00, 0x00, 0x0B, 0x91, 0xC3,
    0x00, 0x1B, 0xD3, 0xDC, 0x20, 0x00, 0x0B, 0x90, 0x00, 0x04, 0xED, 0x20, 0x2D, 0xB0, 0x00, 0x05,
    0x40, 0x00, 0x01, 0x71, 0x00, 0x01, 0x10, 0x00, 0x02, 0x71, 0x00, 0x49, 0x20, 0x00, 0x00, 0x00,
    0x00, 0x06, 0xF6, 0x00, 0xCD, 0x20, 0x00, 0x00, 0x00, 0x00, 0x0A, 0xD0, 0x08, 0xFE, 0xDD, 0xDA,
    0x00, 0x00, 0x00, 0x1F, 0x70, 0x6F, 0x72, 0x23, 0xF5, 0x00, 0x00, 0x00, 0x7F, 0x37, 0xFE, 0xAA,
    0xAC, 0xFA, 0xAA, 0x10, 0x01, 0xEF, 0x36, 0xAF, 0x54, 0xAD, 0x44, 0x7F, 0x10, 0x09, 0xEF, 0x30,
    0x4F, 0x32, 0xC9, 0x22, 0x5F, 0x10, 0x3F, 0x5F, 0x30, 0x4C, 0xCE, 0xFD, 0xCC, 0xCC, 0x10, 0x04,
    0x0F, 0x30, 0x01, 0x9F, 0xA0, 0x01, 0x80, 0x00, 0x00, 0x0F, 0x33, 0x9E, 0xB6, 0xF7, 0x4D, 0xD3,
    0x00, 0x00, 0x0F, 0x32, 0xC5, 0x3D, 0xAF, 0xEF, 0x20, 0x00, 0x00, 0x0F, 0x30, 0x18, 0xE5, 0x4F,
    0x8B, 0x80, 0x00, 0x00, 0x0F, 0x35, 0xEC, 0x36, 0xEC, 0xB3, 0xF3, 0x00, 0x00, 0x0F, 0x31, 0x52,
    0xBE, 0x46, 0xC0, 0x8E, 0x60, 0x00, 0x0F, 0x32, 0xAF, 0xB2, 0x08, 0xB0, 0x09, 0x40, 0x00, 0x0F,
    0x40, 0x95, 0x04, 0x9F, 0x60, 0x00, 0x00, 0x00, 0x18, 0x20, 0x00, 0x04, 0xC7, 0x00, 0x00, 0x00,
    0x00, 0x00, 0x00, 0x00, 0x66, 0x00, 0x00, 0x00, 0x00, 0x00, 0x00, 0x00, 0x00, 0xBC, 0x00, 0x00,
    0x00, 0x00, 0x00, 0x01, 0x40, 0x00, 0xBC, 0x00, 0x06, 0x71, 0x00, 0x00, 0x0D, 0xE2, 0x00, 0xBC,
    0x00, 0x1D, 0xD1, 0x00, 0x00, 0x04, 0xFB, 0x00, 0xBC, 0x00, 0x9F, 0x30, 0x00, 0x00, 0x00, 0x9F,
    0x40, 0xBC, 0x03, 0xF8, 0x00, 0x00, 0x00, 0x00, 0x14, 0x00, 0xBC, 0x00, 0x30, 0x00, 0x00, 0x0B,
    0xBB, 0xBB, 0xBB, 0xEE, 0xBB, 0xBB, 0xBB, 0xC0, 0x07, 0x77, 0x77, 0xCD, 0x77, 0xFA, 0x77, 0x77,
    0x80, 0x00, 0x00, 0x00, 0xAB, 0x00, 0xF6, 0x00, 0x00, 0x00, 0x00, 0x00, 0x00, 0xD9, 0x00, 0xF6,
    0x00, 0x00, 0x00, 0x00, 0x00, 0x03, 0xF6, 0x00, 0xF6, 0x00, 0x00, 0x00, 0x00, 0x00, 0x0A, 0xE1,
    0x00, 0xF6, 0x00, 0x02, 0x00, 0x00, 0x00, 0x9F, 0x60, 0x00, 0xF6, 0x00, 0x0A, 0xB0, 0x01, 0x6D,
    0xF7, 0x00, 0x00, 0xFA, 0x22, 0x4E, 0xB0, 0x2E, 0xFD, 0x40, 0x00, 0x00, 0xAF, 0xFF, 0xFE, 0x30,
    0x05, 0x40, 0x00, 0x00, 0x00, 0x01, 0x11, 0x10, 0x00, 0x00, 0x00, 0x00, 0x00, 0x63, 0x00, 0x00,
    0x00, 0x00, 0x00, 0x00, 0x00, 0x04, 0xFE, 0x10, 0x00, 0x00, 0x00, 0x00, 0x00, 0x00, 0x1D, 0xCC,
    0x90, 0x00, 0x00, 0x00, 0x00, 0x00, 0x01, 0xBE, 0x23, 0xF8, 0x00, 0x00, 0x00, 0x00, 0x00, 0x1C,
    0xE3, 0x00, 0x6F, 0xA1, 0x00, 0x00, 0x00, 0x05, 0xEE, 0x40, 0x00, 0x05, 0xEE, 0x71, 0x00, 0x05,
    0xBF, 0xE6, 0x44, 0x44, 0x44, 0x6E, 0xFF, 0xB1, 0x0B, 0xE6, 0xCF, 0xFF, 0xFF, 0xFF, 0xFF, 0x3B,
    0x90, 0x02, 0x10, 0x00, 0x00, 0x8D, 0x00, 0x00, 0x00, 0x00, 0x00, 0x00, 0x00, 0x00, 0x8D, 0x00,
    0x00, 0x00, 0x00, 0x00, 0x03, 0x43, 0x33, 0xAD, 0x33, 0x33, 0x40, 0x00, 0x00, 0x0A, 0xEE, 0xEE,
    0xEF, 0xEE, 0xEE, 0xD0, 0x00, 0x00, 0x00, 0x00, 0x00, 0x8D, 0x00, 0x00, 0x00, 0x00, 0x00, 0x00,
    0x00, 0x00, 0x8D, 0x00, 0x00, 0x00, 0x00, 0x00, 0x00, 0x00, 0x00, 0x8D, 0x00, 0x00, 0x01, 0x00,
    0x03, 0xEE, 0xEE, 0xEE, 0xFF, 0xEE, 0xEE, 0xFF, 0x00, 0x01, 0x43, 0x33, 0x33, 0x33, 0x33, 0x33,
    0x45, 0x00, 0x00, 0x00, 0x00, 0x00, 0x00, 0x54, 0x00, 0x00, 0x00, 0x00, 0x00, 0x01, 0xC5, 0x00,
    0xCC, 0x00, 0x00, 0x00, 0x00, 0x00, 0x06, 0xF3, 0x00, 0x5F, 0x30, 0x00, 0x00, 0x00, 0x00, 0x0D,
    0xA0, 0x00, 0x0D, 0xB0, 0x00, 0x00, 0x00, 0x00, 0x7F, 0x20, 0x00, 0x05, 0xF4, 0x00, 0x00, 0x00,
    0x02, 0xF8, 0x00, 0x00, 0x00, 0xBD, 0x10, 0x00, 0x00, 0x1C, 0xD1, 0x01, 0x00, 0x00, 0x1E, 0xC1,
    0x00, 0x00, 0xAF, 0x30, 0x07, 0xD3, 0x00, 0x04, 0xFC, 0x20, 0x0A, 0xF6, 0x00, 0x0D, 0xC0, 0x00,
    0x00, 0x5F, 0xC1, 0x06, 0x80, 0x00, 0x5F, 0x30, 0x00, 0x00, 0x04, 0x20, 0x00, 0x00, 0x00, 0xDA,
    0x00, 0x03, 0x30, 0x00, 0x00, 0x00, 0x00, 0x06, 0xF2, 0x00, 0x0C, 0xD1, 0x00, 0x00, 0x00, 0x00,
    0x1E, 0x80, 0x00, 0x02, 0xE8, 0x00, 0x00, 0x00, 0x00, 0xBD, 0x10, 0x23, 0x57, 0xCF, 0x30, 0x00,
    0x00, 0x0B, 0xFE, 0xEF, 0xFF, 0xEC, 0xAE, 0xC0, 0x00, 0x00, 0x09, 0xDA, 0x75, 0x31, 0x00, 0x06,
    0xF5, 0x00, 0x00, 0x00, 0x00, 0x00, 0x00, 0x00, 0x00, 0x60, 0x00, 0x00, 0x00, 0x00, 0x00, 0x10,
    0x00, 0x00, 0x00, 0x00, 0x00, 0x00, 0x00, 0x0B, 0xB0, 0x00, 0x00, 0x00, 0x00, 0x00, 0x00, 0x00,
    0x07, 0xF7, 0x00, 0x00, 0x00, 0x00, 0x00, 0x00, 0x00, 0x00, 0xBF, 0x30, 0x00, 0x00, 0x00, 0x00,
    0x00, 0x00, 0x00, 0x3A, 0x20, 0x00, 0x00, 0x00, 0x08, 0xBA, 0xAA, 0xAA, 0xAA, 0xAA, 0xAA, 0xAA,
    0x90, 0x08, 0xCC, 0xCC, 0xCC, 0xCC, 0xCC, 0xCC, 0xCC, 0xA0, 0x00, 0x00, 0x00, 0x00, 0x00, 0x00,
    0x00, 0x00, 0x00, 0x00, 0x00, 0x00, 0x40, 0x00, 0x05, 0x10, 0x00, 0x00, 0x00, 0x00, 0x05, 0xF9,
    0x00, 0x4F, 0xA0, 0x00, 0x00, 0x00, 0x00, 0x0D, 0xF3, 0x00, 0x0A, 0xF6, 0x00, 0x00, 0x00, 0x00,
    0x8F, 0x70, 0x00, 0x01, 0xDF, 0x30, 0x00, 0x00, 0x04, 0xFC, 0x00, 0x00, 0x00, 0x3F, 0xC0, 0x00,
    0x00, 0x2E, 0xE2, 0x00, 0x00, 0x00, 0x08, 0xF8, 0x00, 0x02, 0xDF, 0x50, 0x00, 0x00, 0x00, 0x00,
    0xDF, 0x30, 0x05, 0xE8, 0x00, 0x00, 0x00, 0x00, 0x00, 0x48, 0x00, 0x00, 0x20, 0x00, 0x00, 0x00,
    0x00, 0x00, 0x00, 0x00, 0x04, 0xDC, 0xCC, 0xCC, 0xCC, 0xCC, 0xCC, 0xCC, 0x30, 0x02, 0x77, 0x66,
    0x66, 0xCC, 0x66, 0x66, 0x67, 0x20, 0x00, 0x00, 0x00, 0x00, 0xBB, 0x00, 0x00, 0x00, 0x00, 0x00,
    0x05, 0x66, 0x66, 0xCC, 0x66, 0x66, 0x40, 0x00, 0x00, 0x0B, 0xEA, 0xAA, 0xDD, 0xAA, 0xAE, 0xA0,
    0x00, 0x00, 0x0B, 0xB0, 0x00, 0xBB, 0x00, 0x0C, 0xA0, 0x00, 0x00, 0x0A, 0xB0, 0x00, 0xBB, 0x00,
    0x0C, 0x90, 0x00, 0x00, 0x0A, 0xFF, 0xFF, 0xFF, 0xFF, 0xFF, 0x90, 0x00, 0x00, 0x0A, 0xB1, 0x11,
    0xBB, 0x11, 0x1C, 0x90, 0x00, 0x00, 0x0A, 0xB0, 0x00, 0xBB, 0x00, 0x0C, 0x90, 0x00, 0x4A, 0x9D,
    0xD9, 0x99, 0xDD, 0x99, 0x9E, 0xD9, 0xA5, 0x39, 0x8D, 0xD8, 0x88, 0x88, 0x88, 0x8D, 0xC8, 0x84,
    0x00, 0x0A, 0xB0, 0x00, 0x00, 0x00, 0x0C, 0x90, 0x00, 0x00, 0x0A, 0xB0, 0x00, 0x00, 0x00, 0x0C,
    0x90, 0x00, 0x00, 0x0B, 0xB0, 0x00, 0x00, 0x05, 0xAF, 0x90, 0x00, 0x00, 0x0A, 0x90, 0x00, 0x00,
    0x03, 0xDA, 0x20, 0x00, 0x03, 0x88, 0x88, 0x88, 0x88, 0x88, 0x88, 0x88, 0x40, 0x06, 0xFA, 0xAA,
    0xAA, 0xAA, 0xAA, 0xAA, 0xAE, 0x70, 0x06, 0xE0, 0x16, 0x20, 0x00, 0x00, 0x00, 0x0D, 0x70, 0x06,
    0xE0, 0x2F, 0x50, 0x00, 0x00, 0x00, 0x09, 0x50, 0x00, 0x00, 0x3F, 0x85, 0x55, 0x55, 0x66, 0x20,
    0x00, 0x00, 0x00, 0x4F, 0xCC, 0xCC, 0xCC, 0xCC, 0x40, 0x00, 0x00, 0x00, 0x6F, 0x10, 0x00, 0x00,
    0x00, 0x00, 0x00, 0x00, 0x00, 0x7E, 0x00, 0x00, 0x00, 0x00, 0x00, 0x00, 0x00, 0x00, 0x9F, 0xFF,
    0xFF, 0xFF, 0xFF, 0xF7, 0x00, 0x00, 0x00, 0x12, 0x22, 0x22, 0x22, 0x22, 0xF6, 0x00, 0x00, 0x00,
    0x00, 0x00, 0x00, 0x00, 0x01, 0xF6, 0x00, 0x03, 0xCB, 0xBB, 0xBB, 0xBB, 0xCB, 0x02, 0xF4, 0x00,
    0x02, 0x77, 0x77, 0x77, 0x77, 0x77, 0x04, 0xF3, 0x00, 0x00, 0x00, 0x00, 0x00, 0x00, 0x00, 0x09,
    0xF1, 0x00, 0x00, 0x00, 0x00, 0x00, 0x00, 0x3D, 0xEF, 0x90, 0x00, 0x00, 0x00, 0x00, 0x00, 0x00,
    0x08, 0x73, 0x00, 0x00, 0x00, 0x00, 0x00, 0x00, 0x00, 0x85, 0x00, 0x00, 0x00, 0x00, 0x00, 0x00,
    0x00, 0x00, 0xD9, 0x00, 0x00, 0x00, 0x06, 0xA0, 0x00, 0x00, 0x00, 0xD8, 0x00, 0x00, 0x00, 0x06,
    0xF8, 0x00, 0x00, 0x00, 0xD8, 0x00, 0x11, 0x00, 0x00, 0x9F, 0x50, 0x00, 0x00, 0xD9, 0x00, 0x9C,
    0x10, 0x00, 0x1C, 0x4C, 0xFF, 0xF3, 0xDC, 0x04, 0xFA, 0x10, 0x00, 0x00, 0x04, 0x46, 0xF2, 0xDF,
    0x5E, 0x90, 0x00, 0x00, 0x00, 0x20, 0x04, 0xF0, 0xDF, 0xFA, 0x00, 0x00, 0x00, 0x05, 0xD0, 0x07,
    0xC0, 0xDD, 0xF1, 0x00, 0x00, 0x00, 0x0D, 0xA0, 0x0C, 0x90, 0xD7, 0xE8, 0x00, 0x00, 0x00, 0x7E,
    0x20, 0x3F, 0x40, 0xD7, 0x7F, 0x30, 0x00, 0x02, 0xE8, 0x00, 0xBD, 0x00, 0xD7, 0x0D, 0xD1, 0x00,
    0x0C, 0xE1, 0x06, 0xF5, 0x00, 0xD7, 0x04, 0xFC, 0x20, 0x2D, 0x60, 0x5F, 0xB0, 0x00, 0xD7, 0x00,
    0x7F, 0xC1, 0x02, 0x00, 0x9E, 0x20, 0x01, 0xE7, 0x00, 0x07, 0x10, 0x00, 0x00, 0x01, 0x00, 0x9F,
    0xF5, 0x00, 0x00, 0x00, 0x00, 0x00, 0x00, 0x00, 0x4A, 0x60, 0x00, 0x00, 0x00, 0x00, 0x00, 0x00,
    0x00, 0x54, 0x00, 0x00, 0x00, 0x00, 0x00, 0x00, 0x00, 0x00, 0xC9, 0x00, 0x00, 0x00, 0x00, 0x00,
    0x4C, 0x20, 0x00, 0xC8, 0x00, 0x03, 0xB2, 0x00, 0x00, 0x4F, 0x10, 0x00, 0xC8, 0x00, 0x03, 0xF2,
    0x00, 0x00, 0x4F, 0x10, 0x00, 0xC8, 0x00, 0x03, 0xF2, 0x00, 0x00, 0x4F, 0x10, 0x00, 0xC8, 0x00,
    0x03, 0xF2, 0x00, 0x00, 0x4F, 0x54, 0x44, 0xDA, 0x44, 0x47, 0xF2, 0x00, 0x00, 0x4D, 0xDD, 0xDD,
    0xFE, 0xDD, 0xDD, 0xD2, 0x00, 0x00, 0x00, 0x00, 0x00, 0xC8, 0x00, 0x00, 0x00, 0x00, 0x01, 0x73,
    0x00, 0x00, 0xC8, 0x00, 0x00, 0x45, 0x00, 0x01, 0xF5, 0x00, 0x00, 0xC8, 0x00, 0x00, 0x9C, 0x00,
    0x00, 0xF5, 0x00, 0x00, 0xC8, 0x00, 0x00, 0x9B, 0x00, 0x00, 0xF5, 0x00, 0x00, 0xC8, 0x00, 0x00,
    0x9B, 0x00, 0x00, 0xF5, 0x00, 0x00, 0xC8, 0x00, 0x00, 0x9B, 0x00, 0x01, 0xFB, 0xAA, 0xAA, 0xED,
    0xAA, 0xAA, 0xDB, 0x00, 0x01, 0x88, 0x88, 0x88, 0x88, 0x88, 0x88, 0xCB, 0x00, 0x00, 0x00, 0x00,
    0x00, 0x00, 0x00, 0x00, 0x7A, 0x00, 0x00, 0x00, 0x00, 0x00, 0x00, 0x00, 0x00, 0x04, 0x30, 0x08,
    0xCC, 0xCC, 0xCC, 0xCC, 0x40, 0x00, 0x0D, 0x70, 0x09, 0xD5, 0x55, 0x55, 0x6F, 0x42, 0x71, 0x0C,
    0x70, 0x09, 0xB0, 0x00, 0x00, 0x1F, 0x43, 0xF3, 0x0C, 0x70, 0x09, 0xB0, 0x20, 0x2B, 0x4F, 0x43,
    0xF2, 0x0C, 0x70, 0x09, 0xB8, 0xD1, 0x5F, 0x3F, 0x43, 0xF2, 0x0C, 0x70, 0x09, 0xB1, 0xDA, 0xA8,
    0x1F, 0x43, 0xF2, 0x0C, 0x70, 0x09, 0xB0, 0x4F, 0xF2, 0x1F, 0x43, 0xF2, 0x0C, 0x70, 0x09, 0xB0,
    0x0D, 0xE0, 0x1F, 0x43, 0xF2, 0x0C, 0x70, 0x09, 0xB0, 0x5E, 0xD7, 0x1F, 0x43, 0xF2, 0x0C, 0x70,
    0x09, 0xB1, 0xD8, 0x6E, 0x2F, 0x43, 0xF2, 0x0C, 0x70, 0x09, 0xCC, 0xD0, 0x1E, 0x6F, 0x43, 0xF3,
    0x0C, 0x70, 0x09, 0xB3, 0x30, 0x01, 0x1F, 0x42, 0xA2, 0x0C, 0x70, 0x09, 0xB0, 0x00, 0x00, 0x1F,
    0x40, 0x00, 0x0C, 0x70, 0x09, 0xB0, 0x00, 0x05, 0x7F, 0x40, 0x01, 0x2E, 0x60, 0x0A, 0xB0, 0x00,
    0x08, 0xFB, 0x10, 0x0B, 0xFE, 0x30, 0x01, 0x10, 0x00, 0x01, 0x10, 0x00, 0x02, 0x41, 0x00, 0x00,
    0x00, 0x00, 0x00, 0x00, 0x00, 0x00, 0x16, 0x20, 0x00, 0xAE, 0xEE, 0xEE, 0xE3, 0x00, 0x00, 0x2F,
    0x40, 0x00, 0xAC, 0x55, 0x57, 0xF2, 0x03, 0x50, 0x1F, 0x40, 0x00, 0xAA, 0x00, 0x03, 0xF2, 0x07,
    0xD0, 0x1F, 0x40, 0x00, 0xAA, 0x00, 0x03, 0xF2, 0x07, 0xD0, 0x1F, 0x40, 0x00, 0xAD, 0xAA, 0xAB,
    0xF2, 0x07, 0xD0, 0x1F, 0x40, 0x00, 0x79, 0xBB, 0xA9, 0x92, 0x07, 0xD0, 0x1F, 0x40, 0x00, 0x00,
    0x6F, 0x20, 0x00, 0x07, 0xD0, 0x1F, 0x40, 0x00, 0x00, 0x6F, 0x00, 0x00, 0x07, 0xD0, 0x1F, 0x40,
    0x0B, 0xFF, 0xFF, 0xFF, 0xFF, 0x17, 0xD0, 0x1F, 0x40, 0x04, 0x54, 0xAD, 0x44, 0x7F, 0x17, 0xD0,
    0x1F, 0x40, 0x00, 0x00, 0xBA, 0x00, 0x4F, 0x17, 0xE0, 0x1F, 0x40, 0x00, 0x01, 0xE7, 0x00, 0x4F,
    0x07, 0xD0, 0x1F, 0x40, 0x00, 0x0A, 0xF1, 0x00, 0x5F, 0x00, 0x00, 0x1F, 0x40, 0x01, 0x9F, 0x60,
    0x00, 0x8E, 0x00, 0x00, 0x3F, 0x40, 0x1D, 0xF7, 0x00, 0x7F, 0xF9, 0x00, 0x3C, 0xEF, 0x20, 0x07,
    0x60, 0x00, 0x29, 0x50, 0x00, 0x0B, 0x84, 0x00, 0x00, 0x00, 0x00, 0x00, 0x00, 0x00, 0x00, 0x18,
    0x40, 0x07, 0x99, 0x99, 0x99, 0x99, 0x20, 0x00, 0x1F, 0x70, 0x07, 0xA9, 0xCB, 0x99, 0xAA, 0x23,
    0x40, 0x0F, 0x60, 0x00, 0x00, 0xCE, 0x10, 0x10, 0x08, 0xD0, 0x0F, 0x60, 0x00, 0x06, 0xF5, 0x0A,
    0xB0, 0x08, 0xC0, 0x0F, 0x60, 0x00, 0x3E, 0x70, 0x06, 0xF6, 0x08, 0xC0, 0x0F, 0x60, 0x07, 0xED,
    0x56, 0x78, 0xEE, 0x28, 0xC0, 0x0F, 0x60, 0x08, 0xFE, 0xDF, 0xDA, 0x8F, 0x78, 0xC0, 0x0F, 0x60,
    0x01, 0x10, 0x1F, 0x60, 0x02, 0x08, 0xC0, 0x0F, 0x60, 0x00, 0x00, 0x1F, 0x60, 0x00, 0x08, 0xC0,
    0x0F, 0x60, 0x06, 0xDD, 0xDF, 0xED, 0xDB, 0x08, 0xC0, 0x0F, 0x60, 0x03, 0x54, 0x5F, 0x84, 0x54,
    0x08, 0xC0, 0x0F, 0x60, 0x00, 0x00, 0x1F, 0x60, 0x00, 0x08, 0xC0, 0x0F, 0x60, 0x00, 0x00, 0x1F,
    0x84, 0x79, 0x50, 0x00, 0x0F, 0x60, 0x0A, 0xBC, 0xEF, 0xFF, 0xDB, 0x30, 0x00, 0x2F, 0x60, 0x0B,
    0xDA, 0x75, 0x20, 0x00, 0x00, 0x3C, 0xEF, 0x40, 0x00, 0x00, 0x00, 0x00, 0x00, 0x00, 0x0C, 0xA5,
    0x00, 0x00, 0x00, 0x33, 0x00, 0x00, 0x00, 0x00, 0x00, 0x00, 0x00, 0x00, 0xBD, 0x00, 0x00, 0x00,
    0x00, 0x00, 0x00, 0x00, 0x00, 0xBB, 0x00, 0x00, 0x00, 0x00, 0x00, 0x00, 0x00, 0x00, 0xBA, 0x00,
    0x00, 0x7A, 0xAA, 0xAA, 0x00, 0x06, 0xDC, 0xEE, 0xCC, 0xC5, 0xAD, 0x99, 0xBF, 0x00, 0x03, 0x65,
    0xEB, 0x55, 0xF5, 0x9A, 0x00, 0x4F, 0x00, 0x00, 0x00, 0xE7, 0x01, 0xF4, 0x9A, 0x00, 0x4F, 0x00,
    0x00, 0x00, 0xF6, 0x02, 0xF3, 0x9A, 0x00, 0x4F, 0x00, 0x00, 0x02, 0xF4, 0x02, 0xF2, 0x9A, 0x00,
    0x4F, 0x00, 0x00, 0x04, 0xF2, 0x03, 0xF1, 0x9A, 0x00, 0x4F, 0x00, 0x00, 0x07, 0xE0, 0x04, 0xF1,
    0x9A, 0x00, 0x4F, 0x00, 0x00, 0x0B, 0xA0, 0x05, 0xF0, 0x9A, 0x00, 0x4F, 0x00, 0x00, 0x2F, 0x60,
    0x06, 0xE0, 0x9A, 0x11, 0x5F, 0x00, 0x00, 0x9E, 0x10, 0x07, 0xD0, 0x9F, 0xFF, 0xFF, 0x00, 0x04,
    0xF8, 0x03, 0x5C, 0xB0, 0x9C, 0x55, 0x8F, 0x00, 0x1D, 0xE1, 0x07, 0xFE, 0x40, 0xAA, 0x00, 0x4F,
    0x00, 0x02, 0x40, 0x01, 0x20, 0x00, 0x33, 0x00, 0x00, 0x00, 0x00, 0x00, 0x00, 0x00, 0x68, 0x00,
    0x00, 0x00, 0x00, 0x00, 0x00, 0x00, 0x00, 0xAE, 0x00, 0x00, 0x00, 0x00, 0x00, 0x00, 0x00, 0x00,
    0x9D, 0x00, 0x00, 0x00, 0x00, 0x00, 0x12, 0x22, 0x22, 0xAD, 0x22, 0x22, 0x31, 0x00, 0x00, 0x4F,
    0xFF, 0xFF, 0xFF, 0xFF, 0xFF, 0xF4, 0x00, 0x00, 0x01, 0x00, 0x00, 0x9D, 0x00, 0x01, 0x10, 0x00,
    0x00, 0x00, 0x00, 0x00, 0x9D, 0x00, 0x00, 0x00, 0x00, 0x00, 0x00, 0x00, 0x00, 0x9D, 0x00, 0x00,
    0x00, 0x00, 0x3B, 0xBA, 0xAA, 0xAA, 0xDE, 0xAA, 0xAA, 0xAB, 0xB4, 0x27, 0x77, 0x77, 0x7C, 0xA7,
    0x77, 0x77, 0x77, 0x73, 0x00, 0x00, 0x00, 0x1E, 0xE1, 0x00, 0x00, 0x00, 0x00, 0x00, 0x00, 0x00,
    0x9E, 0x30, 0x2C, 0x50, 0x00, 0x00, 0x00, 0x00, 0x06, 0xF5, 0x00, 0x0B, 0xF4, 0x00, 0x00, 0x00,
    0x00, 0x6F, 0x60, 0x00, 0x01, 0xCE, 0x30, 0x00, 0x00, 0x18, 0xF8, 0x35, 0x68, 0xAC, 0xEF, 0xD2,
    0x00, 0x00, 0x4F, 0xFF, 0xEC, 0xA8, 0x64, 0x35, 0xFC, 0x00, 0x00, 0x08, 0x52, 0x00, 0x00, 0x00,
    0x00, 0x63, 0x00, 0x00, 0x38, 0x88, 0x88, 0x88, 0x88, 0x88, 0x30, 0x00, 0x00, 0x4A, 0xAB, 0xFA,
    0x99, 0x99, 0xEE, 0x10, 0x00, 0x00, 0x00, 0x04, 0xF0, 0x00, 0x02, 0xF7, 0x00, 0x00, 0x00, 0x00,
    0x05, 0xE0, 0x00, 0x08, 0xD1, 0x00, 0x00, 0x00, 0x00, 0x07, 0xC0, 0x00, 0x1E, 0x60, 0x00, 0x00,
    0x00, 0x00, 0x0A, 0xD1, 0x00, 0x9F, 0xCC, 0xC3, 0x00, 0x00, 0x00, 0x0D, 0xF7, 0x00, 0x55, 0x5B,
    0xE0, 0x00, 0x00, 0x00, 0x1F, 0x8F, 0x20, 0x00, 0x0D, 0x80, 0x00, 0x00, 0x00, 0x6E, 0x0A, 0xC0,
    0x00, 0x6F, 0x20, 0x00, 0x00, 0x00, 0xD9, 0x01, 0xE8, 0x01, 0xE9, 0x00, 0x00, 0x00, 0x05, 0xF2,
    0x00, 0x3F, 0x7A, 0xD1, 0x00, 0x00, 0x00, 0x1E, 0x90, 0x00, 0x06, 0xFF, 0x40, 0x00, 0x00, 0x01,
    0xBD, 0x10, 0x00, 0x3C, 0xEE, 0xD5, 0x00, 0x00, 0x1C, 0xF3, 0x01, 0x6B, 0xFB, 0x22, 0xBF, 0xD8,
    0x30, 0x0B, 0x50, 0xBF, 0xE9, 0x30, 0x00, 0x04, 0xBF, 0xD1, 0x00, 0x00, 0x34, 0x00, 0x00, 0x00,
    0x00, 0x03, 0x30, 0x00, 0x01, 0x11, 0x11, 0x11, 0x11, 0x11, 0x10, 0x00, 0x00, 0x3F, 0xFF, 0xFF,
    0xFF, 0xFF, 0xFF, 0xF4, 0x00, 0x00, 0x2F, 0x51, 0x11, 0x11, 0x11, 0x14, 0xF3, 0x00, 0x00, 0x2F,
    0x40, 0x00, 0x00, 0x00, 0x03, 0xF3, 0x00, 0x00, 0x2F, 0x40, 0x00, 0x00, 0x00, 0x03, 0xF3, 0x00,
    0x00, 0x2F, 0x40, 0x00, 0x00, 0x00, 0x03, 0xF3, 0x00, 0x00, 0x2F, 0x40, 0x00, 0x00, 0x00, 0x03,
    0xF3, 0x00, 0x00, 0x2F, 0x40, 0x00, 0x00, 0x00, 0x03, 0xF3, 0x00, 0x00, 0x2F, 0x40, 0x00, 0x00,
    0x00, 0x03, 0xF3, 0x00, 0x00, 0x2F, 0x40, 0x00, 0x00, 0x00, 0x03, 0xF3, 0x00, 0x00, 0x2F, 0x40,
    0x00, 0x00, 0x00, 0x03, 0xF3, 0x00, 0x00, 0x2F, 0xA7, 0x77, 0x77, 0x77, 0x79, 0xF3, 0x00, 0x00,
    0x2F, 0xCB, 0xBB, 0xBB, 0xBB, 0xBC, 0xF3, 0x00, 0x00, 0x2F, 0x40, 0x00, 0x00, 0x00, 0x03, 0xF4,
    0x00, 0x00, 0x13, 0x10, 0x00, 0x00, 0x00, 0x01, 0x31, 0x00, 0x00, 0x04, 0x88, 0x88, 0x88, 0x88,
    0x88, 0x40, 0x00, 0x00, 0x08, 0xFA, 0xAA, 0xAA, 0xAA, 0xBF, 0x70, 0x00, 0x00, 0x07, 0xF0, 0x00,
    0x00, 0x00, 0x1F, 0x60, 0x00, 0x00, 0x07, 0xF0, 0x00, 0x00, 0x00, 0x1F, 0x60, 0x00, 0x00, 0x07,
    0xF0, 0x00, 0x00, 0x00, 0x1F, 0x60, 0x00, 0x00, 0x07, 0xF0, 0x00, 0x00, 0x00, 0x1F, 0x60, 0x00,
    0x00, 0x07, 0xF0, 0x00, 0x00, 0x00, 0x1F, 0x60, 0x00, 0x00, 0x08, 0xF8, 0x88, 0x88, 0x88, 0x9F,
    0x70, 0x00, 0x00, 0x06, 0xBB, 0xBB, 0xBB, 0xBB, 0xBB, 0x50, 0x00, 0x00, 0x00, 0x01, 0x20, 0x00,
    0x03, 0x00, 0x00, 0x00, 0x00, 0x00, 0x0B, 0xE1, 0x00, 0x3F, 0xA0, 0x00, 0x00, 0x00, 0x00, 0x8F,
    0x70, 0x00, 0x08, 0xF9, 0x00, 0x00, 0x00, 0x07, 0xF8, 0x00, 0x00, 0x00, 0x8F, 0x90, 0x00, 0x00,
    0x7F, 0x80, 0x00, 0x00, 0x00, 0x09, 0xF9, 0x00, 0x08, 0xF9, 0x00, 0x00, 0x00, 0x00, 0x00, 0xBF,
    0x60, 0x04, 0x90, 0x00, 0x00, 0x00, 0x00, 0x00, 0x16, 0x00, 0x03, 0x32, 0x22, 0x22, 0x22, 0x22,
    0x22, 0x23, 0x30, 0x0F, 0xFF, 0xFF, 0xFF, 0xFF, 0xFF, 0xFF, 0xFF, 0xF0, 0x01, 0x11, 0x11, 0x11,
    0x11, 0x11, 0x4F, 0x51, 0x10, 0x00, 0x00, 0x00, 0x00, 0x00, 0x00, 0x4F, 0x40, 0x00, 0x00, 0x0A,
    0xDD, 0xDD, 0xDD, 0x10, 0x4F, 0x40, 0x00, 0x00, 0x0B, 0xB5, 0x55, 0x9F, 0x10, 0x4F, 0x40, 0x00,
    0x00, 0x0A, 0xA0, 0x00, 0x5F, 0x10, 0x4F, 0x40, 0x00, 0x00, 0x0A, 0xA0, 0x00, 0x5F, 0x10, 0x4F,
    0x40, 0x00, 0x00, 0x0A, 0xA0, 0x00, 0x5F, 0x10, 0x4F, 0x40, 0x00, 0x00, 0x0A, 0xEC, 0xCC, 0xDF,
    0x10, 0x4F, 0x40, 0x00, 0x00, 0x0A, 0xC6, 0x66, 0x9F, 0x10, 0x4F, 0x40, 0x00, 0x00, 0x0B, 0xA0,
    0x00, 0x3A, 0x10, 0x4F, 0x40, 0x00, 0x00, 0x04, 0x30, 0x00, 0x00, 0x00, 0x4F, 0x40, 0x00, 0x00,
    0x00, 0x00, 0x00, 0x00, 0x00, 0x5F, 0x40, 0x00, 0x00, 0x00, 0x00, 0x00, 0x00, 0xAC, 0xFF, 0x20,
    0x00, 0x00, 0x00, 0x00, 0x00, 0x00, 0x7C, 0x94, 0x00, 0x00, 0x00, 0x00, 0x00, 0x00, 0x03, 0x10,
    0x00, 0x00, 0x00, 0x00, 0x00, 0x00, 0x00, 0x0B, 0xD0, 0x00, 0x00, 0x00, 0x05, 0x77, 0x77, 0x10,
    0x2F, 0x50, 0x00, 0x00, 0x00, 0x0B, 0xDA, 0xAF, 0x20, 0x9F, 0xAA, 0xAA, 0xAB, 0x60, 0x0A, 0x90,
    0x1F, 0x22, 0xFA, 0x88, 0x88, 0x89, 0x50, 0x0A, 0x90, 0x1F, 0x2B, 0xC0, 0x00, 0x00, 0x00, 0x00,
    0x0A, 0x90, 0x1F, 0x9F, 0x63, 0x32, 0x22, 0x20, 0x00, 0x0A, 0x90, 0x1F, 0x35, 0xCF, 0xFF, 0xFF,
    0xF2, 0x00, 0x0A, 0x90, 0x1F, 0x20, 0x11, 0x10, 0x9F, 0x70, 0x00, 0x0A, 0x90, 0x1F, 0x20, 0x00,
    0x09, 0xE4, 0x00, 0x00, 0x0A, 0xB5, 0x6F, 0x20, 0x00, 0x9E, 0x40, 0x00, 0x00, 0x0A, 0xDA, 0xBF,
    0x20, 0x07, 0xF4, 0x00, 0x00, 0x00, 0x0A, 0x90, 0x1F, 0x20, 0x4F, 0x60, 0x00, 0x00, 0x00, 0x0B,
    0x90, 0x19, 0x20, 0xC9, 0x00, 0x00, 0x06, 0xA0, 0x06, 0x50, 0x00, 0x02, 0xF5, 0x00, 0x00, 0x0B,
    0xD0, 0x00, 0x00, 0x00, 0x00, 0xDF, 0xDD, 0xDD, 0xEF, 0x50, 0x00, 0x00, 0x00, 0x00, 0x03, 0x44,
    0x44, 0x42, 0x00, 0x00, 0x00, 0x00, 0x00, 0x72, 0x00, 0x00, 0x00, 0x00, 0x00, 0x00, 0x00, 0x04,
    0xFB, 0x00, 0x00, 0x00, 0x00, 0x00, 0x00, 0x00, 0x1D, 0xCE, 0x50, 0x00, 0x00, 0x00, 0x00, 0x00,
    0x00, 0xAD, 0x15, 0xF5, 0x00, 0x00, 0x00, 0x00, 0x00, 0x0A, 0xE3, 0x00, 0x7F, 0x60, 0x00, 0x00,
    0x00, 0x01, 0xAE, 0x40, 0x00, 0x07, 0xFA, 0x10, 0x00, 0x00, 0x3D, 0xE3, 0x00, 0x00, 0x00, 0x5E,
    0xE9, 0x30, 0x0A, 0xFB, 0x5F, 0xEE, 0xEE, 0xEE, 0xF2, 0xAF, 0xC0, 0x06, 0x70, 0x14, 0x44, 0x44,
    0x44, 0x40, 0x03, 0x30, 0x00, 0x00, 0x11, 0x11, 0x11, 0x11, 0x11, 0x00, 0x00, 0x00, 0x07, 0xFF,
    0xFF, 0xFF, 0xFF, 0xFF, 0x30, 0x00, 0x00, 0x06, 0xE1, 0x11, 0x11, 0x11, 0x5F, 0x20, 0x00, 0x00,
    0x06, 0xE0, 0x00, 0x00, 0x00, 0x4F, 0x20, 0x00, 0x00, 0x06, 0xE0, 0x00, 0x00, 0x00, 0x4F, 0x20,
    0x00, 0x00, 0x06, 0xFF, 0xFF, 0xFF, 0xFF, 0xFF, 0x20, 0x00, 0x00, 0x06, 0xE2, 0x22, 0x22, 0x22,
    0x6F, 0x20, 0x00, 0x00, 0x05, 0xA0, 0x00, 0x00, 0x00, 0x27, 0x10, 0x00, 0x04, 0xDD, 0xDD, 0xDD,
    0xDD, 0xDD, 0xDD, 0xDD, 0x50, 0x04, 0xF9, 0x77, 0x77, 0x77, 0x77, 0x77, 0x8F, 0x40, 0x04, 0xF4,
    0x00, 0x00, 0x00, 0x00, 0x00, 0x2F, 0x40, 0x04, 0xF4, 0x59, 0x88, 0x88, 0x88, 0x85, 0x2F, 0x40,
    0x04, 0xF4, 0x6B, 0xBB, 0xBB, 0xBB, 0xB7, 0x2F, 0x40, 0x04, 0xF4, 0x00, 0x00, 0x00, 0x00, 0x00,
    0x2F, 0x40, 0x04, 0xF4, 0x01, 0x33, 0x33, 0x33, 0x10, 0x2F, 0x40, 0x04, 0xF4, 0x04, 0xFE, 0xEE,
    0xEF, 0x40, 0x2F, 0x40, 0x04, 0xF4, 0x04, 0xF2, 0x00, 0x1F, 0x30, 0x2F, 0x40, 0x04, 0xF4, 0x04,
    0xF2, 0x00, 0x1F, 0x30, 0x2F, 0x40, 0x04, 0xF4, 0x04, 0xF5, 0x44, 0x5F, 0x30, 0x2F, 0x40, 0x04,
    0xF4, 0x04, 0xEE, 0xEE, 0xEE, 0x40, 0x2F, 0x40, 0x04, 0xF4, 0x00, 0x00, 0x00, 0x00, 0x00, 0x2F,
    0x40, 0x04, 0xF4, 0x00, 0x00, 0x00, 0x00, 0x00, 0x3F, 0x40, 0x04, 0xF4, 0x00, 0x00, 0x00, 0x00,
    0x1D, 0xFF, 0x20, 0x04, 0xA2, 0x00, 0x00, 0x00, 0x00, 0x08, 0x95, 0x00, 0x00, 0x00, 0x00, 0x65,
    0x00, 0x00, 0x00, 0x00, 0x00, 0x00, 0x00, 0x02, 0xEA, 0x00, 0x00, 0x00, 0x00, 0x00, 0x00, 0x00,
    0x0A, 0xF9, 0x88, 0x88, 0x88, 0x70, 0x00, 0x00, 0x00, 0x6F, 0xA9, 0x99, 0x99, 0xCF, 0x50, 0x00,
    0x00, 0x05, 0xF7, 0x20, 0x00, 0x02, 0xE9, 0x00, 0x00, 0x00, 0x7F, 0x93, 0xF9, 0x00, 0x1C, 0xC0,
    0x00, 0x00, 0x01, 0xA9, 0x00, 0x6F, 0xB3, 0xCD, 0x10, 0x00, 0x00, 0x00, 0x00, 0x00, 0x04, 0xEF,
    0xC2, 0x00, 0x00, 0x00, 0x00, 0x00, 0x00, 0x19, 0xF9, 0x10, 0x00, 0x00, 0x00, 0x00, 0x00, 0x28,
    0xEF, 0xD9, 0x99, 0x99, 0x94, 0x00, 0x03, 0x7B, 0xFF, 0xA8, 0x88, 0x88, 0x88, 0xF7, 0x00, 0x0B,
    0xFA, 0x4F, 0x50, 0x00, 0x00, 0x00, 0xF6, 0x00, 0x01, 0x10, 0x0F, 0x50, 0x00, 0x00, 0x00, 0xF6,
    0x00, 0x00, 0x00, 0x0F, 0x50, 0x00, 0x00, 0x00, 0xF6, 0x00, 0x00, 0x00, 0x0F, 0xEE, 0xEE, 0xEE,
    0xEE, 0xF6, 0x00, 0x00, 0x00, 0x0F, 0x73, 0x33, 0x33, 0x33, 0xF6, 0x00, 0x00, 0x00, 0x1C, 0x40,
    0x00, 0x00, 0x00, 0xC5, 0x00, 0x00, 0x00, 0x00, 0x02, 0x88, 0x88, 0x88, 0x88, 0x10, 0x06, 0xCC,
    0xCC, 0x04, 0xF7, 0x7C, 0xC7, 0x9F, 0x20, 0x07, 0xD5, 0x7F, 0x04, 0xF0, 0x0A, 0x90, 0x4F, 0x10,
    0x07, 0xC0, 0x3F, 0x04, 0xF0, 0x0A, 0x90, 0x4F, 0x10, 0x07, 0xC0, 0x3F, 0x04, 0xF0, 0x0A, 0x90,
    0x4F, 0x10, 0x07, 0xC0, 0x3F, 0x04, 0xF0, 0x0A, 0x90, 0x4F, 0x10, 0x07, 0xC0, 0x3F, 0x04, 0xF0,
    0x0A, 0x90, 0x4F, 0x10, 0x07, 0xC0, 0x3F, 0x04, 0xFC, 0xCE, 0xEC, 0xDF, 0x10, 0x07, 0xC0, 0x3F,
    0x04, 0xF4, 0x44, 0x44, 0x7F, 0x10, 0x07, 0xD7, 0x8F, 0x04, 0xF0, 0x00, 0x00, 0x14, 0x00, 0x07,
    0xEA, 0xBF, 0x04, 0xF0, 0x00, 0x00, 0x00, 0x00, 0x07, 0xC0, 0x3F, 0x04, 0xF0, 0x00, 0x00, 0x00,
    0x00, 0x07, 0xC0, 0x00, 0x04, 0xF0, 0x00, 0x00, 0x06, 0xA2, 0x02, 0x40, 0x00, 0x03, 0xF3, 0x00,
    0x00, 0x0A, 0xF1, 0x00, 0x00, 0x00, 0x00, 0xBE, 0xBB, 0xBB, 0xCF, 0x90, 0x00, 0x00, 0x00, 0x00,
    0x04, 0x55, 0x55, 0x54, 0x00, 0x00, 0x00, 0x00, 0x00, 0x00, 0x00, 0x00, 0x15, 0x00, 0x02, 0x33,
    0x33, 0x30, 0x38, 0x9A, 0xCD, 0xFF, 0x40, 0x08, 0xFF, 0xFF, 0xD0, 0x6E, 0x87, 0x65, 0x43, 0x10,
    0x07, 0xD0, 0x09, 0xD0, 0x6E, 0x00, 0x00, 0x00, 0x00, 0x07, 0xD0, 0x09, 0xD0, 0x6E, 0x00, 0x00,
    0x00, 0x00, 0x07, 0xD0, 0x09, 0xC0, 0x6E, 0x00, 0x00, 0x00, 0x00, 0x07, 0xD0, 0x09, 0xC0, 0x6F,
    0xCC, 0xCC, 0xCC, 0xD2, 0x07, 0xD0, 0x09, 0xC0, 0x6E, 0x55, 0x5F, 0x85, 0x61, 0x07, 0xD0, 0x09,
    0xC0, 0x7D, 0x00, 0x0F, 0x50, 0x00, 0x07, 0xD0, 0x09, 0xC0, 0x8C, 0x00, 0x0F, 0x50, 0x00, 0x07,
    0xE8, 0x8C, 0xC0, 0xAA, 0x00, 0x0F, 0x50, 0x00, 0x07, 0xE9, 0x9D, 0xD0, 0xE7, 0x00, 0x0F, 0x50,
    0x00, 0x07, 0xD0, 0x07, 0xB4, 0xF3, 0x00, 0x0F, 0x50, 0x00, 0x03, 0x60, 0x00, 0x0C, 0xC0, 0x00,
    0x0F, 0x50, 0x00, 0x00, 0x00, 0x00, 0x8F, 0x50, 0x00, 0x0F, 0x50, 0x00, 0x00, 0x00, 0x05, 0xFA,
    0x00, 0x00, 0x0F, 0x60, 0x00, 0x00, 0x00, 0x01, 0x71, 0x00, 0x00, 0x1A, 0x40, 0x00, 0x00, 0x00,
    0x00, 0x00, 0x48, 0x10, 0x00, 0x00, 0x00, 0x00, 0x00, 0xC6, 0x00, 0x6F, 0x10, 0x00, 0x00, 0x00,
    0x00, 0x04, 0xF5, 0x00, 0x6F, 0x10, 0x00, 0x00, 0x00, 0x00, 0x0B, 0xF9, 0x99, 0xCF, 0xA9, 0x99,
    0x94, 0x00, 0x00, 0x6F, 0x98, 0x88, 0xBF, 0x88, 0x88, 0x84, 0x00, 0x00, 0xCB, 0x00, 0x00, 0x6F,
    0x10, 0x00, 0x00, 0x00, 0x00, 0x01, 0x00, 0x00, 0x6F, 0x10, 0x00, 0x00, 0x00, 0x0E, 0xDD, 0xDD,
    0xDD, 0xEF, 0xDD, 0xDD, 0xDD, 0xE0, 0x04, 0x44, 0x44, 0x44, 0x44, 0x44, 0x44, 0x44, 0x40, 0x00,
    0x02, 0x33, 0x33, 0x33, 0x33, 0x33, 0x20, 0x00, 0x00, 0x0A, 0xFF, 0xFF, 0xFF, 0xFF, 0xFF, 0xB0,
    0x00, 0x00, 0x0A, 0xD0, 0x00, 0x00, 0x00, 0x0C, 0xB0, 0x00, 0x00, 0x0A, 0xD0, 0x00, 0x00, 0x00,
    0x0C, 0xB0, 0x00, 0x00, 0x09, 0xD0, 0x00, 0x00, 0x00, 0x0C, 0xB0, 0x00, 0x00, 0x09, 0xFD, 0xDD,
    0xDD, 0xDD, 0xDF, 0xB0, 0x00, 0x00, 0x0A, 0xE5, 0x55, 0x55, 0x55, 0x5D, 0xB0, 0x00, 0x00, 0x06,
    0x70, 0x00, 0x00, 0x00, 0x07, 0x70, 0x00, 0x00, 0x00, 0x00, 0x00, 0x00, 0x39, 0x00, 0x00, 0x00,
    0x00, 0x00, 0x00, 0x00, 0x00, 0x5F, 0x00, 0x00, 0x00, 0x06, 0x99, 0x99, 0x20, 0x00, 0x5E, 0x00,
    0x00, 0x00, 0x0A, 0xC7, 0x9F, 0x29, 0xEE, 0xEF, 0xDE, 0xEB, 0x00, 0x09, 0xA0, 0x3F, 0x22, 0x33,
    0x6E, 0x33, 0x33, 0x00, 0x09, 0xA0, 0x3F, 0x20, 0x00, 0x5E, 0x00, 0x00, 0x00, 0x09, 0xA0, 0x3F,
    0x20, 0x00, 0x5E, 0x00, 0x00, 0x00, 0x09, 0xA0, 0x3F, 0x4E, 0xDD, 0xEF, 0xDD, 0xDE, 0x40, 0x09,
    0xA0, 0x3F, 0x24, 0x37, 0xFF, 0x83, 0x33, 0x10, 0x09, 0xA0, 0x3F, 0x20, 0x0B, 0xEF, 0xE1, 0x00,
    0x00, 0x09, 0xC7, 0x8F, 0x20, 0x4F, 0x8F, 0xDB, 0x00, 0x00, 0x09, 0xD9, 0xBF, 0x21, 0xDB, 0x5E,
    0x5F, 0x80, 0x00, 0x09, 0xA0, 0x3E, 0x29, 0xF3, 0x5E, 0x09, 0xF7, 0x00, 0x0A, 0xA0, 0x00, 0x7F,
    0x70, 0x5E, 0x01, 0xCF, 0x91, 0x03, 0x30, 0x08, 0xFA, 0x00, 0x5E, 0x00, 0x1C, 0xC1, 0x00, 0x00,
    0x01, 0x80, 0x00, 0x5F, 0x00, 0x01, 0x10, 0x00, 0x00, 0x00, 0x00, 0x00, 0x4A, 0x00, 0x00, 0x00,
    0x00, 0x00, 0x00, 0x00, 0x00, 0x00, 0x00, 0x00, 0x00, 0x00, 0x00, 0x24, 0x7B, 0xB0, 0x00, 0x00,
    0x00, 0x00, 0x01, 0xEF, 0xFF, 0xDA, 0x81, 0x00, 0x00, 0x00, 0x00, 0x00, 0x54, 0x2E, 0x50, 0x00,
    0x7C, 0xCC, 0xCC, 0x60, 0x00, 0x00, 0x0E, 0x50, 0x00, 0x8D, 0x66, 0x6E, 0x70, 0x01, 0x00, 0x0E,
    0x50, 0x11, 0x8B, 0x00, 0x0D, 0x70, 0x0B, 0xFF, 0xFF, 0xFF, 0xFA, 0x8B, 0x00, 0x0D, 0x70, 0x02,
    0x22, 0x6F, 0x62, 0x22, 0x8B, 0x00, 0x0D, 0x70, 0x00, 0x00, 0xBF, 0x67, 0x00, 0x8B, 0x00, 0x0D,
    0x70, 0x00, 0x04, 0xFF, 0x7E, 0x90, 0x8B, 0x00, 0x0D, 0x70, 0x00, 0x1D, 0xAE, 0x56, 0xF5, 0x8B,
    0x00, 0x0D, 0x70, 0x00, 0x9E, 0x1E, 0x50, 0xB7, 0x8B, 0x00, 0x0D, 0x70, 0x07, 0xF5, 0x0E, 0x50,
    0x00, 0x8E, 0xBB, 0xBF, 0x70, 0x1C, 0x80, 0x0E, 0x50, 0x00, 0x8D, 0x66, 0x6E, 0x70, 0x01, 0x00,
    0x0E, 0x50, 0x00, 0x8B, 0x00, 0x0D, 0x70, 0x00, 0x00, 0x0F, 0x50, 0x00, 0x22, 0x00, 0x01, 0x10,
    0x00, 0x00, 0x08, 0x30, 0x00, 0x00, 0x00, 0x00, 0x00, 0x00, 0x00, 0x00, 0x04, 0x51, 0x00, 0x00,
    0x00, 0x00, 0x00, 0x00, 0x00, 0x08, 0xF2, 0x00, 0x00, 0x00, 0x00, 0x00, 0x00, 0x00, 0x07, 0xF0,
    0x00, 0x01, 0x11, 0x10, 0x1E, 0xEE, 0xE8, 0x8C, 0xF9, 0x97, 0x4F, 0xDD, 0xF5, 0x1F, 0x61, 0xE7,
    0x6A, 0xE7, 0xCA, 0x4F, 0x10, 0xF5, 0x0F, 0x50, 0xE7, 0x08, 0xD0, 0xA9, 0x3F, 0x10, 0xF4, 0x0F,
    0x50, 0xE6, 0x09, 0xC0, 0xB8, 0x3F, 0x10, 0xF4, 0x0F, 0x50, 0xE6, 0x0A, 0xB0, 0xB7, 0x3F, 0x10,
    0xF4, 0x0F, 0x50, 0xE6, 0x0C, 0xA0, 0xC6, 0x3F, 0x10, 0xF4, 0x0F, 0x50, 0xE6, 0x0E, 0x70, 0xD6,
    0x3F, 0x10, 0xF4, 0x0F, 0x50, 0xE6, 0x2F, 0x50, 0xE5, 0x3F, 0x10, 0xF4, 0x0F, 0xB9, 0xF7, 0x5F,
    0x10, 0xF4, 0x3F, 0x10, 0xF4, 0x1F, 0x96, 0xE7, 0xAB, 0x00, 0xF3, 0x3F, 0x10, 0xF4, 0x1F, 0x50,
    0x54, 0xF5, 0x02, 0xF3, 0x3F, 0xCC, 0xF4, 0x1A, 0x30, 0x0B, 0xD0, 0x49, 0xF1, 0x4F, 0x44, 0xF5,
    0x00, 0x00, 0xAF, 0x40, 0x9F, 0x90, 0x4E, 0x10, 0xD4, 0x00, 0x00, 0x57, 0x00, 0x11, 0x00, 0x00,
    0x00, 0x00, 0x04, 0x99, 0x96, 0xCE, 0xEE, 0xE6, 0x8E, 0xEE, 0xE3, 0x07, 0xD6, 0xCA, 0x17, 0xD1,
    0xC6, 0x9B, 0x17, 0xE0, 0x07, 0xB0, 0xA9, 0x06, 0xD0, 0xC6, 0x8B, 0x0A, 0xA0, 0x07, 0xB0, 0xA9,
    0x06, 0xD0, 0xC6, 0x7B, 0x0D, 0x60, 0x07, 0xB0, 0xA9, 0x8C, 0xEA, 0xE6, 0x7B, 0x2F, 0x20, 0x07,
    0xB0, 0xA9, 0x59, 0xE5, 0xD6, 0x7B, 0x7D, 0x00, 0x07, 0xB0, 0xA9, 0x06, 0xD0, 0xC6, 0x7B, 0x8D,
    0x00, 0x07, 0xB0, 0xA9, 0x07, 0xD0, 0xC6, 0x7B, 0x1E, 0x50, 0x07, 0xB0, 0xA9, 0x9D, 0xEB, 0xE6,
    0x7B, 0x0A, 0xC0, 0x07, 0xEA, 0xD9, 0x5B, 0xD5, 0xD6, 0x7B, 0x05, 0xF2, 0x07, 0xD5, 0xBA, 0x0B,
    0x90, 0xC6, 0x7B, 0x02, 0xF5, 0x07, 0xB0, 0x88, 0x1E, 0x60, 0xC6, 0x7B, 0x18, 0xF3, 0x07, 0xB0,
    0x00, 0x6F, 0x20, 0xC6, 0x8B, 0x7F, 0x90, 0x03, 0x40, 0x01, 0xD9, 0x00, 0xC6, 0x9B, 0x14, 0x00,
    0x00, 0x00, 0x0B, 0xE1, 0x2D, 0xF3, 0x9B, 0x00, 0x00, 0x00, 0x00, 0x06, 0x40, 0x08, 0x30, 0x8A,
    0x00, 0x00, 0x00, 0x00, 0x00, 0x00, 0x03, 0x40, 0x13, 0x00, 0x00, 0x00, 0x00, 0x00, 0x00, 0x09,
    0xD0, 0x7F, 0x10, 0x00, 0x09, 0x99, 0x97, 0x00, 0x09, 0xD0, 0x6F, 0x00, 0x00, 0x0F, 0xB8, 0xCB,
    0x37, 0x6B, 0xC0, 0x6F, 0x66, 0x72, 0x0E, 0x60, 0xAB, 0x5C, 0xBD, 0xC0, 0x6F, 0xBB, 0xC3, 0x0E,
    0x60, 0xAB, 0x00, 0x09, 0xC0, 0x6F, 0x00, 0x00, 0x0E, 0x60, 0xAB, 0x00, 0x09, 0xC0, 0x6F, 0x00,
    0x00, 0x0E, 0x60, 0xAB, 0x39, 0x8C, 0xC0, 0x6F, 0x88, 0x70, 0x0E, 0x60, 0xAB, 0x3A, 0x9C, 0xC0,
    0x6F, 0x99, 0x80, 0x0E, 0x60, 0xAB, 0x00, 0x09, 0xC0, 0x6F, 0x00, 0x00, 0x0E, 0xDC, 0xEB, 0x00,
    0x09, 0xC0, 0x6F, 0x00, 0x00, 0x0E, 0x95, 0xBB, 0x56, 0x6B, 0xC0, 0x6F, 0x66, 0x62, 0x0F, 0x60,
    0x78, 0xAC, 0xBD, 0xC0, 0x6F, 0xBB, 0xC5, 0x0F, 0x60, 0x00, 0x00, 0x09, 0xC0, 0x6F, 0x00, 0x00,
    0x00, 0x00, 0x00, 0x00, 0x09, 0xC0, 0x6F, 0x00, 0x00, 0x00, 0x00, 0x00, 0x00, 0x09, 0xC0, 0x6F,
    0x00, 0x00, 0x00, 0x00, 0x00, 0x00, 0x03, 0x40, 0x24, 0x00, 0x00, 0x01, 0x55, 0x55, 0x55, 0x55,
    0x55, 0x55, 0x55, 0x10, 0x03, 0xFC, 0xCC, 0xDF, 0xCC, 0xFC, 0xCC, 0xDF, 0x20, 0x03, 0xF4, 0x00,
    0x5F, 0x02, 0xF3, 0x00, 0x4F, 0x20, 0x03, 0xF4, 0x00, 0x6E, 0x02, 0xF3, 0x00, 0x4F, 0x20, 0x03,
    0xF4, 0x00, 0x7D, 0x02, 0xF3, 0x00, 0x4F, 0x20, 0x03, 0xF4, 0x00, 0xAB, 0x02, 0xF3, 0x00, 0x4F,
    0x20, 0x03, 0xF4, 0x00, 0xE7, 0x02, 0xF3, 0x00, 0x4F, 0x20, 0x03, 0xF4, 0x07, 0xE1, 0x02, 0xF3,
    0x00, 0x4F, 0x20, 0x03, 0xF4, 0x3E, 0x70, 0x02, 0xFB, 0x78, 0x5F, 0x20, 0x03, 0xF5, 0xEB, 0x00,
    0x00, 0x8B, 0xC9, 0x4F, 0x20, 0x03, 0xF4, 0x51, 0x00, 0x00, 0x00, 0x00, 0x4F, 0x20, 0x03, 0xF4,
    0x00, 0x00, 0x00, 0x00, 0x00, 0x4F, 0x20, 0x03, 0xF7, 0x44, 0x44, 0x44, 0x44, 0x44, 0x7F, 0x20,
    0x03, 0xFE, 0xEE, 0xEE, 0xEE, 0xEE, 0xEE, 0xEF, 0x20, 0x03, 0xF4, 0x00, 0x00, 0x00, 0x00, 0x00,
    0x4F, 0x20, 0x01, 0x61, 0x00, 0x00, 0x00, 0x00, 0x00, 0x14, 0x10, 0x00, 0xAA, 0xAA, 0xAA, 0xAA,
    0xAA, 0xAA, 0xA9, 0x00, 0x00, 0xFB, 0x88, 0x88, 0x88, 0x88, 0x88, 0xCD, 0x00, 0x00, 0xF6, 0x00,
    0x00, 0x00, 0x00, 0x00, 0x8D, 0x00, 0x00, 0xE6, 0x00, 0x00, 0x00, 0x00, 0x00, 0x8D, 0x00, 0x00,
    0xE6, 0x04, 0xDD, 0xDD, 0xDD, 0x20, 0x8C, 0x00, 0x00, 0xE6, 0x04, 0xF5, 0x44, 0x7F, 0x20, 0x8C,
    0x00, 0x00, 0xE6, 0x04, 0xF0, 0x00, 0x4F, 0x10, 0x8C, 0x00, 0x00, 0xE6, 0x04, 0xF0, 0x00, 0x4F,
    0x10, 0x8C, 0x00, 0x00, 0xE6, 0x04, 0xF2, 0x22, 0x5F, 0x20, 0x8C, 0x00, 0x00, 0xE6, 0x04, 0xFF,
    0xFF, 0xFF, 0x20, 0x8C, 0x00, 0x00, 0xE6, 0x00, 0x11, 0x11, 0x11, 0x00, 0x8C, 0x00, 0x00, 0xE6,
    0x00, 0x00, 0x00, 0x00, 0x00, 0x8C, 0x00, 0x00, 0xF9, 0x66, 0x66, 0x66, 0x66, 0x66, 0xBD, 0x00,
    0x00, 0xFC, 0xBB, 0xBB, 0xBB, 0xBB, 0xBB, 0xDD, 0x00, 0x00, 0xF5, 0x00, 0x00, 0x00, 0x00, 0x00,
    0x8D, 0x00, 0x00, 0x10, 0x00, 0x00, 0x00, 0x00, 0x00, 0x01, 0x00, 0x02, 0xEE, 0xEE, 0xEE, 0xEE,
    0xEE, 0xEE, 0xEE, 0x30, 0x02, 0xF6, 0x33, 0x33, 0x33, 0x33, 0x33, 0x5F, 0x30, 0x02, 0xF4, 0x00,
    0x00, 0xAC, 0x00, 0x00, 0x2F, 0x30, 0x02, 0xF4, 0x00, 0x00, 0xAB, 0x00, 0x00, 0x2F, 0x30, 0x01,
    0xF4, 0x57, 0x66, 0xCC, 0x66, 0x77, 0x2F, 0x30, 0x01, 0xF4, 0x9C, 0xCC, 0xEE, 0xCC, 0xCB, 0x2F,
    0x30, 0x01, 0xF4, 0x00, 0x00, 0xE8, 0x00, 0x00, 0x2F, 0x30, 0x01, 0xF4, 0x00, 0x03, 0xFB, 0x20,
    0x00, 0x2F, 0x30, 0x01, 0xF4, 0x00, 0x0B, 0xDB, 0xE5, 0x00, 0x2F, 0x30, 0x01, 0xF4, 0x00, 0x8E,
    0x30, 0x9F, 0x70, 0x2F, 0x30, 0x01, 0xF4, 0x3B, 0xE4, 0x00, 0x08, 0xF7, 0x2F, 0x30, 0x01, 0xF4,
    0x3C, 0x30, 0x00, 0x00, 0x71, 0x2F, 0x30, 0x02, 0xF4, 0x00, 0x00, 0x00, 0x00, 0x00, 0x2F, 0x30,
    0x02, 0xFE, 0xEE, 0xEE, 0xEE, 0xEE, 0xEE, 0xEF, 0x30, 0x02, 0xF7, 0x44, 0x44, 0x44, 0x44, 0x44,
    0x6F, 0x30, 0x02, 0xA2, 0x00, 0x00, 0x00, 0x00, 0x00, 0x18, 0x20, 0x00, 0x11, 0x11, 0x11, 0x11,
    0x11, 0x11, 0x11, 0x00, 0x03, 0xFF, 0xFF, 0xFF, 0xFF, 0xFF, 0xFF, 0xFF, 0x50, 0x03, 0xF6, 0x33,
    0x33, 0x33, 0x64, 0x33, 0x5F, 0x40, 0x03, 0xF4, 0x00, 0x00, 0x01, 0xF5, 0x00, 0x2F, 0x40, 0x03,
    0xF4, 0x00, 0x00, 0x00, 0xF5, 0x00, 0x2F, 0x40, 0x03, 0xF4, 0x4D, 0xDD, 0xDD, 0xFD, 0xDB, 0x2F,
    0x40, 0x03, 0xF4, 0x26, 0x55, 0x8F, 0xF8, 0x55, 0x2F, 0x40, 0x03, 0xF4, 0x00, 0x00, 0xCA, 0xF5,
    0x00, 0x2F, 0x40, 0x03, 0xF4, 0x00, 0x08, 0xE2, 0xF5, 0x00, 0x2F, 0x40, 0x03, 0xF4, 0x00, 0x6F,
    0x50, 0xF5, 0x00, 0x2F, 0x40, 0x03, 0xF4, 0x07, 0xF7, 0x00, 0xF5, 0x00, 0x2F, 0x40, 0x03, 0xF4,
    0xAF, 0x70, 0x24, 0xF5, 0x00, 0x2F, 0x40, 0x03, 0xF4, 0x14, 0x00, 0xBF, 0xE2, 0x00, 0x2F, 0x40,
    0x03, 0xF4, 0x00, 0x00, 0x33, 0x00, 0x00, 0x2F, 0x40, 0x03, 0xFD, 0xDD, 0xDD, 0xDD, 0xDD, 0xDD,
    0xDF, 0x40, 0x03, 0xF8, 0x66, 0x66, 0x66, 0x66, 0x66, 0x8F, 0x40, 0x02, 0x92, 0x00, 0x00, 0x00,
    0x00, 0x00, 0x19, 0x30, 0x03, 0xFF, 0xFF, 0xFF, 0xFF, 0xFF, 0xFF, 0xFF, 0x30, 0x03, 0xF2, 0x11,
    0x11, 0x11, 0x11, 0x11, 0x2F, 0x30, 0x03, 0xF1, 0x03, 0xCC, 0xCC, 0xCC, 0x40, 0x1F, 0x30, 0x03,
    0xF1, 0x04, 0xF4, 0x44, 0x4E, 0x40, 0x1F, 0x30, 0x03, 0xF1, 0x04, 0xFA, 0xAA, 0xAF, 0x40, 0x1F,
    0x30, 0x03, 0xF1, 0x02, 0x66, 0x66, 0x66, 0x20, 0x1F, 0x30, 0x03, 0xF1, 0x06, 0x77, 0x77, 0x77,
    0x60, 0x1F, 0x30, 0x03, 0xF1, 0x0C, 0xC9, 0x99, 0x9C, 0xC0, 0x1F, 0x30, 0x03, 0xF1, 0x0C, 0x70,
    0x87, 0x07, 0xC0, 0x1F, 0x30, 0x03, 0xF1, 0x0C, 0x70, 0xC8, 0x07, 0xC0, 0x1F, 0x30, 0x03, 0xF1,
    0x09, 0x54, 0xF3, 0x84, 0x50, 0x1F, 0x30, 0x03, 0xF1, 0x00, 0x4D, 0xA3, 0xDE, 0x50, 0x1F, 0x30,
    0x03, 0xF1, 0x8D, 0xF9, 0x10, 0x18, 0xF7, 0x1F, 0x30, 0x03, 0xF2, 0x58, 0x31, 0x11, 0x11, 0x52,
    0x2F, 0x30, 0x03, 0xFF, 0xFF, 0xFF, 0xFF, 0xFF, 0xFF, 0xFF, 0x30, 0x03, 0xC2, 0x11, 0x11, 0x11,
    0x11, 0x11, 0x2C, 0x30, 0x00, 0x11, 0x11, 0x11, 0x11, 0x11, 0x11, 0x11, 0x00, 0x05, 0xFE, 0xEE,
    0xEE, 0xEE, 0xEE, 0xEE, 0xEF, 0x60, 0x04, 0xF0, 0x01, 0x00, 0x54, 0x04, 0x10, 0x0D, 0x50, 0x04,
    0xF0, 0x0B, 0x80, 0xC7, 0x1E, 0x50, 0x0D, 0x50, 0x04, 0xF0, 0x37, 0xB4, 0xE6, 0x9C, 0x51, 0x0D,
    0x50, 0x04, 0xF0, 0x6A, 0xAC, 0xEA, 0xAA, 0xA2, 0x0D, 0x50, 0x04, 0xF1, 0x44, 0x4A, 0xB4, 0x44,
    0x44, 0x0D, 0x50, 0x04, 0xF2, 0xCC, 0xDF, 0xBC, 0xFC, 0xCC, 0x0D, 0x50, 0x04, 0xF0, 0x02, 0xE6,
    0x00, 0xBA, 0x10, 0x0D, 0x50, 0x04, 0xF1, 0x6E, 0xFE, 0xEE, 0xED, 0xE9, 0x3D, 0x50, 0x04, 0xF6,
    0xD4, 0xC5, 0x12, 0xD5, 0x5C, 0x3D, 0x50, 0x04, 0xF0, 0x10, 0xC5, 0x1E, 0xC1, 0x30, 0x0D, 0x50,
    0x04, 0xF0, 0x00, 0xC7, 0x12, 0x13, 0xF4, 0x0D, 0x50, 0x04, 0xF0, 0x00, 0x6E, 0xEE, 0xEE, 0xA0,
    0x0D, 0x50, 0x04, 0xF5, 0x44, 0x44, 0x44, 0x44, 0x44, 0x4E, 0x50, 0x04, 0xFB, 0xBB, 0xBB, 0xBB,
    0xBB, 0xBB, 0xBE, 0x50, 0x04, 0xC0, 0x00, 0x00, 0x00, 0x00, 0x00, 0x0B, 0x50, 0x00, 0x00, 0x00,
    0x05, 0x82, 0x00, 0x00, 0x00, 0x00, 0x00, 0x00, 0x00, 0x0A, 0xE1, 0x00, 0x00, 0x00, 0x00, 0x00,
    0x00, 0x00, 0x0E, 0x90, 0x00, 0x00, 0x00, 0x00, 0x03, 0xDC, 0xCC, 0xDF, 0xDC, 0xCC, 0xCC, 0xCD,
    0xA0, 0x02, 0x66, 0x66, 0xDD, 0x66, 0x66, 0x66, 0x66, 0x50, 0x00, 0x00, 0x02, 0xF6, 0x00, 0x57,
    0x00, 0x00, 0x00, 0x00, 0x00, 0x0B, 0xD0, 0x00, 0x9D, 0x00, 0x00, 0x00, 0x00, 0x03, 0xEF, 0x40,
    0x00, 0x9C, 0x00, 0x00, 0x00, 0x00, 0x06, 0xF9, 0x26, 0x55, 0xBD, 0x55, 0x54, 0x00, 0x00, 0x5F,
    0xF2, 0x5E, 0xDD, 0xEF, 0xDD, 0xDA, 0x00, 0x08, 0xFC, 0xF2, 0x00, 0x00, 0x9C, 0x00, 0x00, 0x00,
    0x2D, 0x93, 0xF2, 0x00, 0x00, 0x9C, 0x00, 0x00, 0x00, 0x01, 0x03, 0xF2, 0x00, 0x00, 0x9C, 0x00,
    0x00, 0x00, 0x00, 0x03, 0xF2, 0x00, 0x00, 0x9C, 0x00, 0x00, 0x00, 0x00, 0x03, 0xF3, 0x77, 0x66,
    0xBD, 0x66, 0x67, 0x60, 0x00, 0x04, 0xF4, 0xBB, 0xBB, 0xBB, 0xBB, 0xBB, 0xA0, 0x00, 0x03, 0xC2,
    0x00, 0x00, 0x00, 0x00, 0x00, 0x00, 0x00, 0x00, 0x00, 0x00, 0x5B, 0x00, 0x00, 0x00, 0x00, 0x01,
    0x43, 0x33, 0x33, 0x8F, 0x33, 0x33, 0x44, 0x30, 0x03, 0xEE, 0xEE, 0xEE, 0xEF, 0xEE, 0xEE, 0xEE,
    0xA0, 0x00, 0x00, 0x00, 0x00, 0x6F, 0x00, 0x00, 0x00, 0x00, 0x00, 0x15, 0x44, 0x44, 0x9F, 0x44,
    0x44, 0x53, 0x00, 0x00, 0x1E, 0xDD, 0xDD, 0xDD, 0xDD, 0xDD, 0xE9, 0x00, 0x00, 0x00, 0x00, 0x00,
    0x00, 0x00, 0x00, 0x00, 0x00, 0x00, 0x0C, 0xDD, 0xDD, 0xDD, 0xDD, 0xDD, 0xD6, 0x00, 0x00, 0x0D,
    0xC5, 0x55, 0x9F, 0x55, 0x55, 0xF6, 0x00, 0x00, 0x0D, 0xB0, 0x00, 0x6F, 0x00, 0x00, 0xF6, 0x00,
    0x00, 0x0D, 0xB1, 0x11, 0x7F, 0x11, 0x11, 0xF6, 0x00, 0x00, 0x0F, 0xFF, 0xFF, 0xFF, 0xFF, 0xFF,
    0xF6, 0x00, 0x00, 0x2F, 0x61, 0x11, 0x11, 0x11, 0x11, 0xF7, 0x00, 0x00, 0x8F, 0x10, 0x00, 0x00,
    0x00, 0x00, 0x00, 0x00, 0x02, 0xEA, 0x00, 0x00, 0x00, 0x00, 0x00, 0x00, 0x00, 0x1D, 0xE2, 0x00,
    0x00, 0x00, 0x00, 0x00, 0x00, 0x00, 0x05, 0x50, 0x00, 0x00, 0x00, 0x00, 0x00, 0x00, 0x00, 0x00,
    0x00, 0x20, 0x00, 0x00, 0x46, 0x00, 0x00, 0x00, 0x00, 0x00, 0xDC, 0x00, 0x00, 0xAD, 0x00, 0x00,
    0x00, 0x00, 0x02, 0xF6, 0x00, 0x00, 0x9C, 0x00, 0x00, 0x00, 0x00, 0x07, 0xF3, 0x33, 0x31, 0x9C,
    0x00, 0x00, 0x00, 0x00, 0x0D, 0xFF, 0xFF, 0xF1, 0x9C, 0x00, 0x00, 0x00, 0x00, 0x5F, 0x30, 0x08,
    0xE0, 0x9C, 0x35, 0x00, 0x00, 0x01, 0xDA, 0x00, 0x0B, 0xB0, 0x9C, 0x8F, 0x40, 0x00, 0x0A, 0xE2,
    0x40, 0x1E, 0x60, 0x9C, 0x0B, 0xE2, 0x00, 0x3E, 0x57, 0xF7, 0x6F, 0x20, 0x9C, 0x01, 0xDC, 0x10,
    0x01, 0x00, 0x7F, 0xEA, 0x00, 0x9C, 0x00, 0x3E, 0x90, 0x00, 0x00, 0x09, 0xF3, 0x00, 0x9C, 0x00,
    0x07, 0x90, 0x00, 0x00, 0x2E, 0x80, 0x00, 0x9C, 0x00, 0x00, 0x00, 0x00, 0x01, 0xDC, 0x00, 0x00,
    0x9C, 0x00, 0x00, 0x00, 0x00, 0x3D, 0xD1, 0x00, 0x00, 0x9C, 0x00, 0x00, 0x00, 0x18, 0xEC, 0x10,
    0x00, 0x00, 0x9D, 0x00, 0x00, 0x00, 0x1A, 0x91, 0x00, 0x00, 0x00, 0xAD, 0x00, 0x00, 0x00, 0x00,
    0x00, 0x00, 0x00, 0x00, 0x45, 0x00, 0x00, 0x00, 0x00, 0x00, 0x00, 0x07, 0x00, 0x00, 0x00, 0x00,
    0x00, 0x00, 0x00, 0x00, 0x9E, 0x30, 0x00, 0x00, 0x00, 0x00, 0x00, 0x00, 0x09, 0xFD, 0xCC, 0xCC,
    0xCC, 0x50, 0x00, 0x00, 0x02, 0xCD, 0x44, 0x44, 0x45, 0xEB, 0x00, 0x00, 0x00, 0x8F, 0xA1, 0xA6,
    0x00, 0x1B, 0xC1, 0x00, 0x00, 0x00, 0x55, 0x00, 0x6F, 0x53, 0xCC, 0x10, 0x00, 0x00, 0x00, 0x00,
    0x00, 0x08, 0xFF, 0xA1, 0x00, 0x00, 0x00, 0x00, 0x00, 0x14, 0x9E, 0xC5, 0xD9, 0x00, 0x00, 0x00,
    0x01, 0xAC, 0xFE, 0x93, 0x2D, 0xF8, 0x66, 0x66, 0x30, 0x00, 0x88, 0x40, 0x05, 0xED, 0xAA, 0xAA,
    0xCF, 0x30, 0x00, 0x00, 0x03, 0xBF, 0x91, 0x00, 0x01, 0xDB, 0x00, 0x00, 0x03, 0xBF, 0xB3, 0x6D,
    0x20, 0x0A, 0xE1, 0x00, 0x00, 0x01, 0x94, 0x00, 0x1C, 0xD2, 0xAE, 0x30, 0x00, 0x00, 0x00, 0x00,
    0x00, 0x01, 0xDF, 0xD3, 0x00, 0x00, 0x00, 0x00, 0x00, 0x14, 0x8E, 0xF9, 0x10, 0x00, 0x00, 0x00,
    0x89, 0xBD, 0xFF, 0xC7, 0x10, 0x00, 0x00, 0x00, 0x00, 0x7C, 0xA8, 0x51, 0x00, 0x00, 0x00, 0x00,
    0x00, 0x00, 0x00, 0x00, 0x01, 0x97, 0x00, 0x00, 0x00, 0x00, 0x00, 0x00, 0x00, 0x00, 0xEC, 0x00,
    0x00, 0x00, 0x00, 0x09, 0xBB, 0xBB, 0xBB, 0xEF, 0xBB, 0xBB, 0xBC, 0x80, 0x07, 0x88, 0x88, 0x88,
    0x88, 0x88, 0x88, 0x89, 0x60, 0x00, 0x00, 0x79, 0x20, 0x5D, 0x40, 0x00, 0x00, 0x00, 0x00, 0x00,
    0xDE, 0x10, 0xAF, 0x32, 0x22, 0x21, 0x00, 0x00, 0x06, 0xF6, 0x02, 0xFF, 0xFF, 0xFF, 0xF4, 0x00,
    0x00, 0x1D, 0xE0, 0x09, 0xE1, 0x11, 0x17, 0xF0, 0x00, 0x00, 0x9F, 0xE0, 0x3F, 0x70, 0xA4, 0x0A,
    0xB0, 0x00, 0x05, 0xFD, 0xE1, 0xCE, 0xB4, 0xAC, 0x1F, 0x50, 0x00, 0x3F, 0xB7, 0xE2, 0xD4, 0xE9,
    0x36, 0x8E, 0x10, 0x00, 0x08, 0x17, 0xE0, 0x00, 0x8F, 0x23, 0xF7, 0x00, 0x00, 0x00, 0x07, 0xE0,
    0x00, 0x1E, 0xAD, 0xC0, 0x00, 0x00, 0x00, 0x07, 0xE0, 0x00, 0x07, 0xFF, 0x30, 0x00, 0x00, 0x00,
    0x07, 0xE0, 0x02, 0x8F, 0xDE, 0xE7, 0x20, 0x00, 0x00, 0x08, 0xE1, 0xBF, 0xE7, 0x02, 0xAF, 0xFE,
    0xB0, 0x00, 0x06, 0xB0, 0x98, 0x10, 0x00, 0x01, 0x6B, 0x50, 0x00, 0x01, 0x94, 0x00, 0x00, 0x06,
    0x60, 0x00, 0x00, 0x00, 0x06, 0xF4, 0x00, 0x00, 0x1E, 0x90, 0x00, 0x00, 0x00, 0x0D, 0xC1, 0x11,
    0x10, 0x8F, 0x87, 0x77, 0x30, 0x00, 0x6F, 0xFF, 0xFF, 0xC3, 0xFD, 0xBB, 0xDF, 0x20, 0x02, 0xEA,
    0x11, 0x1A, 0xCE, 0xC6, 0x10, 0xCA, 0x00, 0x1D, 0xD2, 0x11, 0x0A, 0xA6, 0x2C, 0xD9, 0xE1, 0x00,
    0x05, 0xBF, 0xFF, 0x4A, 0x90, 0x01, 0xEE, 0x30, 0x00, 0x00, 0x8A, 0x0E, 0x4B, 0x95, 0x9E, 0xD2,
    0x00, 0x00, 0x00, 0x8A, 0x0E, 0x4B, 0x8B, 0xD9, 0xF7, 0x22, 0x20, 0x00, 0x8A, 0x0E, 0x4C, 0x71,
    0x1D, 0xFF, 0xFF, 0xD0, 0x00, 0x8B, 0x2E, 0x4D, 0x61, 0xBE, 0x20, 0x0D, 0x80, 0x00, 0x8F, 0xFF,
    0x4E, 0x6D, 0xE5, 0x60, 0x4F, 0x30, 0x00, 0x9A, 0x07, 0x3F, 0x54, 0x25, 0xF7, 0xCA, 0x00, 0x00,
    0x22, 0x00, 0x2F, 0x50, 0x00, 0x6F, 0xE2, 0x00, 0x00, 0x00, 0x2D, 0xFF, 0x20, 0x16, 0xEE, 0x30,
    0x00, 0x00, 0x00, 0x0A, 0xA4, 0x4C, 0xFF, 0x81, 0x00, 0x00, 0x00, 0x00, 0x00, 0x00, 0x1B, 0x71,
    0x00, 0x00, 0x00, 0x00, 0x00, 0x00, 0x00, 0x65, 0x00, 0x00, 0x00, 0x00, 0x00, 0x00, 0x00, 0x00,
    0xDC, 0x00, 0x00, 0x00, 0x00, 0x00, 0x00, 0x00, 0x00, 0xCB, 0x00, 0x00, 0x00, 0x00, 0x00, 0x00,
    0x00, 0x00, 0xCA, 0x00, 0x00, 0x00, 0x00, 0x00, 0x00, 0x00, 0x00, 0xC9, 0x00, 0x00, 0x00, 0x00,
    0x05, 0xA9, 0x88, 0x88, 0xEC, 0x88, 0x89, 0x99, 0x70, 0x06, 0xCC, 0xCC, 0xCC, 0xFE, 0xCC, 0xCC,
    0xCC, 0x80, 0x00, 0x00, 0x00, 0x01, 0xFD, 0x00, 0x00, 0x00, 0x00, 0x00, 0x00, 0x00, 0x05, 0xFF,
    0x40, 0x00, 0x00, 0x00, 0x00, 0x00, 0x00, 0x0B, 0xBA, 0xC0, 0x00, 0x00, 0x00, 0x00, 0x00, 0x00,
    0x5F, 0x42, 0xF7, 0x00, 0x00, 0x00, 0x00, 0x00, 0x01, 0xEA, 0x00, 0x7F, 0x30, 0x00, 0x00, 0x00,
    0x00, 0x1C, 0xD1, 0x00, 0x0B, 0xE3, 0x00, 0x00, 0x00, 0x04, 0xDE, 0x30, 0x00, 0x01, 0xDE, 0x50,
    0x00, 0x03, 0xAF, 0xD3, 0x00, 0x00, 0x00, 0x2D, 0xFA, 0x20, 0x2E, 0xFA, 0x10, 0x00, 0x00, 0x00,
    0x01, 0xAF, 0x90, 0x03, 0x40, 0x00, 0x00, 0x00, 0x00, 0x00, 0x05, 0x00, 0x00, 0x2C, 0xCC, 0xCC,
    0xCC, 0xCC, 0xCC, 0xD2, 0x00, 0x00, 0x29, 0x88, 0x88, 0xDD, 0x88, 0x89, 0x91, 0x00, 0x00, 0x00,
    0x00, 0x00, 0xBB, 0x00, 0x00, 0x00, 0x00, 0x00, 0x00, 0x00, 0x00, 0xBB, 0x00, 0x00, 0x00, 0x00,
    0x00, 0x00, 0x00, 0x00, 0xBB, 0x00, 0x00, 0x00, 0x00, 0x04, 0xAA, 0xAA, 0xAA, 0xDD, 0xAA, 0xAA,
    0xAA, 0x60, 0x04, 0xBA, 0xAA, 0xAA, 0xFF, 0xAA, 0xAA, 0xAB, 0x70, 0x00, 0x00, 0x00, 0x03, 0xFF,
    0x50, 0x00, 0x00, 0x00, 0x00, 0x00, 0x00, 0x08, 0xEB, 0xC0, 0x00, 0x00, 0x00, 0x00, 0x00, 0x00,
    0x1E, 0x84, 0xF6, 0x00, 0x00, 0x00, 0x00, 0x00, 0x00, 0xBE, 0x20, 0xAE, 0x30, 0x00, 0x00, 0x00,
    0x00, 0x09, 0xF6, 0x00, 0x1D, 0xD2, 0x00, 0x00, 0x00, 0x02, 0xBF, 0x90, 0x00, 0x03, 0xEE, 0x50,
    0x00, 0x01, 0x7E, 0xF6, 0x00, 0x00, 0x00, 0x2C, 0xFC, 0x61, 0x1D, 0xFB, 0x30, 0x00, 0x00, 0x00,
    0x00, 0x7D, 0xB1, 0x03, 0x40, 0x00, 0x00, 0x00, 0x00, 0x00, 0x00, 0x10, 0x00, 0x00, 0x00, 0x02,
    0x85, 0x00, 0x00, 0x00, 0x00, 0x00, 0x00, 0x00, 0x03, 0xF9, 0x00, 0x00, 0x00, 0x00, 0x00, 0x00,
    0x00, 0x03, 0xF7, 0x00, 0x00, 0x00, 0x00, 0x00, 0x00, 0x00, 0x03, 0xF6, 0x00, 0x00, 0x00, 0x00,
    0x00, 0x00, 0x00, 0x04, 0xF6, 0x00, 0x00, 0x00, 0x00, 0x08, 0xDD, 0xDD, 0xDD, 0xFE, 0xDD, 0xDD,
    0xDE, 0x30, 0x04, 0x76, 0x66, 0x6A, 0xFD, 0x66, 0x66, 0x77, 0x20, 0x00, 0x00, 0x00, 0x08, 0xFF,
    0x10, 0x00, 0x00, 0x00, 0x00, 0x00, 0x00, 0x0C, 0xBE, 0x70, 0x00, 0x00, 0x00, 0x00, 0x00, 0x00,
    0x3F, 0x59, 0xE1, 0x00, 0x00, 0x00, 0x00, 0x00, 0x00, 0xBD, 0x02, 0xE9, 0x00, 0x00, 0x00, 0x00,
    0x00, 0x06, 0xF4, 0x00, 0x7F, 0x60, 0x00, 0x00, 0x00, 0x00, 0x5F, 0xB3, 0x00, 0x0A, 0xF5, 0x00,
    0x00, 0x00, 0x06, 0xFA, 0xCE, 0x30, 0x01, 0xBF, 0x80, 0x00, 0x01, 0xAF, 0x90, 0x1D, 0xE2, 0x00,
    0x1A, 0xFD, 0x50, 0x1E, 0xE5, 0x00, 0x02, 0xE6, 0x00, 0x00, 0x6E, 0x90, 0x03, 0x10, 0x00, 0x00,
    0x10, 0x00, 0x00, 0x02, 0x00, 0x00, 0x00, 0x00, 0x01, 0xB5, 0x00, 0x00, 0x00, 0x00, 0x00, 0x00,
    0x00, 0x05, 0xF3, 0x00, 0x00, 0x00, 0x00, 0x06, 0xBA, 0xAA, 0xAD, 0xEA, 0xAA, 0xAA, 0xAB, 0x60,
    0x04, 0x87, 0x77, 0xCE, 0x77, 0xAF, 0x87, 0x77, 0x40, 0x00, 0x00, 0x05, 0xF5, 0x00, 0x0C, 0xC1,
    0x00, 0x00, 0x00, 0x00, 0x6F, 0xEB, 0xBB, 0xBC, 0xFD, 0x30, 0x00, 0x00, 0x19, 0xFF, 0x85, 0x55,
    0x55, 0x5B, 0xFB, 0x71, 0x08, 0xED, 0x4E, 0x97, 0x77, 0x77, 0x74, 0x6C, 0xB0, 0x03, 0x81, 0x0E,
    0xB9, 0x99, 0x99, 0xA5, 0x00, 0x00, 0x00, 0x00, 0x0E, 0x84, 0x44, 0x44, 0x53, 0x00, 0x00, 0x00,
    0x00, 0x0E, 0xDD, 0xDD, 0xDD, 0xD8, 0x00, 0x00, 0x01, 0x22, 0x1E, 0x61, 0x11, 0x11, 0x11, 0x22,
    0x20, 0x07, 0xFF, 0xFF, 0xFF, 0xFF, 0xFF, 0xFF, 0xFF, 0xC0, 0x01, 0x21, 0x15, 0xF5, 0x00, 0x04,
    0xE4, 0x12, 0x20, 0x00, 0x00, 0x4E, 0x60, 0x01, 0x24, 0xDF, 0x50, 0x00, 0x00, 0x07, 0xFF, 0xEF,
    0xFF, 0xED, 0xCD, 0xF8, 0x00, 0x00, 0x02, 0x97, 0x54, 0x20, 0x00, 0x00, 0x81, 0x00, 0x00, 0x00,
    0xB5, 0x00, 0x00, 0x00, 0x00, 0x00, 0x00, 0x00, 0x01, 0xF5, 0x03, 0xAA, 0xAA, 0xAA, 0xA2, 0x00,
    0x00, 0x04, 0xF2, 0x03, 0x9A, 0xF8, 0x8A, 0xF2, 0x00, 0x00, 0x07, 0xD0, 0x00, 0x05, 0xE0, 0x06,
    0xE0, 0x00, 0x09, 0xAD, 0xE9, 0x93, 0x05, 0xE0, 0x08, 0xC0, 0x00, 0x07, 0x8F, 0xA8, 0xF4, 0x05,
    0xE0, 0x0A, 0xA0, 0x00, 0x00, 0x2F, 0x21, 0xF3, 0x05, 0xE0, 0x0D, 0xA4, 0x40, 0x00, 0x6D, 0x03,
    0xF1, 0x06, 0xD0, 0x1D, 0xDE, 0xF0, 0x00, 0xB9, 0x06, 0xD0, 0x07, 0xC0, 0x00, 0x07, 0xD0, 0x01,
    0xF4, 0x09, 0xA0, 0x08, 0xB0, 0x00, 0x08, 0xD0, 0x02, 0xCD, 0x4D, 0x60, 0x0A, 0x90, 0x00, 0x09,
    0xC0, 0x00, 0x09, 0xFF, 0x20, 0x0D, 0x70, 0x00, 0x0A, 0xB0, 0x00, 0x00, 0xDF, 0x80, 0x3F, 0x30,
    0x00, 0x0B, 0xA0, 0x00, 0x07, 0xE7, 0xF6, 0x9D, 0x00, 0x00, 0x0C, 0x90, 0x00, 0x5F, 0x50, 0x65,
    0xF6, 0x00, 0x00, 0x1E, 0x70, 0x07, 0xF6, 0x00, 0x2E, 0xC0, 0x00, 0x6C, 0xEF, 0x30, 0x02, 0x50,
    0x00, 0x29, 0x20, 0x00, 0x2B, 0x84, 0x00, 0x00, 0x00, 0x73, 0x00, 0x00, 0x00, 0x00, 0x00, 0x00,
    0x00, 0x01, 0xF7, 0x00, 0x00, 0x00, 0x00, 0x00, 0x00, 0x00, 0x04, 0xF1, 0x00, 0x6F, 0xEE, 0xEE,
    0xEE, 0x80, 0x00, 0x07, 0xD0, 0x00, 0x23, 0x33, 0x33, 0xCF, 0x50, 0x09, 0xAD, 0xD9, 0x99, 0x10,
    0x00, 0x1B, 0xE3, 0x00, 0x07, 0x8F, 0xA8, 0xBE, 0x00, 0x02, 0xDC, 0x20, 0x00, 0x00, 0x3F, 0x20,
    0x9B, 0x00, 0x01, 0xF4, 0x00, 0x00, 0x00, 0x7D, 0x00, 0xC8, 0x00, 0x01, 0xF4, 0x00, 0x00, 0x00,
    0xC8, 0x01, 0xF4, 0xDD, 0xDD, 0xFD, 0xCD, 0xD3, 0x02, 0xF5, 0x06, 0xE0, 0x66, 0x66, 0xF8, 0x66,
    0x62, 0x01, 0xAF, 0x8C, 0x90, 0x00, 0x01, 0xF4, 0x00, 0x00, 0x00, 0x06, 0xEF, 0x30, 0x00, 0x01,
    0xF4, 0x00, 0x00, 0x00, 0x02, 0xEF, 0xD2, 0x00, 0x01, 0xF4, 0x00, 0x00, 0x00, 0x1D, 0xB2, 0xDD,
    0x20, 0x01, 0xF4, 0x00, 0x00, 0x04, 0xDC, 0x10, 0x2D, 0x40, 0x03, 0xF4, 0x00, 0x00, 0x2F, 0xB1,
    0x00, 0x00, 0x03, 0xEF, 0xE1, 0x00, 0x00, 0x03, 0x00, 0x00, 0x00, 0x00, 0x87, 0x20, 0x00, 0x00,
    0x00, 0x05, 0x20, 0x00, 0x00, 0x00, 0x01, 0x62, 0x00, 0x00, 0x2F, 0x70, 0x01, 0x67, 0x9B, 0xDF,
    0xF9, 0x00, 0x00, 0x3F, 0x30, 0x03, 0xFA, 0x8B, 0xD2, 0x10, 0x00, 0x00, 0x5F, 0x10, 0x03, 0xF1,
    0x05, 0xE0, 0x00, 0x00, 0x6D, 0xEF, 0xCC, 0xA3, 0xFB, 0xAB, 0xFB, 0xAB, 0x80, 0x24, 0xAC, 0x3A,
    0xB3, 0xF7, 0x77, 0xDB, 0x77, 0x50, 0x00, 0xA9, 0x0A, 0x93, 0xF1, 0x21, 0x7D, 0x10, 0x00, 0x00,
    0xD6, 0x0C, 0x75, 0xFA, 0xF4, 0x1D, 0xA2, 0x91, 0x01, 0xF3, 0x0F, 0x59, 0xF9, 0x30, 0x03, 0xEE,
    0xE2, 0x04, 0xF0, 0x3F, 0x21, 0x89, 0x99, 0x99, 0xBC, 0x50, 0x05, 0xFB, 0x9E, 0x00, 0x8C, 0x66,
    0x68, 0xF4, 0x00, 0x00, 0x2B, 0xFC, 0x00, 0x7B, 0x00, 0x02, 0xF4, 0x00, 0x00, 0x04, 0xFF, 0xB1,
    0x7F, 0xFF, 0xFF, 0xF4, 0x00, 0x00, 0x2E, 0x92, 0xDC, 0x7B, 0x00, 0x02, 0xF4, 0x00, 0x02, 0xDC,
    0x10, 0x23, 0x7D, 0x88, 0x89, 0xF4, 0x00, 0x07, 0xD2, 0x00, 0x00, 0x8D, 0xAA, 0xAA, 0xF4, 0x00,
    0x00, 0x10, 0x00, 0x00, 0x67, 0x00, 0x01, 0x83, 0x00, 0x00, 0x28, 0x88, 0x88, 0x88, 0x88, 0x88,
    0x81, 0x00, 0x00, 0x2A, 0xA9, 0x99, 0x99, 0x99, 0xDF, 0xF2, 0x00, 0x00, 0x00, 0x00, 0x00, 0x00,
    0x2A, 0xF9, 0x10, 0x00, 0x00, 0x00, 0x00, 0x00, 0x18, 0xEB, 0x20, 0x00, 0x00, 0x00, 0x00, 0x00,
    0x00, 0xBE, 0x50, 0x00, 0x00, 0x00, 0x00, 0x00, 0x00, 0x00, 0xBB, 0x00, 0x00, 0x00, 0x00, 0x05,
    0x55, 0x55, 0x55, 0xCC, 0x55, 0x55, 0x55, 0x61, 0x0D, 0xCC, 0xCC, 0xCC, 0xEE, 0xCC, 0xCC, 0xCC,
    0xC1, 0x00, 0x00, 0x00, 0x00, 0xBB, 0x00, 0x00, 0x00, 0x00, 0x00, 0x00, 0x00, 0x00, 0xBB, 0x00,
    0x00, 0x00, 0x00, 0x00, 0x00, 0x00, 0x00, 0xBB, 0x00, 0x00, 0x00, 0x00, 0x00, 0x00, 0x00, 0x00,
    0xBB, 0x00, 0x00, 0x00, 0x00, 0x00, 0x00, 0x00, 0x00, 0xBB, 0x00, 0x00, 0x00, 0x00, 0x00, 0x00,
    0x00, 0x12, 0xDA, 0x00, 0x00, 0x00, 0x00, 0x00, 0x00, 0x00, 0xDF, 0xF7, 0x00, 0x00, 0x00, 0x00,
    0x00, 0x00, 0x00, 0x56, 0x30, 0x00, 0x00, 0x00, 0x00, 0x00, 0x00, 0x00, 0x03, 0x70, 0x00, 0x00,
    0x00, 0x00, 0x00, 0x00, 0x00, 0x07, 0xF5, 0x00, 0x00, 0x00, 0x00, 0x01, 0x88, 0x88, 0x88, 0xEE,
    0x88, 0x88, 0x88, 0x30, 0x02, 0xFB, 0x99, 0x99, 0x99, 0x99, 0x99, 0x9F, 0x50, 0x02, 0xF4, 0x00,
    0x00, 0x00, 0x00, 0x00, 0x0F, 0x50, 0x01, 0x92, 0x54, 0x44, 0x44, 0x44, 0x44, 0x08, 0x30, 0x00,
    0x00, 0xDE, 0xEE, 0xEE, 0xEE, 0xFF, 0x00, 0x00, 0x00, 0x00, 0x00, 0x00, 0x00, 0x4E, 0xC4, 0x00,
    0x00, 0x00, 0x00, 0x00, 0x00, 0x2A, 0xF7, 0x00, 0x00, 0x00, 0x00, 0x00, 0x00, 0x00, 0x8F, 0x30,
    0x00, 0x00, 0x00, 0x08, 0xDD, 0xDD, 0xDD, 0xEF, 0xDD, 0xDD, 0xDD, 0xE0, 0x04, 0x65, 0x55, 0x55,
    0xAF, 0x55, 0x55, 0x56, 0x70, 0x00, 0x00, 0x00, 0x00, 0x7F, 0x00, 0x00, 0x00, 0x00, 0x00, 0x00,
    0x00, 0x00, 0x7F, 0x00, 0x00, 0x00, 0x00, 0x00, 0x00, 0x00, 0x00, 0x8F, 0x00, 0x00, 0x00, 0x00,
    0x00, 0x00, 0x00, 0x8B, 0xED, 0x00, 0x00, 0x00, 0x00, 0x00, 0x00, 0x00, 0x6C, 0xA4, 0x00, 0x00,
    0x00, 0x00, 0x00, 0x00, 0x00, 0x02, 0x91, 0x00, 0x00, 0x00, 0x00, 0x00, 0x00, 0x00, 0x03, 0xFA,
    0x00, 0x00, 0x00, 0x00, 0x00, 0x11, 0x11, 0x11, 0x9A, 0x21, 0x11, 0x11, 0x00, 0x00, 0xEF, 0xFF,
    0xFF, 0xFF, 0xFF, 0xFF, 0xFF, 0x20, 0x00, 0xE9, 0x33, 0x33, 0x33, 0x33, 0x33, 0x7F, 0x20, 0x00,
    0xE8, 0x00, 0x00, 0x00, 0x4C, 0x30, 0x6F, 0x20, 0x00, 0x74, 0x00, 0x00, 0x00, 0x4F, 0x30, 0x13,
    0x00, 0x04, 0x66, 0x66, 0x66, 0x66, 0x8F, 0x76, 0x66, 0x30, 0x09, 0xED, 0xDD, 0xDD, 0xDD, 0xEF,
    0xDD, 0xDE, 0x60, 0x00, 0x00, 0x00, 0x00, 0x00, 0x4F, 0x30, 0x00, 0x00, 0x00, 0x0A, 0xA0, 0x00,
    0x00, 0x4F, 0x30, 0x00, 0x00, 0x00, 0x04, 0xF9, 0x00, 0x00, 0x4F, 0x30, 0x00, 0x00, 0x00, 0x00,
    0x6F, 0x60, 0x00, 0x4F, 0x30, 0x00, 0x00, 0x00, 0x00, 0x08, 0x40, 0x00, 0x4F, 0x30, 0x00, 0x00,
    0x00, 0x00, 0x00, 0x00, 0x00, 0x4F, 0x30, 0x00, 0x00, 0x00, 0x00, 0x00, 0x00, 0xAB, 0xDF, 0x10,
    0x00, 0x00, 0x00, 0x00, 0x00, 0x00, 0x9C, 0xA4, 0x00, 0x00, 0x00, 0x00, 0x00, 0x00, 0x02, 0xA0,
    0x00, 0x00, 0x00, 0x00, 0x00, 0x00, 0x00, 0x02, 0xE9, 0x00, 0x00, 0x00, 0x00, 0x00, 0x11, 0x11,
    0x11, 0x9C, 0x21, 0x11, 0x11, 0x00, 0x00, 0xAF, 0xFF, 0xFF, 0xFF, 0xFF, 0xFF, 0xFA, 0x00, 0x00,
    0x9C, 0x00, 0x04, 0x10, 0x00, 0x00, 0xC9, 0x00, 0x00, 0xAC, 0x00, 0x0D, 0xB0, 0x00, 0x00, 0xCA,
    0x00, 0x00, 0x11, 0x00, 0x4F, 0x30, 0x00, 0x00, 0x22, 0x00, 0x01, 0x22, 0x22, 0xCC, 0x22, 0x22,
    0x22, 0x22, 0x20, 0x09, 0xFF, 0xFF, 0xFF, 0xFF, 0xFF, 0xFF, 0xFF, 0xC0, 0x01, 0x10, 0x0B, 0xC0,
    0x00, 0x05, 0xF3, 0x01, 0x10, 0x00, 0x00, 0x5F, 0x30, 0x00, 0x0C, 0xB0, 0x00, 0x00, 0x00, 0x00,
    0xBF, 0xD9, 0x40, 0x7F, 0x30, 0x00, 0x00, 0x00, 0x00, 0x02, 0x5A, 0xEE, 0xF9, 0x00, 0x00, 0x00,
    0x00, 0x00, 0x00, 0x03, 0xBF, 0xCF, 0xC6, 0x00, 0x00, 0x00, 0x00, 0x26, 0xBF, 0xC2, 0x03, 0xAF,
    0xD6, 0x00, 0x01, 0xCE, 0xFE, 0xA3, 0x00, 0x00, 0x03, 0xCF, 0x60, 0x00, 0x78, 0x40, 0x00, 0x00,
    0x00, 0x00, 0x05, 0x00, 0x00, 0x00, 0x00, 0x00, 0x9A, 0x00, 0x00, 0x00, 0x00, 0x02, 0x33, 0x33,
    0x33, 0xBF, 0x43, 0x33, 0x33, 0x20, 0x08, 0xFF, 0xFF, 0xFF, 0xFF, 0xFF, 0xFF, 0xFF, 0xB0, 0x08,
    0xE1, 0x11, 0x86, 0x11, 0x11, 0x11, 0x1B, 0xA0, 0x08, 0xE0, 0x03, 0xFC, 0x22, 0x22, 0x22, 0x0B,
    0xB0, 0x01, 0x20, 0x2D, 0xFF, 0xFF, 0xFF, 0xFB, 0x01, 0x10, 0x00, 0x02, 0xDF, 0xB1, 0x00, 0x1B,
    0xD1, 0x00, 0x00, 0x00, 0x4E, 0xD4, 0xCD, 0x41, 0xBD, 0x20, 0x00, 0x00, 0x00, 0x07, 0x10, 0x18,
    0xFE, 0xD2, 0x00, 0x00, 0x00, 0x00, 0x00, 0x02, 0x7D, 0xFE, 0xFB, 0x73, 0x10, 0x00, 0x14, 0x7A,
    0xDF, 0xD7, 0x10, 0x5A, 0xEF, 0xFD, 0xC2, 0x1E, 0xFC, 0xCB, 0x88, 0x88, 0x88, 0x8C, 0xBB, 0xD0,
    0x04, 0x20, 0x9E, 0x99, 0x99, 0x99, 0x9F, 0x70, 0x00, 0x00, 0x00, 0x8D, 0x00, 0x00, 0x00, 0x0E,
    0x60, 0x00, 0x00, 0x00, 0x8E, 0x55, 0x55, 0x55, 0x5E, 0x60, 0x00, 0x00, 0x00, 0x9E, 0xBB, 0xBB,
    0xBB, 0xBF, 0x70, 0x00, 0x00, 0x00, 0x8A, 0x00, 0x00, 0x00, 0x0B, 0x60, 0x00, 0x00, 0x00, 0x00,
    0x01, 0x96, 0x00, 0x00, 0x00, 0x00, 0x00, 0x00, 0x00, 0x00, 0xEC, 0x00, 0x00, 0x00, 0x00, 0x07,
    0xBB, 0xBB, 0xBB, 0xEF, 0xBB, 0xBB, 0xBB, 0x60, 0x09, 0xD6, 0x66, 0x66, 0x66, 0x66, 0x66, 0x6F,
    0x70, 0x09, 0xC0, 0x00, 0x00, 0x00, 0x00, 0x00, 0x0E, 0x70, 0x09, 0xC0, 0x8F, 0xFF, 0xFF, 0xFF,
    0xFC, 0x0A, 0x50, 0x01, 0x10, 0x22, 0x3C, 0xE5, 0x22, 0x22, 0x00, 0x00, 0x00, 0x00, 0x05, 0xDF,
    0x80, 0x00, 0x07, 0xC1, 0x00, 0x00, 0x38, 0xDE, 0x77, 0xF5, 0x00, 0x8F, 0xA2, 0x00, 0x0A, 0xFE,
    0x71, 0x2C, 0xEE, 0x5C, 0xF5, 0x00, 0x00, 0x01, 0x50, 0x18, 0xE9, 0x1E, 0xF8, 0xE5, 0x00, 0x00,
    0x00, 0x28, 0xEC, 0x41, 0xAF, 0xE0, 0x9B, 0x00, 0x00, 0x09, 0xFD, 0x60, 0x4D, 0xA5, 0xF1, 0x2F,
    0x70, 0x00, 0x01, 0x50, 0x3A, 0xE6, 0x04, 0xF2, 0x07, 0xFA, 0x10, 0x01, 0x5B, 0xF9, 0x10, 0x07,
    0xF1, 0x00, 0x8F, 0xE1, 0x0B, 0xFA, 0x30, 0x09, 0xDF, 0x90, 0x00, 0x05, 0x50, 0x02, 0x30, 0x00,
    0x07, 0xA5, 0x00, 0x00, 0x00, 0x00, 0x00, 0x00, 0x00, 0x01, 0x65, 0x00, 0x00, 0x00, 0x00, 0x00,
    0x00, 0x00, 0x00, 0xDD, 0x00, 0x00, 0x00, 0x00, 0x04, 0xDD, 0xDD, 0xDD, 0xEF, 0xDD, 0xDD, 0xDD,
    0x80, 0x04, 0xF7, 0x55, 0x56, 0xB5, 0x55, 0x55, 0x5E, 0x90, 0x04, 0xF4, 0x00, 0x06, 0xF8, 0x01,
    0x50, 0x0C, 0x90, 0x00, 0x07, 0x34, 0x81, 0x7C, 0x2B, 0xF4, 0x02, 0x00, 0x00, 0x4F, 0x56, 0xF2,
    0x02, 0xCE, 0x50, 0xAD, 0x10, 0x00, 0xAE, 0x16, 0xF2, 0x6E, 0xA1, 0x11, 0x2E, 0xB0, 0x00, 0x66,
    0x06, 0xFD, 0xD5, 0x00, 0x6E, 0x45, 0x70, 0x00, 0x03, 0x8D, 0xFF, 0xBB, 0xBB, 0xFD, 0x10, 0x00,
    0x1C, 0xEF, 0xC7, 0x68, 0x88, 0x87, 0x62, 0x00, 0x00, 0x05, 0x74, 0x20, 0x00, 0x6D, 0x10, 0x00,
    0x63, 0x00, 0x00, 0x09, 0xD0, 0x00, 0x6F, 0x10, 0x01, 0xF7, 0x00, 0x00, 0x08, 0xD0, 0x00, 0x5F,
    0x10, 0x00, 0xF6, 0x00, 0x00, 0x08, 0xD0, 0x00, 0x5F, 0x10, 0x00, 0xF6, 0x00, 0x00, 0x09, 0xFF,
    0xFF, 0xFF, 0xFF, 0xFF, 0xF6, 0x00, 0x00, 0x01, 0x22, 0x22, 0x22, 0x22, 0x22, 0xF6, 0x00, 0x00,
    0x00, 0x00, 0x00, 0x00, 0x00, 0x03, 0x60, 0x00, 0x00, 0x00, 0x00, 0x00, 0x00, 0x00, 0x08, 0xF0,
    0x00, 0x00, 0x00, 0x00, 0x00, 0x00, 0x00, 0x07, 0xF0, 0x00, 0x07, 0xED, 0xDD, 0xDC, 0x00, 0x00,
    0x06, 0xF0, 0x00, 0x02, 0x44, 0x44, 0xAB, 0x45, 0x55, 0x59, 0xF5, 0x62, 0x00, 0x00, 0x00, 0xC8,
    0xAD, 0xCC, 0xCD, 0xFC, 0xC4, 0x02, 0xC2, 0x00, 0xE4, 0x00, 0x00, 0x06, 0xF0, 0x00, 0x01, 0xCD,
    0x14, 0xF1, 0x06, 0x00, 0x06, 0xF0, 0x00, 0x00, 0x1C, 0xCA, 0xB0, 0x3F, 0x50, 0x06, 0xF0, 0x00,
    0x00, 0x01, 0xDF, 0x60, 0x0A, 0xD0, 0x06, 0xF0, 0x00, 0x00, 0x00, 0x8F, 0x70, 0x03, 0xF6, 0x06,
    0xF0, 0x00, 0x00, 0x02, 0xFB, 0xF3, 0x00, 0xA5, 0x06, 0xF0, 0x00, 0x00, 0x0C, 0xB0, 0xBD, 0x10,
    0x00, 0x06, 0xF0, 0x00, 0x00, 0xAE, 0x20, 0x2F, 0x80, 0x00, 0x06, 0xF0, 0x00, 0x1A, 0xE3, 0x00,
    0x06, 0x20, 0x00, 0x07, 0xF0, 0x00, 0x1A, 0x30, 0x00, 0x00, 0x00, 0x06, 0xBE, 0xD0, 0x00, 0x00,
    0x00, 0x00, 0x00, 0x00, 0x03, 0xB8, 0x20, 0x00, 0x00, 0x00, 0x00, 0x00, 0x64, 0x00, 0x00, 0x00,
    0x00, 0x00, 0x00, 0x00, 0x00, 0xE9, 0x00, 0x00, 0x00, 0x00, 0x00, 0x00, 0x00, 0x00, 0xD9, 0x00,
    0x00, 0x00, 0x00, 0x00, 0x00, 0x36, 0x00, 0xD8, 0x01, 0x91, 0x00, 0x00, 0x00, 0x00, 0xAE, 0x20,
    0xD8, 0x04, 0xED, 0x30, 0x00, 0x00, 0x04, 0xF5, 0x00, 0xD8, 0x00, 0x2D, 0xE4, 0x00, 0x00, 0x1E,
    0x90, 0x00, 0xD8, 0x00, 0x01, 0xCF, 0x50, 0x00, 0xBD, 0x10, 0x00, 0xD8, 0x00, 0x00, 0x1C, 0x80,
    0x0A, 0xF3, 0x00, 0x00, 0xD8, 0x00, 0x01, 0x00, 0x00, 0x05, 0x60, 0x00, 0x00, 0xD9, 0x00, 0x1C,
    0x90, 0x00, 0x00, 0x00, 0x00, 0x00, 0xD9, 0x00, 0xAF, 0x60, 0x00, 0x00, 0x00, 0x00, 0x00, 0x32,
    0x1A, 0xF6, 0x00, 0x00, 0x00, 0x00, 0x00, 0x00, 0x03, 0xDF, 0x50, 0x00, 0x00, 0x00, 0x00, 0x00,
    0x03, 0x9F, 0xC3, 0x00, 0x00, 0x00, 0x00, 0x01, 0x58, 0xCF, 0xD6, 0x00, 0x00, 0x00, 0x00, 0x03,
    0xEF, 0xFE, 0xA5, 0x00, 0x00, 0x00, 0x00, 0x00, 0x00, 0x65, 0x20, 0x00, 0x00, 0x00, 0x00, 0x00,
    0x00, 0x00, 0x01, 0x81, 0x00, 0x00, 0x05, 0x70, 0x00, 0x00, 0x00, 0x01, 0xCC, 0x10, 0x00, 0x09,
    0xC0, 0x20, 0x00, 0x00, 0x00, 0x2D, 0x40, 0x00, 0x09, 0xB4, 0xF3, 0x00, 0x0D, 0xDC, 0xCC, 0xCC,
    0xDA, 0x09, 0xA0, 0xBD, 0x10, 0x04, 0x44, 0x44, 0x44, 0x43, 0x09, 0xA0, 0x2C, 0x20, 0x00, 0x66,
    0x66, 0x66, 0x45, 0x7C, 0xC6, 0x66, 0x60, 0x00, 0xEC, 0x99, 0x9D, 0x88, 0xBD, 0xDB, 0xBB, 0x90,
    0x00, 0xE6, 0x00, 0x0A, 0x80, 0x0A, 0x90, 0x00, 0x00, 0x00, 0xE6, 0x00, 0x0A, 0x80, 0x0B, 0xBD,
    0x20, 0x00, 0x00, 0xEF, 0xFF, 0xFF, 0x80, 0x0D, 0x9F, 0x10, 0x00, 0x00, 0x21, 0x2F, 0x34, 0x10,
    0x1F, 0x7F, 0x10, 0x00, 0x00, 0xAA, 0x1F, 0x5F, 0x40, 0x4F, 0x4F, 0x10, 0x00, 0x03, 0xF6, 0x1F,
    0x2A, 0xD0, 0xAB, 0x3F, 0x10, 0x00, 0x0C, 0xC0, 0x1F, 0x22, 0xC5, 0xF5, 0x3F, 0x10, 0x71, 0x19,
    0x30, 0x2F, 0x20, 0x1D, 0xB0, 0x3F, 0x12, 0xF4, 0x00, 0x0A, 0xCF, 0x11, 0xCE, 0x20, 0x1F, 0xDD,
    0xD0, 0x00, 0x08, 0x94, 0x01, 0x93, 0x00, 0x03, 0x66, 0x20, 0x00, 0x00, 0x00, 0x00, 0x35, 0x00,
    0x00, 0x00, 0x00, 0x00, 0x23, 0x00, 0x00, 0x8D, 0x00, 0x00, 0x12, 0x00, 0x00, 0x9C, 0x00, 0x00,
    0x8D, 0x00, 0x00, 0x7E, 0x00, 0x00, 0x9C, 0x00, 0x00, 0x7D, 0x00, 0x00, 0x7D, 0x00, 0x00, 0x9E,
    0xAA, 0xAA, 0xDE, 0xAA, 0xAA, 0xCD, 0x00, 0x00, 0x58, 0x88, 0x89, 0x88, 0x88, 0x88, 0x87, 0x00,
    0x00, 0x00, 0x00, 0x5F, 0x60, 0x00, 0x00, 0x00, 0x00, 0x00, 0x00, 0x01, 0xDB, 0x00, 0x00, 0x00,
    0x00, 0x00, 0x00, 0x00, 0x0B, 0xFF, 0xFF, 0xFF, 0xFF, 0xFB, 0x00, 0x00, 0x00, 0xAE, 0x54, 0x44,
    0x44, 0x47, 0xF5, 0x00, 0x00, 0x1B, 0xF4, 0x13, 0x00, 0x00, 0x0B, 0xD0, 0x00, 0x00, 0xAE, 0x40,
    0x9F, 0x70, 0x00, 0x6F, 0x50, 0x00, 0x00, 0x02, 0x00, 0x08, 0xFB, 0x16, 0xF9, 0x00, 0x00, 0x00,
    0x00, 0x00, 0x00, 0x5F, 0xEF, 0x80, 0x00, 0x00, 0x00, 0x00, 0x13, 0x69, 0xDF, 0xB3, 0x00, 0x00,
    0x00, 0x08, 0xDE, 0xFF, 0xFC, 0x72, 0x00, 0x00, 0x00, 0x00, 0x02, 0x97, 0x53, 0x00, 0x00, 0x00,
    0x00, 0x00, 0x00, 0x00, 0x00, 0x00, 0x04, 0x80, 0x00, 0x00, 0x00, 0x00, 0x00, 0x00, 0x00, 0x05,
    0xF6, 0x00, 0x00, 0x00, 0x00, 0x00, 0x00, 0x00, 0x00, 0x9A, 0x00, 0x00, 0x00, 0x00, 0x1D, 0xDD,
    0xCC, 0xCC, 0xCC, 0xCC, 0xCC, 0xCD, 0xD0, 0x18, 0x77, 0x77, 0x77, 0xDD, 0x77, 0x77, 0x77, 0x80,
    0x00, 0x00, 0x00, 0x00, 0xCB, 0x00, 0x00, 0x00, 0x00, 0x00, 0x12, 0x22, 0x22, 0xCB, 0x22, 0x22,
    0x20, 0x00, 0x00, 0x3F, 0xFF, 0xFF, 0xFF, 0xFF, 0xFF, 0xF2, 0x00, 0x00, 0x3F, 0x62, 0x22, 0xCB,
    0x22, 0x27, 0xF1, 0x00, 0x00, 0x3F, 0x40, 0x00, 0xCB, 0x00, 0x06, 0xF1, 0x00, 0x00, 0x3F, 0x40,
    0x00, 0xCB, 0x00, 0x06, 0xF1, 0x00, 0x00, 0x3F, 0x40, 0x00, 0xCB, 0x00, 0x06, 0xF1, 0x00, 0x00,
    0x3F, 0x40, 0x00, 0xCB, 0x00, 0x07, 0xF1, 0x00, 0x00, 0x3F, 0x40, 0x00, 0xCB, 0x05, 0xAD, 0xE0,
    0x00, 0x00, 0x3F, 0x40, 0x00, 0xCB, 0x03, 0xFB, 0x40, 0x00, 0x00, 0x00, 0x00, 0x00, 0xCB, 0x00,
    0x00, 0x00, 0x00, 0x00, 0x00, 0x00, 0x00, 0x98, 0x00, 0x00, 0x00, 0x00, 0x00, 0x00, 0x57, 0x00,
    0x66, 0x00, 0x64, 0x00, 0x00, 0x00, 0x00, 0x8C, 0x00, 0xAB, 0x00, 0xC8, 0x00, 0x00, 0x08, 0x99,
    0xCE, 0x99, 0xDD, 0x99, 0xEC, 0x99, 0x70, 0x09, 0xA9, 0xCE, 0x99, 0xDD, 0x99, 0xEC, 0x9A, 0x80,
    0x00, 0x00, 0x8C, 0x00, 0xAB, 0x00, 0xC8, 0x00, 0x00, 0x00, 0x00, 0x57, 0x00, 0x55, 0x00, 0x54,
    0x00, 0x00, 0x08, 0xBB, 0xBB, 0xBB, 0xBB, 0xBB, 0xBB, 0xBB, 0x70, 0x0A, 0xC7, 0x77, 0x77, 0x88,
    0x77, 0x77, 0x7C, 0xA0, 0x0A, 0x90, 0x00, 0x00, 0xCA, 0x00, 0x00, 0x09, 0xA0, 0x06, 0x53, 0x44,
    0x44, 0xDB, 0x44, 0x44, 0x35, 0x50, 0x00, 0x0B, 0xFE, 0xEE, 0xFF, 0xEE, 0xEF, 0xA0, 0x00, 0x00,
    0x0B, 0xB0, 0x00, 0xCA, 0x00, 0x0C, 0xA0, 0x00, 0x00, 0x0A, 0xB0, 0x00, 0xCA, 0x00, 0x0C, 0x90,
    0x00, 0x00, 0x0B, 0xB0, 0x00, 0xCA, 0x00, 0x0C, 0x90, 0x00, 0x00, 0x0B, 0xB0, 0x00, 0xCA, 0x06,
    0xBF, 0x70, 0x00, 0x00, 0x04, 0x40, 0x00, 0xCA, 0x04, 0xB8, 0x10, 0x00, 0x00, 0x00, 0x00, 0x00,
    0x86, 0x00, 0x00, 0x00, 0x00, 0x00, 0x59, 0x99, 0x99, 0x99, 0x99, 0x99, 0x93, 0x00, 0x00, 0x5A,
    0xA9, 0x99, 0xDE, 0x99, 0x9A, 0xA3, 0x00, 0x00, 0x01, 0x10, 0x00, 0xBC, 0x00, 0x03, 0x30, 0x00,
    0x00, 0x0C, 0xB0, 0x00, 0xBC, 0x00, 0x0C, 0xE1, 0x00, 0x00, 0x04, 0xF9, 0x00, 0xBC, 0x00, 0x6F,
    0x50, 0x00, 0x00, 0x00, 0x8F, 0x50, 0xBC, 0x02, 0xEA, 0x00, 0x00, 0x00, 0x00, 0x1E, 0x80, 0xBC,
    0x0B, 0xE1, 0x00, 0x00, 0x00, 0x00, 0x02, 0x00, 0xBC, 0x01, 0x30, 0x00, 0x00, 0x0B, 0xBB, 0xBB,
    0xBB, 0xEE, 0xBB, 0xBB, 0xBB, 0xB0, 0x08, 0x88, 0x88, 0x88, 0xDD, 0x88, 0x88, 0x88, 0x80, 0x00,
    0x00, 0x00, 0x00, 0xBC, 0x00, 0x00, 0x00, 0x00, 0x00, 0x00, 0x00, 0x00, 0xBC, 0x00, 0x00, 0x00,
    0x00, 0x00, 0x00, 0x00, 0x00, 0xBC, 0x00, 0x00, 0x00, 0x00, 0x00, 0x00, 0x00, 0x00, 0xBC, 0x00,
    0x00, 0x00, 0x00, 0x00, 0x00, 0x00, 0x00, 0xBC, 0x00, 0x00, 0x00, 0x00, 0x00, 0x00, 0x00, 0x00,
    0x89, 0x00, 0x00, 0x00, 0x00, 0x00, 0x00, 0x09, 0x71, 0x00, 0x00, 0x00, 0x00, 0x00, 0x00, 0x00,
    0x3F, 0xB0, 0x00, 0x00, 0x00, 0x00, 0x00, 0x00, 0x00, 0xBF, 0x53, 0x33, 0x33, 0x33, 0x33, 0x10,
    0x00, 0x05, 0xFE, 0xDD, 0xDF, 0xFD, 0xDE, 0xEE, 0x20, 0x00, 0x2E, 0xC0, 0x00, 0x0B, 0xA0, 0x00,
    0x00, 0x00, 0x01, 0xCF, 0x30, 0x00, 0x0B, 0xA0, 0x00, 0x00, 0x00, 0x0A, 0xF6, 0x34, 0x44, 0x4C,
    0xB4, 0x44, 0x42, 0x00, 0x00, 0x50, 0xEE, 0xCC, 0xCE, 0xED, 0xDD, 0xD5, 0x00, 0x00, 0x00, 0xE6,
    0x00, 0x0B, 0xA0, 0x00, 0x00, 0x00, 0x00, 0x00, 0xE6, 0x00, 0x0B, 0xA0, 0x00, 0x00, 0x00, 0x00,
    0x00, 0xE6, 0x00, 0x0B, 0xA0, 0x00, 0x00, 0x00, 0x3E, 0xED, 0xFE, 0xDD, 0xDF, 0xED, 0xDD, 0xDE,
    0xE2, 0x14, 0x33, 0x33, 0x33, 0x3C, 0xB3, 0x33, 0x33, 0x31, 0x00, 0x00, 0x00, 0x00, 0x0B, 0xA0,
    0x00, 0x00, 0x00, 0x00, 0x00, 0x00, 0x00, 0x0B, 0xA0, 0x00, 0x00, 0x00, 0x00, 0x00, 0x00, 0x00,
    0x0B, 0xB0, 0x00, 0x00, 0x00, 0x00, 0x00, 0x00, 0x00, 0x09, 0x90, 0x00, 0x00, 0x00, 0x00, 0xAC,
    0xCC, 0xCC, 0xCC, 0xCC, 0xCC, 0xCD, 0x10, 0x00, 0x68, 0x77, 0xEC, 0x77, 0x7E, 0xC7, 0x88, 0x10,
    0x00, 0x00, 0x00, 0xCA, 0x00, 0x0C, 0xA0, 0x00, 0x00, 0x00, 0x00, 0x00, 0xCA, 0x00, 0x0C, 0xA0,
    0x00, 0x00, 0x00, 0x00, 0x00, 0xCA, 0x00, 0x0C, 0xA0, 0x00, 0x00, 0x00, 0x00, 0x00, 0xCA, 0x00,
    0x0C, 0xA0, 0x00, 0x00, 0x06, 0x55, 0x55, 0xDC, 0x55, 0x5D, 0xB5, 0x55, 0x60, 0x0F, 0xFE, 0xDD,
    0xFE, 0xDD, 0xDF, 0xED, 0xEE, 0xF0, 0x01, 0x00, 0x00, 0xF8, 0x00, 0x0C, 0xA0, 0x00, 0x00, 0x00,
    0x00, 0x03, 0xF4, 0x00, 0x0C, 0xA0, 0x00, 0x00, 0x00, 0x00, 0x09, 0xF1, 0x00, 0x0C, 0xA0, 0x00,
    0x00, 0x00, 0x00, 0x2F, 0xA0, 0x00, 0x0C, 0xA0, 0x00, 0x00, 0x00, 0x01, 0xDE, 0x20, 0x00, 0x0C,
    0xA0, 0x00, 0x00, 0x00, 0x2D, 0xF6, 0x00, 0x00, 0x0D, 0xA0, 0x00, 0x00, 0x03, 0xEF, 0x60, 0x00,
    0x00, 0x0D, 0xB0, 0x00, 0x00, 0x00, 0x24, 0x00, 0x00, 0x00, 0x08, 0x70, 0x00, 0x00, 0x00, 0x22,
    0x22, 0x22, 0x22, 0x00, 0x00, 0x41, 0x00, 0x00, 0xCE, 0xDD, 0xDD, 0xDE, 0x00, 0x01, 0xEB, 0x00,
    0x00, 0xCA, 0x55, 0x55, 0x8E, 0x00, 0x0B, 0xC1, 0x00, 0x00, 0xCD, 0xBB, 0xBB, 0xDD, 0x00, 0x9D,
    0x20, 0x00, 0x00, 0xCB, 0x66, 0x66, 0x9E, 0x1A, 0xE3, 0x00, 0x00, 0x00, 0x8A, 0xAA, 0xBA, 0xA9,
    0x18, 0x20, 0x08, 0x10, 0x02, 0x21, 0x1B, 0xC1, 0x12, 0x21, 0x00, 0x7F, 0x50, 0x3F, 0xFF, 0xFF,
    0xFF, 0xFF, 0xF6, 0x04, 0xF6, 0x00, 0x00, 0x34, 0x44, 0x44, 0x44, 0x00, 0x3E, 0x80, 0x00, 0x00,
    0xCE, 0xCC, 0xCC, 0xDE, 0x06, 0xE8, 0x00, 0x00, 0x00, 0xC9, 0x22, 0x22, 0x7D, 0x1A, 0x60, 0x02,
    0x80, 0x00, 0xBE, 0xEE, 0xFE, 0xED, 0x00, 0x00, 0x1C, 0xD1, 0x00, 0x01, 0x07, 0xF0, 0x20, 0x00,
    0x01, 0xCE, 0x30, 0x00, 0x8D, 0x17, 0xF1, 0xE7, 0x00, 0x2D, 0xD2, 0x00, 0x08, 0xE4, 0x07, 0xE0,
    0x5C, 0x06, 0xEC, 0x20, 0x00, 0x0A, 0x30, 0x9F, 0xC0, 0x02, 0xCF, 0x80, 0x00, 0x00, 0x00, 0x00,
    0x57, 0x10, 0x00, 0x93, 0x00, 0x00, 0x00, 0x00, 0x00, 0x35, 0x00, 0x00, 0x69, 0x00, 0x00, 0x00,
    0x00, 0x00, 0xCD, 0x10, 0x00, 0x8D, 0x00, 0x00, 0x00, 0x00, 0x09, 0xE3, 0x01, 0x11, 0x8C, 0x01,
    0x11, 0x00, 0x00, 0x7F, 0x40, 0x0F, 0xFF, 0xFF, 0xFF, 0xF8, 0x00, 0x07, 0xF6, 0x06, 0x02, 0x22,
    0x8C, 0x11, 0x21, 0x00, 0x05, 0x70, 0x5F, 0x50, 0x00, 0x8C, 0x00, 0x00, 0x00, 0x00, 0x01, 0xEA,
    0x79, 0x99, 0xCE, 0x99, 0x99, 0x91, 0x00, 0x0B, 0xE1, 0x7A, 0x98, 0x88, 0x8F, 0xB9, 0x91, 0x00,
    0x8F, 0xD0, 0x00, 0x00, 0x00, 0x0F, 0x50, 0x00, 0x08, 0xFB, 0xD0, 0x78, 0x77, 0x77, 0x7F, 0xA8,
    0x70, 0x1D, 0x57, 0xD0, 0x9B, 0xBB, 0xBB, 0xBF, 0xCB, 0xA0, 0x01, 0x07, 0xD0, 0x01, 0x92, 0x00,
    0x0F, 0x50, 0x00, 0x00, 0x07, 0xD0, 0x02, 0xEC, 0x00, 0x0F, 0x50, 0x00, 0x00, 0x07, 0xD0, 0x00,
    0x6F, 0x40, 0x0F, 0x50, 0x00, 0x00, 0x07, 0xD0, 0x00, 0x03, 0x02, 0x5F, 0x50, 0x00, 0x00, 0x08,
    0xD0, 0x00, 0x00, 0x0C, 0xFE, 0x20, 0x00, 0x00, 0x06, 0x90, 0x00, 0x00, 0x04, 0x51, 0x00, 0x00,
    0x00, 0x00, 0x03, 0x00, 0x00, 0x00, 0x00, 0x00, 0x00, 0x00, 0x00, 0x8E, 0x44, 0xCC, 0xCC, 0xCC,
    0xC5, 0x00, 0x00, 0x09, 0xF8, 0x04, 0xF7, 0x66, 0x66, 0xF5, 0x00, 0x03, 0xCE, 0x50, 0x04, 0xF1,
    0x00, 0x00, 0xF5, 0x00, 0x0B, 0xD3, 0x03, 0x04, 0xF9, 0x88, 0x88, 0xF5, 0x00, 0x01, 0x10, 0x2E,
    0x94, 0xFA, 0xAA, 0xAA, 0xF5, 0x00, 0x00, 0x01, 0xCD, 0x24, 0xF1, 0x00, 0x00, 0xF5, 0x00, 0x00,
    0x0B, 0xF3, 0x04, 0xF7, 0x66, 0x66, 0xF5, 0x00, 0x01, 0xBF, 0xE0, 0x04, 0xFC, 0xDF, 0xCC, 0xC5,
    0x00, 0x2D, 0xE8, 0xE0, 0x04, 0xF1, 0x3E, 0x00, 0x18, 0x00, 0x08, 0x25, 0xE0, 0x04, 0xF1, 0x0E,
    0x42, 0xDE, 0x30, 0x00, 0x05, 0xE0, 0x04, 0xF1, 0x09, 0xCE, 0xB1, 0x00, 0x00, 0x05, 0xE0, 0x04,
    0xF1, 0x02, 0xFA, 0x00, 0x00, 0x00, 0x05, 0xE0, 0x04, 0xF1, 0x22, 0x8E, 0x40, 0x00, 0x00, 0x05,
    0xE0, 0x05, 0xF9, 0xF6, 0x0A, 0xF9, 0x20, 0x00, 0x06, 0xF0, 0x08, 0xFD, 0x50, 0x00, 0x7F, 0xD1,
    0x00, 0x04, 0xA0, 0x01, 0x70, 0x00, 0x00, 0x02, 0x30, 0x00, 0x00, 0x00, 0x02, 0x80, 0x00, 0x00,
    0x00, 0x00, 0x00, 0x00, 0x00, 0x06, 0xF6, 0x00, 0x00, 0x00, 0x00, 0x00, 0x00, 0x00, 0x00, 0xCE,
    0x20, 0x00, 0x00, 0x00, 0x00, 0x00, 0x00, 0x00, 0x3F, 0xB0, 0x00, 0x00, 0x00, 0x00, 0x00, 0x00,
    0x00, 0x08, 0x40, 0x00, 0x00, 0x00, 0x00, 0x00, 0x01, 0xA6, 0x00, 0x00, 0x00, 0x10, 0x00, 0x00,
    0xAC, 0x01, 0xF8, 0x00, 0x00, 0x0A, 0xC0, 0x00, 0x00, 0xDC, 0x00, 0xF8, 0x00, 0x00, 0x05, 0xF8,
    0x00, 0x01, 0xF9, 0x00, 0xF8, 0x00, 0x00, 0x00, 0xAF, 0x30, 0x04, 0xF6, 0x00, 0xF8, 0x00, 0x00,
    0x00, 0x2E, 0xD1, 0x08, 0xF3, 0x00, 0xF8, 0x00, 0x00, 0x00, 0x08, 0xB2, 0x0C, 0xE0, 0x00, 0xF8,
    0x00, 0x00, 0x00, 0x00, 0x00, 0x09, 0x90, 0x00, 0xF8, 0x00, 0x00, 0x06, 0x00, 0x00, 0x00, 0x00,
    0x00, 0xF8, 0x00, 0x00, 0x1F, 0x90, 0x00, 0x00, 0x00, 0x00, 0xFC, 0x43, 0x33, 0x8F, 0x50, 0x00,
    0x00, 0x00, 0x00, 0xBF, 0xFF, 0xFF, 0xFD, 0x00, 0x00, 0x00, 0x00, 0x00, 0x03, 0x33, 0x33, 0x31,
    0x00, 0x00, 0x00, 0x05, 0x80, 0x00, 0x00, 0x18, 0x00, 0x00, 0x00, 0x00, 0x08, 0xD0, 0x00, 0x00,
    0x4F, 0x90, 0x00, 0x00, 0x00, 0x07, 0xD0, 0x00, 0x00, 0x08, 0xF4, 0x00, 0x00, 0x00, 0x07, 0xD1,
    0x10, 0x00, 0x01, 0x81, 0x00, 0x00, 0x03, 0x98, 0xDC, 0x8A, 0xCC, 0xCC, 0xCC, 0xCC, 0xC0, 0x07,
    0xE7, 0xD6, 0xE8, 0x9F, 0xA8, 0x88, 0x88, 0x80, 0x0A, 0xA7, 0xD1, 0xF6, 0x2F, 0x40, 0x00, 0x00,
    0x00, 0x0E, 0x67, 0xD0, 0x51, 0x2F, 0x40, 0x00, 0x00, 0x00, 0x3F, 0x37, 0xD0, 0x00, 0x2F, 0x40,
    0x00, 0x00, 0x00, 0x04, 0x07, 0xD0, 0x00, 0x2F, 0x40, 0x00, 0x00, 0x00, 0x00, 0x07, 0xD0, 0x00,
    0x2F, 0x40, 0x00, 0x00, 0x00, 0x00, 0x07, 0xD0, 0x00, 0x2F, 0x40, 0x00, 0x00, 0x00, 0x00, 0x07,
    0xD0, 0x00, 0x2F, 0x40, 0x00, 0x00, 0x00, 0x00, 0x07, 0xD0, 0x00, 0x2F, 0x40, 0x00, 0x00, 0x00,
    0x00, 0x08, 0xD0, 0x00, 0x3F, 0xDD, 0xDD, 0xDD, 0x60, 0x00, 0x08, 0xD0, 0x00, 0x16, 0x66, 0x66,
    0x77, 0x30, 0x00, 0x03, 0x60, 0x00, 0x00, 0x00, 0x00, 0x00, 0x00, 0x00, 0x08, 0x70, 0x00, 0x00,
    0x09, 0x60, 0x00, 0x00, 0x00, 0x0A, 0xA0, 0x05, 0x54, 0x4D, 0xA4, 0x55, 0x40, 0x00, 0x0A, 0xA0,
    0x0C, 0xCC, 0xCE, 0xDC, 0xCC, 0x80, 0x01, 0x19, 0xA4, 0x23, 0x44, 0x4D, 0xA4, 0x45, 0x10, 0x07,
    0xD9, 0xAC, 0x78, 0xDC, 0xCE, 0xEC, 0xCD, 0x20, 0x09, 0xA9, 0xA9, 0xB2, 0x11, 0x1C, 0x81, 0x11,
    0x21, 0x0C, 0x79, 0xA1, 0x5F, 0xFF, 0xFF, 0xFF, 0xFF, 0xF4, 0x1F, 0x49, 0xA0, 0x01, 0x22, 0x22,
    0x22, 0x21, 0x00, 0x17, 0x19, 0xA0, 0x04, 0xFE, 0xEE, 0xEE, 0xFB, 0x00, 0x00, 0x09, 0xA0, 0x03,
    0xF1, 0x00, 0x00, 0x9B, 0x00, 0x00, 0x09, 0xA0, 0x03, 0xFC, 0xCC, 0xCC, 0xEA, 0x00, 0x00, 0x09,
    0xA0, 0x03, 0xF5, 0x44, 0x44, 0xAA, 0x00, 0x00, 0x09, 0xA0, 0x03, 0xF7, 0x66, 0x66, 0xBA, 0x00,
    0x00, 0x09, 0xA0, 0x03, 0xFA, 0xAA, 0xAA, 0xDA, 0x00, 0x00, 0x0A, 0xA0, 0x03, 0xF1, 0x00, 0x00,
    0x8A, 0x00, 0x00, 0x0B, 0xA0, 0x03, 0xF1, 0x00, 0x06, 0xDA, 0x00, 0x00, 0x08, 0x70, 0x03, 0xC1,
    0x00, 0x04, 0x92, 0x00, 0x00, 0x01, 0xB4, 0x00, 0x00, 0x00, 0x00, 0x00, 0x00, 0x00, 0x00, 0xF5,
    0x00, 0x7F, 0xFF, 0xFF, 0xFD, 0x00, 0x02, 0x33, 0xF7, 0x32, 0x7E, 0x22, 0x22, 0x9D, 0x00, 0x0A,
    0xDD, 0xFD, 0xD6, 0x7E, 0x33, 0x33, 0x9D, 0x00, 0x00, 0x08, 0xF5, 0x00, 0x6F, 0xDD, 0xDD, 0xED,
    0x00, 0x00, 0x1E, 0xF6, 0x91, 0x6E, 0x00, 0x00, 0x8C, 0x00, 0x00, 0x9E, 0xF6, 0xDA, 0x6F, 0x99,
    0x99, 0xCD, 0x00, 0x04, 0xF5, 0xF5, 0x4C, 0x7E, 0x77, 0x77, 0xBD, 0x00, 0x2E, 0xA0, 0xF6, 0x00,
    0x7E, 0x00, 0x00, 0x8D, 0x00, 0x04, 0x11, 0xF6, 0x00, 0x7F, 0xEE, 0xEE, 0xED, 0x00, 0x00, 0x00,
    0x21, 0x00, 0x11, 0x11, 0x11, 0x11, 0x00, 0x00, 0x04, 0x01, 0x72, 0x1C, 0x30, 0x01, 0x80, 0x00,
    0x00, 0x4F, 0x42, 0xF4, 0x0C, 0xC0, 0x05, 0xF9, 0x00, 0x00, 0x8E, 0x02, 0xF4, 0x04, 0x91, 0x20,
    0x7F, 0x60, 0x00, 0xDA, 0x01, 0xF4, 0x00, 0x00, 0x8E, 0x1B, 0xE1, 0x04, 0xF5, 0x00, 0xEE, 0xBB,
    0xBB, 0xE9, 0x02, 0x30, 0x00, 0x30, 0x00, 0x25, 0x55, 0x55, 0x40, 0x00, 0x00, 0x00, 0x00, 0x00,
    0x00, 0x69, 0x00, 0x00, 0x00, 0x00, 0x00, 0x10, 0x00, 0x00, 0x7F, 0x10, 0x00, 0x01, 0x00, 0x04,
    0xFF, 0xFF, 0xFF, 0xFF, 0xFF, 0xFF, 0xFD, 0x00, 0x00, 0x11, 0x16, 0xB1, 0x11, 0x1A, 0x71, 0x11,
    0x00, 0x04, 0x33, 0x36, 0xD4, 0x33, 0x4F, 0x73, 0x33, 0x40, 0x1E, 0xDD, 0xDD, 0xDD, 0xDD, 0xDD,
    0xDD, 0xDD, 0xE1, 0x00, 0x01, 0x22, 0x22, 0x22, 0x22, 0x22, 0x10, 0x00, 0x00, 0x09, 0xFC, 0xCC,
    0xCC, 0xCC, 0xCF, 0x80, 0x00, 0x00, 0x09, 0xD1, 0x11, 0x11, 0x11, 0x1E, 0x80, 0x00, 0x00, 0x08,
    0xFF, 0xFF, 0xFF, 0xFF, 0xFF, 0x70, 0x00, 0x00, 0x09, 0xD0, 0x00, 0x00, 0x00, 0x0E, 0x80, 0x00,
    0x00, 0x09, 0xFF, 0xFF, 0xFF, 0xFF, 0xFF, 0x80, 0x00, 0x00, 0x00, 0x11, 0x11, 0x47, 0x11, 0x11,
    0x12, 0x00, 0x00, 0xD5, 0x0F, 0x80, 0x7F, 0x40, 0x10, 0xAC, 0x10, 0x05, 0xF2, 0x0E, 0x70, 0x08,
    0x22, 0xE4, 0x2E, 0xA0, 0x0C, 0xA0, 0x0D, 0xDA, 0xAA, 0xAC, 0xF2, 0x04, 0xB1, 0x04, 0x30, 0x03,
    0x66, 0x66, 0x66, 0x30, 0x00, 0x00, 0x00, 0x00, 0x00, 0x00, 0x01, 0x62, 0x00, 0x00, 0x00, 0x00,
    0x00, 0x00, 0x39, 0x42, 0xF5, 0x15, 0x00, 0x00, 0x02, 0x57, 0xAE, 0xFD, 0x72, 0xF4, 0x6F, 0x70,
    0x00, 0x04, 0xEC, 0x9F, 0x40, 0x01, 0xF4, 0x07, 0xF7, 0x00, 0x00, 0x00, 0x1F, 0x40, 0x01, 0xF4,
    0x00, 0x83, 0x00, 0x03, 0x43, 0x4F, 0x63, 0x34, 0xF6, 0x33, 0x34, 0x30, 0x0D, 0xEE, 0xEF, 0xEE,
    0xEE, 0xFE, 0xEE, 0xEE, 0xD0, 0x00, 0x00, 0x1F, 0x40, 0x00, 0xE6, 0x00, 0x20, 0x00, 0x00, 0x00,
    0x1F, 0x40, 0x00, 0xD7, 0x00, 0x9D, 0x10, 0x00, 0x00, 0x1F, 0x9A, 0xB0, 0xB9, 0x02, 0xF8, 0x00,
    0x06, 0x9C, 0xEF, 0xD9, 0x50, 0x8C, 0x0B, 0xC0, 0x00, 0x0B, 0xEA, 0x7F, 0x40, 0x00, 0x4F, 0x9F,
    0x30, 0x00, 0x01, 0x00, 0x1F, 0x40, 0x00, 0x0E, 0xF5, 0x00, 0x00, 0x00, 0x00, 0x1F, 0x40, 0x02,
    0xCF, 0xF4, 0x02, 0x70, 0x00, 0x00, 0x3F, 0x42, 0x9F, 0xD3, 0xAE, 0x45, 0xF3, 0x00, 0x2C, 0xEE,
    0x18, 0xF8, 0x00, 0x1B, 0xFE, 0xC0, 0x00, 0x09, 0x82, 0x00, 0x20, 0x00, 0x00, 0x6A, 0x30, 0x00,
    0x00, 0x00, 0x00, 0x59, 0x00, 0x00, 0x00, 0x00, 0x00, 0x00, 0x00, 0x00, 0x6F, 0x30, 0x00, 0x00,
    0x00, 0x00, 0x00, 0x00, 0x00, 0x0E, 0x90, 0x00, 0x00, 0x00, 0x00, 0x03, 0x66, 0x66, 0x68, 0x66,
    0x66, 0x66, 0x10, 0x00, 0x08, 0xFD, 0xDD, 0xDD, 0xDD, 0xDD, 0xEF, 0x30, 0x00, 0x08, 0xD0, 0x00,
    0x00, 0x00, 0x00, 0x6F, 0x30, 0x00, 0x08, 0xD0, 0x00, 0x00, 0x00, 0x00, 0x6F, 0x30, 0x00, 0x07,
    0xD0, 0x00, 0x00, 0x00, 0x00, 0x6F, 0x30, 0x00, 0x08, 0xE8, 0x88, 0x88, 0x88, 0x88, 0xBF, 0x30,
    0x00, 0x09, 0xFB, 0xBB, 0xBB, 0xBB, 0xBB, 0xCF, 0x30, 0x00, 0x0A, 0xC0, 0x00, 0x00, 0x00, 0x00,
    0x3C, 0x30, 0x00, 0x0D, 0xA0, 0x00, 0x00, 0x00, 0x00, 0x00, 0x00, 0x00, 0x2F, 0x60, 0x00, 0x00,
    0x00, 0x00, 0x00, 0x00, 0x00, 0x8E, 0x10, 0x00, 0x00, 0x00, 0x00, 0x00, 0x00, 0x03, 0xF9, 0x00,
    0x00, 0x00, 0x00, 0x00, 0x00, 0x00, 0x1D, 0xE2, 0x00, 0x00, 0x00, 0x00, 0x00, 0x00, 0x00, 0x04,
    0x50, 0x00, 0x00, 0x00, 0x00, 0x00, 0x00, 0x00, 0x00, 0x00, 0x00, 0x00, 0x00, 0x00, 0x00, 0x00,
    0x00, 0x00, 0x00, 0x00, 0x00, 0x12, 0x46, 0x8B, 0xD0, 0x00, 0x00, 0x6D, 0xDE, 0xEF, 0xFF, 0xFE,
    0xCB, 0xA3, 0x00, 0x00, 0x17, 0x65, 0x44, 0x9F, 0x00, 0x00, 0x00, 0x00, 0x00, 0x00, 0x00, 0x00,
    0x7F, 0x00, 0x00, 0x00, 0x00, 0x00, 0x13, 0x22, 0x22, 0x8F, 0x22, 0x22, 0x32, 0x00, 0x00, 0x3F,
    0xFF, 0xFF, 0xFF, 0xFF, 0xFF, 0xF8, 0x00, 0x00, 0x02, 0x11, 0x11, 0x8F, 0x11, 0x11, 0x11, 0x00,
    0x00, 0x00, 0x00, 0x00, 0x7F, 0x00, 0x00, 0x00, 0x00, 0x06, 0x65, 0x55, 0x55, 0xAF, 0x55, 0x55,
    0x55, 0x61, 0x0D, 0xDD, 0xDD, 0xDD, 0xEF, 0xDD, 0xDD, 0xDD, 0xE2, 0x00, 0x00, 0x00, 0x00, 0x7F,
    0x00, 0x00, 0x00, 0x00, 0x00, 0x00, 0x00, 0x00, 0x7F, 0x00, 0x00, 0x00, 0x00, 0x00, 0x00, 0x00,
    0x00, 0x7F, 0x00, 0x00, 0x00, 0x00, 0x00, 0x00, 0x00, 0x00, 0xAF, 0x00, 0x00, 0x00, 0x00, 0x00,
    0x00, 0x00, 0x8F, 0xFC, 0x00, 0x00, 0x00, 0x00, 0x00, 0x00, 0x00, 0x39, 0x61, 0x00, 0x00, 0x00,
    0x00, 0x00, 0x06, 0x70, 0x00, 0x00, 0x00, 0x00, 0x02, 0x00, 0x00, 0x0B, 0xB0, 0x00, 0x00, 0x13,
    0x59, 0xDE, 0x20, 0x00, 0x0B, 0xB0, 0x09, 0xDF, 0xFF, 0xEF, 0xD8, 0x40, 0x00, 0x0B, 0xB0, 0x0B,
    0xB4, 0xAB, 0x0C, 0x80, 0x00, 0x27, 0x6C, 0xD6, 0x4A, 0xA0, 0x9B, 0x0C, 0x80, 0x00, 0x3B, 0xBE,
    0xEB, 0x6A, 0xA0, 0x9B, 0x0C, 0x80, 0x00, 0x00, 0x0A, 0xB0, 0x0A, 0xA0, 0x9B, 0x0B, 0x90, 0x00,
    0x00, 0x0A, 0xB0, 0x1A, 0xA0, 0x9B, 0x0B, 0x90, 0x00, 0x00, 0x0B, 0xEE, 0x6A, 0xA0, 0x9B, 0x0A,
    0xA0, 0x00, 0x29, 0xDF, 0xD5, 0x0B, 0x90, 0x9B, 0x08, 0xB0, 0x00, 0x1E, 0x9C, 0xB0, 0x0C, 0x80,
    0x9B, 0x05, 0xE0, 0x00, 0x01, 0x0A, 0xB0, 0x0E, 0x60, 0x9B, 0x02, 0xF4, 0x00, 0x00, 0x0A, 0xB0,
    0x4F, 0x40, 0x9B, 0x00, 0xC9, 0x00, 0x00, 0x0A, 0xB0, 0x9F, 0x10, 0x9C, 0x00, 0x6F, 0x30, 0x00,
    0x0C, 0xB1, 0xEA, 0x00, 0x9C, 0x00, 0x0D, 0xD1, 0x03, 0xFF, 0x89, 0xF4, 0x00, 0xAD, 0x00, 0x04,
    0xB0, 0x00, 0x85, 0x01, 0x80, 0x00, 0x45, 0x00, 0x00, 0x10, 0x00, 0x06, 0x70, 0x00, 0x04, 0x30,
    0x00, 0x00, 0x00, 0x00, 0x09, 0xA0, 0x00, 0x0C, 0xB0, 0x00, 0x00, 0x00, 0x00, 0x08, 0xA0, 0x00,
    0x5F, 0xA8, 0x88, 0x60, 0x00, 0x00, 0x08, 0xA0, 0x01, 0xEA, 0x77, 0xAF, 0x40, 0x00, 0x2B, 0xAD,
    0xDB, 0x6B, 0xC0, 0x00, 0xC9, 0x00, 0x00, 0x16, 0x6B, 0xC6, 0xBF, 0x75, 0x58, 0xF6, 0x54, 0x00,
    0x00, 0x08, 0xA0, 0x1A, 0xEB, 0xBF, 0xCB, 0xDB, 0x00, 0x00, 0x08, 0xA2, 0x17, 0xB0, 0x0F, 0x40,
    0x7B, 0x00, 0x00, 0x08, 0xDE, 0x47, 0xB0, 0x1F, 0x40, 0x7B, 0x00, 0x03, 0x9F, 0xD3, 0x07, 0xB0,
    0x2F, 0x30, 0x7B, 0x00, 0x1E, 0xBB, 0xA1, 0xAC, 0xEA, 0xAF, 0xBA, 0xCE, 0xA3, 0x02, 0x08, 0xA1,
    0x76, 0x66, 0xBF, 0xD6, 0x66, 0x72, 0x00, 0x08, 0xA0, 0x00, 0x01, 0xE9, 0xF4, 0x00, 0x00, 0x00,
    0x08, 0xA0, 0x00, 0x1C, 0xD1, 0x7E, 0x30, 0x00, 0x00, 0x08, 0xA0, 0x05, 0xED, 0x20, 0x0A, 0xE6,
    0x00, 0x04, 0xCE, 0x73, 0xDF, 0x91, 0x00, 0x00, 0x9F, 0xD1, 0x00, 0x96, 0x00, 0x83, 0x00, 0x00,
    0x00, 0x05, 0x50, 0x00, 0x06, 0x50, 0x00, 0x0A, 0x40, 0x0B, 0x40, 0x00, 0x00, 0x0C, 0x90, 0x00,
    0x0E, 0x50, 0x0F, 0x50, 0x00, 0x00, 0x0C, 0x90, 0x01, 0x0E, 0x50, 0x0F, 0x50, 0x10, 0x00, 0x0C,
    0x90, 0x6F, 0xFF, 0xFF, 0xFF, 0xFF, 0xF6, 0x29, 0x8D, 0xC9, 0x42, 0x1E, 0x61, 0x1F, 0x61, 0x21,
    0x29, 0x9E, 0xC9, 0x30, 0x0F, 0x50, 0x0F, 0x60, 0x00, 0x00, 0x0C, 0x90, 0x00, 0x02, 0x10, 0x02,
    0x10, 0x00, 0x00, 0x0C, 0x94, 0x1A, 0xDD, 0xDD, 0xDD, 0xDD, 0x40, 0x00, 0x2D, 0xFE, 0x2B, 0xB3,
    0x3D, 0x83, 0x4F, 0x40, 0x2C, 0xFF, 0xB1, 0x0A, 0xA0, 0x0C, 0x70, 0x1F, 0x40, 0x0B, 0x5C, 0x90,
    0x0A, 0xB2, 0x2D, 0x82, 0x4F, 0x40, 0x00, 0x0C, 0x90, 0x0A, 0xFF, 0xFF, 0xFF, 0xFF, 0x40, 0x00,
    0x0C, 0x90, 0x0A, 0xA0, 0x0C, 0x70, 0x1F, 0x40, 0x00, 0x0C, 0x90, 0x0A, 0xA0, 0x0C, 0x70, 0x1F,
    0x40, 0x00, 0x1D, 0x80, 0x0A, 0xC6, 0x6D, 0xA6, 0x7F, 0x40, 0x03, 0xEF, 0x40, 0x0B, 0xDA, 0xAA,
    0xAA, 0xAF, 0x40, 0x00, 0xA4, 0x00, 0x08, 0x70, 0x00, 0x00, 0x1A, 0x30, 0x00, 0x07, 0x30, 0x65,
    0x00, 0x03, 0x40, 0x00, 0x00, 0x00, 0x0F, 0x50, 0xB9, 0x00, 0x08, 0xE1, 0x00, 0x00, 0x03, 0x4F,
    0x74, 0xCA, 0x41, 0x0C, 0x90, 0x00, 0x00, 0x0A, 0xCF, 0xDC, 0xEE, 0xD2, 0x2F, 0x73, 0x33, 0x30,
    0x00, 0x0F, 0x40, 0xB9, 0x00, 0x7F, 0xEE, 0xFF, 0xF0, 0x28, 0x8F, 0xA8, 0xDC, 0x83, 0xDB, 0x00,
    0xD5, 0x00, 0x29, 0x98, 0x88, 0x89, 0x98, 0xFC, 0x00, 0xE4, 0x00, 0x00, 0x23, 0x33, 0x33, 0x2E,
    0xDD, 0x01, 0xF3, 0x00, 0x00, 0xBE, 0xDD, 0xDF, 0x75, 0x4F, 0x13, 0xF1, 0x00, 0x00, 0xB9, 0x00,
    0x0D, 0x70, 0x0E, 0x56, 0xE0, 0x00, 0x00, 0xAE, 0xDD, 0xDF, 0x70, 0x0A, 0xAA, 0xB0, 0x00, 0x00,
    0xAA, 0x33, 0x3E, 0x70, 0x03, 0xFF, 0x50, 0x00, 0x00, 0xAC, 0x88, 0x8E, 0x70, 0x00, 0xDF, 0x10,
    0x00, 0x00, 0xAC, 0x88, 0x8E, 0x70, 0x08, 0xED, 0xC1, 0x00, 0x00, 0xA9, 0x00, 0x1E, 0x70, 0x7F,
    0x52, 0xDD, 0x40, 0x00, 0xB9, 0x01, 0xEF, 0x4B, 0xF6, 0x00, 0x2C, 0xD2, 0x00, 0x65, 0x00, 0x42,
    0x05, 0x40, 0x00, 0x01, 0x20, 0x00, 0x00, 0x3B, 0x10, 0x00, 0x00, 0x00, 0x36, 0x40, 0x00, 0x00,
    0x4F, 0x40, 0x00, 0x4B, 0xDE, 0xFF, 0xD1, 0x09, 0xDC, 0xCF, 0xDC, 0xD5, 0x5F, 0x53, 0x20, 0x00,
    0x05, 0x87, 0x77, 0x88, 0x83, 0x5F, 0x00, 0x00, 0x00, 0x00, 0x5C, 0x00, 0x6E, 0x10, 0x5F, 0x00,
    0x00, 0x00, 0x00, 0x1F, 0x40, 0xB9, 0x00, 0x5F, 0x21, 0x11, 0x21, 0x1A, 0x9B, 0x99, 0xFB, 0x97,
    0x5F, 0xFF, 0xFF, 0xF4, 0x1B, 0xBA, 0xBF, 0xBA, 0xB8, 0x5F, 0x22, 0xBA, 0x21, 0x00, 0x00, 0x3F,
    0x20, 0x00, 0x5F, 0x00, 0xB9, 0x00, 0x07, 0x99, 0xAF, 0x99, 0x95, 0x6E, 0x00, 0xB9, 0x00, 0x08,
    0xBB, 0xCF, 0xBB, 0xB7, 0x7D, 0x00, 0xB9, 0x00, 0x00, 0x47, 0x4F, 0x26, 0x00, 0x9B, 0x00, 0xB9,
    0x00, 0x00, 0xCD, 0x4F, 0x4F, 0x70, 0xD9, 0x00, 0xB9, 0x00, 0x09, 0xE3, 0x3F, 0x27, 0xE3, 0xF5,
    0x00, 0xB9, 0x00, 0x2F, 0x50, 0x4F, 0x21, 0x38, 0xE1, 0x00, 0xB9, 0x00, 0x02, 0x09, 0xDF, 0x10,
    0x1E, 0x90, 0x00, 0xBA, 0x00, 0x00, 0x05, 0xA5, 0x00, 0x3B, 0x20, 0x00, 0xB9, 0x00, 0x00, 0x05,
    0x54, 0x44, 0x44, 0x44, 0x45, 0x50, 0x00, 0x00, 0x0E, 0xEE, 0xEE, 0xFE, 0xEE, 0xEE, 0xD0, 0x00,
    0x00, 0x00, 0x00, 0x07, 0xE0, 0x00, 0x00, 0x00, 0x00, 0x00, 0x00, 0x00, 0x08, 0xE0, 0x00, 0x00,
    0x00, 0x00, 0x00, 0x00, 0x00, 0x08, 0xD0, 0x00, 0x00, 0x00, 0x00, 0x00, 0x00, 0x00, 0x08, 0xC0,
    0x00, 0x00, 0x00, 0x00, 0x04, 0xED, 0xDD, 0xDE, 0xFD, 0xDD, 0xDD, 0xDE, 0x80, 0x02, 0x55, 0x55,
    0x5D, 0xB6, 0xF6, 0x55, 0x55, 0x30, 0x00, 0x00, 0x00, 0x1F, 0x62, 0xF2, 0x00, 0x00, 0x00, 0x00,
    0x00, 0x00, 0x5F, 0x12, 0xF2, 0x00, 0x00, 0x00, 0x00, 0x00, 0x00, 0xDA, 0x02, 0xF2, 0x00, 0x00,
    0x00, 0x00, 0x00, 0x09, 0xF3, 0x02, 0xF2, 0x00, 0x02, 0x00, 0x00, 0x00, 0x9F, 0x70, 0x02, 0xF2,
    0x00, 0x0A, 0xC0, 0x00, 0x2B, 0xF9, 0x00, 0x02, 0xF8, 0x44, 0x5E, 0xA0, 0x07, 0xFE, 0x60, 0x00,
    0x00, 0x9E, 0xFF, 0xFE, 0x30, 0x01, 0x92, 0x00, 0x00, 0x00, 0x00, 0x00, 0x00, 0x00, 0x00, 0x00,
    0x11, 0x11, 0x11, 0x11, 0x11, 0x10, 0x00, 0x00, 0x07, 0xFF, 0xFF, 0xFF, 0xFF, 0xFF, 0xF2, 0x00,
    0x00, 0x07, 0xF4, 0x33, 0x33, 0x33, 0x39, 0xF1, 0x00, 0x00, 0x07, 0xF1, 0x00, 0x00, 0x00, 0x08,
    0xF1, 0x00, 0x00, 0x06, 0xF1, 0x00, 0x00, 0x00, 0x08, 0xF1, 0x00, 0x00, 0x06, 0xF1, 0x00, 0x00,
    0x00, 0x08, 0xF1, 0x00, 0x00, 0x06, 0xF1, 0x00, 0x00, 0x00, 0x08, 0xF1, 0x00, 0x00, 0x06, 0xFD,
    0xDD, 0xDD, 0xDD, 0xDE, 0xF1, 0x00, 0x00, 0x06, 0xF5, 0x55, 0x55, 0x55, 0x5A, 0xF1, 0x00, 0x00,
    0x06, 0xF1, 0x00, 0x00, 0x00, 0x08, 0xF1, 0x00, 0x00, 0x06, 0xF1, 0x00, 0x00, 0x00, 0x08, 0xF1,
    0x00, 0x00, 0x06, 0xF1, 0x00, 0x00, 0x00, 0x08, 0xF1, 0x00, 0x00, 0x06, 0xF1, 0x00, 0x00, 0x00,
    0x08, 0xF1, 0x00, 0x00, 0x06, 0xFB, 0xAA, 0xAA, 0xAA, 0xAD, 0xF1, 0x00, 0x00, 0x07, 0xF8, 0x88,
    0x88, 0x88, 0x8B, 0xF1, 0x00, 0x00, 0x07, 0xF1, 0x00, 0x00, 0x00, 0x08, 0xF2, 0x00, 0x00, 0x04,
    0x91, 0x00, 0x00, 0x00, 0x02, 0x40, 0x00, 0x00, 0x01, 0x22, 0x22, 0x22, 0x22, 0x22, 0x10, 0x00,
    0x00, 0x0A, 0xFF, 0xFF, 0xFF, 0xFF, 0xFF, 0xA0, 0x00, 0x00, 0x0A, 0xC3, 0x33, 0x33, 0x33, 0x3C,
    0xA0, 0x00, 0x00, 0x0A, 0xC0, 0x00, 0x00, 0x00, 0x0C, 0xA0, 0x00, 0x00, 0x09, 0xFF, 0xFF, 0xFF,
    0xFF, 0xFF, 0x90, 0x00, 0x00, 0x0A, 0xC3, 0x33, 0x33, 0x33, 0x3C, 0xA0, 0x00, 0x00, 0x0A, 0xC0,
    0x00, 0x00, 0x00, 0x0C, 0xA0, 0x00, 0x00, 0x0A, 0xEC, 0xCC, 0xCC, 0xCC, 0xCE, 0xA0, 0x00, 0x00,
    0x05, 0x77, 0x77, 0xDD, 0x77, 0x77, 0x50, 0x00, 0x00, 0x00, 0x00, 0x00, 0xBC, 0x00, 0x00, 0x00,
    0x00, 0x04, 0x43, 0x33, 0x33, 0xCC, 0x33, 0x33, 0x34, 0x40, 0x0E, 0xFF, 0xFF, 0xFF, 0xFF, 0xFF,
    0xFF, 0xFF, 0xD0, 0x03, 0x33, 0x33, 0x33, 0xBC, 0x33, 0x33, 0x33, 0x30, 0x00, 0x00, 0x00, 0x00,
    0xBC, 0x00, 0x00, 0x00, 0x00, 0x00, 0x00, 0x00, 0x00, 0xBC, 0x00, 0x00, 0x00, 0x00, 0x00, 0x00,
    0x00, 0x00, 0xBC, 0x00, 0x00, 0x00, 0x00, 0x00, 0x00, 0x00, 0x00, 0x9A, 0x00, 0x00, 0x00, 0x00,
    0x03, 0x77, 0x77, 0x72, 0x0C, 0xFF, 0xFF, 0xFF, 0x30, 0x06, 0xFC, 0xCC, 0xF3, 0x0B, 0xB3, 0x33,
    0x6F, 0x30, 0x06, 0xE0, 0x01, 0xF3, 0x0B, 0xA0, 0x00, 0x4F, 0x30, 0x06, 0xE0, 0x01, 0xF3, 0x0B,
    0xA0, 0x00, 0x4F, 0x30, 0x06, 0xE1, 0x12, 0xF3, 0x0B, 0xED, 0xDD, 0xDF, 0x30, 0x06, 0xFF, 0xFF,
    0xF3, 0x0B, 0xC5, 0x55, 0x7F, 0x30, 0x06, 0xE1, 0x12, 0xF3, 0x0B, 0xA0, 0x00, 0x4F, 0x30, 0x06,
    0xE0, 0x01, 0xF3, 0x0B, 0xA0, 0x00, 0x4F, 0x30, 0x06, 0xE0, 0x01, 0xF3, 0x0C, 0xEC, 0xCC, 0xCF,
    0x30, 0x06, 0xF8, 0x88, 0xF3, 0x0D, 0xB6, 0x66, 0x8F, 0x30, 0x06, 0xFC, 0xCC, 0xF3, 0x1F, 0x70,
    0x00, 0x4F, 0x30, 0x06, 0xE0, 0x01, 0xC3, 0x4F, 0x30, 0x00, 0x4F, 0x30, 0x05, 0xB0, 0x00, 0x00,
    0xAE, 0x00, 0x00, 0x4F, 0x30, 0x00, 0x00, 0x00, 0x02, 0xF8, 0x00, 0x01, 0x6F, 0x20, 0x00, 0x00,
    0x00, 0x0C, 0xF2, 0x00, 0x1E, 0xFE, 0x10, 0x00, 0x00, 0x00, 0x07, 0x70, 0x00, 0x06, 0x61, 0x00,
    0x00, 0x2E, 0xEE, 0xEE, 0xEE, 0xEE, 0xEE, 0xE1, 0x00, 0x00, 0x2F, 0x73, 0x33, 0x33, 0x33, 0x38,
    0xF1, 0x00, 0x00, 0x2F, 0xA7, 0x77, 0x77, 0x77, 0x7A, 0xF1, 0x00, 0x00, 0x2F, 0xCA, 0xAA, 0xAA,
    0xAA, 0xAC, 0xF1, 0x00, 0x00, 0x2F, 0x50, 0x00, 0x00, 0x00, 0x06, 0xF1, 0x00, 0x00, 0x2F, 0xFF,
    0xFF, 0xFF, 0xFF, 0xFF, 0xF1, 0x00, 0x00, 0x02, 0x22, 0x22, 0x33, 0x22, 0x22, 0x20, 0x00, 0x00,
    0x08, 0xB2, 0x00, 0xAD, 0x00, 0x00, 0x00, 0x00, 0x00, 0x2F, 0xD6, 0x66, 0xCE, 0x66, 0x67, 0x74,
    0x00, 0x01, 0xCE, 0xCC, 0xCC, 0xEF, 0xCC, 0xCC, 0xC8, 0x00, 0x0A, 0xF3, 0x00, 0x00, 0x9D, 0x00,
    0x00, 0x00, 0x00, 0x2D, 0x62, 0x98, 0x88, 0xCE, 0x88, 0x88, 0x90, 0x00, 0x00, 0x03, 0x99, 0x99,
    0xDE, 0x99, 0x99, 0xA0, 0x00, 0x00, 0x00, 0x00, 0x00, 0x9D, 0x00, 0x00, 0x00, 0x00, 0x09, 0x88,
    0x88, 0x88, 0xCE, 0x88, 0x88, 0x88, 0x90, 0x0B, 0xBB, 0xAA, 0xAA, 0xAA, 0xAA, 0xAA, 0xAB, 0xB0,
    0x00, 0x00, 0x11, 0x11, 0x11, 0x11, 0x11, 0x00, 0x00, 0x00, 0x03, 0xFF, 0xFF, 0xFF, 0xFF, 0xFF,
    0x40, 0x00, 0x00, 0x02, 0xF5, 0x11, 0x11, 0x11, 0x4F, 0x30, 0x00, 0x00, 0x02, 0xFA, 0x88, 0x88,
    0x88, 0x9F, 0x30, 0x00, 0x00, 0x02, 0xFB, 0xAA, 0xAA, 0xAA, 0xBF, 0x30, 0x00, 0x00, 0x02, 0xF4,
    0x00, 0x00, 0x00, 0x3F, 0x40, 0x00, 0x00, 0x03, 0xFE, 0xDD, 0xDD, 0xDD, 0xDF, 0x40, 0x00, 0x00,
    0x01, 0x55, 0x55, 0x55, 0x55, 0x55, 0x10, 0x00, 0x05, 0x66, 0x66, 0x66, 0x66, 0x66, 0x66, 0x66,
    0x60, 0x09, 0xBB, 0xBB, 0xBB, 0xDE, 0xBB, 0xBB, 0xBB, 0xB0, 0x00, 0x00, 0x55, 0x00, 0x8C, 0x00,
    0x00, 0x00, 0x00, 0x00, 0x00, 0xCC, 0x00, 0x8D, 0x88, 0x88, 0x82, 0x00, 0x00, 0x03, 0xF9, 0x00,
    0x8E, 0x99, 0x99, 0xA2, 0x00, 0x00, 0x0B, 0xEF, 0xA1, 0x8C, 0x00, 0x00, 0x00, 0x00, 0x00, 0x7F,
    0x64, 0xDF, 0xDD, 0x32, 0x11, 0x23, 0x42, 0x07, 0xFA, 0x00, 0x06, 0xCF, 0xFF, 0xFF, 0xFF, 0xE1,
    0x03, 0x90, 0x00, 0x00, 0x01, 0x34, 0x55, 0x55, 0x40, 0x00, 0x00, 0x00, 0x00, 0x08, 0x80, 0x00,
    0x00, 0x00, 0x00, 0x00, 0x00, 0x00, 0x2F, 0x80, 0x00, 0x00, 0x00, 0x08, 0xEE, 0xEE, 0x00, 0xCF,
    0xAA, 0xAA, 0x50, 0x00, 0x08, 0xC2, 0x5F, 0x0A, 0xE6, 0x66, 0xAE, 0x10, 0x00, 0x08, 0xB0, 0x3F,
    0x8F, 0x40, 0x00, 0xD8, 0x00, 0x00, 0x08, 0xB0, 0x3F, 0x18, 0x55, 0x58, 0xF6, 0x55, 0x00, 0x08,
    0xB0, 0x3F, 0x0B, 0xDB, 0xBF, 0xCB, 0xCF, 0x10, 0x08, 0xFE, 0xEF, 0x0A, 0x80, 0x1F, 0x40, 0x4F,
    0x10, 0x08, 0xC2, 0x5F, 0x0A, 0x80, 0x4F, 0x20, 0x4F, 0x10, 0x08, 0xB0, 0x3F, 0x0B, 0xFF, 0xFF,
    0xFF, 0xFF, 0x10, 0x08, 0xB0, 0x3F, 0x02, 0x22, 0xCB, 0x53, 0x22, 0x00, 0x08, 0xB0, 0x3F, 0x00,
    0x03, 0xF5, 0xC5, 0x00, 0x00, 0x08, 0xFD, 0xEF, 0x00, 0x0C, 0xC0, 0xC5, 0x00, 0x00, 0x09, 0xC4,
    0x6F, 0x00, 0x9E, 0x20, 0xC5, 0x00, 0x30, 0x08, 0xA0, 0x15, 0x1A, 0xF4, 0x00, 0xC6, 0x01, 0xF4,
    0x00, 0x00, 0x02, 0xDE, 0x50, 0x00, 0xBE, 0xBD, 0xF1, 0x00, 0x00, 0x00, 0x73, 0x00, 0x00, 0x26,
    0x66, 0x30, 0x00, 0x03, 0x55, 0x55, 0x55, 0x55, 0x55, 0x30, 0x00, 0x00, 0x0A, 0xEC, 0xCC, 0xCC,
    0xCC, 0xCE, 0x90, 0x00, 0x00, 0x0A, 0xB1, 0x11, 0x11, 0x11, 0x1C, 0x90, 0x00, 0x00, 0x09, 0xFE,
    0xEE, 0xEE, 0xEE, 0xEF, 0x90, 0x00, 0x00, 0x0A, 0xB2, 0x22, 0x22, 0x22, 0x2C, 0x90, 0x00, 0x00,
    0x09, 0xEE, 0xEE, 0xEE, 0xEE, 0xEE, 0x90, 0x00, 0x00, 0x00, 0x00, 0x00, 0xD8, 0x00, 0x00, 0x00,
    0x00, 0x0C, 0xBB, 0xBB, 0xBB, 0xFE, 0xBB, 0xBB, 0xBC, 0xD0, 0x06, 0x55, 0x55, 0x55, 0x55, 0x55,
    0x55, 0x55, 0x60, 0x00, 0x02, 0xDD, 0xDD, 0xDD, 0xDD, 0xDD, 0x50, 0x00, 0x00, 0x02, 0xF5, 0x33,
    0x33, 0x33, 0x3E, 0x50, 0x00, 0x00, 0x02, 0xF9, 0x88, 0x88, 0x88, 0x8E, 0x50, 0x00, 0x00, 0x01,
    0x77, 0x77, 0xAE, 0x77, 0x77, 0x30, 0x00, 0x00, 0x00, 0x1B, 0x40, 0x6E, 0x02, 0xD5, 0x00, 0x00,
    0x00, 0x05, 0xEE, 0x60, 0x6E, 0x03, 0xBF, 0xD5, 0x00, 0x00, 0xBF, 0xA1, 0x29, 0xCD, 0x00, 0x03,
    0xBF, 0x30, 0x00, 0x44, 0x00, 0x0C, 0xC6, 0x00, 0x00, 0x04, 0x00, 0x00, 0x00, 0x00, 0x00, 0x00,
    0x06, 0x70, 0x00, 0x00, 0x00, 0x00, 0x00, 0x02, 0x32, 0x29, 0xB2, 0x23, 0x20, 0x0B, 0xDD, 0xDD,
    0x1A, 0xEE, 0xEE, 0xFE, 0xEE, 0xC0, 0x0D, 0x93, 0x6F, 0x10, 0x22, 0x29, 0xA2, 0x22, 0x10, 0x0C,
    0x80, 0x4F, 0x12, 0xFE, 0xEF, 0xFE, 0xEF, 0x40, 0x0C, 0x80, 0x4F, 0x10, 0x00, 0x08, 0xA0, 0x00,
    0x00, 0x0C, 0x80, 0x4F, 0x3F, 0xEE, 0xEF, 0xFE, 0xEE, 0xF6, 0x0C, 0xFF, 0xFF, 0x13, 0x22, 0x22,
    0x22, 0x22, 0x21, 0x0C, 0x80, 0x5F, 0x10, 0xCC, 0xCC, 0xCC, 0xCC, 0x00, 0x0C, 0x80, 0x4F, 0x10,
    0xF7, 0x44, 0x44, 0x7E, 0x00, 0x0C, 0x80, 0x4F, 0x10, 0xFA, 0x88, 0x88, 0xAD, 0x00, 0x0C, 0x93,
    0x6F, 0x10, 0xFA, 0x88, 0x88, 0xAD, 0x00, 0x0C, 0xED, 0xEF, 0x10, 0xF6, 0x33, 0x33, 0x6D, 0x00,
    0x0D, 0x80, 0x4F, 0x20, 0xFE, 0xDD, 0xDD, 0xED, 0x00, 0x0D, 0x80, 0x00, 0x00, 0xF4, 0x00, 0x00,
    0x4D, 0x00, 0x00, 0x00, 0x00, 0x00, 0xF4, 0x00, 0x04, 0xCD, 0x00, 0x00, 0x00, 0x00, 0x00, 0xC3,
    0x00, 0x01, 0xA3, 0x00, 0x00, 0x00, 0x00, 0x00, 0x00, 0x01, 0x25, 0x88, 0x00, 0x02, 0x33, 0x33,
    0x16, 0xCD, 0xFF, 0xED, 0xBA, 0x20, 0x0A, 0xFE, 0xEF, 0x62, 0x85, 0x57, 0x00, 0x48, 0x10, 0x09,
    0xA0, 0x0E, 0x54, 0xE1, 0x3F, 0x30, 0xAD, 0x00, 0x09, 0xA0, 0x0E, 0x50, 0xBA, 0x0A, 0x71, 0xF4,
    0x00, 0x09, 0xA0, 0x0E, 0x52, 0x88, 0x66, 0x6A, 0xE8, 0x50, 0x09, 0xC6, 0x6E, 0x53, 0x99, 0xCE,
    0x88, 0x88, 0x50, 0x09, 0xDA, 0xAF, 0x50, 0x00, 0x9B, 0x00, 0x00, 0x00, 0x09, 0xA0, 0x0E, 0x5E,
    0xED, 0xFE, 0xDD, 0xDE, 0xE0, 0x09, 0xA0, 0x0E, 0x52, 0x23, 0xF4, 0x11, 0x12, 0x20, 0x09, 0xA0,
    0x0E, 0x50, 0x09, 0xFC, 0xCC, 0xCA, 0x00, 0x09, 0xC6, 0x6E, 0x50, 0x3F, 0xF6, 0x45, 0xF6, 0x00,
    0x09, 0xDA, 0xAF, 0x61, 0xCC, 0xAC, 0x1A, 0xD0, 0x00, 0x0A, 0xA0, 0x0A, 0x5B, 0xD2, 0x1D, 0xDE,
    0x30, 0x00, 0x03, 0x30, 0x01, 0xCE, 0x20, 0x2B, 0xFE, 0x60, 0x00, 0x00, 0x00, 0x00, 0x52, 0x49,
    0xEB, 0x16, 0xED, 0x81, 0x00, 0x00, 0x00, 0x00, 0x9B, 0x40, 0x00, 0x28, 0x80, 0x00, 0x05, 0xDD,
    0xDD, 0xDD, 0xDD, 0xDD, 0x40, 0x00, 0x00, 0x05, 0xE1, 0x11, 0x11, 0x11, 0x2F, 0x40, 0x00, 0x00,
    0x05, 0xFE, 0xEE, 0xEE, 0xEE, 0xEF, 0x40, 0x00, 0x00, 0x05, 0xE1, 0x11, 0x11, 0x11, 0x2F, 0x40,
    0x00, 0x00, 0x05, 0xDD, 0xDD, 0xDD, 0xDD, 0xDD, 0x40, 0x00, 0x00, 0x00, 0x00, 0x00, 0x00, 0x00,
    0x00, 0x00, 0x00, 0x0C, 0xFE, 0xEE, 0xEE, 0xEE, 0xEE, 0xEE, 0xEF, 0x90, 0x02, 0x2E, 0x62, 0x2A,
    0x92, 0x22, 0x22, 0x22, 0x10, 0x00, 0x0E, 0xCB, 0xBD, 0x98, 0xBB, 0xBB, 0xA0, 0x00, 0x00, 0x0E,
    0x74, 0x4B, 0x94, 0xF5, 0x49, 0xC0, 0x00, 0x00, 0x0E, 0xA8, 0x8C, 0x90, 0xC5, 0x0B, 0x60, 0x00,
    0x00, 0x0E, 0x96, 0x6B, 0x91, 0x5D, 0x4E, 0x10, 0x00, 0x00, 0x0E, 0x75, 0x8D, 0xF9, 0x0B, 0xF8,
    0x00, 0x00, 0x06, 0xEF, 0xDA, 0x7B, 0x90, 0x1C, 0xCE, 0x71, 0x00, 0x02, 0x52, 0x00, 0x0A, 0x95,
    0xD9, 0x03, 0xCF, 0x50, 0x00, 0x00, 0x00, 0x06, 0x52, 0x50, 0x00, 0x03, 0x00, 0x00, 0x01, 0x99,
    0x99, 0x99, 0x99, 0x99, 0x60, 0x00, 0x00, 0x01, 0xF9, 0x77, 0x77, 0x77, 0x7D, 0xA0, 0x00, 0x00,
    0x01, 0xF4, 0x00, 0x00, 0x00, 0x0B, 0xA0, 0x00, 0x00, 0x01, 0xF4, 0x00, 0x00, 0x00, 0x0B, 0x90,
    0x00, 0x00, 0x01, 0xFA, 0x88, 0x88, 0x88, 0x8D, 0x90, 0x00, 0x00, 0x01, 0xF9, 0x77, 0x77, 0x77,
    0x7D, 0x90, 0x00, 0x00, 0x01, 0xF4, 0x00, 0x00, 0x00, 0x0B, 0x90, 0x00, 0x00, 0x01, 0xF4, 0x00,
    0x00, 0x00, 0x0B, 0x90, 0x00, 0x00, 0x02, 0xFB, 0x99, 0x99, 0x99, 0x9D, 0x90, 0x00, 0x00, 0x03,
    0xF9, 0x88, 0x88, 0x88, 0x8D, 0x90, 0x00, 0x00, 0x06, 0xF0, 0x00, 0x00, 0x00, 0x0B, 0x90, 0x00,
    0x00, 0x0A, 0xB0, 0x00, 0x00, 0x00, 0x0B, 0x90, 0x00, 0x00, 0x1F, 0x60, 0x00, 0x00, 0x00, 0x0B,
    0x90, 0x00, 0x00, 0xAE, 0x10, 0x00, 0x00, 0x12, 0x2D, 0x90, 0x00, 0x07, 0xF6, 0x00, 0x00, 0x00,
    0x2F, 0xFF, 0x60, 0x00, 0x01, 0x60, 0x00, 0x00, 0x00, 0x06, 0x53, 0x00, 0x00, 0x00, 0x00, 0x00,
    0x03, 0x82, 0x00, 0x00, 0x00, 0x00, 0x00, 0x00, 0x00, 0x07, 0xF2, 0x00, 0x00, 0x00, 0x00, 0x01,
    0x44, 0x44, 0x4C, 0xE4, 0x44, 0x44, 0x44, 0x40, 0x04, 0xFF, 0xEE, 0xFF, 0xFE, 0xEE, 0xEE, 0xEF,
    0xE0, 0x00, 0x00, 0x00, 0x9E, 0x20, 0x00, 0x00, 0x00, 0x00, 0x00, 0x00, 0x03, 0xFA, 0x33, 0x33,
    0x33, 0x31, 0x00, 0x00, 0x00, 0x1D, 0xEE, 0xEE, 0xEE, 0xEE, 0xF6, 0x00, 0x00, 0x00, 0xBF, 0x90,
    0x00, 0x00, 0x01, 0xF5, 0x00, 0x00, 0x1B, 0xFE, 0xA2, 0x22, 0x22, 0x23, 0xF5, 0x00, 0x02, 0xCF,
    0x4D, 0xFF, 0xFF, 0xFF, 0xFF, 0xF5, 0x00, 0x0D, 0xE4, 0x0D, 0x90, 0x00, 0x00, 0x01, 0xF5, 0x00,
    0x02, 0x30, 0x0D, 0xB4, 0x44, 0x44, 0x44, 0xF5, 0x00, 0x00, 0x00, 0x0D, 0xED, 0xDD, 0xDD, 0xDE,
    0xF5, 0x00, 0x00, 0x00, 0x0D, 0x90, 0x00, 0x00, 0x01, 0xF5, 0x00, 0x00, 0x00, 0x0D, 0x90, 0x00,
    0x00, 0x02, 0xF5, 0x00, 0x00, 0x00, 0x0E, 0x90, 0x00, 0x00, 0xDE, 0xF2, 0x00, 0x00, 0x00, 0x09,
    0x60, 0x00, 0x00, 0x78, 0x30, 0x00, 0x00, 0x26, 0x00, 0x06, 0x40, 0x00, 0x00, 0x00, 0x00, 0x00,
    0x6F, 0x10, 0x0D, 0x90, 0x2B, 0xBB, 0xBB, 0x80, 0x02, 0x6F, 0x21, 0x1D, 0x92, 0x3F, 0x75, 0x5C,
    0xA0, 0x0C, 0xFF, 0xEE, 0xEF, 0xFD, 0x3F, 0x40, 0x0B, 0xA0, 0x00, 0x5F, 0x00, 0x0C, 0x90, 0x3F,
    0x40, 0x0B, 0xA0, 0x00, 0x5F, 0x88, 0x8E, 0x90, 0x3F, 0x98, 0x8D, 0xA0, 0x00, 0x5F, 0x98, 0x8E,
    0x90, 0x3F, 0xA8, 0x8D, 0xA0, 0x00, 0x5F, 0x00, 0x0C, 0x90, 0x3F, 0x40, 0x0B, 0xA0, 0x00, 0x5F,
    0xFF, 0xFF, 0x90, 0x3F, 0x40, 0x0B, 0xA0, 0x00, 0x5F, 0x21, 0x1D, 0x90, 0x3F, 0x97, 0x7D, 0xA0,
    0x16, 0x9F, 0x65, 0x5D, 0xB5, 0x4F, 0x98, 0x8D, 0xA0, 0x2B, 0xBA, 0xAA, 0xAA, 0xBA, 0x7F, 0x00,
    0x0B, 0xA0, 0x00, 0x2A, 0x10, 0x48, 0x00, 0xBC, 0x00, 0x0B, 0xA0, 0x00, 0xCC, 0x10, 0x4F, 0x72,
    0xF7, 0x00, 0x0B, 0xA0, 0x09, 0xE2, 0x00, 0x07, 0xBB, 0xE1, 0x00, 0x0C, 0xA0, 0x1B, 0x40, 0x00,
    0x00, 0x7F, 0x70, 0x01, 0xDF, 0x80, 0x00, 0x00, 0x00, 0x00, 0x06, 0x00, 0x00, 0x76, 0x00, 0x00,
    0x00, 0x00, 0x00, 0x66, 0x00, 0x00, 0x00, 0x00, 0x00, 0x00, 0x00, 0x00, 0xBB, 0x00, 0x00, 0x00,
    0x00, 0x00, 0x00, 0x00, 0x00, 0xBB, 0x00, 0x00, 0x00, 0x00, 0x01, 0x11, 0x11, 0x11, 0xBB, 0x11,
    0x11, 0x11, 0x10, 0x06, 0xFF, 0xFF, 0xFF, 0xFF, 0xFF, 0xFF, 0xFF, 0x70, 0x01, 0x33, 0x22, 0x3F,
    0xFF, 0xE3, 0x22, 0x23, 0x10, 0x00, 0x00, 0x00, 0x7E, 0xBB, 0xE5, 0x00, 0x00, 0x00, 0x00, 0x00,
    0x00, 0xD7, 0xBB, 0x9B, 0x00, 0x00, 0x00, 0x00, 0x00, 0x08, 0xE1, 0xBB, 0x2F, 0x50, 0x00, 0x00,
    0x00, 0x00, 0x2F, 0x60, 0xBB, 0x08, 0xE2, 0x00, 0x00, 0x00, 0x01, 0xDC, 0x00, 0xBB, 0x01, 0xDD,
    0x20, 0x00, 0x00, 0x1C, 0xE2, 0x00, 0xBB, 0x00, 0x2E, 0xD3, 0x00, 0x03, 0xDE, 0x4B, 0xDC, 0xEE,
    0xCD, 0xC3, 0xDF, 0x80, 0x0C, 0xE3, 0x06, 0x66, 0xCC, 0x66, 0x60, 0x1B, 0x50, 0x01, 0x30, 0x00,
    0x00, 0xBB, 0x00, 0x00, 0x00, 0x00, 0x00, 0x00, 0x00, 0x00, 0xBB, 0x00, 0x00, 0x00, 0x00, 0x00,
    0x00, 0x00, 0x00, 0x88, 0x00, 0x00, 0x00, 0x00, 0x00, 0x02, 0x51, 0x00, 0x00, 0x00, 0x00, 0x00,
    0x00, 0x00, 0x06, 0xF2, 0x00, 0x17, 0x77, 0x77, 0x20, 0x00, 0x00, 0x05, 0xF1, 0x00, 0x3F, 0xCC,
    0xCF, 0x50, 0x00, 0x00, 0x05, 0xF1, 0x00, 0x2F, 0x30, 0x2F, 0x40, 0x00, 0x0C, 0xDD, 0xFD, 0xD8,
    0x2F, 0x30, 0x2F, 0x40, 0x00, 0x06, 0x5B, 0xF5, 0x53, 0x2F, 0x30, 0x2F, 0x40, 0x00, 0x00, 0x0D,
    0xF1, 0x00, 0x2F, 0x30, 0x2F, 0x40, 0x00, 0x00, 0x3F, 0xF5, 0x30, 0x3F, 0x20, 0x2F, 0x40, 0x00,
    0x00, 0x9F, 0xFC, 0xD1, 0x3F, 0x20, 0x2F, 0x40, 0x00, 0x01, 0xEB, 0xF3, 0xE8, 0x5F, 0x10, 0x2F,
    0x40, 0x00, 0x08, 0xE6, 0xF1, 0x51, 0x6E, 0x00, 0x2F, 0x40, 0x00, 0x3F, 0x85, 0xF1, 0x00, 0x8C,
    0x00, 0x2F, 0x40, 0x00, 0x09, 0x15, 0xF1, 0x00, 0xD8, 0x00, 0x2F, 0x40, 0x00, 0x00, 0x05, 0xF1,
    0x04, 0xF4, 0x00, 0x2F, 0x41, 0x81, 0x00, 0x05, 0xF1, 0x1D, 0xC0, 0x00, 0x2F, 0x53, 0xF3, 0x00,
    0x06, 0xF2, 0x9F, 0x30, 0x00, 0x1E, 0xFE, 0xD0, 0x00, 0x03, 0x71, 0x05, 0x00, 0x00, 0x01, 0x44,
    0x10, 0x00, 0x00, 0x00, 0x00, 0x64, 0x00, 0x00, 0x00, 0x00, 0x00, 0x00, 0x00, 0x00, 0xCA, 0x00,
    0x00, 0x00, 0x00, 0x00, 0x22, 0x11, 0x11, 0xCA, 0x11, 0x11, 0x22, 0x00, 0x00, 0xCF, 0xFF, 0xFF,
    0xFF, 0xFF, 0xFF, 0xFA, 0x00, 0x00, 0x22, 0x32, 0x11, 0xCA, 0x11, 0x43, 0x22, 0x00, 0x00, 0x00,
    0xC9, 0x00, 0xCA, 0x00, 0xCA, 0x00, 0x00, 0x00, 0x00, 0x4F, 0x40, 0xCA, 0x06, 0xF2, 0x00, 0x00,
    0x00, 0x00, 0x09, 0x50, 0xCA, 0x09, 0x70, 0x00, 0x00, 0x0A, 0xDC, 0xCC, 0xCC, 0xEE, 0xCC, 0xCC,
    0xCD, 0xB0, 0x06, 0x66, 0x66, 0x9F, 0xEF, 0xF7, 0x66, 0x66, 0x50, 0x00, 0x00, 0x02, 0xE8, 0xCA,
    0xCC, 0x10, 0x00, 0x00, 0x00, 0x00, 0x2D, 0xB0, 0xCA, 0x2E, 0xD2, 0x00, 0x00, 0x00, 0x04, 0xEC,
    0x10, 0xCA, 0x03, 0xEE, 0x81, 0x00, 0x02, 0xAF, 0xC1, 0x00, 0xCA, 0x00, 0x2C, 0xFE, 0xA1, 0x0A,
    0xF9, 0x00, 0x00, 0xCA, 0x00, 0x00, 0x7E, 0x60, 0x00, 0x40, 0x00, 0x00, 0xDA, 0x00, 0x00, 0x01,
    0x00, 0x00, 0x00, 0x00, 0x00, 0x54, 0x00, 0x00, 0x00, 0x00, 0x00, 0x00, 0x84, 0x00, 0x00, 0x00,
    0x00, 0x00, 0x00, 0x00, 0x00, 0xD7, 0x04, 0x55, 0x44, 0x44, 0x45, 0x50, 0x00, 0x00, 0xD6, 0x09,
    0xDD, 0xCD, 0xFD, 0xCD, 0xD0, 0x00, 0x00, 0xD6, 0x00, 0x00, 0x06, 0xF1, 0x00, 0x00, 0x09, 0xCC,
    0xED, 0xC8, 0x00, 0x0B, 0xA0, 0x00, 0x00, 0x05, 0x67, 0xFA, 0x64, 0x00, 0x2F, 0x60, 0x00, 0x00,
    0x00, 0x06, 0xF6, 0x00, 0x00, 0x9F, 0x60, 0x00, 0x00, 0x00, 0x0C, 0xFA, 0xA0, 0x02, 0xFF, 0x65,
    0x60, 0x00, 0x00, 0x4F, 0xEA, 0xF8, 0x0A, 0xDF, 0x68, 0xF3, 0x00, 0x00, 0xC8, 0xD6, 0x86, 0x6F,
    0x3E, 0x60, 0xCD, 0x10, 0x07, 0xE1, 0xD6, 0x04, 0xF7, 0x0E, 0x60, 0x3F, 0xA0, 0x2F, 0x60, 0xD6,
    0x5F, 0x90, 0x0E, 0x60, 0x08, 0xB0, 0x05, 0x00, 0xD6, 0x18, 0x00, 0x0E, 0x60, 0x00, 0x00, 0x00,
    0x00, 0xD6, 0x00, 0x00, 0x0E, 0x60, 0x00, 0x00, 0x00, 0x00, 0xD7, 0x00, 0x00, 0x0F, 0x60, 0x00,
    0x00, 0x00, 0x00, 0xD7, 0x00, 0x00, 0x0F, 0x60, 0x00, 0x00, 0x00, 0x00, 0x74, 0x00, 0x00, 0x08,
    0x40, 0x00, 0x00, 0x00, 0x02, 0x82, 0x00, 0x00, 0x00, 0x42, 0x00, 0x00, 0x00, 0x03, 0xF2, 0x00,
    0x07, 0x60, 0xE7, 0x00, 0x00, 0x00, 0x03, 0xF2, 0x00, 0x0D, 0x90, 0xAB, 0x00, 0x00, 0x00, 0x03,
    0xF2, 0x00, 0x2F, 0x40, 0x6F, 0x20, 0x00, 0x09, 0x9A, 0xF9, 0x92, 0x7E, 0x00, 0x1E, 0x80, 0x00,
    0x09, 0x9C, 0xFA, 0x92, 0xC9, 0x00, 0x06, 0xF3, 0x00, 0x00, 0x0B, 0xF2, 0x03, 0xF4, 0x00, 0x00,
    0xDD, 0x20, 0x00, 0x1F, 0xF6, 0x2B, 0xC0, 0x68, 0x20, 0x3E, 0xE2, 0x00, 0x7F, 0xFD, 0xC7, 0x30,
    0xAE, 0x10, 0x03, 0x30, 0x00, 0xDB, 0xF4, 0xE6, 0x00, 0xE7, 0x00, 0x00, 0x00, 0x07, 0xF5, 0xF2,
    0x7B, 0x04, 0xE1, 0x02, 0x30, 0x00, 0x2E, 0x93, 0xF2, 0x00, 0x0A, 0x90, 0x0B, 0xC0, 0x00, 0x2B,
    0x13, 0xF2, 0x00, 0x1F, 0x30, 0x04, 0xF5, 0x00, 0x00, 0x03, 0xF2, 0x00, 0x9C, 0x00, 0x01, 0xDC,
    0x00, 0x00, 0x03, 0xF2, 0x04, 0xFD, 0xBD, 0xEF, 0xFF, 0x40, 0x00, 0x03, 0xF3, 0x01, 0xEB, 0x75,
    0x31, 0x0D, 0x90, 0x00, 0x03, 0xA2, 0x00, 0x00, 0x00, 0x00, 0x03, 0x00, 0x00, 0x01, 0x11, 0x11,
    0x11, 0x11, 0x11, 0x10, 0x00, 0x00, 0x0B, 0xFF, 0xFF, 0xFF, 0xFF, 0xFF, 0xE0, 0x00, 0x00, 0x0B,
    0xB0, 0x00, 0x8C, 0x00, 0x06, 0xE0, 0x00, 0x00, 0x0B, 0xB0, 0x00, 0x8C, 0x00, 0x06, 0xE0, 0x00,
    0x00, 0x0A, 0xFE, 0xEE, 0xEF, 0xEE, 0xEE, 0xE0, 0x00, 0x00, 0x0B, 0xB2, 0x22, 0x9C, 0x22, 0x28,
    0xE0, 0x00, 0x00, 0x0B, 0xB0, 0x00, 0x8C, 0x00, 0x06, 0xE0, 0x00, 0x00, 0x0B, 0xFE, 0xEE, 0xFF,
    0xEE, 0xEF, 0xE0, 0x00, 0x00, 0x01, 0x22, 0x22, 0x9C, 0x22, 0x22, 0x20, 0x00, 0x08, 0xAA, 0x99,
    0x99, 0xDE, 0x99, 0x99, 0x9A, 0x70, 0x07, 0x88, 0x88, 0xBF, 0xCD, 0xBE, 0x88, 0x89, 0x60, 0x00,
    0x00, 0x03, 0xE7, 0x8C, 0x2F, 0x60, 0x00, 0x00, 0x00, 0x00, 0x6E, 0xA0, 0x8C, 0x07, 0xF8, 0x00,
    0x00, 0x00, 0x4C, 0xF9, 0x00, 0x8C, 0x00, 0x7F, 0xE8, 0x30, 0x0A, 0xFD, 0x40, 0x00, 0x9C, 0x00,
    0x02, 0xBF, 0xA0, 0x03, 0x60, 0x00, 0x00, 0x9C, 0x00, 0x00, 0x02, 0x20, 0x00, 0x00, 0x00, 0x00,
    0x46, 0x00, 0x00, 0x00, 0x00, 0x00, 0x02, 0x61, 0x00, 0x05, 0x20, 0x05, 0x50, 0x00, 0x00, 0x05,
    0xF2, 0x00, 0x0D, 0x80, 0x0D, 0xB0, 0x00, 0x00, 0x04, 0xF1, 0x00, 0x06, 0xD0, 0x4F, 0x30, 0x00,
    0x00, 0x04, 0xF1, 0x02, 0x66, 0x65, 0xBD, 0x56, 0x40, 0x09, 0x9A, 0xF9, 0x93, 0xCC, 0xCE, 0xEC,
    0xCC, 0x90, 0x09, 0x9D, 0xF9, 0x90, 0x00, 0x08, 0xC0, 0x00, 0x00, 0x00, 0x0C, 0xF1, 0x00, 0x00,
    0x08, 0xC0, 0x00, 0x00, 0x00, 0x2F, 0xF4, 0x10, 0x78, 0x7B, 0xD7, 0x78, 0x20, 0x00, 0x8F, 0xFD,
    0xA0, 0x9A, 0xAD, 0xEA, 0xAA, 0x30, 0x01, 0xE9, 0xF5, 0xF5, 0x00, 0x08, 0xC0, 0x00, 0x00, 0x09,
    0xD4, 0xF1, 0x82, 0x00, 0x08, 0xC0, 0x00, 0x00, 0x3F, 0x64, 0xF1, 0x07, 0x87, 0x7B, 0xD7, 0x77,
    0x81, 0x08, 0x04, 0xF1, 0x09, 0xBA, 0xAD, 0xEA, 0xAA, 0xB2, 0x00, 0x04, 0xF1, 0x00, 0x00, 0x08,
    0xC0, 0x00, 0x00, 0x00, 0x04, 0xF1, 0x00, 0x00, 0x08, 0xC0, 0x00, 0x00, 0x00, 0x05, 0xF2, 0x00,
    0x00, 0x08, 0xC0, 0x00, 0x00, 0x00, 0x03, 0x91, 0x00, 0x00, 0x05, 0x90, 0x00, 0x00, 0x00, 0x00,
    0x00, 0x00, 0x00, 0x05, 0x50, 0x00, 0x00, 0x00, 0x8C, 0xCC, 0xCC, 0x90, 0x0C, 0xC0, 0x00, 0x00,
    0x00, 0xAB, 0x33, 0x39, 0xB0, 0x1F, 0x60, 0x00, 0x00, 0x00, 0x9C, 0x55, 0x5A, 0xB0, 0x5F, 0x76,
    0x66, 0x61, 0x00, 0x9D, 0xAA, 0xAC, 0xB0, 0xBD, 0xAA, 0xAC, 0xF1, 0x00, 0xAA, 0x00, 0x07, 0xB2,
    0xF5, 0x00, 0x0A, 0xB0, 0x00, 0xAE, 0xBB, 0xBD, 0xB9, 0xD0, 0x66, 0x0E, 0x60, 0x00, 0x3D, 0xB4,
    0x44, 0x32, 0x50, 0xCA, 0x06, 0x20, 0x00, 0x7F, 0x97, 0x77, 0x74, 0x00, 0xC9, 0x00, 0x00, 0x07,
    0xF9, 0x8E, 0xA8, 0xC9, 0x00, 0xDA, 0x00, 0x00, 0x2D, 0xC2, 0x2F, 0x30, 0xA8, 0x01, 0xFD, 0x00,
    0x00, 0x00, 0xE4, 0x9F, 0xB0, 0xB7, 0x05, 0xDE, 0x30, 0x00, 0x00, 0xFA, 0xE3, 0xC6, 0xC7, 0x0B,
    0x9A, 0xA0, 0x00, 0x00, 0xF6, 0x63, 0x20, 0xD6, 0x4F, 0x33, 0xF4, 0x00, 0x00, 0xDD, 0xDE, 0x45,
    0xF5, 0xD9, 0x00, 0x9E, 0x40, 0x00, 0x00, 0x00, 0x4F, 0x9A, 0xD1, 0x00, 0x1B, 0xB0, 0x00, 0x00,
    0x00, 0x01, 0x01, 0x20, 0x00, 0x01, 0x10, 0x00, 0x10, 0x00, 0x00, 0x00, 0x00, 0x00, 0x01, 0x00,
    0x00, 0xBF, 0xFF, 0xFF, 0xFF, 0xFF, 0xFF, 0xFF, 0x00, 0x00, 0x34, 0x44, 0x44, 0x8F, 0x44, 0x44,
    0x44, 0x00, 0x00, 0x00, 0x00, 0x00, 0x5F, 0x10, 0x00, 0x00, 0x00, 0x00, 0x00, 0x00, 0x00, 0x5F,
    0x10, 0x00, 0x00, 0x00, 0x00, 0x04, 0xC3, 0x00, 0x5F, 0x10, 0x00, 0x00, 0x00, 0x00, 0x04, 0xF3,
    0x00, 0x5F, 0x55, 0x55, 0x53, 0x00, 0x00, 0x04, 0xF3, 0x00, 0x5F, 0xDD, 0xDD, 0xD9, 0x00, 0x00,
    0x04, 0xF3, 0x00, 0x5F, 0x10, 0x00, 0x00, 0x00, 0x00, 0x04, 0xF3, 0x00, 0x5F, 0x10, 0x00, 0x00,
    0x00, 0x00, 0x04, 0xF3, 0x00, 0x5F, 0x10, 0x00, 0x00, 0x00, 0x00, 0x04, 0xF3, 0x00, 0x5F, 0x10,
    0x00, 0x00, 0x00, 0x00, 0x04, 0xF3, 0x00, 0x5F, 0x10, 0x00, 0x00, 0x00, 0x07, 0x79, 0xF8, 0x66,
    0x9F, 0x76, 0x66, 0x77, 0x40, 0x0D, 0xDD, 0xDD, 0xDD, 0xDD, 0xDD, 0xDD, 0xDD, 0x80, 0x00, 0x00,
    0x00, 0x00, 0x05, 0x20, 0x00, 0x00, 0x00, 0x00, 0x00, 0x00, 0x00, 0x0F, 0x70, 0x00, 0x00, 0x00,
    0x00, 0x00, 0x2A, 0x20, 0x0E, 0x60, 0x00, 0x00, 0x00, 0x00, 0x00, 0x2F, 0x30, 0x0E, 0xFE, 0xEE,
    0xF9, 0x00, 0x00, 0x00, 0x2F, 0x30, 0x0E, 0x83, 0x33, 0x32, 0x00, 0x00, 0x00, 0x2F, 0x30, 0x0E,
    0x60, 0x00, 0x00, 0x00, 0x05, 0x77, 0x8F, 0x87, 0x7E, 0xA7, 0x77, 0x77, 0x71, 0x09, 0xCC, 0xBB,
    0xBB, 0xBB, 0xBB, 0xBB, 0xBB, 0xC2, 0x00, 0x00, 0x00, 0x00, 0x0B, 0x50, 0x00, 0x00, 0x00, 0x00,
    0x00, 0x08, 0xC1, 0x0E, 0x70, 0x00, 0x17, 0x00, 0x00, 0x00, 0x6F, 0x80, 0x0E, 0x60, 0x00, 0xBF,
    0x40, 0x00, 0x05, 0xF7, 0x00, 0x0E, 0x60, 0x0A, 0xF5, 0x00, 0x00, 0x7F, 0x70, 0x00, 0x0E, 0x61,
    0xBF, 0x50, 0x00, 0x00, 0x67, 0x00, 0x00, 0x0E, 0xAE, 0xD3, 0x00, 0x00, 0x00, 0x00, 0x00, 0x13,
    0x8F, 0xE8, 0x10, 0x00, 0x00, 0x03, 0x9A, 0xBD, 0xFF, 0xC7, 0x10, 0x00, 0x00, 0x00, 0x00, 0xBA,
    0x96, 0x41, 0x00, 0x00, 0x00, 0x00, 0x00, 0x00, 0x00, 0x00, 0x00, 0x05, 0x30, 0x00, 0x00, 0x00,
    0x00, 0xE9, 0x00, 0x00, 0x0E, 0x90, 0x00, 0x00, 0x00, 0x00, 0xE8, 0x00, 0x00, 0x0D, 0x90, 0x00,
    0x00, 0x00, 0x00, 0xD8, 0x00, 0x00, 0x0D, 0x80, 0x00, 0x17, 0x00, 0x00, 0xD8, 0x00, 0x00, 0x0D,
    0x80, 0x03, 0xDF, 0x50, 0x00, 0xD8, 0x00, 0x00, 0x0D, 0x81, 0x9F, 0xD4, 0x00, 0x00, 0xDE, 0xDD,
    0xDE, 0x1D, 0xDE, 0xD6, 0x00, 0x00, 0x00, 0xDB, 0x77, 0x88, 0x1D, 0xD6, 0x00, 0x00, 0x00, 0x00,
    0xD8, 0x00, 0x00, 0x0D, 0x80, 0x00, 0x00, 0x00, 0x00, 0xD8, 0x00, 0x00, 0x0D, 0x80, 0x00, 0x00,
    0x00, 0x00, 0xD8, 0x00, 0x00, 0x0D, 0x80, 0x00, 0x00, 0x00, 0x00, 0xD8, 0x00, 0x05, 0x1D, 0x80,
    0x00, 0x00, 0x00, 0x00, 0xD8, 0x04, 0xCF, 0x3D, 0x80, 0x00, 0x04, 0x10, 0x00, 0xEB, 0xCF, 0xB4,
    0x0D, 0x80, 0x00, 0x0E, 0xC0, 0x03, 0xFF, 0xB4, 0x00, 0x0C, 0xD5, 0x44, 0x8F, 0x70, 0x00, 0x95,
    0x00, 0x00, 0x05, 0xEF, 0xFF, 0xFB, 0x10, 0x00, 0x00, 0x49, 0x20, 0x00, 0x00, 0x00, 0x00, 0x00,
    0x00, 0x00, 0xBE, 0x10, 0x00, 0x00, 0x00, 0x00, 0x00, 0x00, 0x03, 0xFE, 0xCC, 0xCC, 0xCC, 0xCC,
    0xD9, 0x00, 0x00, 0x0C, 0xD5, 0x55, 0x55, 0x55, 0x55, 0x54, 0x00, 0x00, 0x7F, 0x51, 0x11, 0x11,
    0x11, 0x11, 0x10, 0x00, 0x04, 0xF9, 0x5F, 0xFF, 0xFF, 0xFF, 0xFF, 0x50, 0x00, 0x05, 0xB1, 0x12,
    0x11, 0x11, 0x11, 0x12, 0x10, 0x00, 0x00, 0x23, 0x33, 0x33, 0x33, 0x33, 0x33, 0x00, 0x00, 0x00,
    0x9F, 0xEE, 0xEE, 0xEE, 0xEE, 0xFE, 0x00, 0x00, 0x00, 0x00, 0x00, 0x00, 0x00, 0x00, 0x8E, 0x00,
    0x00, 0x00, 0x00, 0x00, 0x00, 0x00, 0x00, 0x8D, 0x00, 0x00, 0x00, 0x00, 0x00, 0x00, 0x00, 0x00,
    0x8E, 0x00, 0x00, 0x00, 0x00, 0x00, 0x00, 0x00, 0x00, 0x7F, 0x11, 0x10, 0x00, 0x00, 0x00, 0x00,
    0x00, 0x00, 0x4F, 0x54, 0xD2, 0x00, 0x00, 0x00, 0x00, 0x00, 0x00, 0x0E, 0xBA, 0xE0, 0x00, 0x00,
    0x00, 0x00, 0x00, 0x00, 0x07, 0xFF, 0x70, 0x00, 0x00, 0x00, 0x00, 0x00, 0x00, 0x00, 0x78, 0x00,
    0x00, 0x00, 0x00, 0x00, 0x76, 0x00, 0x00, 0x00, 0x00, 0x00, 0x00, 0x00, 0x00, 0xCA, 0x00, 0x00,
    0x00, 0x00, 0x00, 0x00, 0x00, 0x00, 0xCA, 0x00, 0x00, 0x00, 0x00, 0x00, 0x00, 0x00, 0x00, 0xCB,
    0x00, 0x00, 0x20, 0x00, 0x01, 0x11, 0x11, 0x10, 0xCD, 0x00, 0x02, 0xE8, 0x00, 0x0C, 0xFF, 0xFF,
    0xF1, 0xCF, 0x20, 0x1C, 0xE5, 0x00, 0x04, 0x43, 0x3B, 0xC0, 0xCF, 0xA2, 0xCD, 0x20, 0x00, 0x00,
    0x00, 0x0E, 0x80, 0xCC, 0xFE, 0xC1, 0x00, 0x00, 0x00, 0x00, 0x4F, 0x30, 0xCA, 0xBE, 0x10, 0x00,
    0x00, 0x00, 0x00, 0xBC, 0x00, 0xCA, 0x3F, 0x60, 0x00, 0x00, 0x00, 0x04, 0xF5, 0x00, 0xCA, 0x08,
    0xF4, 0x00, 0x00, 0x00, 0x2E, 0xC0, 0x00, 0xCA, 0x00, 0xCE, 0x50, 0x00, 0x02, 0xCE, 0x20, 0x00,
    0xCA, 0x00, 0x1C, 0xF9, 0x20, 0x1D, 0xF4, 0x00, 0x00, 0xCA, 0x00, 0x01, 0xAF, 0xC1, 0x03, 0x50,
    0x00, 0x00, 0xCA, 0x00, 0x00, 0x05, 0x10, 0x00, 0x00, 0x00, 0x7B, 0xF8, 0x00, 0x00, 0x00, 0x00,
    0x00, 0x00, 0x00, 0x5C, 0x70, 0x00, 0x00, 0x00, 0x00, 0x00, 0x00, 0x00, 0x00, 0x00, 0x00, 0x00,
    0x00, 0x00, 0x00, 0xAA, 0x10, 0x00, 0x00, 0x00, 0x00, 0x00, 0x00, 0x00, 0x6E, 0xE5, 0x8E, 0xDD,
    0xDD, 0xDE, 0xEF, 0x20, 0x00, 0x02, 0xC4, 0x58, 0x77, 0xCE, 0x77, 0x88, 0x10, 0x00, 0x00, 0x00,
    0x00, 0x00, 0x9D, 0x00, 0x00, 0x00, 0x04, 0x00, 0x00, 0x00, 0x00, 0x9D, 0x00, 0x00, 0x00, 0x2F,
    0xD7, 0x10, 0x00, 0x00, 0x9D, 0x00, 0x00, 0x00, 0x04, 0xCF, 0x50, 0x00, 0x00, 0x9D, 0x00, 0x00,
    0x00, 0x00, 0x05, 0x00, 0x00, 0x00, 0x9D, 0x00, 0x00, 0x00, 0x00, 0x00, 0x10, 0x00, 0x00, 0x9D,
    0x00, 0x00, 0x00, 0x00, 0x02, 0xE7, 0x00, 0x00, 0x9D, 0x00, 0x00, 0x00, 0x00, 0x08, 0xF3, 0x00,
    0x00, 0x9D, 0x00, 0x00, 0x00, 0x00, 0x1E, 0xA0, 0x00, 0x00, 0x9D, 0x00, 0x00, 0x00, 0x00, 0x7F,
    0x30, 0x00, 0x00, 0x9D, 0x00, 0x00, 0x00, 0x01, 0xEC, 0x07, 0xBB, 0xBB, 0xDF, 0xBB, 0xBB, 0xB0,
    0x0A, 0xF6, 0x06, 0xAA, 0xAA, 0xAA, 0xAA, 0xAA, 0xA0, 0x01, 0x81, 0x00, 0x00, 0x00, 0x00, 0x00,
    0x00, 0x00, 0x00, 0x03, 0x00, 0x00, 0x00, 0x00, 0x00, 0x00, 0x00, 0x00, 0x6F, 0x70, 0x01, 0xAA,
    0xAA, 0xAA, 0x10, 0x00, 0x00, 0x07, 0xFB, 0x11, 0xF9, 0x77, 0x9F, 0x10, 0x00, 0x00, 0x00, 0x5D,
    0x32, 0xF2, 0x00, 0x4F, 0x10, 0x00, 0x01, 0x30, 0x00, 0x04, 0xF1, 0x00, 0x4F, 0x10, 0x00, 0x09,
    0xF6, 0x00, 0x0A, 0xB0, 0x00, 0x4F, 0x41, 0x20, 0x00, 0x8F, 0x91, 0x9F, 0x30, 0x00, 0x1E, 0xFF,
    0xC0, 0x00, 0x07, 0x81, 0xB5, 0x00, 0x00, 0x00, 0x22, 0x10, 0x00, 0x00, 0x00, 0x2B, 0xBA, 0xAA,
    0xAA, 0xA2, 0x00, 0x00, 0x00, 0x51, 0x18, 0xF8, 0x66, 0x6C, 0xD0, 0x00, 0x00, 0x01, 0xE8, 0x00,
    0xBA, 0x00, 0x2F, 0x50, 0x00, 0x00, 0x07, 0xE1, 0x00, 0x4F, 0x50, 0xBB, 0x00, 0x00, 0x00, 0x1E,
    0x80, 0x00, 0x07, 0xEA, 0xE2, 0x00, 0x00, 0x00, 0x8E, 0x10, 0x00, 0x02, 0xEF, 0xA1, 0x00, 0x00,
    0x03, 0xF9, 0x00, 0x04, 0x9F, 0xB6, 0xDE, 0x82, 0x00, 0x07, 0xF2, 0x05, 0xFF, 0xC5, 0x00, 0x18,
    0xEF, 0x90, 0x00, 0x20, 0x00, 0x83, 0x00, 0x00, 0x00, 0x17, 0x20, 0x00, 0x00, 0x00, 0x00, 0x04,
    0x50, 0x00, 0x00, 0x00, 0x00, 0xAA, 0x10, 0x00, 0x08, 0xF6, 0x00, 0x00, 0x00, 0x00, 0x5E, 0xC1,
    0x00, 0x00, 0x9E, 0x10, 0x00, 0x00, 0x00, 0x03, 0xD2, 0x56, 0x66, 0x68, 0x66, 0x67, 0x20, 0x00,
    0x00, 0x00, 0xAD, 0xCC, 0xEE, 0xCC, 0xCD, 0x30, 0x01, 0x20, 0x00, 0x00, 0x00, 0x9C, 0x00, 0x00,
    0x00, 0x08, 0xF7, 0x00, 0x00, 0x00, 0x9C, 0x00, 0x00, 0x00, 0x01, 0x8F, 0xA0, 0x00, 0x00, 0x9C,
    0x00, 0x00, 0x00, 0x00, 0x05, 0x30, 0x16, 0x55, 0xBD, 0x55, 0x56, 0x00, 0x00, 0x00, 0x00, 0x3E,
    0xDD, 0xEF, 0xDD, 0xDD, 0x00, 0x00, 0x00, 0xB2, 0x00, 0x00, 0x9C, 0x00, 0x00, 0x00, 0x00, 0x06,
    0xF3, 0x00, 0x00, 0x9C, 0x00, 0x00, 0x00, 0x00, 0x0D, 0xA0, 0x00, 0x00, 0x9C, 0x00, 0x00, 0x00,
    0x00, 0x7F, 0x20, 0x00, 0x00, 0x9C, 0x00, 0x00, 0x00, 0x02, 0xE9, 0x00, 0x00, 0x00, 0x9C, 0x00,
    0x01, 0x10, 0x0C, 0xF2, 0x08, 0xFF, 0xFF, 0xFF, 0xFF, 0xFF, 0xF1, 0x03, 0x80, 0x02, 0x33, 0x33,
    0x33, 0x33, 0x34, 0x40, 0x00, 0x00, 0x00, 0x00, 0x00, 0x28, 0x20, 0x00, 0x00, 0x00, 0x84, 0x00,
    0x07, 0x60, 0x3F, 0x40, 0x00, 0x00, 0x01, 0xAF, 0x80, 0x0E, 0x90, 0x3F, 0x40, 0x00, 0x00, 0x00,
    0x08, 0xF4, 0x2F, 0xA7, 0x8F, 0x97, 0x78, 0x10, 0x00, 0x00, 0x30, 0x8F, 0x99, 0xAF, 0xA9, 0x9A,
    0x20, 0x02, 0x00, 0x00, 0xEA, 0x00, 0x3F, 0x40, 0x00, 0x00, 0x1E, 0xC4, 0x00, 0x22, 0x00, 0x3F,
    0x40, 0x00, 0x00, 0x03, 0xBF, 0x63, 0x55, 0x55, 0x6F, 0x75, 0x55, 0x50, 0x00, 0x06, 0x17, 0xCB,
    0xDF, 0xBB, 0xFC, 0xBC, 0xB0, 0x00, 0x00, 0x00, 0x00, 0x7E, 0x01, 0xF3, 0x00, 0x00, 0x00, 0x09,
    0x50, 0x00, 0x9C, 0x01, 0xF3, 0x00, 0x00, 0x00, 0x1E, 0x90, 0x00, 0xBA, 0x01, 0xF3, 0x00, 0x00,
    0x00, 0x6F, 0x30, 0x01, 0xF6, 0x01, 0xF3, 0x00, 0x00, 0x00, 0xCC, 0x00, 0x08, 0xF2, 0x01, 0xF3,
    0x02, 0x61, 0x04, 0xF6, 0x00, 0x5F, 0x80, 0x01, 0xF4, 0x05, 0xF2, 0x0B, 0xF1, 0x1A, 0xFA, 0x00,
    0x00, 0xDF, 0xDF, 0xB0, 0x01, 0x50, 0x04, 0x60, 0x00, 0x00, 0x13, 0x33, 0x00, 0x00, 0x00, 0x67,
    0x00, 0x00, 0x00, 0x00, 0x00, 0x00, 0x00, 0x00, 0x9C, 0x01, 0x32, 0x22, 0x22, 0x22, 0x31, 0x00,
    0x00, 0x9A, 0x03, 0xFF, 0xFF, 0xFF, 0xFF, 0xF4, 0x00, 0x00, 0x9A, 0x00, 0x11, 0x11, 0xAC, 0x11,
    0x10, 0x04, 0x80, 0x99, 0x09, 0x20, 0x00, 0x9C, 0x00, 0x00, 0x08, 0xC0, 0xAA, 0xAF, 0x60, 0x00,
    0x9C, 0x00, 0x00, 0x09, 0x90, 0xBF, 0xD3, 0x00, 0x00, 0x9C, 0x00, 0x00, 0x0C, 0x70, 0xBB, 0x10,
    0x00, 0x00, 0x9C, 0x00, 0x00, 0x0F, 0x50, 0xD7, 0x00, 0x00, 0x00, 0x9C, 0x00, 0x00, 0x01, 0x10,
    0xF5, 0x00, 0x00, 0x00, 0x9C, 0x00, 0x00, 0x00, 0x04, 0xFD, 0x20, 0x00, 0x00, 0x9C, 0x00, 0x00,
    0x00, 0x08, 0xEC, 0xD2, 0x00, 0x00, 0x9C, 0x00, 0x00, 0x00, 0x0D, 0x81, 0xDD, 0x20, 0x00, 0x9C,
    0x00, 0x00, 0x00, 0x6F, 0x20, 0x3F, 0xC0, 0x00, 0x9C, 0x00, 0x00, 0x02, 0xE9, 0x00, 0x06, 0x40,
    0x00, 0xAC, 0x00, 0x00, 0x1D, 0xE1, 0x00, 0x00, 0x00, 0x7E, 0xFA, 0x00, 0x00, 0x04, 0x50, 0x00,
    0x00, 0x00, 0x3C, 0x82, 0x00, 0x00, 0x00, 0x00, 0x00, 0x02, 0x93, 0x00, 0x00, 0x00, 0x00, 0x00,
    0x00, 0x00, 0x03, 0xF4, 0x00, 0x00, 0x00, 0x00, 0x00, 0x00, 0x00, 0x03, 0xF8, 0x55, 0x55, 0x55,
    0x10, 0x00, 0x00, 0x00, 0x03, 0xFE, 0xDD, 0xDD, 0xEE, 0x20, 0x00, 0x00, 0x00, 0x03, 0xF4, 0x00,
    0x00, 0x00, 0x00, 0x00, 0x01, 0x11, 0x14, 0xF5, 0x11, 0x11, 0x10, 0x00, 0x00, 0x0A, 0xFF, 0xFF,
    0xFF, 0xFF, 0xFF, 0xA0, 0x00, 0x00, 0x0A, 0xD2, 0x22, 0x22, 0x22, 0x2C, 0xA0, 0x00, 0x00, 0x0A,
    0xD0, 0x00, 0x00, 0x00, 0x0C, 0xA0, 0x00, 0x00, 0x0A, 0xD0, 0x00, 0x00, 0x00, 0x0C, 0xA0, 0x00,
    0x00, 0x0A, 0xE8, 0x88, 0x88, 0x88, 0x8D, 0xA0, 0x00, 0x00, 0x07, 0xAA, 0xAA, 0xAA, 0xAA, 0xAA,
    0x70, 0x00, 0x00, 0x45, 0x00, 0x10, 0x00, 0x20, 0x00, 0x21, 0x00, 0x00, 0xBE, 0x03, 0xE2, 0x03,
    0xF4, 0x01, 0xE8, 0x00, 0x03, 0xF7, 0x01, 0xE8, 0x00, 0xCC, 0x00, 0x8F, 0x30, 0x0B, 0xE1, 0x00,
    0x9E, 0x00, 0x5F, 0x50, 0x1E, 0xC0, 0x05, 0x60, 0x00, 0x34, 0x00, 0x06, 0x10, 0x05, 0x50, 0x00,
    0x00, 0x00, 0x00, 0x00, 0x00, 0x02, 0x52, 0x00, 0x00, 0x55, 0x55, 0x67, 0x79, 0xAC, 0xEF, 0xFA,
    0x00, 0x00, 0x9D, 0xDC, 0xA9, 0xC7, 0x65, 0x48, 0x50, 0x00, 0x00, 0x04, 0xE3, 0x03, 0xF5, 0x00,
    0x1E, 0xA0, 0x00, 0x00, 0x00, 0xBD, 0x00, 0x9E, 0x10, 0x7D, 0x10, 0x00, 0x04, 0x88, 0x9B, 0x88,
    0x9B, 0x88, 0xFB, 0x88, 0x50, 0x07, 0xF7, 0x77, 0x7A, 0x77, 0x77, 0x77, 0x7E, 0x80, 0x07, 0xE0,
    0x00, 0x0D, 0x90, 0x00, 0x00, 0x0C, 0x80, 0x01, 0x3B, 0xBA, 0xBF, 0xCA, 0xAA, 0xAA, 0xB4, 0x00,
    0x00, 0x16, 0x66, 0xEB, 0x66, 0x66, 0x66, 0x62, 0x00, 0x00, 0x00, 0x09, 0xD1, 0x00, 0x00, 0x00,
    0x00, 0x00, 0x00, 0x00, 0x7F, 0xFF, 0xFF, 0xFF, 0xFE, 0x20, 0x00, 0x00, 0x09, 0xE4, 0x9C, 0x10,
    0x05, 0xF4, 0x00, 0x00, 0x04, 0xCD, 0x30, 0x0A, 0xC2, 0x7E, 0x50, 0x00, 0x00, 0x1C, 0xA1, 0x00,
    0x01, 0xCF, 0xF6, 0x00, 0x00, 0x00, 0x00, 0x06, 0x79, 0xCF, 0xC8, 0xBF, 0xFD, 0xCB, 0x40, 0x00,
    0x08, 0xB9, 0x62, 0x00, 0x01, 0x47, 0x99, 0x00, 0x00, 0x00, 0x00, 0x00, 0xA7, 0x00, 0x00, 0x00,
    0x00, 0x00, 0x00, 0x00, 0x00, 0xFA, 0x00, 0x00, 0x00, 0x00, 0x0A, 0xDD, 0xDD, 0xDD, 0xFE, 0xDD,
    0xDD, 0xDE, 0x80, 0x04, 0x55, 0x55, 0x55, 0xFA, 0x55, 0x55, 0x65, 0x30, 0x00, 0x50, 0x07, 0x50,
    0xF8, 0x19, 0x36, 0xD2, 0x00, 0x03, 0xDC, 0x8F, 0x80, 0xF7, 0x18, 0xFF, 0x80, 0x00, 0x00, 0x1D,
    0xFA, 0x00, 0xF7, 0x06, 0xFF, 0xD3, 0x00, 0x05, 0xDD, 0x8E, 0x90, 0xF6, 0x6F, 0x71, 0xB8, 0x00,
    0x06, 0x91, 0x05, 0x01, 0xF8, 0x04, 0x20, 0x52, 0x00, 0x00, 0x9B, 0x8F, 0x44, 0xFB, 0x09, 0xE8,
    0xF7, 0x00, 0x00, 0x2D, 0xF9, 0x08, 0xFF, 0x20, 0x8F, 0xD1, 0x00, 0x01, 0xAF, 0xBF, 0x3E, 0xBD,
    0xA9, 0xFA, 0xEC, 0x00, 0x0A, 0xD3, 0x02, 0x9F, 0x35, 0xF9, 0x40, 0x24, 0x00, 0x00, 0x10, 0x09,
    0xF7, 0x00, 0x8F, 0xA2, 0x00, 0x00, 0x00, 0x05, 0xDF, 0x70, 0x00, 0x06, 0xEF, 0xA6, 0x31, 0x19,
    0xEF, 0xC3, 0x00, 0x00, 0x00, 0x18, 0xEF, 0xD1, 0x06, 0xB5, 0x00, 0x00, 0x00, 0x00, 0x00, 0x04,
    0x40, 0x00, 0x00, 0x86, 0x00, 0x00, 0x07, 0x70, 0x00, 0x00, 0x00, 0x00, 0xC8, 0x00, 0x00, 0x0A,
    0xA0, 0x00, 0x00, 0x02, 0x30, 0xC7, 0x00, 0x58, 0x8C, 0xD8, 0x88, 0x30, 0x06, 0xF1, 0xC7, 0x00,
    0x69, 0x9D, 0xD9, 0x99, 0x30, 0x09, 0xC2, 0xC8, 0x21, 0x00, 0x09, 0xA0, 0x00, 0x00, 0x0C, 0xFF,
    0xFF, 0xF5, 0x00, 0x09, 0xA0, 0x00, 0x00, 0x1F, 0x40, 0xC7, 0x03, 0xED, 0xDE, 0xED, 0xDD, 0xE4,
    0x3E, 0x10, 0xC7, 0x01, 0x44, 0x44, 0x49, 0xD4, 0x51, 0x00, 0x00, 0xC7, 0x42, 0x00, 0x00, 0x06,
    0xD0, 0x00, 0x00, 0x02, 0xDF, 0xE4, 0xAA, 0x99, 0x9C, 0xEA, 0xA2, 0x18, 0xCF, 0xFA, 0x10, 0x99,
    0x88, 0x8B, 0xE9, 0x91, 0x0B, 0xA3, 0xC7, 0x00, 0x02, 0x10, 0x06, 0xD0, 0x00, 0x00, 0x00, 0xC7,
    0x00, 0x1E, 0x80, 0x06, 0xD0, 0x00, 0x00, 0x00, 0xC7, 0x00, 0x08, 0xE0, 0x06, 0xD0, 0x00, 0x00,
    0x00, 0xC7, 0x00, 0x02, 0x50, 0x07, 0xD0, 0x00, 0x00, 0x00, 0xC8, 0x00, 0x00, 0x04, 0xAD, 0xB0,
    0x00, 0x00, 0x00, 0xA7, 0x00, 0x00, 0x01, 0xC9, 0x20, 0x00, 0x00, 0x00, 0x01, 0x30, 0x06, 0x30,
    0x07, 0x30, 0x00, 0x03, 0xD3, 0x09, 0xD0, 0x0D, 0x70, 0x0E, 0x50, 0x00, 0x00, 0x9E, 0x8E, 0x41,
    0x0D, 0x80, 0x0E, 0x50, 0x10, 0x00, 0x0C, 0xF5, 0x7F, 0xFF, 0xFF, 0xFF, 0xFF, 0xF1, 0x00, 0x6F,
    0xF3, 0x12, 0x1D, 0x81, 0x1E, 0x61, 0x20, 0x19, 0xF5, 0xC7, 0x00, 0x0D, 0x80, 0x0F, 0x60, 0x00,
    0x0A, 0x40, 0x8A, 0x01, 0x14, 0x31, 0x12, 0x21, 0x10, 0x00, 0x00, 0x8C, 0x09, 0xFF, 0xFF, 0xFF,
    0xFF, 0x50, 0x00, 0x04, 0xFE, 0x08, 0xC2, 0x2C, 0xA2, 0x3F, 0x50, 0x00, 0x3E, 0xAF, 0x08, 0xC0,
    0x0B, 0x90, 0x1F, 0x50, 0x03, 0xE9, 0x3F, 0x18, 0xD4, 0x4C, 0xB4, 0x5F, 0x50, 0x1E, 0xA0, 0x3F,
    0x18, 0xFE, 0xEF, 0xEE, 0xEF, 0x50, 0x03, 0x00, 0x4F, 0x08, 0xC0, 0x0B, 0x90, 0x1F, 0x50, 0x00,
    0x00, 0x7D, 0x08, 0xC0, 0x0B, 0x90, 0x1F, 0x50, 0x00, 0x01, 0xD9, 0x08, 0xE8, 0x8D, 0xC8, 0x9F,
    0x50, 0x00, 0xAE, 0xE2, 0x08, 0xE8, 0x88, 0x88, 0x9F, 0x50, 0x00, 0x88, 0x20, 0x07, 0x90, 0x00,
    0x00, 0x19, 0x40, 0x00, 0x00, 0x00, 0x00, 0x01, 0x10, 0x00, 0x00, 0x00, 0x00, 0x00, 0x00, 0x00,
    0x0A, 0xC0, 0x00, 0x00, 0x00, 0x06, 0x77, 0x77, 0x30, 0x0A, 0xA9, 0x99, 0x99, 0xA0, 0x09, 0xBE,
    0xDB, 0x40, 0x09, 0xA7, 0x7C, 0xC7, 0x80, 0x00, 0x0C, 0x80, 0x00, 0x09, 0x90, 0x0A, 0x90, 0x00,
    0x00, 0x0C, 0x80, 0x0F, 0x39, 0x90, 0x0A, 0x90, 0x00, 0x00, 0x0C, 0x80, 0x1F, 0x39, 0x80, 0x0A,
    0x90, 0x00, 0x01, 0x2C, 0x82, 0x2F, 0x3A, 0x82, 0x2A, 0xA2, 0x20, 0x09, 0xFF, 0xFF, 0x5F, 0x2B,
    0x7C, 0xFF, 0xFF, 0xA0, 0x01, 0x1C, 0x81, 0x3D, 0x1C, 0x60, 0x0A, 0x90, 0x00, 0x00, 0x0C, 0x80,
    0x00, 0x1F, 0x40, 0x0A, 0x90, 0x00, 0x00, 0x0C, 0x80, 0x00, 0x4F, 0x10, 0x0A, 0x90, 0x00, 0x00,
    0x0C, 0x81, 0x30, 0x9B, 0x00, 0x0A, 0x90, 0x00, 0x00, 0x0C, 0xDF, 0x92, 0xF6, 0x00, 0x0A, 0x90,
    0x00, 0x19, 0xEE, 0x93, 0x0B, 0xD0, 0x46, 0x5C, 0xB5, 0x62, 0x0B, 0x71, 0x00, 0xAF, 0x30, 0x7B,
    0xBB, 0xBB, 0xB3, 0x00, 0x00, 0x00, 0x45, 0x00, 0x00, 0x00, 0x00, 0x00, 0x00, 0x00, 0x00, 0x00,
    0x87, 0x00, 0x00, 0x00, 0x00, 0x00, 0x07, 0x60, 0x00, 0xCB, 0x00, 0x00, 0x00, 0x00, 0x00, 0x0D,
    0xD1, 0x00, 0xCB, 0x00, 0x00, 0x00, 0x00, 0x00, 0x2F, 0x70, 0x00, 0xCB, 0x00, 0x00, 0x00, 0x00,
    0x00, 0x8F, 0x76, 0x66, 0xDC, 0x66, 0x66, 0x72, 0x00, 0x01, 0xEE, 0xDD, 0xDD, 0xFE, 0xDD, 0xDD,
    0xE5, 0x00, 0x07, 0xF3, 0x00, 0x00, 0xCB, 0x00, 0x00, 0x00, 0x00, 0x2E, 0xB0, 0x00, 0x00, 0xCB,
    0x00, 0x00, 0x00, 0x00, 0x03, 0x20, 0x00, 0x00, 0xCB, 0x00, 0x00, 0x00, 0x00, 0x00, 0x06, 0xFF,
    0xFF, 0xFF, 0xFF, 0xFF, 0x40, 0x00, 0x00, 0x02, 0x54, 0x44, 0xCC, 0x44, 0x45, 0x10, 0x00, 0x00,
    0x00, 0x00, 0x00, 0xCB, 0x00, 0x00, 0x00, 0x00, 0x00, 0x00, 0x00, 0x00, 0xCB, 0x00, 0x00, 0x00,
    0x00, 0x00, 0x00, 0x00, 0x00, 0xCB, 0x00, 0x00, 0x00, 0x00, 0x05, 0x88, 0x88, 0x88, 0xDD, 0x88,
    0x88, 0x88, 0x40, 0x08, 0xBB, 0xBB, 0xBB, 0xBB, 0xBB, 0xBB, 0xBB, 0x60, 0x00, 0x00, 0x00, 0x05,
    0x90, 0x00, 0x00, 0x00, 0x00, 0x00, 0x00, 0x00, 0x07, 0xE0, 0x00, 0x00, 0x00, 0x00, 0x00, 0x00,
    0x00, 0x07, 0xE0, 0x00, 0x00, 0x00, 0x00, 0x02, 0xAA, 0xAA, 0xAC, 0xFA, 0xAA, 0xAA, 0x60, 0x00,
    0x02, 0xFB, 0x88, 0x8B, 0xF8, 0x88, 0x8E, 0x90, 0x00, 0x02, 0xF7, 0x00, 0x07, 0xE0, 0x00, 0x0D,
    0x90, 0x00, 0x02, 0xF7, 0x00, 0x07, 0xE0, 0x00, 0x0D, 0x80, 0x00, 0x01, 0xFE, 0xDD, 0xDE, 0xFD,
    0xDD, 0xDF, 0x80, 0x00, 0x01, 0xF9, 0x44, 0x49, 0xE4, 0x44, 0x4D, 0x80, 0x00, 0x01, 0xF7, 0x00,
    0x07, 0xE0, 0x00, 0x0D, 0x90, 0x00, 0x02, 0xF7, 0x00, 0x07, 0xE0, 0x00, 0x0D, 0x90, 0x00, 0x02,
    0xFF, 0xEE, 0xEF, 0xFE, 0xEE, 0xEF, 0x90, 0x00, 0x02, 0xF9, 0x44, 0x49, 0xE4, 0x44, 0x44, 0x20,
    0x00, 0x01, 0x94, 0x00, 0x07, 0xE0, 0x00, 0x00, 0x03, 0x30, 0x00, 0x00, 0x00, 0x07, 0xF0, 0x00,
    0x00, 0x08, 0xF2, 0x00, 0x00, 0x00, 0x04, 0xFC, 0x99, 0x99, 0xAF, 0xC0, 0x00, 0x00, 0x00, 0x00,
    0x69, 0x99, 0x99, 0x98, 0x20, 0x00, 0x00, 0x00, 0x00, 0x01, 0x50, 0x09, 0x10, 0x00, 0x00, 0xBB,
    0xBB, 0xBB, 0x34, 0xF3, 0xBD, 0x40, 0x00, 0x00, 0x76, 0x66, 0xBD, 0x00, 0xDF, 0x91, 0x03, 0x00,
    0x00, 0x21, 0x00, 0xD8, 0x00, 0x8E, 0x00, 0xAE, 0x20, 0x00, 0xCD, 0x27, 0xE1, 0x00, 0x1E, 0x9C,
    0xD4, 0x00, 0x00, 0x2D, 0xEF, 0x72, 0x22, 0x27, 0xFB, 0x00, 0x00, 0x00, 0x06, 0xFD, 0xFF, 0xFF,
    0xFF, 0xEF, 0xA2, 0x00, 0x01, 0x8F, 0x81, 0x11, 0x11, 0x11, 0x16, 0xEF, 0xC1, 0x0D, 0xE6, 0x59,
    0x99, 0x99, 0x99, 0x98, 0x18, 0x80, 0x03, 0x20, 0x8F, 0x88, 0x88, 0x88, 0xCC, 0x00, 0x00, 0x00,
    0x00, 0x8F, 0x00, 0x00, 0x00, 0x9C, 0x00, 0x00, 0x00, 0x00, 0x8F, 0x88, 0x88, 0x88, 0xCC, 0x00,
    0x00, 0x00, 0x00, 0x59, 0xA9, 0x99, 0x9D, 0xA8, 0x00, 0x00, 0x00, 0x00, 0x07, 0xE1, 0x00, 0x0D,
    0xC0, 0x00, 0x00, 0x00, 0x00, 0x02, 0xF7, 0x00, 0x4F, 0x40, 0x00, 0x00, 0x05, 0xFE, 0xEE, 0xFF,
    0xFF, 0xFF, 0xEE, 0xEE, 0x90, 0x02, 0x54, 0x44, 0x44, 0x44, 0x44, 0x44, 0x55, 0x30, 0x00, 0x00,
    0x00, 0x08, 0x30, 0x00, 0x00, 0x00, 0x00, 0x00, 0x00, 0x00, 0x2F, 0x80, 0x00, 0x00, 0x00, 0x00,
    0x00, 0x00, 0x00, 0x8D, 0x00, 0x00, 0x00, 0x00, 0x00, 0x00, 0x4B, 0xBB, 0xEE, 0xBB, 0xBB, 0xBB,
    0xB7, 0x00, 0x00, 0x4F, 0x87, 0x77, 0x77, 0x77, 0x77, 0xE9, 0x00, 0x00, 0x4F, 0x20, 0x00, 0x00,
    0x00, 0x00, 0xD8, 0x00, 0x00, 0x4F, 0x20, 0x00, 0x00, 0x00, 0x00, 0xD8, 0x00, 0x00, 0x4F, 0x20,
    0x00, 0x00, 0x00, 0x00, 0xD8, 0x00, 0x00, 0x4F, 0xDC, 0xCC, 0xCC, 0xCC, 0xCC, 0xF8, 0x00, 0x00,
    0x4F, 0x87, 0x77, 0x77, 0x77, 0x77, 0xE8, 0x00, 0x00, 0x4F, 0x20, 0x00, 0x00, 0x00, 0x00, 0xD8,
    0x00, 0x00, 0x4F, 0x20, 0x00, 0x00, 0x00, 0x00, 0xD8, 0x00, 0x00, 0x4F, 0x20, 0x00, 0x00, 0x00,
    0x00, 0xD8, 0x00, 0x00, 0x4F, 0xA9, 0x99, 0x99, 0x99, 0x99, 0xE8, 0x00, 0x00, 0x4F, 0xAA, 0xAA,
    0xAA, 0xAA, 0xAA, 0xE8, 0x00, 0x00, 0x4F, 0x20, 0x00, 0x00, 0x00, 0x00, 0xD9, 0x00, 0x00, 0x38,
    0x10, 0x00, 0x00, 0x00, 0x00, 0x54, 0x00, 0x00, 0x00, 0x42, 0x00, 0x00, 0x15, 0x00, 0x00, 0x00,
    0x00, 0x00, 0xDA, 0x00, 0x00, 0x4F, 0x60, 0x00, 0x00, 0x00, 0x01, 0xF5, 0x00, 0x00, 0x9D, 0x00,
    0x00, 0x00, 0x00, 0x24, 0xF2, 0x22, 0x00, 0xEB, 0x66, 0x66, 0x30, 0x04, 0xFF, 0xFF, 0xFF, 0x15,
    0xFD, 0xDD, 0xDF, 0x60, 0x04, 0xF2, 0x11, 0x5F, 0x0B, 0xB0, 0x00, 0x0D, 0x60, 0x04, 0xF1, 0x00,
    0x5F, 0x4F, 0x40, 0x00, 0x0E, 0x60, 0x04, 0xF1, 0x00, 0x5F, 0x6A, 0x13, 0x00, 0x0E, 0x50, 0x04,
    0xF7, 0x66, 0x9F, 0x00, 0xAD, 0x00, 0x0E, 0x50, 0x04, 0xFC, 0xCC, 0xDF, 0x00, 0x3F, 0x50, 0x0F,
    0x40, 0x04, 0xF1, 0x00, 0x5F, 0x00, 0x0B, 0xC0, 0x0F, 0x40, 0x04, 0xF1, 0x00, 0x5F, 0x00, 0x05,
    0xC1, 0x1F, 0x30, 0x04, 0xF1, 0x00, 0x5F, 0x00, 0x00, 0x00, 0x2F, 0x20, 0x04, 0xF8, 0x77, 0xAF,
    0x00, 0x00, 0x00, 0x3F, 0x10, 0x04, 0xFB, 0xBB, 0xCF, 0x10, 0x00, 0x00, 0x8F, 0x00, 0x04, 0xF1,
    0x00, 0x5F, 0x10, 0x05, 0xDE, 0xF9, 0x00, 0x01, 0x40, 0x00, 0x12, 0x00, 0x01, 0xA8, 0x40, 0x00,
    0x00, 0x49, 0x20, 0x00, 0x00, 0x01, 0x94, 0x00, 0x00, 0x00, 0x9D, 0x00, 0x00, 0x00, 0x01, 0xF6,
    0x00, 0x00, 0x00, 0xEE, 0xCC, 0xC2, 0x00, 0x01, 0xF5, 0x00, 0x00, 0x05, 0xF6, 0x5C, 0xC0, 0x3E,
    0xEE, 0xFF, 0xEE, 0xE0, 0x0C, 0xA0, 0x1F, 0x50, 0x3F, 0x64, 0xF7, 0x4B, 0xB0, 0x3E, 0x30, 0x8D,
    0x00, 0x2F, 0x31, 0xF4, 0x0C, 0x80, 0x02, 0x11, 0xE7, 0x00, 0x2F, 0x31, 0xF4, 0x00, 0x10, 0x2F,
    0xFF, 0xFF, 0xF2, 0x2F, 0xA9, 0xFB, 0x99, 0x10, 0x13, 0x22, 0x25, 0xF2, 0x2F, 0xDD, 0x99, 0xCE,
    0x00, 0x00, 0x00, 0x04, 0xF2, 0x3F, 0x7D, 0x00, 0xAA, 0x00, 0x0D, 0xEE, 0xEE, 0xF2, 0x4F, 0x2F,
    0x30, 0xE5, 0x00, 0x03, 0x33, 0x36, 0xF2, 0x6D, 0x0C, 0x96, 0xE1, 0x00, 0x00, 0x00, 0x04, 0xF2,
    0x9A, 0x04, 0xFE, 0x80, 0x00, 0x5D, 0xDC, 0xCD, 0xF2, 0xD7, 0x00, 0xDF, 0x50, 0x00, 0x25, 0x54,
    0x46, 0xD7, 0xF1, 0x1B, 0xDA, 0xF9, 0x20, 0x00, 0x00, 0x00, 0x2E, 0xA6, 0xED, 0x20, 0x7F, 0xF2,
    0x00, 0x00, 0x00, 0x18, 0x21, 0x91, 0x00, 0x02, 0x60, 0x00, 0x02, 0x22, 0x22, 0x22, 0x22, 0x22,
    0x22, 0x10, 0x00, 0x1F, 0xEE, 0xEE, 0xEF, 0xEE, 0xEE, 0xEF, 0x80, 0x00, 0x0F, 0x70, 0x00, 0x0C,
    0x80, 0x00, 0x0E, 0x70, 0x00, 0x0F, 0x70, 0x00, 0x0C, 0x80, 0x00, 0x0E, 0x70, 0x00, 0x0F, 0xC9,
    0x99, 0x9E, 0xC9, 0x99, 0x9F, 0x70, 0x00, 0x0F, 0xB8, 0x88, 0x88, 0x88, 0x88, 0x88, 0x40, 0x00,
    0x0F, 0x61, 0x22, 0x22, 0x22, 0x22, 0x22, 0x00, 0x00, 0x1F, 0x68, 0xFF, 0xFF, 0xFF, 0xFF, 0xFE,
    0x00, 0x00, 0x2F, 0x58, 0xD0, 0x00, 0x00, 0x00, 0x8E, 0x00, 0x00, 0x3F, 0x48, 0xE7, 0x77, 0x77,
    0x77, 0xBE, 0x00, 0x00, 0x4F, 0x28, 0xEA, 0xAA, 0xAA, 0xAA, 0xCD, 0x00, 0x00, 0x7F, 0x08, 0xD0,
    0x00, 0x00, 0x00, 0x8D, 0x00, 0x00, 0xBC, 0x08, 0xFE, 0xEE, 0xEE, 0xEE, 0xFD, 0x00, 0x01, 0xF8,
    0x08, 0xE3, 0x33, 0x33, 0x33, 0x9D, 0x00, 0x08, 0xF3, 0x08, 0xE8, 0x88, 0x88, 0x88, 0xBD, 0x00,
    0x1B, 0xB0, 0x08, 0xEA, 0xAA, 0xAA, 0xAA, 0xCE, 0x00, 0x00, 0x00, 0x07, 0xA0, 0x00, 0x00, 0x00,
    0x5A, 0x00, 0x00, 0x00, 0x00, 0x00, 0x00, 0x02, 0x36, 0x84, 0x00, 0x00, 0x9A, 0xBB, 0xCC, 0xDE,
    0xFF, 0xFE, 0xDB, 0x00, 0x00, 0x68, 0x76, 0x6A, 0xF3, 0x21, 0x00, 0x00, 0x00, 0x00, 0x07, 0x66,
    0x6B, 0xE6, 0x66, 0x66, 0x62, 0x00, 0x00, 0x0A, 0xAA, 0xAF, 0xCA, 0xAA, 0xAA, 0xB4, 0x00, 0x01,
    0x00, 0x00, 0x3F, 0x20, 0x00, 0x00, 0x01, 0x20, 0x0F, 0xFF, 0xFF, 0xFF, 0xFF, 0xFF, 0xFF, 0xFF,
    0xF4, 0x02, 0x11, 0x15, 0xF5, 0x11, 0x11, 0x11, 0x11, 0x10, 0x00, 0x00, 0x3E, 0xEA, 0xAA, 0xAA,
    0xAA, 0xA2, 0x00, 0x00, 0x03, 0xEF, 0x96, 0x66, 0x66, 0x68, 0xF2, 0x00, 0x00, 0x7F, 0x9F, 0xB9,
    0x99, 0x99, 0x9A, 0xF2, 0x00, 0x1C, 0xF8, 0x0F, 0xA7, 0x77, 0x77, 0x79, 0xF2, 0x00, 0x07, 0x40,
    0x0F, 0x96, 0x66, 0x66, 0x68, 0xF2, 0x00, 0x00, 0x00, 0x0F, 0xB9, 0x99, 0x99, 0x9A, 0xF2, 0x00,
    0x00, 0x00, 0x0F, 0x84, 0x44, 0x44, 0x47, 0xF2, 0x00, 0x00, 0x00, 0x1F, 0xDD, 0xDD, 0xDD, 0xDD,
    0xF2, 0x00, 0x00, 0x00, 0x1C, 0x40, 0x00, 0x00, 0x03, 0xC2, 0x00, 0x00, 0x00, 0x02, 0x70, 0x00,
    0x09, 0x60, 0x00, 0x00, 0x00, 0x00, 0x04, 0xF6, 0x00, 0x1F, 0x70, 0x00, 0x00, 0x03, 0x76, 0x66,
    0xC8, 0x66, 0x8F, 0x66, 0x66, 0x20, 0x04, 0xA9, 0x99, 0x9B, 0xFA, 0x99, 0x99, 0xAA, 0x20, 0x00,
    0x23, 0x33, 0x39, 0xF3, 0x33, 0x33, 0x31, 0x00, 0x00, 0x7C, 0xCC, 0xCF, 0xEC, 0xCC, 0xCC, 0xC4,
    0x00, 0x02, 0x21, 0x11, 0x4F, 0x51, 0x11, 0x11, 0x12, 0x20, 0x0F, 0xFF, 0xFF, 0xFF, 0xFF, 0xFF,
    0xFF, 0xFF, 0xF2, 0x00, 0x00, 0x06, 0xF4, 0x11, 0x11, 0x11, 0x10, 0x00, 0x00, 0x00, 0x6F, 0xEE,
    0xEE, 0xEE, 0xEF, 0xE0, 0x00, 0x00, 0x08, 0xFF, 0x00, 0x00, 0x00, 0x08, 0xE0, 0x00, 0x05, 0xCE,
    0xAF, 0xFF, 0xFF, 0xFF, 0xFF, 0xE0, 0x00, 0x1C, 0xC2, 0x6F, 0x33, 0x33, 0x33, 0x39, 0xE0, 0x00,
    0x01, 0x10, 0x6F, 0xDD, 0xDD, 0xDD, 0xDE, 0xE0, 0x00, 0x00, 0x00, 0x6F, 0x33, 0x33, 0x33, 0x39,
    0xE0, 0x00, 0x00, 0x00, 0x7F, 0xCC, 0xCC, 0xCC, 0xCD, 0xE0, 0x00, 0x00, 0x00, 0x6C, 0x00, 0x00,
    0x00, 0x06, 0xB0, 0x00, 0x00, 0x00, 0x00, 0x00, 0x00, 0x00, 0x00, 0x01, 0x00, 0x01, 0x11, 0x11,
    0x07, 0x77, 0x89, 0xAC, 0xED, 0x10, 0x0D, 0xFF, 0xFB, 0x08, 0xA9, 0x9F, 0x85, 0x42, 0x00, 0x0D,
    0x80, 0x8B, 0x00, 0x00, 0x0F, 0x40, 0x00, 0x00, 0x0C, 0x80, 0x8B, 0x6B, 0xAA, 0xAF, 0xBA, 0xAB,
    0x90, 0x0C, 0xC8, 0xCB, 0x36, 0xF7, 0x6F, 0x86, 0xF7, 0x50, 0x0C, 0xC8, 0xCB, 0x01, 0xF3, 0x0F,
    0x41, 0xF3, 0x00, 0x0C, 0x80, 0x8B, 0x01, 0xF3, 0x0F, 0x41, 0xF3, 0x00, 0x0C, 0x80, 0x8B, 0xCE,
    0xFE, 0xDF, 0xEE, 0xFE, 0xE0, 0x0C, 0xEE, 0xEB, 0x34, 0xF6, 0x4F, 0x64, 0xF6, 0x40, 0x0C, 0x92,
    0x9B, 0x01, 0xF3, 0x0F, 0x41, 0xF3, 0x00, 0x0C, 0x80, 0x8B, 0x11, 0xF4, 0x1F, 0x42, 0xF3, 0x10,
    0x0C, 0xA4, 0xAB, 0xAF, 0xFF, 0xFF, 0xFF, 0xFF, 0xE0, 0x0C, 0xEC, 0xEB, 0x22, 0x11, 0x2F, 0x51,
    0x12, 0x20, 0x0D, 0x80, 0x8B, 0x00, 0x00, 0x0F, 0x40, 0x00, 0x00, 0x0A, 0x60, 0x12, 0x0E, 0xEE,
    0xEF, 0xEE, 0xEE, 0x50, 0x00, 0x00, 0x00, 0x03, 0x22, 0x22, 0x22, 0x22, 0x10, 0x00, 0x04, 0x40,
    0x00, 0x00, 0x00, 0x00, 0x00, 0x00, 0x00, 0x0B, 0xC0, 0x00, 0x00, 0x00, 0x00, 0x00, 0x00, 0x00,
    0x0E, 0x60, 0x00, 0x00, 0x44, 0x44, 0x44, 0x20, 0x00, 0x5F, 0xA9, 0x99, 0xA1, 0xFE, 0xDD, 0xDF,
    0xA0, 0x00, 0xAD, 0x9D, 0xD9, 0x91, 0xE7, 0x00, 0x0C, 0x90, 0x02, 0xF5, 0x0A, 0xA0, 0x00, 0xE7,
    0x00, 0x0C, 0x90, 0x06, 0xB0, 0x0B, 0xA0, 0x00, 0xE7, 0x00, 0x0C, 0x90, 0x00, 0x00, 0x0C, 0x90,
    0x00, 0xE7, 0x00, 0x0C, 0x90, 0x0A, 0xDD, 0xCF, 0xED, 0xD7, 0xE7, 0x00, 0x0C, 0x90, 0x05, 0x66,
    0x7F, 0x86, 0x63, 0xE7, 0x00, 0x0C, 0x90, 0x00, 0x00, 0x5F, 0x20, 0x00, 0xE7, 0x00, 0x0C, 0x90,
    0x00, 0x00, 0xAF, 0xC2, 0x00, 0xE7, 0x00, 0x0C, 0x90, 0x00, 0x03, 0xF6, 0xBD, 0x30, 0xEC, 0xAA,
    0xAE, 0x90, 0x00, 0x0B, 0xD0, 0x0B, 0xE2, 0xEB, 0x77, 0x7D, 0x90, 0x00, 0x6F, 0x40, 0x01, 0x91,
    0xF7, 0x00, 0x0C, 0xA0, 0x04, 0xF7, 0x00, 0x00, 0x00, 0xA4, 0x00, 0x04, 0x40, 0x00, 0x60, 0x00,
    0x00, 0x00, 0x00, 0x00, 0x00, 0x00, 0x06, 0x65, 0x55, 0x64, 0x9C, 0xBB, 0xBB, 0xB4, 0x00, 0x0B,
    0xBD, 0xEA, 0xB8, 0x46, 0x55, 0x56, 0xF4, 0x00, 0x00, 0x0A, 0xA0, 0x00, 0x06, 0x70, 0x02, 0xF2,
    0x00, 0x00, 0x0D, 0x70, 0x00, 0x0A, 0xB0, 0x04, 0xF0, 0x00, 0x00, 0x2F, 0x30, 0x00, 0x0C, 0x80,
    0x06, 0xD0, 0x00, 0x00, 0x7F, 0x99, 0x93, 0x0D, 0x60, 0x08, 0xB0, 0x00, 0x00, 0xDF, 0x88, 0xF4,
    0x0F, 0x40, 0x09, 0xA0, 0x00, 0x05, 0xFE, 0x00, 0xE4, 0x2F, 0xDC, 0xCE, 0xEC, 0x90, 0x1D, 0xDE,
    0x00, 0xE4, 0x14, 0x44, 0x44, 0x4C, 0xA0, 0x3D, 0x6E, 0x00, 0xE4, 0x00, 0x00, 0x00, 0x0C, 0x90,
    0x01, 0x5E, 0x00, 0xE4, 0xCB, 0xBB, 0xBB, 0xAD, 0x70, 0x00, 0x5F, 0xCC, 0xF4, 0x76, 0x66, 0x66,
    0x6E, 0x60, 0x00, 0x5E, 0x55, 0xF4, 0x00, 0x00, 0x00, 0x1F, 0x40, 0x00, 0x6E, 0x00, 0x83, 0x00,
    0x00, 0x00, 0x4F, 0x10, 0x00, 0x25, 0x00, 0x00, 0x00, 0x00, 0x9C, 0xEB, 0x00, 0x00, 0x00, 0x00,
    0x00, 0x00, 0x00, 0x6A, 0x71, 0x00, 0x00, 0x00, 0x00, 0x00, 0x00, 0x07, 0x70, 0x00, 0x00, 0x01,
    0x21, 0x12, 0x20, 0x00, 0x09, 0xD0, 0x00, 0x00, 0x0A, 0xFF, 0xFF, 0xC3, 0xAA, 0xAC, 0xFA, 0xAA,
    0x80, 0x01, 0x1A, 0xA1, 0x14, 0xF6, 0x66, 0x66, 0x6A, 0xB0, 0x00, 0x0D, 0x60, 0x05, 0xF0, 0x00,
    0x00, 0x07, 0xC0, 0x00, 0x2F, 0x20, 0x01, 0x7B, 0x10, 0x00, 0x01, 0x20, 0x00, 0x9E, 0x77, 0x20,
    0xBD, 0x75, 0x7B, 0xBB, 0x30, 0x03, 0xFD, 0xAF, 0x42, 0xFB, 0xDA, 0xAB, 0x6F, 0x30, 0x1D, 0xFA,
    0x0E, 0x4A, 0xC0, 0xB8, 0x99, 0x0F, 0x30, 0x2D, 0x9A, 0x0E, 0x6D, 0x40, 0xD6, 0x99, 0x0F, 0x30,
    0x01, 0x8A, 0x0E, 0x41, 0x87, 0xF3, 0x99, 0x2F, 0x20, 0x00, 0x8A, 0x0E, 0x40, 0x4F, 0xE0, 0x99,
    0xDD, 0x10, 0x00, 0x8D, 0x8F, 0x40, 0x0C, 0x90, 0x99, 0x20, 0x00, 0x00, 0x8D, 0x9F, 0x50, 0x5F,
    0x30, 0x99, 0x02, 0x40, 0x00, 0x9A, 0x05, 0x23, 0xE8, 0x00, 0x99, 0x05, 0xF1, 0x00, 0x88, 0x00,
    0x5E, 0xA0, 0x00, 0x8F, 0xCF, 0xA0, 0x00, 0x00, 0x00, 0x29, 0x00, 0x00, 0x15, 0x65, 0x10, 0x03,
    0x44, 0x44, 0x44, 0x44, 0x44, 0x44, 0x45, 0x30, 0x08, 0xCC, 0xCC, 0xEE, 0xCC, 0xFD, 0xCC, 0xCC,
    0x80, 0x00, 0x00, 0x00, 0x9A, 0x00, 0xF5, 0x00, 0x00, 0x00, 0x00, 0x9D, 0xDD, 0xEE, 0xDD, 0xFE,
    0xDD, 0xD8, 0x00, 0x00, 0xAC, 0x55, 0xBC, 0x55, 0xF8, 0x55, 0xD9, 0x00, 0x00, 0x9B, 0x00, 0x9A,
    0x00, 0xF5, 0x00, 0xC8, 0x00, 0x00, 0xAF, 0xFF, 0xFF, 0xFF, 0xFF, 0xFF, 0xF9, 0x00, 0x00, 0x12,
    0x22, 0x22, 0x22, 0x22, 0x22, 0x21, 0x00, 0x00, 0x49, 0x88, 0x88, 0x88, 0x88, 0x88, 0x93, 0x00,
    0x00, 0x38, 0x88, 0x88, 0x88, 0x88, 0x88, 0x83, 0x00, 0x03, 0x22, 0x22, 0x22, 0x22, 0x22, 0x22,
    0x22, 0x31, 0x2E, 0xEE, 0xEE, 0xEE, 0xFF, 0xEE, 0xEE, 0xEE, 0xE4, 0x00, 0x00, 0x20, 0x00, 0x9C,
    0x00, 0x10, 0x00, 0x00, 0x00, 0x03, 0xDB, 0x00, 0x9C, 0x00, 0x9C, 0x50, 0x00, 0x02, 0x8F, 0xB2,
    0x00, 0xAC, 0x00, 0x4C, 0xFC, 0x40, 0x06, 0xE6, 0x00, 0x3A, 0xEA, 0x00, 0x00, 0x5E, 0x50, 0x00,
    0x10, 0x00, 0x0C, 0x92, 0x00, 0x00, 0x01, 0x00, 0x00, 0x00, 0x00, 0x36, 0x00, 0x07, 0xA0, 0x00,
    0x00, 0x01, 0x36, 0x9D, 0xFD, 0x20, 0x0A, 0xC0, 0x00, 0x00, 0x0B, 0xFC, 0xE9, 0x10, 0x00, 0x09,
    0xB0, 0x00, 0x00, 0x01, 0x00, 0xD7, 0x00, 0x00, 0x09, 0xB0, 0x00, 0x00, 0x00, 0x00, 0xD7, 0x00,
    0x49, 0x19, 0xA0, 0x39, 0x20, 0x03, 0x22, 0xD8, 0x23, 0x6F, 0x0A, 0xA0, 0x7F, 0x10, 0x1F, 0xFF,
    0xFF, 0xFE, 0x8D, 0x0B, 0xB0, 0xAC, 0x00, 0x00, 0x06, 0xF7, 0x00, 0xAB, 0x0C, 0xD1, 0xE7, 0x00,
    0x00, 0x0B, 0xF7, 0x30, 0xB9, 0x0E, 0xF3, 0xD3, 0x00, 0x00, 0x3F, 0xF9, 0xE7, 0x00, 0x3F, 0xF3,
    0x00, 0x00, 0x00, 0xBB, 0xD7, 0x5F, 0x50, 0x7E, 0xC7, 0x00, 0x00, 0x07, 0xF3, 0xD7, 0x08, 0x40,
    0xD9, 0x6D, 0x00, 0x00, 0x2F, 0x70, 0xD7, 0x00, 0x05, 0xF4, 0x1E, 0x60, 0x00, 0x06, 0x00, 0xD7,
    0x00, 0x1D, 0xB0, 0x08, 0xE2, 0x00, 0x00, 0x00, 0xD7, 0x01, 0xBE, 0x20, 0x01, 0xDD, 0x20, 0x00,
    0x00, 0xD7, 0x2C, 0xF4, 0x00, 0x00, 0x4F, 0xD2, 0x00, 0x00, 0xA7, 0x1A, 0x50, 0x00, 0x00, 0x04,
    0x70, 0x00, 0x00, 0x00, 0x00, 0x86, 0x00, 0x00, 0x00, 0x00, 0x00, 0x00, 0x00, 0x00, 0xCC, 0x00,
    0x00, 0x00, 0x00, 0x03, 0xCC, 0xCC, 0xCC, 0xEF, 0xCC, 0xCC, 0xCC, 0x90, 0x04, 0xF7, 0x55, 0x76,
    0x55, 0x58, 0x55, 0x5C, 0xA0, 0x04, 0xF3, 0x17, 0xEB, 0x00, 0x4F, 0xC6, 0x1A, 0xB0, 0x01, 0x26,
    0xEE, 0x71, 0x00, 0x02, 0x9F, 0xC2, 0x20, 0x00, 0x24, 0x93, 0x22, 0x22, 0x22, 0x25, 0x62, 0x00,
    0x00, 0xAF, 0xFF, 0xFF, 0xFF, 0xFF, 0xFF, 0xFB, 0x00, 0x00, 0x00, 0xCA, 0x00, 0x00, 0x0A, 0xB0,
    0x00, 0x00, 0x00, 0x06, 0xE2, 0x00, 0x00, 0x0A, 0xB0, 0x00, 0x00, 0x00, 0x2F, 0xEC, 0xCC, 0xCC,
    0xCE, 0xEC, 0xCC, 0xB0, 0x00, 0x08, 0x76, 0x55, 0x9F, 0xAC, 0xC5, 0x55, 0x50, 0x00, 0x00, 0x00,
    0x07, 0xF8, 0x0A, 0xB0, 0x00, 0x00, 0x00, 0x00, 0x16, 0xDD, 0x50, 0x0A, 0xB0, 0x00, 0x00, 0x04,
    0x7A, 0xFE, 0x71, 0x00, 0x0C, 0xB0, 0x00, 0x00, 0x08, 0xFB, 0x51, 0x00, 0x0B, 0xFF, 0x90, 0x00,
    0x00, 0x00, 0x10, 0x00, 0x00, 0x05, 0xA7, 0x10, 0x00, 0x00, 0x00, 0x02, 0x40, 0x00, 0x00, 0x34,
    0x00, 0x00, 0x00, 0x00, 0x09, 0xE1, 0x00, 0x00, 0xAE, 0x10, 0x00, 0x00, 0x00, 0x2F, 0xDA, 0xAA,
    0xB1, 0xED, 0xAA, 0xAB, 0x30, 0x00, 0xAD, 0x6B, 0xD6, 0x77, 0xE6, 0x7F, 0x77, 0x20, 0x06, 0xF4,
    0x04, 0xF3, 0x1E, 0x70, 0x0E, 0x70, 0x00, 0x05, 0x70, 0x00, 0xD4, 0x3A, 0x10, 0x09, 0x90, 0x00,
    0x00, 0x00, 0x00, 0x00, 0x00, 0x24, 0x87, 0x00, 0x00, 0x00, 0x09, 0xCC, 0xDD, 0xEF, 0xFF, 0xEC,
    0x10, 0x00, 0x00, 0x04, 0x77, 0x65, 0xE9, 0x10, 0x00, 0x00, 0x00, 0x00, 0x00, 0x00, 0x00, 0xF7,
    0x00, 0x00, 0x00, 0x00, 0x03, 0xCC, 0xCC, 0xCC, 0xFD, 0xCC, 0xCC, 0xCA, 0x00, 0x01, 0x65, 0x55,
    0x59, 0xFF, 0x85, 0x55, 0x55, 0x00, 0x00, 0x00, 0x00, 0x0D, 0xAA, 0xD1, 0x00, 0x00, 0x00, 0x00,
    0x00, 0x00, 0xAE, 0x21, 0xCE, 0x50, 0x00, 0x00, 0x00, 0x00, 0x5D, 0xE4, 0x00, 0x1A, 0xFD, 0x86,
    0x10, 0x02, 0xAE, 0xFB, 0x30, 0x00, 0x00, 0x4C, 0xFD, 0x10, 0x00, 0x7A, 0x40, 0x00, 0x00, 0x00,
    0x00, 0x24, 0x00, 0x00, 0x02, 0x93, 0x00, 0x00, 0x07, 0x20, 0x00, 0x00, 0x00, 0x08, 0xE3, 0x00,
    0x10, 0x5F, 0x61, 0x11, 0x20, 0x00, 0x3F, 0xFF, 0xFF, 0xF5, 0xCF, 0xFF, 0xFF, 0xD0, 0x01, 0xDB,
    0x2A, 0xC2, 0x27, 0xF3, 0x3F, 0x61, 0x10, 0x1C, 0xD1, 0x02, 0xD2, 0x0B, 0x80, 0x08, 0xA0, 0x00,
    0x04, 0x6D, 0xDD, 0xDD, 0xDD, 0xDD, 0xDD, 0xD2, 0x00, 0x00, 0x15, 0x44, 0x44, 0xAD, 0x44, 0x47,
    0xF2, 0x00, 0x00, 0x00, 0x00, 0x00, 0x8C, 0x00, 0x03, 0xF2, 0x00, 0x00, 0x3D, 0xDD, 0xDD, 0xEF,
    0xDD, 0xDE, 0xF2, 0x00, 0x00, 0x5F, 0x54, 0x44, 0xAD, 0x44, 0x44, 0x41, 0x00, 0x00, 0x6F, 0x00,
    0x00, 0x8C, 0x00, 0x00, 0x00, 0x00, 0x00, 0x7F, 0xEE, 0xEE, 0xFF, 0xEE, 0xEE, 0xEE, 0x40, 0x00,
    0x13, 0x33, 0x5E, 0xFC, 0x33, 0x33, 0x5F, 0x30, 0x00, 0x00, 0x06, 0xE9, 0x9C, 0x00, 0x00, 0x4F,
    0x10, 0x00, 0x17, 0xDE, 0x50, 0x8C, 0x00, 0x79, 0xDD, 0x00, 0x09, 0xFE, 0x81, 0x00, 0x9C, 0x00,
    0x8D, 0x92, 0x00, 0x02, 0x71, 0x00, 0x00, 0x8B, 0x00, 0x00, 0x00, 0x00, 0x00, 0x09, 0x80, 0x00,
    0x00, 0x19, 0x40, 0x00, 0x00, 0x00, 0x3F, 0xA4, 0x45, 0x51, 0x6F, 0x63, 0x33, 0x41, 0x00, 0xCD,
    0xAF, 0xDA, 0xB4, 0xED, 0xCE, 0xEC, 0xC3, 0x0A, 0xE3, 0x0A, 0xD0, 0x19, 0xC1, 0x07, 0xE2, 0x00,
    0x07, 0x50, 0x04, 0x61, 0xCA, 0x00, 0x01, 0xC5, 0x00, 0x00, 0x1B, 0xBB, 0xBB, 0xED, 0xBB, 0xBB,
    0xB1, 0x00, 0x00, 0x06, 0x55, 0x55, 0xDB, 0x55, 0x55, 0x60, 0x00, 0x00, 0x00, 0x00, 0x00, 0xCA,
    0x00, 0x00, 0x00, 0x00, 0x5C, 0xBB, 0xBB, 0xBB, 0xEE, 0xBB, 0xBB, 0xBB, 0xC3, 0x36, 0x66, 0x66,
    0x66, 0x66, 0x68, 0xF8, 0x66, 0x62, 0x00, 0x00, 0x00, 0x00, 0x00, 0x04, 0xF3, 0x00, 0x00, 0x00,
    0xDC, 0xCC, 0xCC, 0xCC, 0xCD, 0xFD, 0xCD, 0x20, 0x00, 0x65, 0x69, 0x55, 0x55, 0x57, 0xF7, 0x56,
    0x10, 0x00, 0x00, 0x6F, 0x50, 0x00, 0x04, 0xF3, 0x00, 0x00, 0x00, 0x00, 0x0A, 0xE1, 0x00, 0x05,
    0xF3, 0x00, 0x00, 0x00, 0x00, 0x02, 0x40, 0x05, 0xBE, 0xF1, 0x00, 0x00, 0x00, 0x00, 0x00, 0x00,
    0x01, 0xA7, 0x30, 0x00, 0x00, 0x00, 0x00, 0xA6, 0x00, 0x00, 0x06, 0x71, 0x00, 0x00, 0x00, 0x07,
    0xF9, 0x33, 0x42, 0x1E, 0xB1, 0x11, 0x20, 0x00, 0x3F, 0xDE, 0xED, 0xD6, 0x9F, 0xFF, 0xFF, 0xF1,
    0x03, 0xEC, 0x1A, 0xB0, 0x05, 0xF6, 0x0B, 0x90, 0x00, 0x1D, 0xD2, 0x06, 0xE1, 0x1D, 0xB0, 0x06,
    0xD0, 0x00, 0x02, 0x10, 0xD7, 0x10, 0x37, 0x76, 0x67, 0x76, 0x10, 0x00, 0x00, 0xE6, 0x00, 0x6F,
    0x88, 0x88, 0xAF, 0x20, 0x05, 0x66, 0xEA, 0x64, 0x5E, 0x00, 0x00, 0x4F, 0x20, 0x07, 0xAB, 0xFC,
    0x97, 0x5F, 0xAA, 0xAA, 0xBF, 0x20, 0x00, 0x09, 0xF7, 0x30, 0x5E, 0x66, 0x66, 0x8F, 0x20, 0x00,
    0x1E, 0xFC, 0xF4, 0x5E, 0x00, 0x00, 0x4F, 0x20, 0x00, 0x8C, 0xE6, 0xAE, 0x6F, 0xEE, 0xEE, 0xEF,
    0x20, 0x04, 0xF5, 0xE6, 0x16, 0x5E, 0x22, 0x22, 0x5F, 0x20, 0x1E, 0xB0, 0xE6, 0x00, 0x5E, 0x00,
    0x00, 0x4F, 0x20, 0x08, 0x10, 0xE6, 0x00, 0x5F, 0xDD, 0xDD, 0xDF, 0x20, 0x00, 0x00, 0xE7, 0x00,
    0x6E, 0x33, 0x33, 0x6F, 0x20, 0x00, 0x00, 0xB5, 0x00, 0x49, 0x00, 0x00, 0x29, 0x20, 0x00, 0x00,
    0x63, 0x00, 0x00, 0x00, 0x00, 0x00, 0x00, 0x00, 0x00, 0xD7, 0x01, 0x09, 0xBB, 0xBB, 0xBA, 0x00,
    0x08, 0xC0, 0xD6, 0x1E, 0x6C, 0xA6, 0x66, 0xAD, 0x00, 0x06, 0xE0, 0xD6, 0x6E, 0x1C, 0x60, 0x00,
    0x7D, 0x00, 0x03, 0xF2, 0xD7, 0xE7, 0x0C, 0x60, 0x00, 0x7C, 0x00, 0x00, 0x10, 0xD6, 0x21, 0x0C,
    0xB8, 0x88, 0xBC, 0x00, 0x2A, 0x99, 0xEB, 0x99, 0x3C, 0xB8, 0x88, 0xBC, 0x00, 0x18, 0x79, 0xFA,
    0x78, 0x3C, 0x60, 0x00, 0x7C, 0x00, 0x00, 0x08, 0xF6, 0x30, 0x0C, 0x60, 0x00, 0x7C, 0x00, 0x00,
    0x1E, 0xF7, 0xE5, 0x0C, 0x71, 0x11, 0x7C, 0x00, 0x00, 0x8C, 0xD6, 0x7E, 0x1C, 0xFF, 0xFF, 0xFC,
    0x00, 0x04, 0xF4, 0xD6, 0x1C, 0x2C, 0x71, 0x11, 0x7C, 0x00, 0x2E, 0x90, 0xD6, 0x00, 0x0C, 0x60,
    0x00, 0x7C, 0x00, 0x1B, 0x10, 0xD6, 0x00, 0x0C, 0x60, 0x00, 0x7C, 0x00, 0x00, 0x00, 0xD6, 0x05,
    0x4D, 0x94, 0x44, 0x9D, 0x52, 0x00, 0x00, 0xD7, 0x0D, 0xDD, 0xDD, 0xDD, 0xDD, 0xD4, 0x00, 0x00,
    0x95, 0x00, 0x00, 0x00, 0x00, 0x00, 0x00, 0x00, 0x04, 0xA0, 0x00, 0x00, 0x06, 0xC0, 0x00, 0x00,
    0x00, 0x05, 0xE0, 0x00, 0x00, 0x07, 0xF3, 0x00, 0x00, 0x1E, 0x35, 0xE2, 0xE3, 0xCC, 0xCD, 0xFD,
    0xCC, 0xC0, 0x0D, 0x75, 0xE5, 0xE0, 0xF8, 0x55, 0x55, 0x58, 0xE0, 0x09, 0xB5, 0xE8, 0xB0, 0xF4,
    0x00, 0x00, 0x05, 0xF0, 0x01, 0x15, 0xE0, 0x10, 0x44, 0x22, 0x22, 0x24, 0x20, 0x3A, 0xAC, 0xFA,
    0xA3, 0x0C, 0xEE, 0xEE, 0xEE, 0x00, 0x28, 0x7D, 0xE7, 0x83, 0x00, 0x00, 0x00, 0x00, 0x00, 0x00,
    0x2F, 0xE0, 0x11, 0x54, 0x44, 0x44, 0x44, 0x50, 0x00, 0x9F, 0xEA, 0x93, 0xED, 0xDE, 0xFD, 0xDD,
    0xE0, 0x02, 0xF9, 0xE5, 0xE1, 0x00, 0x05, 0xF0, 0x00, 0x00, 0x0C, 0xB5, 0xE0, 0xE5, 0x3C, 0x35,
    0xF0, 0x97, 0x00, 0x4E, 0x25, 0xE0, 0x20, 0xCD, 0x15, 0xF0, 0x7F, 0x40, 0x03, 0x05, 0xE0, 0x09,
    0xF3, 0x05, 0xF0, 0x0A, 0xE2, 0x00, 0x05, 0xE0, 0x1C, 0x60, 0x06, 0xF0, 0x01, 0x80, 0x00, 0x06,
    0xE0, 0x00, 0x00, 0xAE, 0xD0, 0x00, 0x00, 0x00, 0x05, 0xC0, 0x00, 0x00, 0x89, 0x30, 0x00, 0x00,
    0x00, 0x08, 0x60, 0x00, 0x57, 0x00, 0x00, 0x00, 0x00, 0x06, 0x3B, 0x83, 0x60, 0x8B, 0x00, 0xAB,
    0xBB, 0x90, 0x0B, 0x8A, 0x87, 0xC0, 0x7B, 0x00, 0xD8, 0x4A, 0xC0, 0x09, 0xBA, 0x8B, 0x70, 0x7B,
    0x00, 0xD5, 0x08, 0xB0, 0x06, 0x9A, 0x8D, 0x7D, 0xEE, 0xD8, 0xD5, 0x08, 0xB0, 0x01, 0x0A, 0x81,
    0x24, 0x9C, 0x43, 0xDA, 0x8C, 0xB0, 0x5F, 0xFF, 0xFF, 0x50, 0x7B, 0x00, 0xDA, 0x7B, 0xB0, 0x11,
    0x4F, 0x82, 0x13, 0x9B, 0x31, 0xD5, 0x08, 0xB0, 0x00, 0x8F, 0x96, 0x1F, 0xDD, 0xF3, 0xD5, 0x08,
    0xB0, 0x01, 0xEE, 0x9F, 0x3F, 0x20, 0xF3, 0xEA, 0x7B, 0xB0, 0x08, 0xDB, 0x8A, 0x9F, 0x20, 0xF3,
    0xFA, 0x8C, 0xB0, 0x2F, 0x6A, 0x82, 0x1F, 0x20, 0xF4, 0xF3, 0x08, 0xB0, 0x07, 0x0A, 0x80, 0x1F,
    0xED, 0xF7, 0xF1, 0x08, 0xB0, 0x00, 0x0A, 0x80, 0x1F, 0x53, 0xDC, 0xB0, 0x08, 0xB0, 0x00, 0x0B,
    0x80, 0x1F, 0x20, 0x2F, 0x50, 0x08, 0xB0, 0x00, 0x0B, 0x80, 0x02, 0x01, 0xCC, 0x01, 0xCE, 0x90,
    0x00, 0x07, 0x50, 0x00, 0x02, 0xA3, 0x00, 0x97, 0x10, 0x00, 0x06, 0x90, 0x00, 0x00, 0x06, 0xA0,
    0x00, 0x00, 0x00, 0x07, 0xC0, 0x10, 0x00, 0x06, 0xF2, 0x00, 0x10, 0x1D, 0x27, 0xC2, 0xE8, 0xFF,
    0xFF, 0xFF, 0xFF, 0xF1, 0x0D, 0x77, 0xC6, 0xF4, 0xF1, 0x11, 0x92, 0x11, 0x10, 0x08, 0xB7, 0xCA,
    0xA3, 0xF2, 0xAA, 0xFA, 0x99, 0x10, 0x02, 0x27, 0xC4, 0x33, 0xF1, 0x88, 0xF9, 0x9F, 0x10, 0x2D,
    0xCD, 0xEC, 0xD3, 0xF6, 0x66, 0xF7, 0x8F, 0x61, 0x16, 0x5E, 0xD5, 0x64, 0xFB, 0xBB, 0xFC, 0xCF,
    0xC3, 0x00, 0x2F, 0xC5, 0x14, 0xE0, 0x01, 0xF2, 0x4F, 0x10, 0x00, 0x8F, 0xCD, 0x95, 0xE2, 0xFF,
    0xFF, 0xFF, 0x10, 0x01, 0xED, 0xC7, 0xF8, 0xC0, 0x33, 0xF4, 0x22, 0x00, 0x09, 0xE8, 0xC1, 0x3A,
    0xA4, 0x88, 0xA8, 0x88, 0x10, 0x3F, 0x67, 0xC0, 0x0E, 0x77, 0xE9, 0x99, 0xAF, 0x20, 0x08, 0x07,
    0xC0, 0x6F, 0x27, 0xC0, 0x00, 0x2F, 0x20, 0x00, 0x07, 0xC1, 0xEB, 0x07, 0xD8, 0x88, 0x9F, 0x20,
    0x00, 0x08, 0xCA, 0xF2, 0x07, 0xD8, 0x88, 0x9F, 0x20, 0x00, 0x06, 0xA3, 0x60, 0x05, 0x70, 0x00,
    0x15, 0x10, 0x00, 0x00, 0x02, 0x20, 0x00, 0x00, 0x00, 0x00, 0x00, 0x00, 0x63, 0x0B, 0x92, 0x88,
    0x88, 0x88, 0x87, 0x00, 0x00, 0xD6, 0x0B, 0x82, 0x8F, 0xA7, 0x78, 0xF9, 0x00, 0x00, 0xC6, 0x0B,
    0x80, 0x08, 0xD1, 0x0B, 0xC1, 0x00, 0x00, 0xC6, 0x0B, 0x80, 0x00, 0xBD, 0xCD, 0x20, 0x00, 0x00,
    0xD6, 0x0B, 0x80, 0x02, 0x9F, 0xFA, 0x20, 0x00, 0x00, 0xD6, 0x0B, 0x92, 0xDF, 0xB4, 0x5D, 0xFC,
    0x70, 0x00, 0x00, 0x03, 0xAE, 0x63, 0x06, 0x80, 0x5A, 0x50, 0x00, 0x01, 0x6D, 0xD5, 0x23, 0xAF,
    0xA2, 0x00, 0x00, 0x00, 0x0D, 0xFF, 0xEE, 0xFF, 0xA2, 0x22, 0x00, 0x00, 0x00, 0x02, 0x22, 0x8E,
    0xA2, 0x00, 0xAE, 0x20, 0x00, 0x00, 0x38, 0xBF, 0xE8, 0x78, 0x99, 0xBF, 0xD2, 0x00, 0x00, 0x5F,
    0xDB, 0xAA, 0xDE, 0x77, 0x74, 0xDA, 0x00, 0x00, 0x01, 0x3D, 0x60, 0x8D, 0x07, 0xE6, 0x21, 0x00,
    0x00, 0x19, 0xF9, 0x20, 0x9D, 0x00, 0x8F, 0xB2, 0x00, 0x02, 0xED, 0x40, 0x57, 0xDC, 0x00, 0x04,
    0xED, 0x10, 0x00, 0x51, 0x00, 0x5E, 0xB4, 0x00, 0x00, 0x24, 0x00, 0x00, 0x00, 0x00, 0x00, 0x00,
    0x00, 0x00, 0x00, 0x00, 0x00, 0x01, 0x11, 0x11, 0x11, 0x11, 0x11, 0x10, 0x00, 0x00, 0x5F, 0xEE,
    0xEE, 0xFF, 0xEE, 0xEE, 0xF6, 0x00, 0x00, 0x4F, 0x10, 0x00, 0x9B, 0x00, 0x00, 0xF5, 0x00, 0x00,
    0x4F, 0x98, 0x88, 0xCD, 0x88, 0x88, 0xF5, 0x00, 0x00, 0x4F, 0x77, 0x77, 0xCD, 0x77, 0x77, 0xF5,
    0x00, 0x00, 0x4F, 0x43, 0x33, 0xBC, 0x33, 0x33, 0xF5, 0x00, 0x00, 0x3B, 0xBB, 0xCF, 0xEB, 0xBB,
    0xCC, 0xB4, 0x00, 0x00, 0x00, 0x17, 0xE9, 0x10, 0x18, 0xEC, 0x10, 0x00, 0x00, 0x09, 0xEF, 0xED,
    0xDE, 0xFC, 0x60, 0x00, 0x00, 0x00, 0x05, 0x65, 0x49, 0xEA, 0x30, 0xC9, 0x10, 0x00, 0x00, 0x01,
    0x49, 0xEA, 0x43, 0x45, 0x9F, 0xE5, 0x00, 0x00, 0xCF, 0xFF, 0xFF, 0xFE, 0xCB, 0x98, 0xAF, 0x50,
    0x00, 0x56, 0x47, 0x20, 0x8C, 0x00, 0x30, 0x04, 0x00, 0x00, 0x01, 0xAF, 0x70, 0x8C, 0x06, 0xFB,
    0x40, 0x00, 0x01, 0x7E, 0xD4, 0x00, 0x9C, 0x00, 0x4C, 0xFB, 0x20, 0x04, 0xE8, 0x10, 0x1D, 0xF9,
    0x00, 0x00, 0x5D, 0x10, 0x00, 0x10, 0x00, 0x07, 0x61, 0x00, 0x00, 0x00, 0x00, 0x00, 0x00, 0x20,
    0x00, 0x00, 0x14, 0x00, 0x00, 0x00, 0x00, 0x01, 0xF6, 0x00, 0x00, 0x5F, 0x40, 0x00, 0x00, 0x00,
    0x07, 0xD0, 0x00, 0x00, 0xAC, 0x00, 0x00, 0x00, 0x00, 0x1E, 0x40, 0x20, 0x01, 0xE9, 0x33, 0x33,
    0x10, 0x00, 0xAA, 0x00, 0xBC, 0x07, 0xFF, 0xFF, 0xFF, 0x70, 0x07, 0xE2, 0x04, 0xF4, 0x0D, 0x91,
    0x11, 0x1E, 0x60, 0x0B, 0xFF, 0xFF, 0x90, 0x7E, 0x10, 0x00, 0x0E, 0x60, 0x02, 0x31, 0x7D, 0x11,
    0xE7, 0x10, 0x00, 0x0F, 0x50, 0x00, 0x02, 0xE4, 0x00, 0x10, 0xC7, 0x00, 0x0F, 0x40, 0x00, 0x1C,
    0x90, 0x00, 0x00, 0x6F, 0x30, 0x1F, 0x40, 0x01, 0xCF, 0xAB, 0xCE, 0x20, 0x0B, 0xC0, 0x2F, 0x30,
    0x00, 0xCD, 0xA7, 0x64, 0x00, 0x02, 0x30, 0x2F, 0x20, 0x00, 0x00, 0x00, 0x00, 0x00, 0x00, 0x00,
    0x3F, 0x10, 0x00, 0x02, 0x47, 0x9C, 0x30, 0x00, 0x00, 0x4F, 0x10, 0x09, 0xFF, 0xFC, 0x95, 0x00,
    0x00, 0x00, 0x6F, 0x00, 0x05, 0x93, 0x00, 0x00, 0x00, 0x00, 0x7C, 0xEB, 0x00, 0x00, 0x00, 0x00,
    0x00, 0x00, 0x00, 0x4A, 0x72, 0x00, 0x00, 0x04, 0x40, 0x00, 0x00, 0x03, 0x50, 0x00, 0x00, 0x00,
    0x0B, 0xE1, 0x00, 0x00, 0x08, 0xD0, 0x00, 0x00, 0x00, 0x1F, 0x70, 0x00, 0x00, 0x07, 0xC0, 0x00,
    0x00, 0x00, 0x7D, 0x00, 0x50, 0x01, 0x07, 0xC0, 0x10, 0x00, 0x01, 0xD6, 0x05, 0xF6, 0x2F, 0x87,
    0xC0, 0xC9, 0x00, 0x1A, 0xE3, 0x3D, 0xB0, 0x4F, 0x47, 0xC0, 0x6F, 0x50, 0x2F, 0xFF, 0xFE, 0x20,
    0x7E, 0x07, 0xC0, 0x0B, 0xE2, 0x03, 0x13, 0xE6, 0x00, 0xAB, 0x07, 0xC0, 0x02, 0x80, 0x00, 0x1D,
    0xA0, 0x00, 0xE7, 0x07, 0xC0, 0x03, 0x00, 0x02, 0xBE, 0x56, 0x72, 0xD3, 0x07, 0xC0, 0x4F, 0x90,
    0x0D, 0xFF, 0xFD, 0x90, 0x00, 0x04, 0x70, 0xBE, 0x20, 0x04, 0x52, 0x00, 0x00, 0x00, 0x00, 0x05,
    0xF5, 0x00, 0x00, 0x00, 0x02, 0x81, 0x00, 0x00, 0x3E, 0x90, 0x00, 0x00, 0x15, 0xBF, 0xC1, 0x00,
    0x04, 0xEB, 0x00, 0x00, 0x09, 0xFF, 0x93, 0x00, 0x02, 0xAF, 0x90, 0x00, 0x00, 0x03, 0x91, 0x00,
    0x06, 0xBF, 0xE5, 0x00, 0x00, 0x00, 0x00, 0x00, 0x00, 0x02, 0xC6, 0x10, 0x00, 0x00, 0x00, 0x00,
    0x02, 0x10, 0x00, 0x00, 0x05, 0x70, 0x00, 0x00, 0x00, 0x0A, 0xE2, 0x00, 0x00, 0x09, 0xC0, 0x00,
    0x00, 0x00, 0x1E, 0x80, 0x00, 0x00, 0x08, 0xC0, 0x00, 0x00, 0x00, 0x7E, 0x11, 0x06, 0xCB, 0xBD,
    0xEB, 0xBC, 0xC4, 0x02, 0xE6, 0x07, 0xD6, 0x66, 0x6B, 0xD6, 0x66, 0x62, 0x0B, 0xD1, 0x1E, 0xB0,
    0x00, 0x08, 0xC0, 0x00, 0x00, 0x4F, 0xFF, 0xFE, 0x10, 0x55, 0x4A, 0xD4, 0x55, 0x20, 0x06, 0x34,
    0xF5, 0x00, 0xBD, 0xCC, 0xCC, 0xCD, 0x50, 0x00, 0x0C, 0xA0, 0x00, 0x00, 0x00, 0x00, 0x00, 0x00,
    0x00, 0x8E, 0x10, 0x20, 0x36, 0x66, 0x66, 0x66, 0x10, 0x09, 0xFD, 0xCE, 0xF0, 0x7F, 0xBB, 0xBB,
    0xCF, 0x10, 0x0B, 0xDA, 0x75, 0x20, 0x6E, 0x00, 0x00, 0x4F, 0x10, 0x00, 0x00, 0x00, 0x00, 0x6E,
    0x00, 0x00, 0x4F, 0x00, 0x01, 0x24, 0x68, 0xB2, 0x6E, 0x22, 0x22, 0x6F, 0x00, 0x3F, 0xFF, 0xEB,
    0x91, 0x6F, 0xFF, 0xFF, 0xFF, 0x10, 0x08, 0x52, 0x00, 0x00, 0x7E, 0x00, 0x00, 0x4F, 0x10, 0x00,
    0x00, 0x00, 0x00, 0x37, 0x00, 0x00, 0x25, 0x00, 0x00, 0x03, 0x40, 0x00, 0x00, 0x2A, 0x50, 0x00,
    0x00, 0x00, 0x08, 0xE1, 0x00, 0x00, 0x7F, 0x70, 0x00, 0x00, 0x00, 0x0D, 0x80, 0x00, 0x00, 0xCF,
    0xD0, 0x00, 0x00, 0x00, 0x3F, 0x21, 0x10, 0x04, 0xF5, 0xE7, 0x00, 0x00, 0x00, 0x9A, 0x06, 0xE2,
    0x0C, 0xB0, 0x6F, 0x40, 0x00, 0x04, 0xF3, 0x0C, 0x90, 0x7F, 0x30, 0x0B, 0xE5, 0x00, 0x0E, 0xFC,
    0xDE, 0x15, 0xFB, 0x32, 0x23, 0xDF, 0x91, 0x07, 0x86, 0xD8, 0x4F, 0xDC, 0xFF, 0xFF, 0x99, 0xD1,
    0x00, 0x04, 0xE1, 0x07, 0x20, 0x00, 0x00, 0x00, 0x10, 0x00, 0x1D, 0x80, 0x00, 0x24, 0x44, 0x44,
    0x42, 0x00, 0x02, 0xDF, 0xAC, 0xC0, 0x8F, 0xFF, 0xFF, 0xF7, 0x00, 0x00, 0xED, 0xA8, 0x50, 0x8E,
    0x00, 0x00, 0xE6, 0x00, 0x00, 0x00, 0x00, 0x00, 0x7E, 0x00, 0x00, 0xE6, 0x00, 0x00, 0x01, 0x48,
    0xC0, 0x7E, 0x00, 0x00, 0xE6, 0x00, 0x07, 0xEF, 0xFC, 0x80, 0x7F, 0xEE, 0xEE, 0xF6, 0x00, 0x04,
    0xB6, 0x10, 0x00, 0x8E, 0x33, 0x33, 0xE6, 0x00, 0x00, 0x00, 0x00, 0x00, 0x6B, 0x00, 0x00, 0x73,
    0x00, 0x00, 0x00, 0x00, 0x00, 0x14, 0x00, 0x00, 0x00, 0x00, 0x01, 0x88, 0x88, 0x30, 0x4F, 0x00,
    0x12, 0x22, 0x20, 0x01, 0xFA, 0x9F, 0x60, 0x3F, 0x00, 0x7F, 0xFF, 0xE0, 0x01, 0xF3, 0x0E, 0x54,
    0x7F, 0x54, 0x6D, 0x06, 0xD0, 0x01, 0xF3, 0x0E, 0x5A, 0xCF, 0xB8, 0x6D, 0x06, 0xD0, 0x00, 0xF8,
    0x6E, 0x50, 0x3F, 0x00, 0x6D, 0x06, 0xD0, 0x01, 0xFB, 0xBF, 0x50, 0x3F, 0x00, 0x6D, 0x06, 0xD0,
    0x01, 0xF3, 0x0E, 0x9D, 0xDF, 0xCD, 0x6D, 0x06, 0xD0, 0x01, 0xF3, 0x0E, 0x64, 0xAA, 0x44, 0x6D,
    0x06, 0xD0, 0x02, 0xFA, 0x8F, 0x50, 0xBB, 0x00, 0x6D, 0x06, 0xD0, 0x03, 0xF8, 0x8F, 0x52, 0xF4,
    0xD4, 0x6D, 0x06, 0xD0, 0x05, 0xD0, 0x0E, 0x58, 0xB0, 0xCB, 0x6D, 0x07, 0xD0, 0x07, 0xB0, 0x0E,
    0x8F, 0xEF, 0xEF, 0x9D, 0x8F, 0xA0, 0x0A, 0x90, 0x0E, 0x7D, 0x93, 0x08, 0x8D, 0x36, 0x10, 0x1E,
    0x53, 0xAF, 0x40, 0x00, 0x00, 0x6D, 0x00, 0x00, 0x4E, 0x11, 0xB7, 0x00, 0x00, 0x00, 0x7D, 0x00,
    0x00, 0x02, 0x00, 0x00, 0x00, 0x00, 0x00, 0x36, 0x00, 0x00, 0x00, 0x00, 0x04, 0x60, 0x00, 0x48,
    0x00, 0x00, 0x00, 0x00, 0x00, 0x08, 0xE0, 0x00, 0x8E, 0x00, 0x00, 0x00, 0x07, 0x77, 0x7B, 0xE7,
    0x77, 0xBE, 0x77, 0x77, 0x60, 0x0A, 0xBA, 0xAD, 0xFA, 0xAA, 0xDE, 0xAA, 0xAA, 0xA0, 0x00, 0x00,
    0x08, 0xE0, 0x00, 0x8E, 0x00, 0x00, 0x00, 0x00, 0x00, 0x05, 0x60, 0x01, 0x65, 0x00, 0x00, 0x00,
    0x00, 0x00, 0x1D, 0xE2, 0x05, 0xF1, 0x00, 0x30, 0x00, 0x00, 0x01, 0xBE, 0x30, 0x05, 0xF1, 0x04,
    0xF9, 0x00, 0x00, 0x1C, 0xF9, 0x00, 0x04, 0xF1, 0x5F, 0xA1, 0x00, 0x03, 0xDD, 0xC9, 0x00, 0x04,
    0xF8, 0xF8, 0x00, 0x00, 0x0D, 0xB1, 0xB9, 0x00, 0x06, 0xFE, 0x50, 0x00, 0x00, 0x02, 0x00, 0xB9,
    0x03, 0xBF, 0xF2, 0x00, 0x00, 0x00, 0x00, 0x00, 0xB9, 0x6F, 0xC8, 0xF1, 0x00, 0x00, 0x00, 0x00,
    0x00, 0xB9, 0x04, 0x04, 0xF1, 0x00, 0x06, 0x70, 0x00, 0x00, 0xB9, 0x00, 0x04, 0xF3, 0x00, 0x1C,
    0xD0, 0x00, 0x00, 0xBA, 0x00, 0x02, 0xEF, 0xFF, 0xFF, 0x50, 0x00, 0x00, 0x76, 0x00, 0x00, 0x02,
    0x22, 0x21, 0x00, 0x00, 0x00, 0x05, 0x70, 0x00, 0x08, 0x40, 0x00, 0x00, 0x00, 0x00, 0x09, 0xC0,
    0x00, 0x0E, 0x60, 0x00, 0x00, 0x06, 0xCC, 0xCE, 0xEC, 0xCC, 0xCF, 0xDC, 0xCC, 0x90, 0x03, 0x66,
    0x6B, 0xD6, 0x76, 0x6E, 0xA6, 0x66, 0x50, 0x00, 0x00, 0x0A, 0xB0, 0xCB, 0x0D, 0x70, 0x00, 0x00,
    0x00, 0x00, 0x00, 0x09, 0xFE, 0x40, 0x00, 0x00, 0x00, 0x00, 0x00, 0x01, 0xAF, 0x56, 0xF9, 0x10,
    0x00, 0x00, 0x00, 0x00, 0x5D, 0xD3, 0x34, 0x4E, 0xE7, 0x10, 0x00, 0x00, 0x5C, 0xF8, 0x10, 0xAB,
    0x01, 0x9F, 0xEA, 0x51, 0x1E, 0xFA, 0x41, 0x11, 0xAB, 0x11, 0x14, 0x9F, 0xD1, 0x04, 0x20, 0xEF,
    0xFF, 0xFF, 0xFF, 0xFF, 0x11, 0x30, 0x00, 0x00, 0x22, 0x22, 0xAB, 0x22, 0x22, 0x00, 0x00, 0x00,
    0x00, 0x3C, 0x40, 0x9B, 0x02, 0xB2, 0x00, 0x00, 0x00, 0x06, 0xED, 0x40, 0x9B, 0x04, 0xEE, 0x50,
    0x00, 0x02, 0xBF, 0x91, 0x00, 0xBA, 0x00, 0x1B, 0xF9, 0x10, 0x03, 0xD5, 0x00, 0x8F, 0xF8, 0x00,
    0x00, 0x9B, 0x10, 0x00, 0x00, 0x00, 0x29, 0x61, 0x00, 0x00, 0x01, 0x00, 0x00, 0x00, 0x02, 0x72,
    0x00, 0x28, 0x20, 0x00, 0x00, 0x00, 0x00, 0x03, 0xF3, 0x00, 0x3F, 0x30, 0x00, 0x00, 0x0F, 0xEE,
    0xEE, 0xFE, 0xEE, 0xEF, 0xEE, 0xEE, 0xF2, 0x05, 0x44, 0x46, 0xF6, 0x44, 0x6F, 0x64, 0x44, 0x41,
    0x00, 0x00, 0x01, 0x71, 0x12, 0x49, 0x67, 0x91, 0x00, 0x00, 0xBE, 0xEE, 0xFF, 0xFE, 0xED, 0xCC,
    0xB6, 0x00, 0x00, 0x26, 0x63, 0x23, 0xA3, 0x00, 0x08, 0x80, 0x00, 0x00, 0x0B, 0xD1, 0x00, 0xDA,
    0x00, 0x2F, 0x80, 0x00, 0x00, 0x02, 0xE9, 0x00, 0x8A, 0x00, 0xCD, 0x00, 0x00, 0x00, 0x00, 0x64,
    0x00, 0x9B, 0x00, 0x43, 0x00, 0x00, 0x1B, 0xAA, 0xAA, 0xAA, 0xDD, 0xAA, 0xAA, 0xAA, 0xA2, 0x19,
    0x88, 0x88, 0xDE, 0xCD, 0xED, 0x88, 0x89, 0x91, 0x00, 0x00, 0x06, 0xF4, 0x8B, 0x3E, 0x91, 0x00,
    0x00, 0x00, 0x00, 0x9E, 0x40, 0x8B, 0x03, 0xED, 0x50, 0x00, 0x00, 0x5D, 0xD3, 0x00, 0x8B, 0x00,
    0x2B, 0xFD, 0x81, 0x0B, 0xFA, 0x10, 0x00, 0x9B, 0x00, 0x00, 0x6D, 0x70, 0x01, 0x40, 0x00, 0x00,
    0x79, 0x00, 0x00, 0x00, 0x00, 0x02, 0x11, 0x11, 0x11, 0x11, 0x11, 0x11, 0x11, 0x10, 0x0D, 0xFF,
    0xFF, 0xFF, 0xFF, 0xFF, 0xFF, 0xFF, 0xB0, 0x01, 0x00, 0x00, 0x9B, 0x00, 0xB8, 0x00, 0x00, 0x00,
    0x00, 0x13, 0x33, 0xAC, 0x33, 0xC9, 0x33, 0x31, 0x00, 0x00, 0x7F, 0xEE, 0xFF, 0xEE, 0xFF, 0xEE,
    0xF7, 0x00, 0x00, 0x6E, 0x00, 0x9B, 0x00, 0xB8, 0x00, 0xE6, 0x00, 0x00, 0x6E, 0x00, 0x9B, 0x00,
    0xB8, 0x00, 0xE6, 0x00, 0x00, 0x7F, 0xCC, 0xEE, 0xCC, 0xEE, 0xCC, 0xF7, 0x00, 0x00, 0x24, 0x44,
    0x4A, 0xA4, 0x44, 0x44, 0x42, 0x00, 0x24, 0x33, 0x33, 0x4F, 0xC3, 0x33, 0x33, 0x34, 0x41, 0x6E,
    0xEE, 0xEE, 0xFE, 0xEE, 0xEF, 0xFE, 0xEE, 0xF4, 0x00, 0x00, 0x0A, 0xD2, 0x00, 0x2E, 0x60, 0x00,
    0x00, 0x00, 0x00, 0xAF, 0xC7, 0x31, 0xDB, 0x00, 0x00, 0x00, 0x00, 0x00, 0x15, 0x8B, 0xEF, 0xF6,
    0x10, 0x00, 0x00, 0x00, 0x00, 0x00, 0x49, 0xFA, 0xAE, 0xFB, 0x62, 0x00, 0x06, 0xAB, 0xCE, 0xE9,
    0x30, 0x00, 0x4A, 0xFF, 0x70, 0x02, 0xB9, 0x74, 0x00, 0x00, 0x00, 0x00, 0x16, 0x00, 0x00, 0x02,
    0x44, 0x44, 0x44, 0x44, 0x44, 0x30, 0x00, 0x00, 0x06, 0xFC, 0xCC, 0xCC, 0xCC, 0xCE, 0xA0, 0x00,
    0x00, 0x05, 0xF0, 0x00, 0x00, 0x00, 0x0B, 0x90, 0x00, 0x00, 0x05, 0xF0, 0x00, 0xBA, 0x00, 0x0B,
    0x90, 0x00, 0x00, 0x05, 0xF0, 0x00, 0xDA, 0x00, 0x0B, 0x90, 0x00, 0x00, 0x05, 0xF0, 0x00, 0xD9,
    0x00, 0x0B, 0x90, 0x00, 0x00, 0x05, 0xF0, 0x00, 0xE7, 0x00, 0x0B, 0x90, 0x00, 0x00, 0x05, 0xF0,
    0x00, 0xF5, 0x00, 0x0B, 0x90, 0x00, 0x00, 0x05, 0xF0, 0x03, 0xFA, 0xB0, 0x0B, 0xA0, 0x00, 0x00,
    0x06, 0xF0, 0x06, 0xF8, 0xD0, 0x0B, 0xA0, 0x00, 0x00, 0x05, 0xC0, 0x0D, 0xA8, 0xC0, 0x04, 0x40,
    0x00, 0x00, 0x00, 0x00, 0x7F, 0x38, 0xC0, 0x00, 0x00, 0x00, 0x00, 0x00, 0x07, 0xF7, 0x08, 0xC0,
    0x00, 0x03, 0x81, 0x00, 0x05, 0xCF, 0x70, 0x08, 0xD0, 0x00, 0x06, 0xF3, 0x09, 0xEF, 0xB3, 0x00,
    0x06, 0xF8, 0x77, 0x8E, 0xC0, 0x05, 0xB4, 0x00, 0x00, 0x00, 0x7A, 0xAA, 0xA9, 0x20, 0x00, 0x02,
    0x00, 0x00, 0x00, 0x00, 0x00, 0x00, 0x00, 0x00, 0x8E, 0x30, 0x16, 0x65, 0x55, 0x55, 0x56, 0x61,
    0x00, 0x2D, 0xE3, 0x1D, 0xDC, 0xCC, 0xFE, 0xDD, 0xD3, 0x00, 0x02, 0xEC, 0x00, 0x00, 0x00, 0xE7,
    0x00, 0x00, 0x00, 0x00, 0x32, 0x00, 0x00, 0x00, 0xE7, 0x00, 0x00, 0x00, 0x00, 0x00, 0x00, 0x00,
    0x00, 0xE7, 0x00, 0x00, 0x2D, 0xDD, 0xD3, 0x00, 0x00, 0x00, 0xE7, 0x00, 0x00, 0x16, 0x56, 0xF4,
    0x00, 0x00, 0x00, 0xE7, 0x00, 0x00, 0x00, 0x02, 0xF3, 0x00, 0x00, 0x00, 0xE7, 0x00, 0x00, 0x00,
    0x02, 0xF3, 0x00, 0x00, 0x00, 0xE7, 0x00, 0x00, 0x00, 0x02, 0xF3, 0x00, 0x00, 0x00, 0xE7, 0x00,
    0x00, 0x00, 0x02, 0xF3, 0x02, 0x00, 0x00, 0xE7, 0x00, 0x00, 0x00, 0x02, 0xF3, 0x5E, 0x10, 0x00,
    0xE7, 0x00, 0x00, 0x00, 0x02, 0xFA, 0xF9, 0x00, 0x00, 0xE7, 0x00, 0x00, 0x00, 0x04, 0xFF, 0x70,
    0x01, 0x23, 0xF6, 0x00, 0x00, 0x00, 0x08, 0xF5, 0x00, 0x02, 0xFF, 0xF4, 0x00, 0x00, 0x00, 0x01,
    0x40, 0x00, 0x00, 0x97, 0x30, 0x00, 0x00, 0x00, 0x14, 0x00, 0x00, 0x00, 0x00, 0x00, 0x00, 0x00,
    0x00, 0x8F, 0x30, 0x03, 0x32, 0x22, 0x22, 0x23, 0x30, 0x00, 0x1C, 0xE2, 0x2F, 0xFF, 0xFF, 0xFF,
    0xFF, 0xF0, 0x00, 0x02, 0xB1, 0x01, 0x11, 0x1B, 0xA1, 0x11, 0x10, 0x00, 0x00, 0x00, 0x00, 0x00,
    0x0B, 0xA0, 0x00, 0x00, 0x00, 0x00, 0x00, 0x00, 0x00, 0x0B, 0xA0, 0x00, 0x00, 0x5F, 0xEE, 0x90,
    0x01, 0x41, 0x0B, 0xA0, 0x00, 0x00, 0x25, 0x4C, 0x90, 0x03, 0xF3, 0x0B, 0xC6, 0x66, 0x40, 0x00,
    0x0C, 0x90, 0x03, 0xF2, 0x0B, 0xEC, 0xCD, 0x80, 0x00, 0x0C, 0x90, 0x03, 0xF2, 0x0B, 0xA0, 0x00,
    0x00, 0x00, 0x0C, 0x90, 0x03, 0xF2, 0x0B, 0xA0, 0x00, 0x00, 0x00, 0x0C, 0x95, 0x03, 0xF2, 0x0B,
    0xA0, 0x00, 0x00, 0x00, 0x0C, 0xCF, 0x53, 0xF2, 0x0B, 0xA0, 0x00, 0x00, 0x00, 0x0C, 0xFC, 0x13,
    0xF2, 0x0B, 0xA0, 0x00, 0x00, 0x00, 0x1E, 0xE4, 0x67, 0xF7, 0x5D, 0xC5, 0x56, 0x62, 0x00, 0x6F,
    0x45, 0xDD, 0xDD, 0xDD, 0xDD, 0xDD, 0xD5, 0x00, 0x03, 0x00, 0x00, 0x00, 0x00, 0x00, 0x00, 0x00,
    0x00, 0x20, 0x00, 0x02, 0x30, 0x00, 0x06, 0x30, 0x00, 0x00, 0xDB, 0x10, 0x07, 0xD1, 0x00, 0x0E,
    0xC0, 0x00, 0x00, 0x3E, 0xC1, 0x00, 0xD8, 0x00, 0x5F, 0x30, 0x00, 0x00, 0x03, 0xE4, 0x00, 0x6C,
    0x00, 0xBB, 0x00, 0x00, 0x00, 0x00, 0x10, 0x09, 0xAA, 0x99, 0xFC, 0x96, 0x00, 0x06, 0x55, 0x30,
    0x0E, 0xB8, 0x88, 0x88, 0xD9, 0x00, 0x0D, 0xDF, 0x70, 0x0D, 0x70, 0x00, 0x00, 0xB8, 0x00, 0x00,
    0x0C, 0x70, 0x0E, 0x70, 0x00, 0x00, 0xB8, 0x00, 0x00, 0x0C, 0x70, 0x0E, 0x94, 0x44, 0x44, 0xC8,
    0x00, 0x00, 0x0C, 0x70, 0x0C, 0xDF, 0xED, 0xFE, 0xD8, 0x00, 0x00, 0x0C, 0x70, 0x00, 0x0E, 0x60,
    0xF4, 0x00, 0x00, 0x00, 0x0C, 0x71, 0x70, 0x2F, 0x30, 0xF4, 0x00, 0x00, 0x00, 0x0C, 0x8D, 0xD1,
    0x7F, 0x10, 0xF4, 0x00, 0x00, 0x00, 0x0D, 0xFC, 0x11, 0xDA, 0x00, 0xF4, 0x02, 0x72, 0x00, 0x2E,
    0xB1, 0x0A, 0xF3, 0x00, 0xF6, 0x07, 0xF4, 0x00, 0x04, 0x14, 0xCE, 0x50, 0x00, 0xDF, 0xFF, 0xB0,
    0x00, 0x00, 0x06, 0xC3, 0x00, 0x00, 0x14, 0x44, 0x00, 0x00, 0x00, 0x00, 0x00, 0x00, 0x28, 0x20,
    0x00, 0x00, 0x00, 0x98, 0x00, 0x12, 0x11, 0x4F, 0x41, 0x12, 0x10, 0x00, 0x3E, 0x90, 0x6E, 0xEE,
    0xEF, 0xEE, 0xEE, 0x90, 0x00, 0x05, 0xF4, 0x01, 0x11, 0x3F, 0x31, 0x11, 0x00, 0x00, 0x00, 0x30,
    0x0D, 0xDD, 0xDF, 0xDD, 0xDE, 0x20, 0x00, 0x00, 0x00, 0x00, 0x00, 0x3F, 0x30, 0x00, 0x00, 0x3D,
    0xDD, 0x40, 0xCC, 0xCC, 0xCF, 0xCC, 0xCC, 0xD3, 0x15, 0x5F, 0x40, 0x43, 0x33, 0x33, 0x33, 0x33,
    0x41, 0x00, 0x1F, 0x30, 0x07, 0xDD, 0xDD, 0xDD, 0xD8, 0x00, 0x00, 0x1F, 0x30, 0x07, 0xD2, 0x22,
    0x22, 0xC9, 0x00, 0x00, 0x1F, 0x30, 0x07, 0xEA, 0xAA, 0xAA, 0xE8, 0x00, 0x00, 0x1F, 0x32, 0x17,
    0xE5, 0x55, 0x55, 0xD8, 0x00, 0x00, 0x1F, 0x5D, 0x87, 0xE5, 0x55, 0x55, 0xD8, 0x00, 0x00, 0x2F,
    0xFB, 0x17, 0xEA, 0xAA, 0xAA, 0xE8, 0x00, 0x00, 0x8F, 0x90, 0x07, 0xD0, 0x00, 0x00, 0xC8, 0x00,
    0x00, 0x18, 0x00, 0x08, 0xD0, 0x00, 0x08, 0xE8, 0x00, 0x00, 0x00, 0x00, 0x05, 0x80, 0x00, 0x07,
    0x82, 0x00, 0x00, 0x00, 0x00, 0x00, 0x44, 0x00, 0x00, 0x00, 0x00, 0x00, 0x00, 0x00, 0x00, 0xBA,
    0x00, 0x00, 0x00, 0x00, 0x00, 0x01, 0x11, 0x10, 0xBA, 0x00, 0x11, 0x10, 0x00, 0x00, 0x0C, 0xFF,
    0xFF, 0xFF, 0xFF, 0xFF, 0xF3, 0x00, 0x00, 0x03, 0x33, 0x33, 0xBB, 0x33, 0x33, 0x31, 0x00, 0x00,
    0x00, 0x00, 0x00, 0xBA, 0x00, 0x00, 0x00, 0x00, 0x05, 0x55, 0x54, 0x44, 0xCB, 0x44, 0x45, 0x55,
    0x20, 0x0D, 0xED, 0xDD, 0xDD, 0xFE, 0xDE, 0xEE, 0xEE, 0x60, 0x00, 0x00, 0x00, 0x00, 0xBA, 0x00,
    0x00, 0x00, 0x00, 0x00, 0x00, 0x99, 0x00, 0xBA, 0x00, 0x00, 0x00, 0x00, 0x00, 0x00, 0xC9, 0x00,
    0xBE, 0xBB, 0xBB, 0xB1, 0x00, 0x00, 0x00, 0xD7, 0x00, 0xBC, 0x77, 0x78, 0x81, 0x00, 0x00, 0x02,
    0xFC, 0x10, 0xBA, 0x00, 0x00, 0x00, 0x00, 0x00, 0x08, 0xEC, 0xC2, 0xBA, 0x00, 0x00, 0x00, 0x00,
    0x00, 0x3E, 0x61, 0xAF, 0xEB, 0x43, 0x33, 0x44, 0x50, 0x05, 0xEB, 0x00, 0x04, 0xAE, 0xFF, 0xFF,
    0xFF, 0xA0, 0x03, 0x91, 0x00, 0x00, 0x00, 0x23, 0x33, 0x33, 0x10, 0x00, 0x00, 0x4B, 0x00, 0x00,
    0x00, 0x00, 0x00, 0x00, 0x00, 0x00, 0x5F, 0x00, 0x01, 0x21, 0x11, 0x11, 0x00, 0x00, 0x33, 0x6F,
    0x33, 0x1A, 0xFF, 0xFF, 0xFD, 0x00, 0x01, 0xFF, 0xFF, 0xEF, 0x60, 0x00, 0x00, 0x8D, 0x00, 0x00,
    0x00, 0x4F, 0x00, 0x00, 0x00, 0x00, 0x8C, 0x00, 0x00, 0x00, 0x4F, 0x00, 0x00, 0x00, 0x00, 0x8D,
    0x00, 0x03, 0x55, 0x7F, 0x55, 0x52, 0x77, 0x77, 0xBD, 0x00, 0x09, 0xDD, 0xDF, 0xDD, 0xD4, 0xFC,
    0xBB, 0xBA, 0x00, 0x00, 0x00, 0x0F, 0x40, 0x02, 0xF3, 0x00, 0x00, 0x00, 0x00, 0x44, 0x0F, 0x40,
    0x02, 0xF3, 0x00, 0x00, 0x00, 0x00, 0xAC, 0x0F, 0xEE, 0xD2, 0xF3, 0x00, 0x07, 0x40, 0x00, 0xDA,
    0x0F, 0x64, 0x32, 0xF3, 0x00, 0x0E, 0xB0, 0x01, 0xFE, 0x2F, 0x40, 0x01, 0xFB, 0x77, 0x9F, 0x60,
    0x05, 0xE8, 0xDF, 0x40, 0x00, 0x7B, 0xBB, 0xB8, 0x00, 0x0C, 0xA0, 0x9F, 0xA4, 0x10, 0x00, 0x00,
    0x00, 0x01, 0x2F, 0x30, 0x05, 0xCF, 0xFE, 0xDD, 0xCD, 0xDE, 0xF2, 0x04, 0x00, 0x00, 0x02, 0x46,
    0x78, 0x88, 0x88, 0x70, 0x00, 0x00, 0x58, 0x00, 0x00, 0x00, 0x00, 0x00, 0x00, 0x00, 0x00, 0x7D,
    0x00, 0x0A, 0xAA, 0xAA, 0xAA, 0x40, 0x01, 0x33, 0x8D, 0x33, 0x17, 0x8E, 0xB7, 0x7F, 0x50, 0x04,
    0xFF, 0xFF, 0xFF, 0x40, 0x0F, 0x60, 0x1F, 0x40, 0x00, 0x11, 0x7D, 0x11, 0x00, 0x5F, 0x20, 0x2F,
    0x40, 0x00, 0x00, 0x6D, 0x00, 0x01, 0xDA, 0x00, 0x3F, 0x20, 0x08, 0xBB, 0xDE, 0xBB, 0x9C, 0xE2,
    0x1A, 0xEE, 0x00, 0x05, 0x76, 0x7F, 0x86, 0x6B, 0x40, 0x09, 0x82, 0x00, 0x00, 0x10, 0x1F, 0x30,
    0x02, 0xBB, 0xBB, 0xBB, 0x30, 0x00, 0xEA, 0x1F, 0x54, 0x22, 0xF8, 0x77, 0x7F, 0x40, 0x00, 0xE7,
    0x1F, 0xFF, 0x71, 0xF3, 0x00, 0x0F, 0x40, 0x01, 0xF5, 0x1F, 0x30, 0x01, 0xF3, 0x00, 0x0F, 0x40,
    0x04, 0xFC, 0x2F, 0x30, 0x01, 0xF9, 0x77, 0x7F, 0x40, 0x07, 0xEA, 0xDF, 0x30, 0x01, 0xBB, 0xBB,
    0xBB, 0x30, 0x0D, 0xA0, 0x9F, 0xB6, 0x31, 0x00, 0x00, 0x12, 0x31, 0x3E, 0x40, 0x04, 0xAF, 0xFF,
    0xFF, 0xFF, 0xFF, 0xE1, 0x02, 0x00, 0x00, 0x00, 0x35, 0x77, 0x77, 0x77, 0x40, 0x00, 0x00, 0x00,
    0x00, 0x00, 0x63, 0x00, 0x00, 0x00, 0x00, 0x55, 0x55, 0x52, 0x01, 0xE7, 0x00, 0x00, 0x00, 0x00,
    0xEC, 0xAA, 0xE6, 0x07, 0xFC, 0xCC, 0xCB, 0x00, 0x00, 0xD5, 0x00, 0xC6, 0x1E, 0x84, 0x44, 0xE8,
    0x00, 0x00, 0xD5, 0x00, 0xC6, 0x9E, 0xC1, 0x06, 0xE1, 0x00, 0x00, 0xE9, 0x66, 0xD8, 0xD3, 0xBB,
    0x2E, 0x60, 0x00, 0x00, 0x99, 0xDD, 0x94, 0x00, 0x1C, 0xEB, 0x00, 0x00, 0x00, 0x00, 0xA8, 0x00,
    0x00, 0x2C, 0xED, 0x50, 0x00, 0x01, 0x82, 0xA8, 0x00, 0x4A, 0xF8, 0x16, 0xEC, 0x71, 0x01, 0xF3,
    0xAE, 0xD8, 0xFA, 0x31, 0x11, 0x29, 0xD1, 0x00, 0xF3, 0xAA, 0x52, 0x2F, 0xFF, 0xFF, 0xF8, 0x00,
    0x00, 0xF3, 0xA8, 0x00, 0x0F, 0x41, 0x11, 0xC7, 0x00, 0x00, 0xF3, 0xA8, 0x03, 0x1F, 0x30, 0x00,
    0xC7, 0x00, 0x00, 0xF3, 0xBC, 0xDE, 0x2F, 0x30, 0x00, 0xC7, 0x00, 0x18, 0xFF, 0xE9, 0x51, 0x0F,
    0xEE, 0xEE, 0xF7, 0x00, 0x0B, 0x94, 0x00, 0x00, 0x0F, 0x52, 0x22, 0xC7, 0x00, 0x00, 0x00, 0x00,
    0x00, 0x08, 0x20, 0x00, 0x64, 0x00, 0x00, 0x00, 0x00, 0x0A, 0xA1, 0x00, 0x00, 0x00, 0x00, 0x00,
    0x00, 0x00, 0x0E, 0x90, 0x00, 0x00, 0x00, 0x00, 0x00, 0x00, 0xDF, 0xFF, 0xFF, 0xFF, 0xFF, 0x40,
    0x00, 0x00, 0x00, 0xCA, 0x11, 0x11, 0x11, 0x2F, 0x40, 0x00, 0x00, 0x00, 0xCB, 0x44, 0x44, 0x44,
    0x5F, 0x30, 0x00, 0x00, 0x00, 0xCE, 0xDD, 0xDD, 0xDD, 0xDF, 0x30, 0x00, 0x00, 0x00, 0xC9, 0x00,
    0x00, 0x00, 0x2F, 0x31, 0x10, 0x00, 0x00, 0xCC, 0x88, 0x88, 0x88, 0x9F, 0x3B, 0xD2, 0x00, 0x00,
    0xCD, 0x99, 0x99, 0x99, 0xAF, 0xDE, 0x50, 0x00, 0x10, 0xC9, 0x00, 0x00, 0x00, 0x4F, 0xD2, 0x00,
    0x09, 0xFF, 0xFF, 0xFF, 0xFF, 0xFF, 0xFF, 0x30, 0x00, 0x03, 0x44, 0x44, 0x44, 0x46, 0xEE, 0x7F,
    0x30, 0x00, 0x00, 0x00, 0x00, 0x01, 0x7F, 0xC2, 0x2F, 0x30, 0x00, 0x00, 0x00, 0x01, 0x7E, 0xE7,
    0x00, 0x2F, 0x30, 0x00, 0x00, 0x15, 0xAF, 0xD7, 0x10, 0x00, 0x2F, 0x30, 0x00, 0x08, 0xFF, 0xB5,
    0x00, 0x00, 0x4B, 0xDF, 0x20, 0x00, 0x01, 0x72, 0x00, 0x00, 0x00, 0x0D, 0xB6, 0x00, 0x00, 0x00,
    0x00, 0xA5, 0x00, 0x00, 0x00, 0x00, 0x00, 0x00, 0x00, 0x02, 0xF7, 0x00, 0x47, 0x77, 0x77, 0x72,
    0x00, 0x03, 0x36, 0xF4, 0x33, 0x6C, 0xCC, 0xCF, 0xE1, 0x00, 0x0D, 0xFF, 0xFE, 0xFF, 0x10, 0x00,
    0x4F, 0x60, 0x00, 0x00, 0x0C, 0x80, 0x00, 0x00, 0x02, 0xDC, 0x00, 0x00, 0x00, 0x2F, 0x37, 0x30,
    0x00, 0x1C, 0xFF, 0x80, 0x00, 0x00, 0x7D, 0x0E, 0x60, 0x02, 0xDE, 0x47, 0xFC, 0x30, 0x01, 0xE7,
    0x0E, 0x50, 0x6E, 0xD3, 0x00, 0x3D, 0xE1, 0x09, 0xFF, 0xFF, 0xFD, 0x6A, 0x10, 0x00, 0x01, 0x40,
    0x02, 0x53, 0x3E, 0x73, 0x07, 0x87, 0x77, 0x88, 0x20, 0x00, 0x00, 0x0E, 0x50, 0x0A, 0xAA, 0xFB,
    0xAA, 0x30, 0x00, 0x01, 0x3E, 0xBC, 0x30, 0x00, 0xF4, 0x00, 0x00, 0x09, 0xDF, 0xFF, 0xB6, 0x10,
    0x00, 0xF4, 0x00, 0x00, 0x06, 0x84, 0x1E, 0x50, 0x00, 0x00, 0xF4, 0x00, 0x00, 0x00, 0x00, 0x0E,
    0x50, 0x55, 0x44, 0xF7, 0x44, 0x52, 0x00, 0x00, 0x0E, 0x50, 0xDE, 0xEE, 0xEE, 0xEE, 0xF4, 0x00,
    0x00, 0x0D, 0x50, 0x00, 0x00, 0x00, 0x00, 0x00, 0x00, 0x00, 0x00, 0x49, 0x00, 0x93, 0x00, 0x00,
    0x00, 0x03, 0x88, 0x88, 0xBD, 0x00, 0xEA, 0x88, 0x88, 0x40, 0x03, 0x87, 0x77, 0xAD, 0x00, 0xE9,
    0x66, 0x67, 0x30, 0x00, 0x44, 0x44, 0x8D, 0x00, 0xE8, 0x55, 0x55, 0x00, 0x00, 0xBB, 0xBB, 0xDD,
    0x00, 0xEC, 0xAA, 0xA9, 0x00, 0x03, 0x22, 0x22, 0x7D, 0x00, 0xE6, 0x22, 0x23, 0x30, 0x0D, 0xDD,
    0xDD, 0xED, 0x00, 0xED, 0xCC, 0xCC, 0xC0, 0x00, 0x00, 0x00, 0x3D, 0x20, 0x93, 0x00, 0x00, 0x00,
    0x02, 0x55, 0x55, 0xBE, 0x65, 0x55, 0x55, 0x55, 0x10, 0x04, 0xAA, 0xAE, 0xEA, 0xAA, 0xAA, 0xAA,
    0xAB, 0x20, 0x00, 0x00, 0x8D, 0x20, 0x68, 0x00, 0x00, 0x00, 0x00, 0x00, 0x4C, 0xFB, 0x99, 0xCD,
    0x99, 0x99, 0x70, 0x00, 0x00, 0x29, 0x76, 0x66, 0xBC, 0x66, 0x66, 0x50, 0x00, 0x12, 0x11, 0x11,
    0x11, 0x9B, 0x11, 0x11, 0x11, 0x11, 0x4F, 0xEE, 0xEE, 0xEE, 0xFF, 0xEE, 0xEE, 0xEE, 0xF4, 0x00,
    0x00, 0x00, 0x00, 0x9B, 0x00, 0x00, 0x00, 0x00, 0x00, 0x00, 0x00, 0x00, 0x89, 0x00, 0x00, 0x00,
    0x00, 0x00, 0x11, 0x00, 0x00, 0x04, 0xA3, 0x00, 0x00, 0x00, 0x00, 0xE9, 0x00, 0x00, 0x05, 0xF4,
    0x00, 0x00, 0x00, 0x00, 0x8F, 0x20, 0x00, 0x05, 0xF3, 0x00, 0x00, 0x00, 0x00, 0x2F, 0x80, 0x22,
    0x26, 0xF3, 0x22, 0x22, 0x00, 0x00, 0x06, 0x20, 0x9F, 0xFF, 0xFF, 0xFF, 0xFF, 0x10, 0x00, 0x00,
    0x00, 0x34, 0x38, 0xF2, 0x22, 0x8E, 0x00, 0x13, 0x32, 0x10, 0x00, 0x09, 0xC0, 0x00, 0x8C, 0x00,
    0x5F, 0xFF, 0x80, 0x00, 0x0C, 0xA0, 0x00, 0x9B, 0x00, 0x12, 0x2E, 0x80, 0x00, 0x3F, 0x50, 0x00,
    0xAA, 0x00, 0x00, 0x0E, 0x80, 0x00, 0x9F, 0x10, 0x00, 0xB9, 0x00, 0x00, 0x0E, 0x80, 0x04, 0xF8,
    0x00, 0x00, 0xC8, 0x00, 0x00, 0x0E, 0x80, 0x3E, 0xE1, 0x00, 0x03, 0xE7, 0x00, 0x00, 0x0E, 0x80,
    0xCF, 0x40, 0x05, 0xFF, 0xF4, 0x00, 0x00, 0x3F, 0xD3, 0x15, 0x00, 0x00, 0xB7, 0x20, 0x00, 0x04,
    0xE7, 0x6E, 0xB6, 0x31, 0x00, 0x00, 0x00, 0x11, 0x2E, 0x90, 0x01, 0x8D, 0xFF, 0xFF, 0xEE, 0xFF,
    0xE1, 0x02, 0x20, 0x00, 0x00, 0x24, 0x67, 0x78, 0x88, 0x60, 0x00, 0x00, 0x00, 0x00, 0x00, 0x00,
    0x00, 0x00, 0x00, 0x00, 0x98, 0x00, 0x55, 0x44, 0x44, 0x44, 0x55, 0x20, 0x00, 0x8F, 0x50, 0xEE,
    0xEE, 0xEF, 0xEE, 0xEE, 0x50, 0x00, 0x0C, 0xE2, 0x00, 0x00, 0xAD, 0x00, 0x00, 0x00, 0x00, 0x02,
    0x70, 0x00, 0x03, 0xF6, 0x00, 0x00, 0x00, 0x00, 0x00, 0x00, 0x00, 0x0C, 0xF4, 0x02, 0x00, 0x00,
    0x18, 0x88, 0x40, 0x00, 0x9E, 0xF4, 0x4F, 0x30, 0x00, 0x1B, 0xAF, 0x70, 0x07, 0xF6, 0xF4, 0x0B,
    0xE2, 0x00, 0x00, 0x0E, 0x70, 0x8F, 0x51, 0xF4, 0x01, 0xDD, 0x10, 0x00, 0x0E, 0x7C, 0xF5, 0x01,
    0xF4, 0x00, 0x3E, 0xA0, 0x00, 0x0E, 0x75, 0x40, 0x01, 0xF4, 0x00, 0x05, 0x20, 0x00, 0x0E, 0x70,
    0x00, 0x01, 0xF4, 0x00, 0x00, 0x00, 0x00, 0x0E, 0x70, 0x00, 0x02, 0xF4, 0x00, 0x00, 0x00, 0x00,
    0x3F, 0xC3, 0x00, 0x02, 0xD4, 0x00, 0x00, 0x00, 0x03, 0xEB, 0x9F, 0xC8, 0x54, 0x33, 0x33, 0x34,
    0x51, 0x1E, 0xB0, 0x02, 0x8C, 0xEF, 0xFF, 0xFF, 0xFF, 0xE0, 0x03, 0x10, 0x00, 0x00, 0x01, 0x23,
    0x33, 0x33, 0x20, 0x00, 0x00, 0x00, 0x00, 0x05, 0x30, 0x00, 0x00, 0x00, 0x02, 0xC4, 0x00, 0x00,
    0x0A, 0xE2, 0x00, 0x00, 0x00, 0x00, 0xCE, 0x20, 0x00, 0x00, 0xBC, 0x00, 0x00, 0x00, 0x00, 0x1E,
    0xB0, 0x22, 0x22, 0x34, 0x22, 0x22, 0x00, 0x00, 0x05, 0x80, 0xCF, 0xFF, 0xFF, 0xFF, 0xFF, 0x20,
    0x00, 0x00, 0x00, 0x12, 0x20, 0x00, 0x5F, 0x21, 0x00, 0x01, 0x11, 0x10, 0x0A, 0xD3, 0x00, 0xAC,
    0x00, 0x00, 0x0A, 0xFF, 0xF1, 0x02, 0xCF, 0x52, 0xF7, 0x00, 0x00, 0x01, 0x15, 0xF0, 0x00, 0x1A,
    0xFC, 0xE1, 0x00, 0x00, 0x00, 0x05, 0xF0, 0x00, 0x00, 0xBF, 0xA0, 0x00, 0x00, 0x00, 0x05, 0xF0,
    0x00, 0x03, 0xED, 0xF8, 0x00, 0x00, 0x00, 0x05, 0xF0, 0x00, 0x6F, 0xB0, 0x9F, 0x70, 0x00, 0x00,
    0x05, 0xF0, 0x5C, 0xF8, 0x00, 0x0A, 0xF7, 0x00, 0x00, 0x08, 0xF5, 0x5C, 0x30, 0x00, 0x01, 0xB3,
    0x00, 0x03, 0xCD, 0x9E, 0xB5, 0x10, 0x00, 0x00, 0x12, 0x30, 0x0C, 0xB1, 0x02, 0xAF, 0xFF, 0xEE,
    0xEF, 0xFF, 0x80, 0x02, 0x10, 0x00, 0x01, 0x35, 0x67, 0x77, 0x77, 0x20, 0x00, 0x00, 0x00, 0x00,
    0x00, 0x54, 0x00, 0x00, 0x00, 0x00, 0x14, 0x00, 0x01, 0x00, 0xBA, 0x00, 0x30, 0x00, 0x00, 0x9E,
    0x10, 0x8C, 0x10, 0xA9, 0x02, 0xF6, 0x00, 0x00, 0x3F, 0x60, 0x2F, 0x90, 0xA9, 0x09, 0xD1, 0x00,
    0x00, 0x0B, 0x80, 0x07, 0xD1, 0xA9, 0x2F, 0x60, 0x00, 0x00, 0x00, 0x00, 0x00, 0x10, 0xA9, 0x03,
    0x00, 0x00, 0x00, 0x00, 0x06, 0xBB, 0xBB, 0xED, 0xBB, 0xBB, 0x90, 0x0C, 0xDD, 0x74, 0x87, 0x7C,
    0xFC, 0x77, 0x78, 0x60, 0x05, 0x6D, 0x80, 0x00, 0x2F, 0xD9, 0x94, 0x00, 0x00, 0x00, 0x0C, 0x80,
    0x00, 0xCB, 0xA9, 0xAF, 0x50, 0x00, 0x00, 0x0C, 0x80, 0x0A, 0xE2, 0xA9, 0x0A, 0xF4, 0x00, 0x00,
    0x0C, 0x82, 0xBF, 0x40, 0xA9, 0x00, 0xBE, 0x20, 0x00, 0x0C, 0x88, 0xF5, 0x00, 0xA9, 0x00, 0x17,
    0x00, 0x00, 0x1D, 0xB1, 0x30, 0x00, 0xAA, 0x00, 0x00, 0x00, 0x01, 0xCE, 0xEE, 0x83, 0x00, 0x76,
    0x00, 0x00, 0x20, 0x0C, 0xD2, 0x18, 0xEF, 0xFE, 0xDD, 0xDD, 0xEF, 0xC0, 0x03, 0x30, 0x00, 0x02,
    0x57, 0x89, 0x99, 0x99, 0x50, 0x00, 0x00, 0x00, 0x00, 0x00, 0x00, 0x02, 0x40, 0x00, 0x00, 0x52,
    0x00, 0x37, 0x89, 0xAC, 0xEF, 0xF3, 0x00, 0x00, 0xDC, 0x10, 0x2B, 0x97, 0xCB, 0x32, 0x00, 0x00,
    0x00, 0x2E, 0xA0, 0x00, 0x00, 0xA9, 0x00, 0x00, 0x00, 0x00, 0x05, 0x41, 0x22, 0x22, 0xBA, 0x22,
    0x22, 0x10, 0x00, 0x00, 0x07, 0xFF, 0xFF, 0xFF, 0xFF, 0xFF, 0x70, 0x01, 0x10, 0x00, 0x00, 0x00,
    0xA9, 0x00, 0x00, 0x00, 0x0D, 0xFF, 0x80, 0x00, 0x00, 0xA9, 0x00, 0x00, 0x00, 0x02, 0x2C, 0x80,
    0x2F, 0xFF, 0xFF, 0xFF, 0xF4, 0x00, 0x00, 0x0C, 0x80, 0x2F, 0x42, 0x22, 0x23, 0xF3, 0x00, 0x00,
    0x0C, 0x80, 0x2F, 0x20, 0x00, 0x01, 0xF3, 0x00, 0x00, 0x0C, 0x80, 0x2F, 0x54, 0x44, 0x44, 0xF3,
    0x00, 0x00, 0x0C, 0x80, 0x2F, 0xED, 0xDD, 0xDE, 0xF3, 0x00, 0x00, 0x0C, 0xC2, 0x2C, 0x20, 0x00,
    0x01, 0xB3, 0x00, 0x01, 0xBE, 0xCF, 0xA6, 0x31, 0x00, 0x11, 0x24, 0x50, 0x0B, 0xE2, 0x02, 0x9D,
    0xFF, 0xFF, 0xFF, 0xFF, 0x90, 0x02, 0x30, 0x00, 0x00, 0x12, 0x34, 0x44, 0x44, 0x10, 0x00, 0x00,
    0x00, 0x20, 0x08, 0x10, 0x00, 0x00, 0x00, 0x03, 0xC2, 0x04, 0xF4, 0x7F, 0x78, 0x88, 0x88, 0x40,
    0x03, 0xFA, 0x00, 0x8E, 0xF7, 0x3B, 0xCF, 0xAB, 0x60, 0x00, 0x8F, 0x20, 0x4F, 0xD0, 0x00, 0x4F,
    0x00, 0x00, 0x00, 0x12, 0x07, 0xF9, 0xF1, 0x00, 0x4F, 0x00, 0x00, 0x00, 0x00, 0x1C, 0x60, 0xD5,
    0x00, 0x4F, 0x00, 0x00, 0x3F, 0xFE, 0x10, 0x06, 0xF8, 0x5D, 0xDF, 0xCD, 0x60, 0x15, 0x7F, 0x10,
    0x4E, 0xCA, 0x37, 0x9F, 0x67, 0x30, 0x00, 0x4F, 0x05, 0xF7, 0x8B, 0x00, 0x4F, 0x00, 0x00, 0x00,
    0x4F, 0x4F, 0x80, 0x8A, 0x00, 0x4F, 0x00, 0x00, 0x00, 0x4F, 0x03, 0x00, 0xA9, 0x00, 0x4F, 0x00,
    0x00, 0x00, 0x4F, 0x00, 0x03, 0xE5, 0x77, 0x9F, 0x77, 0x50, 0x00, 0x4F, 0x02, 0xEF, 0xB0, 0xAC,
    0xBB, 0xBC, 0x80, 0x00, 0x6F, 0x91, 0x65, 0x00, 0x00, 0x00, 0x00, 0x00, 0x05, 0xF9, 0xBF, 0xA7,
    0x53, 0x32, 0x23, 0x34, 0x51, 0x1D, 0x90, 0x03, 0xAE, 0xFF, 0xFF, 0xFF, 0xFF, 0xD0, 0x01, 0x10,
    0x00, 0x00, 0x01, 0x23, 0x34, 0x44, 0x30, 0x00, 0x00, 0x00, 0x02, 0x90, 0x00, 0x2A, 0x30, 0x00,
    0x00, 0x98, 0x00, 0x02, 0xE8, 0x00, 0x8E, 0x10, 0x00, 0x00, 0xBD, 0x01, 0x22, 0x77, 0x11, 0xD8,
    0x12, 0x21, 0x00, 0x6F, 0x37, 0xFF, 0xFF, 0xFF, 0xFF, 0xFF, 0xF4, 0x00, 0x27, 0x11, 0x11, 0x11,
    0xBC, 0x11, 0x11, 0x10, 0x00, 0x00, 0x00, 0x18, 0x88, 0xEC, 0x88, 0x85, 0x00, 0x00, 0x00, 0x00,
    0x1F, 0xB8, 0x88, 0x88, 0xE9, 0x00, 0x2E, 0xDD, 0x40, 0x1F, 0x72, 0x22, 0x22, 0xC8, 0x00, 0x14,
    0x5F, 0x40, 0x1F, 0xFE, 0xEE, 0xEE, 0xF8, 0x00, 0x00, 0x2F, 0x30, 0x0F, 0x60, 0x00, 0x00, 0xC8,
    0x00, 0x00, 0x2F, 0x30, 0x1F, 0xCB, 0xBB, 0xBB, 0xE8, 0x00, 0x00, 0x2F, 0x30, 0x1F, 0x95, 0x55,
    0x55, 0xD8, 0x00, 0x00, 0x2F, 0x30, 0x1F, 0x84, 0x44, 0x44, 0xD9, 0x00, 0x00, 0x4F, 0x70, 0x2D,
    0xDD, 0xDD, 0xDD, 0xD8, 0x00, 0x04, 0xEC, 0xDB, 0x52, 0x00, 0x00, 0x00, 0x00, 0x20, 0x2F, 0xA0,
    0x17, 0xEF, 0xEE, 0xDD, 0xDE, 0xEF, 0xE0, 0x04, 0x10, 0x00, 0x03, 0x56, 0x78, 0x88, 0x88, 0x50,
    0x02, 0x65, 0x55, 0x55, 0x51, 0x24, 0x44, 0x44, 0x41, 0x04, 0xDD, 0xFD, 0xDD, 0xF2, 0x6F, 0xEE,
    0xEF, 0xE0, 0x00, 0x01, 0xF4, 0x04, 0xF1, 0x6E, 0x00, 0x0E, 0x80, 0x00, 0x01, 0xF4, 0x04, 0xF1,
    0x6E, 0x00, 0x4F, 0x20, 0x04, 0x77, 0xF9, 0x68, 0xF1, 0x6E, 0x00, 0xAB, 0x00, 0x06, 0xCC, 0xFD,
    0xCD, 0xF1, 0x6E, 0x01, 0xF5, 0x00, 0x00, 0x01, 0xF4, 0x04, 0xF1, 0x6E, 0x07, 0xE0, 0x00, 0x00,
    0x01, 0xF4, 0x04, 0xF1, 0x6E, 0x06, 0xF3, 0x00, 0x07, 0xBB, 0xFC, 0xAC, 0xF1, 0x6E, 0x00, 0xAD,
    0x10, 0x07, 0x9A, 0xFA, 0x9A, 0xF1, 0x6E, 0x00, 0x2F, 0x70, 0x00, 0x04, 0xF1, 0x04, 0xF1, 0x6E,
    0x00, 0x0A, 0xC0, 0x00, 0x08, 0xE0, 0x04, 0xF1, 0x6E, 0x00, 0x09, 0xE0, 0x00, 0x0D, 0x90, 0x04,
    0xF1, 0x6E, 0x06, 0x9F, 0xC0, 0x00, 0x6F, 0x30, 0x04, 0xF1, 0x6E, 0x08, 0xFC, 0x20, 0x04, 0xF9,
    0x00, 0x16, 0xF1, 0x6E, 0x01, 0x20, 0x00, 0x1D, 0xD1, 0x01, 0xFF, 0xD0, 0x6E, 0x00, 0x00, 0x00,
    0x01, 0x20, 0x00, 0x65, 0x10, 0x6D, 0x00, 0x00, 0x00, 0x00, 0x00, 0x25, 0x00, 0x00, 0x00, 0x00,
    0x00, 0x00, 0x00, 0x00, 0x6F, 0x00, 0x17, 0x06, 0x77, 0x77, 0x40, 0x00, 0x22, 0x6F, 0x22, 0x7F,
    0x3D, 0xCA, 0xBF, 0x70, 0x01, 0xEE, 0xEF, 0xEB, 0xE7, 0x0D, 0x70, 0x3F, 0x20, 0x00, 0x00, 0x5F,
    0x09, 0xC0, 0x0C, 0x70, 0x7C, 0x00, 0x01, 0x10, 0x5F, 0x4F, 0x30, 0x1C, 0x70, 0xC8, 0x00, 0x0E,
    0xFF, 0xFF, 0xFF, 0xFF, 0xAC, 0x71, 0xF3, 0x00, 0x02, 0x11, 0x3D, 0x91, 0x11, 0x1C, 0x76, 0xE0,
    0x00, 0x00, 0x03, 0xDA, 0x22, 0x21, 0x0C, 0x72, 0xE8, 0x00, 0x00, 0x7F, 0xED, 0xDD, 0xE9, 0x0C,
    0x70, 0x4F, 0x40, 0x1C, 0xFF, 0x40, 0x00, 0x99, 0x0C, 0x70, 0x09, 0xC0, 0x05, 0x3E, 0x86, 0x66,
    0xC9, 0x0C, 0x70, 0x05, 0xF1, 0x00, 0x0E, 0xCA, 0xAA, 0xD9, 0x0C, 0x70, 0x19, 0xF1, 0x00, 0x0E,
    0x40, 0x00, 0x99, 0x0C, 0x76, 0xFF, 0x80, 0x00, 0x0E, 0xCB, 0xBB, 0xD9, 0x0D, 0x71, 0x72, 0x00,
    0x00, 0x0E, 0x85, 0x55, 0xB9, 0x0D, 0x70, 0x00, 0x00, 0x00, 0x06, 0x20, 0x00, 0x33, 0x0A, 0x50,
    0x00, 0x00, 0x00, 0x0C, 0xDD, 0xDD, 0xDD, 0xDD, 0xDD, 0xC0, 0x00, 0x00, 0x0E, 0xA5, 0x55, 0xDB,
    0x55, 0x59, 0xE0, 0x00, 0x00, 0x0D, 0x80, 0x00, 0xC8, 0x00, 0x06, 0xE0, 0x00, 0x00, 0x0D, 0xA5,
    0x55, 0xDB, 0x55, 0x59, 0xE0, 0x00, 0x00, 0x0D, 0xDC, 0xCC, 0xEE, 0xCC, 0xCD, 0xE0, 0x00, 0x00,
    0x0D, 0x80, 0x00, 0xC8, 0x00, 0x06, 0xE0, 0x00, 0x00, 0x0E, 0x80, 0x00, 0xC9, 0x00, 0x07, 0xE0,
    0x00, 0x00, 0x0E, 0xFF, 0xFF, 0xFF, 0xFF, 0xFF, 0xE0, 0x00, 0x00, 0x02, 0x22, 0x22, 0xC9, 0x22,
    0x22, 0x20, 0x00, 0x00, 0x00, 0x00, 0x00, 0xC8, 0x00, 0x00, 0x00, 0x00, 0x00, 0x4F, 0xEE, 0xEE,
    0xFF, 0xEE, 0xEE, 0xF4, 0x00, 0x00, 0x14, 0x44, 0x44, 0xCA, 0x44, 0x44, 0x41, 0x00, 0x00, 0x00,
    0x00, 0x00, 0xC8, 0x00, 0x00, 0x00, 0x00, 0x05, 0x65, 0x55, 0x55, 0xDB, 0x55, 0x55, 0x56, 0x50,
    0x0C, 0xFE, 0xEE, 0xEE, 0xEE, 0xEE, 0xEE, 0xEE, 0xD0, 0x00, 0x00, 0x00, 0x00, 0x00, 0x00, 0x00,
    0x00, 0x00, 0x00, 0x02, 0x20, 0x00, 0x03, 0x30, 0x03, 0x20, 0x00, 0x00, 0x0A, 0xE1, 0x00, 0x09,
    0xB0, 0x0C, 0x90, 0x00, 0x00, 0x3F, 0x60, 0x00, 0x09, 0xA0, 0x0C, 0x90, 0x00, 0x00, 0xCF, 0xBC,
    0x76, 0xFF, 0xFE, 0xEF, 0xFF, 0x80, 0x07, 0xF7, 0x66, 0x41, 0x3A, 0xB3, 0x3C, 0xA3, 0x20, 0x3F,
    0x70, 0x00, 0x00, 0x09, 0xA0, 0x0C, 0x80, 0x00, 0x07, 0xBE, 0xEE, 0x56, 0x8C, 0xD8, 0x8D, 0xC8,
    0x82, 0x00, 0x3B, 0xB3, 0x17, 0x88, 0x88, 0x88, 0x88, 0x92, 0x00, 0x0A, 0xA0, 0x00, 0x00, 0x00,
    0x00, 0x00, 0x00, 0x09, 0xCE, 0xEC, 0xC0, 0x9C, 0xCC, 0xCC, 0xC8, 0x00, 0x04, 0x5C, 0xB5, 0x50,
    0xBA, 0x44, 0x44, 0xAB, 0x00, 0x00, 0x0A, 0xA0, 0x00, 0xB9, 0x11, 0x11, 0x9A, 0x00, 0x00, 0x0A,
    0xA2, 0x90, 0xBF, 0xEE, 0xEE, 0xFA, 0x00, 0x00, 0x0B, 0xCE, 0xB0, 0xB8, 0x00, 0x00, 0x9A, 0x00,
    0x00, 0x1E, 0xF9, 0x00, 0xBB, 0x66, 0x66, 0xBA, 0x00, 0x00, 0x1E, 0x70, 0x00, 0xBD, 0xAA, 0xAA,
    0xDB, 0x00, 0x00, 0x01, 0x00, 0x00, 0x96, 0x00, 0x00, 0x56, 0x00, 0x00, 0x01, 0x30, 0x00, 0x00,
    0x00, 0x00, 0x00, 0x00, 0x00, 0x08, 0xE3, 0x00, 0x33, 0x22, 0x22, 0x22, 0x10, 0x00, 0x00, 0xBE,
    0x20, 0xEF, 0xFF, 0xFF, 0xFF, 0x40, 0x00, 0x00, 0x18, 0x10, 0x00, 0x00, 0x00, 0x1F, 0x40, 0x00,
    0xE7, 0x00, 0x00, 0x00, 0x00, 0x00, 0x1F, 0x40, 0x00, 0xE7, 0x00, 0x00, 0xBB, 0x00, 0x00, 0x1F,
    0x40, 0x00, 0xD7, 0x00, 0x00, 0xE7, 0x00, 0x00, 0x1F, 0x40, 0x00, 0xD7, 0x00, 0x03, 0xF4, 0x00,
    0x00, 0x1F, 0x40, 0x00, 0xD7, 0x00, 0x08, 0xFD, 0x30, 0x00, 0x1F, 0x40, 0x00, 0xD7, 0x00, 0x0D,
    0x9B, 0xE4, 0x00, 0x1F, 0x40, 0x00, 0xD7, 0x00, 0x7E, 0x10, 0xAE, 0x30, 0x1F, 0x40, 0x00, 0xD7,
    0x04, 0xF6, 0x00, 0x0C, 0xD2, 0x1F, 0x40, 0x00, 0xD7, 0x5F, 0x90, 0x00, 0x02, 0xE8, 0x1F, 0x40,
    0x00, 0xD7, 0x28, 0x00, 0x00, 0x00, 0x30, 0x1F, 0x40, 0x00, 0xE7, 0x00, 0x00, 0x00, 0x00, 0x00,
    0x4F, 0x40, 0x00, 0xE7, 0x00, 0x00, 0x00, 0x00, 0x0C, 0xFE, 0x10, 0x00, 0x63, 0x00, 0x00, 0x00,
    0x00, 0x05, 0x61, 0x00, 0x03, 0xDD, 0xDD, 0xD5, 0x37, 0x77, 0x77, 0x77, 0x30, 0x03, 0xF4, 0x37,
    0xF1, 0x6F, 0xAA, 0xAA, 0xAF, 0x60, 0x03, 0xF1, 0x09, 0xB0, 0x5F, 0x00, 0x00, 0x0E, 0x60, 0x03,
    0xF1, 0x0D, 0x70, 0x5F, 0x00, 0x00, 0x0E, 0x60, 0x03, 0xF1, 0x3F, 0x20, 0x5F, 0x00, 0x00, 0x0E,
    0x60, 0x03, 0xF1, 0x7D, 0x00, 0x5F, 0x00, 0x00, 0x0E, 0x60, 0x03, 0xF1, 0x6E, 0x20, 0x5F, 0x99,
    0x99, 0x9F, 0x60, 0x03, 0xF1, 0x0B, 0xB0, 0x5F, 0x88, 0x88, 0x8F, 0x60, 0x03, 0xF1, 0x03, 0xF3,
    0x5F, 0x00, 0x00, 0x0E, 0x60, 0x03, 0xF1, 0x00, 0xE6, 0x5F, 0x00, 0x00, 0x0E, 0x60, 0x03, 0xF1,
    0x04, 0xF6, 0x5F, 0x00, 0x00, 0x0E, 0x60, 0x03, 0xF2, 0xDF, 0xD1, 0x5F, 0x00, 0x00, 0x0E, 0x60,
    0x03, 0xF1, 0x55, 0x00, 0x5F, 0xEE, 0xEE, 0xEF, 0x60, 0x03, 0xF1, 0x00, 0x00, 0x5F, 0x22, 0x22,
    0x2E, 0x60, 0x03, 0xF1, 0x00, 0x00, 0x6F, 0x00, 0x00, 0x0E, 0x60, 0x02, 0xA1, 0x00, 0x00, 0x24,
    0x00, 0x00, 0x02, 0x10, 0x00, 0x00, 0x00, 0x00, 0x00, 0x0A, 0x40, 0x00, 0x00, 0x05, 0xCC, 0xCC,
    0xA0, 0x00, 0x0B, 0xA0, 0x00, 0x00, 0x06, 0xE5, 0x5D, 0x92, 0x66, 0x69, 0x96, 0x66, 0x40, 0x06,
    0xD0, 0x1F, 0x54, 0xBA, 0xAA, 0xAA, 0xAB, 0x70, 0x06, 0xD0, 0x4E, 0x10, 0x06, 0x20, 0x01, 0xC4,
    0x00, 0x06, 0xD0, 0x9A, 0x00, 0x0C, 0xA0, 0x04, 0xF4, 0x00, 0x06, 0xD0, 0xD5, 0x00, 0x05, 0xF3,
    0x09, 0xC0, 0x00, 0x06, 0xD0, 0xCA, 0x05, 0x66, 0xA6, 0x6E, 0xA6, 0x63, 0x06, 0xD0, 0x2F, 0x69,
    0xAA, 0xAA, 0xAA, 0xAA, 0xA5, 0x06, 0xD0, 0x09, 0xD0, 0x00, 0x00, 0x00, 0x00, 0x00, 0x06, 0xD0,
    0x04, 0xF3, 0x6F, 0xFF, 0xFF, 0xFB, 0x00, 0x06, 0xD0, 0x05, 0xF3, 0x5E, 0x22, 0x22, 0xBB, 0x00,
    0x06, 0xD1, 0xEF, 0xB0, 0x5E, 0x00, 0x00, 0xAA, 0x00, 0x06, 0xD0, 0x54, 0x00, 0x5E, 0x00, 0x00,
    0xAA, 0x00, 0x06, 0xD0, 0x00, 0x00, 0x5F, 0xFF, 0xFF, 0xFA, 0x00, 0x06, 0xD0, 0x00, 0x00, 0x6E,
    0x11, 0x11, 0xAB, 0x00, 0x05, 0xA0, 0x00, 0x00, 0x49, 0x00, 0x00, 0x55, 0x00, 0x09, 0xCB, 0xBB,
    0xBB, 0xBB, 0xBB, 0xBB, 0xBC, 0xC0, 0x06, 0x87, 0x77, 0x77, 0xBE, 0x77, 0x77, 0x78, 0x80, 0x00,
    0x00, 0x00, 0x00, 0x7E, 0x00, 0x00, 0x00, 0x00, 0x00, 0x44, 0x44, 0x44, 0x9E, 0x44, 0x44, 0x44,
    0x10, 0x00, 0xDF, 0xEE, 0xEE, 0xEF, 0xEE, 0xEE, 0xEF, 0x40, 0x00, 0xCA, 0x00, 0x00, 0x7E, 0x00,
    0x00, 0x2F, 0x40, 0x00, 0xBA, 0x0B, 0x60, 0x7E, 0x0B, 0x60, 0x2F, 0x40, 0x00, 0xBA, 0x07, 0xF6,
    0x7E, 0x08, 0xF8, 0x2F, 0x40, 0x00, 0xBA, 0x00, 0x51, 0x7E, 0x00, 0x52, 0x2F, 0x40, 0x00, 0xBA,
    0x02, 0x00, 0x7E, 0x01, 0x00, 0x2F, 0x40, 0x00, 0xBA, 0x3F, 0x60, 0x7E, 0x0C, 0x90, 0x2F, 0x40,
    0x00, 0xBA, 0x07, 0xF4, 0x7E, 0x05, 0xE7, 0x2F, 0x40, 0x00, 0xBA, 0x00, 0x30, 0x7E, 0x00, 0x30,
    0x2F, 0x40, 0x00, 0xCA, 0x00, 0x00, 0x7E, 0x00, 0x02, 0x6F, 0x40, 0x00, 0xDA, 0x00, 0x00, 0x6B,
    0x00, 0x0A, 0xFE, 0x10, 0x00, 0x43, 0x00, 0x00, 0x00, 0x00, 0x03, 0x52, 0x00, 0x00, 0x01, 0x00,
    0x00, 0x00, 0x00, 0x00, 0x00, 0x00, 0x00, 0x4F, 0xFF, 0xFF, 0xFF, 0xFF, 0xFF, 0xF9, 0x00, 0x00,
    0x00, 0x00, 0x00, 0x7D, 0x00, 0x00, 0x00, 0x00, 0x04, 0xAA, 0xAA, 0xAA, 0xCE, 0xAA, 0xAA, 0xAA,
    0x80, 0x06, 0xE5, 0x55, 0x55, 0xAD, 0x55, 0x55, 0x59, 0xB0, 0x06, 0xD0, 0x55, 0x52, 0x7D, 0x25,
    0x55, 0x17, 0xB0, 0x04, 0x80, 0x99, 0x94, 0x7D, 0x39, 0x99, 0x24, 0x70, 0x00, 0x01, 0x66, 0x63,
    0x7D, 0x16, 0x66, 0x30, 0x00, 0x00, 0x02, 0x99, 0x95, 0x48, 0x29, 0x99, 0x50, 0x00, 0x00, 0x01,
    0x00, 0x00, 0x00, 0x00, 0x00, 0x00, 0x00, 0x00, 0x3F, 0xFF, 0xFF, 0xFF, 0xFF, 0xFF, 0xF6, 0x00,
    0x00, 0x01, 0x00, 0x00, 0x00, 0x00, 0x01, 0xF5, 0x00, 0x00, 0x07, 0x98, 0x88, 0x88, 0x88, 0x89,
    0xF5, 0x00, 0x00, 0x06, 0x77, 0x77, 0x77, 0x77, 0x77, 0xF5, 0x00, 0x00, 0x03, 0x32, 0x22, 0x22,
    0x22, 0x23, 0xF5, 0x00, 0x00, 0x1E, 0xDD, 0xDD, 0xDD, 0xDD, 0xDD, 0xF5, 0x00, 0x00, 0x00, 0x00,
    0x00, 0x00, 0x00, 0x01, 0xA4, 0x00, 0x00, 0x04, 0x44, 0x44, 0x44, 0x44, 0x44, 0x50, 0x00, 0x00,
    0x0B, 0xCC, 0xCC, 0xEE, 0xCC, 0xCC, 0xC0, 0x00, 0x01, 0x11, 0x11, 0x11, 0xB9, 0x11, 0x11, 0x11,
    0x10, 0x0A, 0xFE, 0xEE, 0xEE, 0xFF, 0xEE, 0xEE, 0xEF, 0x70, 0x0A, 0xA2, 0x55, 0x50, 0xB8, 0x25,
    0x55, 0x1C, 0x70, 0x08, 0x95, 0xAA, 0xA0, 0xB9, 0x4A, 0xAA, 0x39, 0x50, 0x00, 0x02, 0x44, 0x40,
    0xB9, 0x24, 0x44, 0x10, 0x00, 0x00, 0x06, 0xAA, 0xA2, 0xE8, 0x5A, 0xAA, 0x30, 0x00, 0x00, 0x00,
    0x00, 0x4E, 0xDE, 0x50, 0x00, 0x00, 0x00, 0x00, 0x00, 0x19, 0xF9, 0x55, 0xEC, 0x40, 0x00, 0x00,
    0x00, 0x49, 0xFD, 0x43, 0xF4, 0x19, 0xFD, 0x95, 0x30, 0x0C, 0xFC, 0xA5, 0x55, 0xB6, 0x55, 0x79,
    0xDF, 0xB0, 0x02, 0x30, 0xBD, 0xCC, 0xCC, 0xEF, 0x70, 0x03, 0x20, 0x00, 0x00, 0x00, 0x31, 0x03,
    0xE8, 0x00, 0x00, 0x00, 0x00, 0x00, 0x00, 0xDF, 0xBE, 0x90, 0x00, 0x00, 0x00, 0x00, 0x00, 0x00,
    0x05, 0xAF, 0xE9, 0x10, 0x00, 0x00, 0x00, 0x00, 0x00, 0x00, 0x01, 0x7C, 0x10, 0x00, 0x00, 0x00,
    0x13, 0x22, 0x22, 0x22, 0x22, 0x22, 0x32, 0x00, 0x00, 0x6D, 0xDD, 0xDD, 0xEE, 0xDD, 0xDD, 0xD7,
    0x00, 0x00, 0x00, 0x00, 0x00, 0xBB, 0x00, 0x00, 0x00, 0x00, 0x0C, 0xDD, 0xDD, 0xDD, 0xFF, 0xDD,
    0xDD, 0xDD, 0xC0, 0x0D, 0xA3, 0x33, 0x33, 0xBB, 0x33, 0x33, 0x39, 0xD0, 0x0E, 0x95, 0xEE, 0xE1,
    0xBB, 0x2E, 0xEE, 0x48, 0xD0, 0x04, 0x30, 0x11, 0x10, 0xBB, 0x01, 0x11, 0x02, 0x40, 0x00, 0x05,
    0xDD, 0xD1, 0xBB, 0x1D, 0xDD, 0x50, 0x00, 0x00, 0x01, 0x22, 0x20, 0x78, 0x02, 0x22, 0x10, 0x00,
    0x00, 0x2F, 0xFF, 0xFF, 0xFF, 0xFF, 0xFF, 0xF1, 0x00, 0x00, 0x2F, 0x62, 0x22, 0xBB, 0x22, 0x27,
    0xF0, 0x00, 0x00, 0x2F, 0x63, 0x33, 0xBB, 0x33, 0x37, 0xF0, 0x00, 0x00, 0x2F, 0xED, 0xDD, 0xFF,
    0xDD, 0xDE, 0xF0, 0x00, 0x00, 0x2F, 0x40, 0x00, 0xBB, 0x00, 0x05, 0xF0, 0x00, 0x00, 0x2F, 0x85,
    0x55, 0xCC, 0x55, 0x59, 0xF0, 0x00, 0x00, 0x2F, 0xCB, 0xBB, 0xBB, 0xBB, 0xBC, 0xF1, 0x00, 0x00,
    0x2C, 0x40, 0x00, 0x00, 0x00, 0x04, 0xC1, 0x00, 0x00, 0x00, 0x42, 0x00, 0x00, 0x00, 0x00, 0x00,
    0x00, 0x00, 0x00, 0xF6, 0x00, 0x24, 0x33, 0x33, 0x33, 0x40, 0x00, 0x00, 0xE5, 0x00, 0x6C, 0xCC,
    0xFC, 0xCC, 0xB0, 0x1D, 0xCC, 0xFE, 0xEE, 0x30, 0x06, 0xE0, 0x00, 0x00, 0x04, 0x44, 0xE8, 0x44,
    0x10, 0x09, 0xA0, 0x00, 0x00, 0x01, 0x20, 0xE5, 0x02, 0x0B, 0xEF, 0xEE, 0xEE, 0x30, 0x0A, 0xA0,
    0xE5, 0x3F, 0x1B, 0x92, 0x22, 0x4F, 0x30, 0x09, 0x90, 0xE5, 0x3F, 0x0B, 0x80, 0x93, 0x2F, 0x30,
    0x09, 0x90, 0xE5, 0x3F, 0x0B, 0x81, 0xF5, 0x2F, 0x30, 0x09, 0xA4, 0xE9, 0x8F, 0x0B, 0x81, 0xF3,
    0x2F, 0x30, 0x09, 0xFD, 0xFD, 0xCF, 0x1B, 0x81, 0xF2, 0x2F, 0x30, 0x00, 0x00, 0xE5, 0x2C, 0x1B,
    0x84, 0xF0, 0x2F, 0x30, 0x00, 0x00, 0xE5, 0x00, 0x0A, 0x78, 0xC0, 0x2E, 0x30, 0x00, 0x00, 0xE5,
    0x68, 0x00, 0x2E, 0x67, 0x70, 0x00, 0x00, 0x01, 0xFE, 0xE6, 0x02, 0xDA, 0x07, 0xFA, 0x10, 0x00,
    0x06, 0xFB, 0x10, 0x8E, 0xA0, 0x00, 0x4E, 0xB0, 0x00, 0x00, 0x60, 0x00, 0x86, 0x00, 0x00, 0x03,
    0x50, 0x00, 0x1E, 0xEE, 0xEE, 0xEE, 0xEE, 0xEE, 0x40, 0x00, 0x00, 0x1F, 0x75, 0x55, 0x55, 0x55,
    0x6F, 0x40, 0x00, 0x00, 0x1F, 0x30, 0x00, 0x00, 0x00, 0x1F, 0x40, 0x00, 0x00, 0x1F, 0x31, 0x30,
    0x00, 0x96, 0x1F, 0x40, 0x00, 0x00, 0x1F, 0x38, 0xE2, 0x00, 0xE7, 0x1F, 0x40, 0x00, 0x00, 0x1F,
    0x30, 0xBC, 0x05, 0xE1, 0x1F, 0x40, 0x00, 0x00, 0x2F, 0x20, 0x1D, 0x9B, 0x80, 0x1F, 0x40, 0x00,
    0x00, 0x2F, 0x20, 0x04, 0xFF, 0x20, 0x0F, 0x40, 0x00, 0x00, 0x3F, 0x10, 0x00, 0xDE, 0x10, 0x0F,
    0x50, 0x00, 0x00, 0x5E, 0x00, 0x09, 0xED, 0x90, 0x0E, 0x60, 0x00, 0x00, 0x7C, 0x00, 0x7F, 0x35,
    0xF3, 0x0D, 0x70, 0x00, 0x00, 0xB9, 0x08, 0xF5, 0x00, 0xCB, 0x0A, 0xA0, 0x00, 0x01, 0xF5, 0x3E,
    0x50, 0x00, 0x4D, 0x17, 0xE1, 0xC2, 0x07, 0xE1, 0x01, 0x00, 0x00, 0x01, 0x03, 0xFB, 0xF3, 0x1E,
    0x80, 0x00, 0x00, 0x00, 0x00, 0x00, 0xBF, 0xC0, 0x08, 0x10, 0x00, 0x00, 0x00, 0x00, 0x00, 0x19,
    0x30, 0x0A, 0xDD, 0xDD, 0xDD, 0x77, 0xDD, 0xDD, 0xD8, 0x00, 0x02, 0x27, 0x99, 0x73, 0x18, 0xB2,
    0x22, 0xB8, 0x00, 0x03, 0x59, 0xBB, 0x95, 0x38, 0xA0, 0x07, 0xB8, 0x00, 0x08, 0xDC, 0xDD, 0xCD,
    0x88, 0xD8, 0x1F, 0xB7, 0x00, 0x08, 0x96, 0x99, 0x69, 0x88, 0xDE, 0x4C, 0xA7, 0x00, 0x08, 0xDC,
    0xDD, 0xCD, 0x88, 0xAD, 0xB9, 0xA7, 0x00, 0x03, 0x55, 0x55, 0x55, 0x38, 0xA8, 0xF6, 0xA7, 0x00,
    0x00, 0xBB, 0xAB, 0xB9, 0x08, 0x93, 0xF2, 0xA7, 0x00, 0x00, 0x55, 0x55, 0x54, 0x09, 0x85, 0xF4,
    0xA7, 0x00, 0x06, 0x88, 0x88, 0x88, 0x4B, 0x7A, 0xE8, 0xA7, 0x00, 0x05, 0x87, 0xBC, 0x78, 0x4E,
    0x5F, 0x7D, 0x98, 0x00, 0x00, 0x72, 0x89, 0x83, 0x2F, 0x7C, 0x1F, 0xA9, 0x20, 0x05, 0xE2, 0x89,
    0x6E, 0x8C, 0x76, 0x08, 0x7B, 0xC6, 0x1E, 0x50, 0x89, 0x05, 0xD7, 0x00, 0x00, 0x2F, 0xE4, 0x02,
    0x09, 0xF6, 0x07, 0xE1, 0x00, 0x00, 0x09, 0xF1, 0x00, 0x03, 0x40, 0x01, 0x40, 0x00, 0x00, 0x01,
    0x60, 0x00, 0x00, 0x00, 0x00, 0x00, 0x00, 0x00, 0x00, 0x00, 0x00, 0x00, 0x00, 0x01, 0xA4, 0x00,
    0x00, 0x00, 0x00, 0x00, 0x00, 0x00, 0x09, 0xFC, 0x10, 0x00, 0x00, 0x00, 0x00, 0x00, 0x00, 0x6F,
    0x5C, 0xC1, 0x00, 0x00, 0x00, 0x00, 0x00, 0x05, 0xF7, 0x53, 0xDC, 0x20, 0x00, 0x00, 0x00, 0x00,
    0x6F, 0x80, 0xE7, 0x2D, 0xE6, 0x00, 0x00, 0x00, 0x2A, 0xF9, 0x22, 0x74, 0x23, 0xCF, 0xC6, 0x10,
    0x18, 0xFD, 0xDF, 0xFF, 0xFF, 0xFF, 0xF8, 0xBF, 0xD0, 0x0B, 0x91, 0xB9, 0x00, 0x00, 0x00, 0xF5,
    0x03, 0x40, 0x00, 0x00, 0xBE, 0xDD, 0xDD, 0xDD, 0xF5, 0x00, 0x00, 0x00, 0x00, 0xBB, 0x44, 0x44,
    0x44, 0xF6, 0x00, 0x00, 0x00, 0x00, 0xBC, 0x77, 0x77, 0x77, 0xF6, 0x00, 0x00, 0x00, 0x00, 0xBD,
    0xAA, 0xAA, 0xAA, 0xA5, 0x20, 0x00, 0x00, 0x00, 0xB9, 0x00, 0x66, 0x00, 0x1C, 0xE1, 0x00, 0x00,
    0x00, 0xB9, 0x00, 0x8E, 0xE8, 0xDD, 0x30, 0x00, 0x00, 0x00, 0xCA, 0x5A, 0x51, 0x7E, 0xF9, 0x20,
    0x00, 0x00, 0x02, 0xFF, 0xFB, 0x30, 0x01, 0x8F, 0xF4, 0x00, 0x00, 0x00, 0x96, 0x10, 0x00, 0x00,
    0x02, 0x80, 0x00, 0x00, 0x04, 0x10, 0x00, 0x00, 0x00, 0x00, 0x00, 0x00, 0x00, 0x0E, 0xA0, 0x00,
    0x01, 0x23, 0x57, 0xBA, 0x00, 0x00, 0x5F, 0x30, 0x00, 0x9F, 0xFF, 0xDC, 0xA9, 0x20, 0x00, 0xBD,
    0x44, 0x43, 0x9B, 0x10, 0x00, 0x00, 0x00, 0x03, 0xFC, 0xCC, 0xF8, 0x8B, 0x00, 0x00, 0x00, 0x00,
    0x0B, 0xC0, 0x02, 0xF3, 0x8C, 0x55, 0x55, 0x55, 0x00, 0x4F, 0x41, 0x16, 0xD0, 0x8E, 0xED, 0xBB,
    0xDE, 0x00, 0x04, 0x0B, 0x90, 0x00, 0x8A, 0xAA, 0x00, 0xBA, 0x00, 0x00, 0x0B, 0x90, 0x00, 0xAA,
    0x8D, 0x00, 0xF7, 0x00, 0x00, 0x0A, 0x90, 0x00, 0xB9, 0x5F, 0x14, 0xF3, 0x00, 0x00, 0x0A, 0x90,
    0x10, 0xD7, 0x1F, 0x6A, 0xC0, 0x00, 0x00, 0x0A, 0x97, 0xC2, 0xF4, 0x0A, 0xDF, 0x60, 0x00, 0x00,
    0x0A, 0xCF, 0x67, 0xF1, 0x04, 0xFE, 0x10, 0x00, 0x00, 0x0C, 0xF8, 0x0D, 0xA0, 0x09, 0xFF, 0x60,
    0x00, 0x00, 0x1F, 0xA0, 0x6F, 0x31, 0xAF, 0x5A, 0xF8, 0x10, 0x00, 0x04, 0x12, 0xEA, 0x4D, 0xE4,
    0x00, 0x9F, 0xC0, 0x00, 0x00, 0x00, 0x31, 0x2A, 0x20, 0x00, 0x05, 0x40, 0x00, 0x00, 0x00, 0x00,
    0x00, 0x14, 0x78, 0x00, 0x00, 0x00, 0x27, 0x78, 0x9B, 0xCE, 0xFF, 0xEC, 0x30, 0x00, 0x00, 0x0B,
    0xBA, 0x97, 0xD8, 0x20, 0x00, 0x00, 0x00, 0x00, 0x00, 0x00, 0x00, 0xC6, 0x00, 0x00, 0x00, 0x00,
    0x07, 0xCC, 0xCC, 0xCC, 0xED, 0xCC, 0xCC, 0xCC, 0x60, 0x03, 0x43, 0x34, 0xCD, 0xDA, 0xF9, 0x33,
    0x34, 0x20, 0x00, 0x00, 0x2C, 0xD2, 0xC6, 0x5F, 0x60, 0x00, 0x00, 0x00, 0x29, 0xF9, 0x10, 0xC6,
    0x06, 0xFB, 0x30, 0x00, 0x09, 0xFC, 0x41, 0x11, 0xC7, 0x11, 0x4E, 0xFB, 0x50, 0x02, 0x42, 0xFF,
    0xFF, 0xFF, 0xFF, 0xFE, 0x8E, 0x40, 0x00, 0x01, 0xF2, 0x00, 0x00, 0x00, 0x7D, 0x00, 0x00, 0x00,
    0x01, 0xF5, 0x44, 0x44, 0x44, 0x9C, 0x00, 0x00, 0x00, 0x01, 0xFC, 0xBB, 0xBB, 0xBB, 0xDC, 0x00,
    0x00, 0x00, 0x01, 0xF2, 0x00, 0x00, 0x00, 0x7C, 0x00, 0x00, 0x00, 0x01, 0xF9, 0x88, 0x88, 0x88,
    0xBC, 0x00, 0x00, 0x00, 0x01, 0xF9, 0x88, 0x88, 0x88, 0xCC, 0x00, 0x00, 0x00, 0x01, 0xA1, 0x00,
    0x00, 0x00, 0x58, 0x00, 0x00, 0x00, 0x00, 0x00, 0x01, 0x74, 0x00, 0x00, 0x00, 0x00, 0x00, 0x00,
    0x00, 0x00, 0xEB, 0x00, 0x00, 0x00, 0x00, 0x0B, 0xDD, 0xDD, 0xDD, 0xFF, 0xDD, 0xDD, 0xDD, 0xB0,
    0x04, 0x44, 0x44, 0x44, 0x44, 0x44, 0x44, 0x44, 0x40, 0x00, 0x00, 0xAA, 0xAA, 0xAA, 0xAA, 0xA9,
    0x00, 0x00, 0x00, 0x00, 0xF9, 0x55, 0x55, 0x55, 0xAC, 0x00, 0x00, 0x00, 0x00, 0xF9, 0x66, 0x66,
    0x66, 0xAC, 0x00, 0x00, 0x00, 0x00, 0xAA, 0xAA, 0xAA, 0xAA, 0xA9, 0x00, 0x00, 0x01, 0x33, 0x33,
    0x33, 0x33, 0x33, 0x33, 0x33, 0x10, 0x04, 0xFD, 0xDD, 0xDD, 0xDD, 0xDD, 0xDD, 0xDF, 0x60, 0x04,
    0xF1, 0x00, 0x00, 0x00, 0x00, 0x00, 0x0E, 0x60, 0x04, 0xF1, 0x07, 0xEE, 0xEE, 0xEE, 0x90, 0x0E,
    0x60, 0x04, 0xF1, 0x06, 0xB1, 0x11, 0x1A, 0x90, 0x0E, 0x60, 0x04, 0xF1, 0x07, 0xD8, 0x88, 0x8D,
    0x90, 0x0E, 0x60, 0x04, 0xF1, 0x03, 0x77, 0x77, 0x77, 0x40, 0x0F, 0x60, 0x04, 0xF1, 0x00, 0x00,
    0x00, 0x00, 0x06, 0xCF, 0x50, 0x03, 0x91, 0x00, 0x00, 0x00, 0x00, 0x02, 0xA6, 0x00, 0x00, 0x00,
    0x6C, 0x60, 0x00, 0x00, 0x00, 0x00, 0x00, 0x00, 0x00, 0x7F, 0x70, 0x00, 0x00, 0x00, 0x00, 0x00,
    0x00, 0x00, 0x6F, 0x60, 0x00, 0x00, 0x00, 0x00, 0x00, 0x00, 0x00, 0x6F, 0x50, 0x00, 0x00, 0x00,
    0x00, 0x00, 0x00, 0x00, 0x5F, 0x40, 0x00, 0x00, 0x00, 0x00, 0x00, 0x00, 0x00, 0x4F, 0x30, 0x00,
    0x00, 0x00, 0x00, 0x00, 0x00, 0x00, 0x3F, 0x30, 0x00, 0x00, 0x00, 0x00, 0x00, 0x00, 0x00, 0x2F,
    0x20, 0x00, 0x00, 0x00, 0x00, 0x00, 0x00, 0x00, 0x1A, 0x10, 0x00, 0x00, 0x00, 0x00, 0x00, 0x00,
    0x00, 0x00, 0x00, 0x00, 0x00, 0x00, 0x00, 0x00, 0x00, 0x00, 0x12, 0x10, 0x00, 0x00, 0x00, 0x00,
    0x00, 0x00, 0x00, 0x8F, 0x70, 0x00, 0x00, 0x00, 0x00, 0x00, 0x00, 0x00, 0x8F, 0x70, 0x00, 0x00,
    0x00, 0x00, 0x00, 0x00, 0x00, 0x00, 0x00, 0x00, 0x00, 0x00, 0x02, 0x00, 0x00, 0x00, 0x00, 0x00,
    0x00, 0x00, 0x00, 0xAC, 0x00, 0x00, 0x00, 0x00, 0x00, 0x00, 0x00, 0x0A, 0xC1, 0x00, 0x00, 0x00,
    0x00, 0x00, 0x00, 0x00, 0x7D, 0x10, 0x00, 0x00, 0x00, 0x00, 0x00, 0x00, 0x01, 0xE4, 0x00, 0x00,
    0x00, 0x00, 0x00, 0x00, 0x00, 0x07, 0xB0, 0x00, 0x00, 0x00, 0x00, 0x00, 0x00, 0x00, 0x0C, 0x60,
    0x00, 0x00, 0x00, 0x00, 0x00, 0x00, 0x00, 0x0E, 0x30, 0x00, 0x00, 0x00, 0x00, 0x00, 0x00, 0x00,
    0x0E, 0x30, 0x00, 0x00, 0x00, 0x00, 0x00, 0x00, 0x00, 0x0D, 0x50, 0x00, 0x00, 0x00, 0x00, 0x00,
    0x00, 0x00, 0x0A, 0x90, 0x00, 0x00, 0x00, 0x00, 0x00, 0x00, 0x00, 0x05, 0xE1, 0x00, 0x00, 0x00,
    0x00, 0x00, 0x00, 0x00, 0x00, 0xC9, 0x00, 0x00, 0x00, 0x00, 0x00, 0x00, 0x00, 0x00, 0x3F, 0x70,
    0x00, 0x00, 0x00, 0x00, 0x00, 0x00, 0x00, 0x05, 0xF8, 0x00, 0x00, 0x00, 0x00, 0x00, 0x00, 0x00,
    0x00, 0x46, 0x00, 0x00, 0x10, 0x00, 0x00, 0x00, 0x00, 0x00, 0x00, 0x00, 0x00, 0xBB, 0x10, 0x00,
    0x00, 0x00, 0x00, 0x00, 0x00, 0x00, 0x1C, 0xB0, 0x00, 0x00, 0x00, 0x00, 0x00, 0x00, 0x00, 0x01,
    0xC8, 0x00, 0x00, 0x00, 0x00, 0x00, 0x00, 0x00, 0x00, 0x3E, 0x20, 0x00, 0x00, 0x00, 0x00, 0x00,
    0x00, 0x00, 0x0A, 0x90, 0x00, 0x00, 0x00, 0x00, 0x00, 0x00, 0x00, 0x05, 0xD0, 0x00, 0x00, 0x00,
    0x00, 0x00, 0x00, 0x00, 0x02, 0xF0, 0x00, 0x00, 0x00, 0x00, 0x00, 0x00, 0x00, 0x02, 0xF0, 0x00,
    0x00, 0x00, 0x00, 0x00, 0x00, 0x00, 0x04, 0xE0, 0x00, 0x00, 0x00, 0x00, 0x00, 0x00, 0x00, 0x07,
    0xB0, 0x00, 0x00, 0x00, 0x00, 0x00, 0x00, 0x00, 0x0D, 0x60, 0x00, 0x00, 0x00, 0x00, 0x00, 0x00,
    0x00, 0x8D, 0x10, 0x00, 0x00, 0x00, 0x00, 0x00, 0x00, 0x06, 0xF4, 0x00, 0x00, 0x00, 0x00, 0x00,
    0x00, 0x00, 0x7F, 0x60, 0x00, 0x00, 0x00, 0x00, 0x00, 0x00, 0x00, 0x54, 0x00, 0x00, 0x00, 0x00,
    0x00, 0x00, 0x00, 0x00, 0x5A, 0xA0, 0x00, 0x00, 0x00, 0x00, 0x00, 0x00, 0x00, 0x8F, 0xF0, 0x00,
    0x00, 0x00, 0x00, 0x00, 0x00, 0x00, 0x8F, 0xF0, 0x00, 0x00, 0x00, 0x00, 0x00, 0x00, 0x00, 0x04,
    0xE0, 0x00, 0x00, 0x00, 0x00, 0x00, 0x00, 0x00, 0x1B, 0x80, 0x00, 0x00, 0x00, 0x00, 0x00, 0x00,
    0x00, 0x28, 0x00, 0x00, 0x00, 0x00, 0x00, 0x00, 0x00, 0x00, 0x08, 0xC9, 0x00, 0x00, 0x00, 0x00,
    0x00, 0x00, 0x00, 0x09, 0xFB, 0x00, 0x00, 0x00, 0x00, 0x00, 0x00, 0x00, 0x05, 0x85, 0x00, 0x00,
    0x00, 0x00, 0x00, 0x00, 0x00, 0x00, 0x00, 0x00, 0x00, 0x00, 0x00, 0x00, 0x00, 0x00, 0x03, 0x53,
    0x00, 0x00, 0x00, 0x00, 0x00, 0x00, 0x00, 0x09, 0xFB, 0x00, 0x00, 0x00, 0x00, 0x00, 0x00, 0x00,
    0x09, 0xFB, 0x00, 0x00, 0x00, 0x00, 0x00, 0x00, 0x00, 0x08, 0xC9, 0x00, 0x00, 0x00, 0x00, 0x00,
    0x00, 0x00, 0x09, 0xFB, 0x00, 0x00, 0x00, 0x00, 0x00, 0x00, 0x00, 0x05, 0x85, 0x00, 0x00, 0x00,
    0x00, 0x00, 0x00, 0x00, 0x00, 0x00, 0x00, 0x00, 0x00, 0x00, 0x00, 0x00, 0x00, 0x04, 0x64, 0x00,
    0x00, 0x00, 0x00, 0x00, 0x00, 0x00, 0x09, 0xFB, 0x00, 0x00, 0x00, 0x00, 0x00, 0x00, 0x00, 0x09,
    0xFB, 0x00, 0x00, 0x00, 0x00, 0x00, 0x00, 0x00, 0x00, 0x8A, 0x00, 0x00, 0x00, 0x00, 0x00, 0x00,
    0x00, 0x03, 0xE4, 0x00, 0x00, 0x00, 0x00, 0x00, 0x00, 0x00, 0x05, 0x50, 0x00, 0x00, 0x00, 0x00,
    0x00, 0x00, 0x00, 0x00, 0x00, 0x00, 0x00, 0x00, 0x00, 0x00, 0x00, 0x00, 0x02, 0xAE, 0xD5, 0x00,
    0x00, 0x00, 0x00, 0x00, 0x00, 0x0C, 0xC6, 0x9F, 0x40, 0x00, 0x00, 0x00, 0x00, 0x00, 0x2F, 0x30,
    0x0B, 0xA0, 0x00, 0x00, 0x00, 0x00, 0x00, 0x29, 0x10, 0x0B, 0xA0, 0x00, 0x00, 0x00, 0x00, 0x00,
    0x00, 0x00, 0x2F, 0x50, 0x00, 0x00, 0x00, 0x00, 0x00, 0x00, 0x01, 0xDB, 0x00, 0x00, 0x00, 0x00,
    0x00, 0x00, 0x00, 0x09, 0xD1, 0x00, 0x00, 0x00, 0x00, 0x00, 0x00, 0x00, 0x1F, 0x50, 0x00, 0x00,
    0x00, 0x00, 0x00, 0x00, 0x00, 0x5F, 0x00, 0x00, 0x00, 0x00, 0x00, 0x00, 0x00, 0x00, 0x36, 0x00,
    0x00, 0x00, 0x00, 0x00, 0x00, 0x00, 0x00, 0x01, 0x00, 0x00, 0x00, 0x00, 0x00, 0x00, 0x00, 0x00,
    0xBF, 0x40, 0x00, 0x00, 0x00, 0x00, 0x00, 0x00, 0x00, 0xBF, 0x40, 0x00, 0x00, 0x00, 0x00, 0x00,
};

static const lv_font_fmt_txt_glyph_dsc_t my_font_18_glyph_dsc[] = {
    {.bitmap_index = 0, .adv_w = 0, .box_w = 0, .box_h = 0, .ofs_x = 0, .ofs_y = 0},
    {.bitmap_index = 0, .adv_w = 0, .box_w = 0, .box_h = 0, .ofs_x = 0, .ofs_y = 0},
    {.bitmap_index = 0, .adv_w = 144, .box_w = 9, .box_h = 14, .ofs_x = 0, .ofs_y = 0},
    {.bitmap_index = 63, .adv_w = 144, .box_w = 9, .box_h = 13, .ofs_x = 0, .ofs_y = 0},
    {.bitmap_index = 122, .adv_w = 144, .box_w = 9, .box_h = 13, .ofs_x = 0, .ofs_y = 0},
    {.bitmap_index = 181, .adv_w = 144, .box_w = 9, .box_h = 16, .ofs_x = 0, .ofs_y = -2},
    {.bitmap_index = 253, .adv_w = 144, .box_w = 9, .box_h = 13, .ofs_x = 0, .ofs_y = 0},
    {.bitmap_index = 312, .adv_w = 144, .box_w = 9, .box_h = 13, .ofs_x = 0, .ofs_y = 0},
    {.bitmap_index = 371, .adv_w = 144, .box_w = 9, .box_h = 13, .ofs_x = 0, .ofs_y = 0},
    {.bitmap_index = 430, .adv_w = 144, .box_w = 9, .box_h = 17, .ofs_x = 0, .ofs_y = -2},
    {.bitmap_index = 507, .adv_w = 144, .box_w = 9, .box_h = 17, .ofs_x = 0, .ofs_y = -2},
    {.bitmap_index = 584, .adv_w = 144, .box_w = 9, .box_h = 13, .ofs_x = 0, .ofs_y = 0},
    {.bitmap_index = 643, .adv_w = 144, .box_w = 9, .box_h = 11, .ofs_x = 0, .ofs_y = 0},
    {.bitmap_index = 693, .adv_w = 144, .box_w = 9, .box_h = 4, .ofs_x = 0, .ofs_y = -2},
    {.bitmap_index = 711, .adv_w = 144, .box_w = 9, .box_h = 8, .ofs_x = 0, .ofs_y = 0},
    {.bitmap_index = 747, .adv_w = 144, .box_w = 9, .box_h = 2, .ofs_x = 0, .ofs_y = 0},
    {.bitmap_index = 756, .adv_w = 144, .box_w = 9, .box_h = 15, .ofs_x = 0, .ofs_y = -1},
    {.bitmap_index = 824, .adv_w = 144, .box_w = 9, .box_h = 14, .ofs_x = 0, .ofs_y = -1},
    {.bitmap_index = 887, .adv_w = 144, .box_w = 9, .box_h = 13, .ofs_x = 0, .ofs_y = 0},
    {.bitmap_index = 946, .adv_w = 144, .box_w = 9, .box_h = 13, .ofs_x = 0, .ofs_y = 0},
    {.bitmap_index = 1005, .adv_w = 144, .box_w = 9, .box_h = 13, .ofs_x = 0, .ofs_y = 0},
    {.bitmap_index = 1064, .adv_w = 144, .box_w = 9, .box_h = 13, .ofs_x = 0, .ofs_y = 0},
    {.bitmap_index = 1123, .adv_w = 144, .box_w = 9, .box_h = 13, .ofs_x = 0, .ofs_y = 0},
    {.bitmap_index = 1182, .adv_w = 144, .box_w = 9, .box_h = 13, .ofs_x = 0, .ofs_y = 0},
    {.bitmap_index = 1241, .adv_w = 144, .box_w = 9, .box_h = 13, .ofs_x = 0, .ofs_y = 0},
    {.bitmap_index = 1300, .adv_w = 144, .box_w = 9, .box_h = 13, .ofs_x = 0, .ofs_y = 0},
    {.bitmap_index = 1359, .adv_w = 144, .box_w = 9, .box_h = 13, .ofs_x = 0, .ofs_y = 0},
    {.bitmap_index = 1418, .adv_w = 144, .box_w = 9, .box_h = 9, .ofs_x = 0, .ofs_y = 0},
    {.bitmap_index = 1459, .adv_w = 144, .box_w = 9, .box_h = 11, .ofs_x = 0, .ofs_y = -2},
    {.bitmap_index = 1509, .adv_w = 144, .box_w = 9, .box_h = 14, .ofs_x = 0, .ofs_y = -1},
    {.bitmap_index = 1572, .adv_w = 144, .box_w = 9, .box_h = 10, .ofs_x = 0, .ofs_y = 0},
    {.bitmap_index = 1617, .adv_w = 144, .box_w = 9, .box_h = 14, .ofs_x = 0, .ofs_y = -1},
    {.bitmap_index = 1680, .adv_w = 144, .box_w = 9, .box_h = 13, .ofs_x = 0, .ofs_y = 0},
    {.bitmap_index = 1739, .adv_w = 144, .box_w = 9, .box_h = 13, .ofs_x = 0, .ofs_y = 0},
    {.bitmap_index = 1798, .adv_w = 144, .box_w = 9, .box_h = 13, .ofs_x = 0, .ofs_y = 0},
    {.bitmap_index = 1857, .adv_w = 144, .box_w = 9, .box_h = 13, .ofs_x = 0, .ofs_y = 0},
    {.bitmap_index = 1916, .adv_w = 144, .box_w = 9, .box_h = 13, .ofs_x = 0, .ofs_y = 0},
    {.bitmap_index = 1975, .adv_w = 144, .box_w = 9, .box_h = 13, .ofs_x = 0, .ofs_y = 0},
    {.bitmap_index = 2034, .adv_w = 144, .box_w = 9, .box_h = 13, .ofs_x = 0, .ofs_y = 0},
    {.bitmap_index = 2093, .adv_w = 144, .box_w = 9, .box_h = 13, .ofs_x = 0, .ofs_y = 0},
    {.bitmap_index = 2152, .adv_w = 144, .box_w = 9, .box_h = 13, .ofs_x = 0, .ofs_y = 0},
    {.bitmap_index = 2211, .adv_w = 144, .box_w = 9, .box_h = 13, .ofs_x = 0, .ofs_y = 0},
    {.bitmap_index = 2270, .adv_w = 144, .box_w = 9, .box_h = 13, .ofs_x = 0, .ofs_y = 0},
    {.bitmap_index = 2329, .adv_w = 144, .box_w = 9, .box_h = 13, .ofs_x = 0, .ofs_y = 0},
    {.bitmap_index = 2388, .adv_w = 144, .box_w = 9, .box_h = 13, .ofs_x = 0, .ofs_y = 0},
    {.bitmap_index = 2447, .adv_w = 144, .box_w = 9, .box_h = 13, .ofs_x = 0, .ofs_y = 0},
    {.bitmap_index = 2506, .adv_w = 144, .box_w = 9, .box_h = 13, .ofs_x = 0, .ofs_y = 0},
    {.bitmap_index = 2565, .adv_w = 144, .box_w = 9, .box_h = 13, .ofs_x = 0, .ofs_y = 0},
    {.bitmap_index = 2624, .adv_w = 144, .box_w = 9, .box_h = 13, .ofs_x = 0, .ofs_y = 0},
    {.bitmap_index = 2683, .adv_w = 144, .box_w = 9, .box_h = 13, .ofs_x = 0, .ofs_y = 0},
    {.bitmap_index = 2742, .adv_w = 144, .box_w = 9, .box_h = 14, .ofs_x = 0, .ofs_y = -1},
    {.bitmap_index = 2805, .adv_w = 144, .box_w = 9, .box_h = 13, .ofs_x = 0, .ofs_y = 0},
    {.bitmap_index = 2864, .adv_w = 144, .box_w = 9, .box_h = 13, .ofs_x = 0, .ofs_y = 0},
    {.bitmap_index = 2923, .adv_w = 144, .box_w = 9, .box_h = 13, .ofs_x = 0, .ofs_y = 0},
    {.bitmap_index = 2982, .adv_w = 144, .box_w = 9, .box_h = 13, .ofs_x = 0, .ofs_y = 0},
    {.bitmap_index = 3041, .adv_w = 144, .box_w = 9, .box_h = 13, .ofs_x = 0, .ofs_y = 0},
    {.bitmap_index = 3100, .adv_w = 144, .box_w = 9, .box_h = 13, .ofs_x = 0, .ofs_y = 0},
    {.bitmap_index = 3159, .adv_w = 144, .box_w = 9, .box_h = 13, .ofs_x = 0, .ofs_y = 0},
    {.bitmap_index = 3218, .adv_w = 144, .box_w = 9, .box_h = 13, .ofs_x = 0, .ofs_y = 0},
    {.bitmap_index = 3277, .adv_w = 144, .box_w = 9, .box_h = 13, .ofs_x = 0, .ofs_y = 0},
    {.bitmap_index = 3336, .adv_w = 144, .box_w = 9, .box_h = 17, .ofs_x = 0, .ofs_y = -2},
    {.bitmap_index = 3413, .adv_w = 144, .box_w = 9, .box_h = 15, .ofs_x = 0, .ofs_y = -2},
    {.bitmap_index = 3481, .adv_w = 144, .box_w = 9, .box_h = 17, .ofs_x = 0, .ofs_y = -2},
    {.bitmap_index = 3558, .adv_w = 144, .box_w = 9, .box_h = 15, .ofs_x = 0, .ofs_y = 0},
    {.bitmap_index = 3626, .adv_w = 144, .box_w = 9, .box_h = 3, .ofs_x = 0, .ofs_y = -3},
    {.bitmap_index = 3640, .adv_w = 144, .box_w = 9, .box_h = 15, .ofs_x = 0, .ofs_y = 0},
    {.bitmap_index = 3708, .adv_w = 144, .box_w = 9, .box_h = 9, .ofs_x = 0, .ofs_y = 0},
    {.bitmap_index = 3749, .adv_w = 144, .box_w = 9, .box_h = 13, .ofs_x = 0, .ofs_y = 0},
    {.bitmap_index = 3808, .adv_w = 144, .box_w = 9, .box_h = 9, .ofs_x = 0, .ofs_y = 0},
    {.bitmap_index = 3849, .adv_w = 144, .box_w = 9, .box_h = 13, .ofs_x = 0, .ofs_y = 0},
    {.bitmap_index = 3908, .adv_w = 144, .box_w = 9, .box_h = 9, .ofs_x = 0, .ofs_y = 0},
    {.bitmap_index = 3949, .adv_w = 144, .box_w = 9, .box_h = 13, .ofs_x = 0, .ofs_y = 0},
    {.bitmap_index = 4008, .adv_w = 144, .box_w = 9, .box_h = 12, .ofs_x = 0, .ofs_y = -3},
    {.bitmap_index = 4062, .adv_w = 144, .box_w = 9, .box_h = 13, .ofs_x = 0, .ofs_y = 0},
    {.bitmap_index = 4121, .adv_w = 144, .box_w = 9, .box_h = 13, .ofs_x = 0, .ofs_y = 0},
    {.bitmap_index = 4180, .adv_w = 144, .box_w = 9, .box_h = 16, .ofs_x = 0, .ofs_y = -3},
    {.bitmap_index = 4252, .adv_w = 144, .box_w = 9, .box_h = 13, .ofs_x = 0, .ofs_y = 0},
    {.bitmap_index = 4311, .adv_w = 144, .box_w = 9, .box_h = 13, .ofs_x = 0, .ofs_y = 0},
    {.bitmap_index = 4370, .adv_w = 144, .box_w = 9, .box_h = 9, .ofs_x = 0, .ofs_y = 0},
    {.bitmap_index = 4411, .adv_w = 144, .box_w = 9, .box_h = 9, .ofs_x = 0, .ofs_y = 0},
    {.bitmap_index = 4452, .adv_w = 144, .box_w = 9, .box_h = 9, .ofs_x = 0, .ofs_y = 0},
    {.bitmap_index = 4493, .adv_w = 144, .box_w = 9, .box_h = 12, .ofs_x = 0, .ofs_y = -3},
    {.bitmap_index = 4547, .adv_w = 144, .box_w = 9, .box_h = 12, .ofs_x = 0, .ofs_y = -3},
    {.bitmap_index = 4601, .adv_w = 144, .box_w = 9, .box_h = 9, .ofs_x = 0, .ofs_y = 0},
    {.bitmap_index = 4642, .adv_w = 144, .box_w = 9, .box_h = 9, .ofs_x = 0, .ofs_y = 0},
    {.bitmap_index = 4683, .adv_w = 144, .box_w = 9, .box_h = 11, .ofs_x = 0, .ofs_y = 0},
    {.bitmap_index = 4733, .adv_w = 144, .box_w = 9, .box_h = 9, .ofs_x = 0, .ofs_y = 0},
    {.bitmap_index = 4774, .adv_w = 144, .box_w = 9, .box_h = 9, .ofs_x = 0, .ofs_y = 0},
    {.bitmap_index = 4815, .adv_w = 144, .box_w = 9, .box_h = 9, .ofs_x = 0, .ofs_y = 0},
    {.bitmap_index = 4856, .adv_w = 144, .box_w = 9, .box_h = 9, .ofs_x = 0, .ofs_y = 0},
    {.bitmap_index = 4897, .adv_w = 144, .box_w = 9, .box_h = 12, .ofs_x = 0, .ofs_y = -3},
    {.bitmap_index = 4951, .adv_w = 144, .box_w = 9, .box_h = 9, .ofs_x = 0, .ofs_y = 0},
    {.bitmap_index = 4992, .adv_w = 144, .box_w = 9, .box_h = 17, .ofs_x = 0, .ofs_y = -2},
    {.bitmap_index = 5069, .adv_w = 144, .box_w = 9, .box_h = 19, .ofs_x = 0, .ofs_y = -3},
    {.bitmap_index = 5155, .adv_w = 144, .box_w = 9, .box_h = 17, .ofs_x = 0, .ofs_y = -2},
    {.bitmap_index = 5232, .adv_w = 144, .box_w = 9, .box_h = 16, .ofs_x = 0, .ofs_y = 0},
    {.bitmap_index = 5304, .adv_w = 288, .box_w = 18, .box_h = 8, .ofs_x = 0, .ofs_y = 0},
    {.bitmap_index = 5376, .adv_w = 288, .box_w = 18, .box_h = 8, .ofs_x = 0, .ofs_y = 0},
    {.bitmap_index = 5448, .adv_w = 288, .box_w = 18, .box_h = 15, .ofs_x = 0, .ofs_y = 0},
    {.bitmap_index = 5583, .adv_w = 288, .box_w = 18, .box_h = 15, .ofs_x = 0, .ofs_y = 0},
    {.bitmap_index = 5718, .adv_w = 288, .box_w = 18, .box_h = 15, .ofs_x = 0, .ofs_y = 0},
    {.bitmap_index = 5853, .adv_w = 288, .box_w = 18, .box_h = 15, .ofs_x = 0, .ofs_y = 0},
    {.bitmap_index = 5988, .adv_w = 288, .box_w = 18, .box_h = 8, .ofs_x = 0, .ofs_y = 0},
    {.bitmap_index = 6060, .adv_w = 288, .box_w = 18, .box_h = 16, .ofs_x = 0, .ofs_y = -1},
    {.bitmap_index = 6204, .adv_w = 288, .box_w = 18, .box_h = 17, .ofs_x = 0, .ofs_y = -2},
    {.bitmap_index = 6357, .adv_w = 288, .box_w = 18, .box_h = 17, .ofs_x = 0, .ofs_y = -2},
    {.bitmap_index = 6510, .adv_w = 288, .box_w = 18, .box_h = 6, .ofs_x = 0, .ofs_y = -1},
    {.bitmap_index = 6564, .adv_w = 288, .box_w = 18, .box_h = 6, .ofs_x = 0, .ofs_y = -1},
    {.bitmap_index = 6618, .adv_w = 288, .box_w = 18, .box_h = 18, .ofs_x = 0, .ofs_y = -2},
    {.bitmap_index = 6780, .adv_w = 288, .box_w = 18, .box_h = 18, .ofs_x = 0, .ofs_y = -2},
    {.bitmap_index = 6942, .adv_w = 288, .box_w = 18, .box_h = 8, .ofs_x = 0, .ofs_y = 0},
    {.bitmap_index = 7014, .adv_w = 288, .box_w = 18, .box_h = 14, .ofs_x = 0, .ofs_y = -1},
    {.bitmap_index = 7140, .adv_w = 288, .box_w = 18, .box_h = 16, .ofs_x = 0, .ofs_y = -1},
    {.bitmap_index = 7284, .adv_w = 288, .box_w = 18, .box_h = 16, .ofs_x = 0, .ofs_y = -2},
    {.bitmap_index = 7428, .adv_w = 288, .box_w = 18, .box_h = 16, .ofs_x = 0, .ofs_y = -2},
    {.bitmap_index = 7572, .adv_w = 288, .box_w = 18, .box_h = 17, .ofs_x = 0, .ofs_y = -2},
    {.bitmap_index = 7725, .adv_w = 288, .box_w = 18, .box_h = 17, .ofs_x = 0, .ofs_y = -2},
    {.bitmap_index = 7878, .adv_w = 288, .box_w = 18, .box_h = 17, .ofs_x = 0, .ofs_y = -2},
    {.bitmap_index = 8031, .adv_w = 288, .box_w = 18, .box_h = 16, .ofs_x = 0, .ofs_y = -2},
    {.bitmap_index = 8175, .adv_w = 288, .box_w = 18, .box_h = 16, .ofs_x = 0, .ofs_y = -2},
    {.bitmap_index = 8319, .adv_w = 288, .box_w = 18, .box_h = 17, .ofs_x = 0, .ofs_y = -2},
    {.bitmap_index = 8472, .adv_w = 288, .box_w = 18, .box_h = 12, .ofs_x = 0, .ofs_y = 0},
    {.bitmap_index = 8580, .adv_w = 288, .box_w = 18, .box_h = 16, .ofs_x = 0, .ofs_y = -2},
    {.bitmap_index = 8724, .adv_w = 288, .box_w = 18, .box_h = 15, .ofs_x = 0, .ofs_y = -1},
    {.bitmap_index = 8859, .adv_w = 288, .box_w = 18, .box_h = 17, .ofs_x = 0, .ofs_y = -2},
    {.bitmap_index = 9012, .adv_w = 288, .box_w = 18, .box_h = 17, .ofs_x = 0, .ofs_y = -2},
    {.bitmap_index = 9165, .adv_w = 288, .box_w = 18, .box_h = 17, .ofs_x = 0, .ofs_y = -2},
    {.bitmap_index = 9318, .adv_w = 288, .box_w = 18, .box_h = 18, .ofs_x = 0, .ofs_y = -3},
    {.bitmap_index = 9480, .adv_w = 288, .box_w = 18, .box_h = 17, .ofs_x = 0, .ofs_y = -2},
    {.bitmap_index = 9633, .adv_w = 288, .box_w = 18, .box_h = 17, .ofs_x = 0, .ofs_y = -2},
    {.bitmap_index = 9786, .adv_w = 288, .box_w = 18, .box_h = 17, .ofs_x = 0, .ofs_y = -2},
    {.bitmap_index = 9939, .adv_w = 288, .box_w = 18, .box_h = 17, .ofs_x = 0, .ofs_y = -2},
    {.bitmap_index = 10092, .adv_w = 288, .box_w = 18, .box_h = 17, .ofs_x = 0, .ofs_y = -2},
    {.bitmap_index = 10245, .adv_w = 288, .box_w = 18, .box_h = 17, .ofs_x = 0, .ofs_y = -2},
    {.bitmap_index = 10398, .adv_w = 288, .box_w = 18, .box_h = 17, .ofs_x = 0, .ofs_y = -2},
    {.bitmap_index = 10551, .adv_w = 288, .box_w = 18, .box_h = 17, .ofs_x = 0, .ofs_y = -2},
    {.bitmap_index = 10704, .adv_w = 288, .box_w = 18, .box_h = 17, .ofs_x = 0, .ofs_y = -2},
    {.bitmap_index = 10857, .adv_w = 288, .box_w = 18, .box_h = 17, .ofs_x = 0, .ofs_y = -2},
    {.bitmap_index = 11010, .adv_w = 288, .box_w = 18, .box_h = 17, .ofs_x = 0, .ofs_y = -2},
    {.bitmap_index = 11163, .adv_w = 288, .box_w = 18, .box_h = 17, .ofs_x = 0, .ofs_y = -2},
    {.bitmap_index = 11316, .adv_w = 288, .box_w = 18, .box_h = 16, .ofs_x = 0, .ofs_y = -2},
    {.bitmap_index = 11460, .adv_w = 288, .box_w = 18, .box_h = 16, .ofs_x = 0, .ofs_y = -2},
    {.bitmap_index = 11604, .adv_w = 288, .box_w = 18, .box_h = 17, .ofs_x = 0, .ofs_y = -2},
    {.bitmap_index = 11757, .adv_w = 288, .box_w = 18, .box_h = 17, .ofs_x = 0, .ofs_y = -2},
    {.bitmap_index = 11910, .adv_w = 288, .box_w = 18, .box_h = 17, .ofs_x = 0, .ofs_y = -2},
    {.bitmap_index = 12063, .adv_w = 288, .box_w = 18, .box_h = 17, .ofs_x = 0, .ofs_y = -2},
    {.bitmap_index = 12216, .adv_w = 288, .box_w = 18, .box_h = 17, .ofs_x = 0, .ofs_y = -2},
    {.bitmap_index = 12369, .adv_w = 288, .box_w = 18, .box_h = 17, .ofs_x = 0, .ofs_y = -2},
    {.bitmap_index = 12522, .adv_w = 288, .box_w = 18, .box_h = 17, .ofs_x = 0, .ofs_y = -2},
    {.bitmap_index = 12675, .adv_w = 288, .box_w = 18, .box_h = 16, .ofs_x = 0, .ofs_y = -2},
    {.bitmap_index = 12819, .adv_w = 288, .box_w = 18, .box_h = 15, .ofs_x = 0, .ofs_y = -2},
    {.bitmap_index = 12954, .adv_w = 288, .box_w = 18, .box_h = 16, .ofs_x = 0, .ofs_y = -2},
    {.bitmap_index = 13098, .adv_w = 288, .box_w = 18, .box_h = 16, .ofs_x = 0, .ofs_y = -2},
    {.bitmap_index = 13242, .adv_w = 288, .box_w = 18, .box_h = 17, .ofs_x = 0, .ofs_y = -2},
    {.bitmap_index = 13395, .adv_w = 288, .box_w = 18, .box_h = 17, .ofs_x = 0, .ofs_y = -2},
    {.bitmap_index = 13548, .adv_w = 288, .box_w = 18, .box_h = 16, .ofs_x = 0, .ofs_y = -2},
    {.bitmap_index = 13692, .adv_w = 288, .box_w = 18, .box_h = 17, .ofs_x = 0, .ofs_y = -2},
    {.bitmap_index = 13845, .adv_w = 288, .box_w = 18, .box_h = 16, .ofs_x = 0, .ofs_y = -2},
    {.bitmap_index = 13989, .adv_w = 288, .box_w = 18, .box_h = 17, .ofs_x = 0, .ofs_y = -2},
    {.bitmap_index = 14142, .adv_w = 288, .box_w = 18, .box_h = 17, .ofs_x = 0, .ofs_y = -2},
    {.bitmap_index = 14295, .adv_w = 288, .box_w = 18, .box_h = 17, .ofs_x = 0, .ofs_y = -2},
    {.bitmap_index = 14448, .adv_w = 288, .box_w = 18, .box_h = 17, .ofs_x = 0, .ofs_y = -2},
    {.bitmap_index = 14601, .adv_w = 288, .box_w = 18, .box_h = 17, .ofs_x = 0, .ofs_y = -2},
    {.bitmap_index = 14754, .adv_w = 288, .box_w = 18, .box_h = 16, .ofs_x = 0, .ofs_y = -2},
    {.bitmap_index = 14898, .adv_w = 288, .box_w = 18, .box_h = 17, .ofs_x = 0, .ofs_y = -2},
    {.bitmap_index = 15051, .adv_w = 288, .box_w = 18, .box_h = 16, .ofs_x = 0, .ofs_y = -2},
    {.bitmap_index = 15195, .adv_w = 288, .box_w = 18, .box_h = 16, .ofs_x = 0, .ofs_y = -2},
    {.bitmap_index = 15339, .adv_w = 288, .box_w = 18, .box_h = 16, .ofs_x = 0, .ofs_y = -2},
    {.bitmap_index = 15483, .adv_w = 288, .box_w = 18, .box_h = 17, .ofs_x = 0, .ofs_y = -2},
    {.bitmap_index = 15636, .adv_w = 288, .box_w = 18, .box_h = 16, .ofs_x = 0, .ofs_y = -2},
    {.bitmap_index = 15780, .adv_w = 288, .box_w = 18, .box_h = 17, .ofs_x = 0, .ofs_y = -2},
    {.bitmap_index = 15933, .adv_w = 288, .box_w = 18, .box_h = 17, .ofs_x = 0, .ofs_y = -2},
    {.bitmap_index = 16086, .adv_w = 288, .box_w = 18, .box_h = 17, .ofs_x = 0, .ofs_y = -2},
    {.bitmap_index = 16239, .adv_w = 288, .box_w = 18, .box_h = 17, .ofs_x = 0, .ofs_y = -2},
    {.bitmap_index = 16392, .adv_w = 288, .box_w = 18, .box_h = 17, .ofs_x = 0, .ofs_y = -2},
    {.bitmap_index = 16545, .adv_w = 288, .box_w = 18, .box_h = 17, .ofs_x = 0, .ofs_y = -2},
    {.bitmap_index = 16698, .adv_w = 288, .box_w = 18, .box_h = 17, .ofs_x = 0, .ofs_y = -2},
    {.bitmap_index = 16851, .adv_w = 288, .box_w = 18, .box_h = 17, .ofs_x = 0, .ofs_y = -2},
    {.bitmap_index = 17004, .adv_w = 288, .box_w = 18, .box_h = 16, .ofs_x = 0, .ofs_y = -2},
    {.bitmap_index = 17148, .adv_w = 288, .box_w = 18, .box_h = 17, .ofs_x = 0, .ofs_y = -2},
    {.bitmap_index = 17301, .adv_w = 288, .box_w = 18, .box_h = 17, .ofs_x = 0, .ofs_y = -2},
    {.bitmap_index = 17454, .adv_w = 288, .box_w = 18, .box_h = 17, .ofs_x = 0, .ofs_y = -2},
    {.bitmap_index = 17607, .adv_w = 288, .box_w = 18, .box_h = 17, .ofs_x = 0, .ofs_y = -2},
    {.bitmap_index = 17760, .adv_w = 288, .box_w = 18, .box_h = 17, .ofs_x = 0, .ofs_y = -2},
    {.bitmap_index = 17913, .adv_w = 288, .box_w = 18, .box_h = 16, .ofs_x = 0, .ofs_y = -2},
    {.bitmap_index = 18057, .adv_w = 288, .box_w = 18, .box_h = 17, .ofs_x = 0, .ofs_y = -2},
    {.bitmap_index = 18210, .adv_w = 288, .box_w = 18, .box_h = 17, .ofs_x = 0, .ofs_y = -2},
    {.bitmap_index = 18363, .adv_w = 288, .box_w = 18, .box_h = 17, .ofs_x = 0, .ofs_y = -2},
    {.bitmap_index = 18516, .adv_w = 288, .box_w = 18, .box_h = 17, .ofs_x = 0, .ofs_y = -2},
    {.bitmap_index = 18669, .adv_w = 288, .box_w = 18, .box_h = 17, .ofs_x = 0, .ofs_y = -2},
    {.bitmap_index = 18822, .adv_w = 288, .box_w = 18, .box_h = 17, .ofs_x = 0, .ofs_y = -2},
    {.bitmap_index = 18975, .adv_w = 288, .box_w = 18, .box_h = 17, .ofs_x = 0, .ofs_y = -2},
    {.bitmap_index = 19128, .adv_w = 288, .box_w = 18, .box_h = 17, .ofs_x = 0, .ofs_y = -2},
    {.bitmap_index = 19281, .adv_w = 288, .box_w = 18, .box_h = 17, .ofs_x = 0, .ofs_y = -2},
    {.bitmap_index = 19434, .adv_w = 288, .box_w = 18, .box_h = 17, .ofs_x = 0, .ofs_y = -2},
    {.bitmap_index = 19587, .adv_w = 288, .box_w = 18, .box_h = 17, .ofs_x = 0, .ofs_y = -2},
    {.bitmap_index = 19740, .adv_w = 288, .box_w = 18, .box_h = 17, .ofs_x = 0, .ofs_y = -2},
    {.bitmap_index = 19893, .adv_w = 288, .box_w = 18, .box_h = 16, .ofs_x = 0, .ofs_y = -2},
    {.bitmap_index = 20037, .adv_w = 288, .box_w = 18, .box_h = 17, .ofs_x = 0, .ofs_y = -2},
    {.bitmap_index = 20190, .adv_w = 288, .box_w = 18, .box_h = 16, .ofs_x = 0, .ofs_y = -2},
    {.bitmap_index = 20334, .adv_w = 288, .box_w = 18, .box_h = 17, .ofs_x = 0, .ofs_y = -2},
    {.bitmap_index = 20487, .adv_w = 288, .box_w = 18, .box_h = 17, .ofs_x = 0, .ofs_y = -2},
    {.bitmap_index = 20640, .adv_w = 288, .box_w = 18, .box_h = 17, .ofs_x = 0, .ofs_y = -2},
    {.bitmap_index = 20793, .adv_w = 288, .box_w = 18, .box_h = 17, .ofs_x = 0, .ofs_y = -2},
    {.bitmap_index = 20946, .adv_w = 288, .box_w = 18, .box_h = 17, .ofs_x = 0, .ofs_y = -2},
    {.bitmap_index = 21099, .adv_w = 288, .box_w = 18, .box_h = 17, .ofs_x = 0, .ofs_y = -2},
    {.bitmap_index = 21252, .adv_w = 288, .box_w = 18, .box_h = 17, .ofs_x = 0, .ofs_y = -2},
    {.bitmap_index = 21405, .adv_w = 288, .box_w = 18, .box_h = 17, .ofs_x = 0, .ofs_y = -2},
    {.bitmap_index = 21558, .adv_w = 288, .box_w = 18, .box_h = 17, .ofs_x = 0, .ofs_y = -2},
    {.bitmap_index = 21711, .adv_w = 288, .box_w = 18, .box_h = 17, .ofs_x = 0, .ofs_y = -2},
    {.bitmap_index = 21864, .adv_w = 288, .box_w = 18, .box_h = 17, .ofs_x = 0, .ofs_y = -2},
    {.bitmap_index = 22017, .adv_w = 288, .box_w = 18, .box_h = 17, .ofs_x = 0, .ofs_y = -2},
    {.bitmap_index = 22170, .adv_w = 288, .box_w = 18, .box_h = 17, .ofs_x = 0, .ofs_y = -2},
    {.bitmap_index = 22323, .adv_w = 288, .box_w = 18, .box_h = 17, .ofs_x = 0, .ofs_y = -2},
    {.bitmap_index = 22476, .adv_w = 288, .box_w = 18, .box_h = 17, .ofs_x = 0, .ofs_y = -2},
    {.bitmap_index = 22629, .adv_w = 288, .box_w = 18, .box_h = 17, .ofs_x = 0, .ofs_y = -2},
    {.bitmap_index = 22782, .adv_w = 288, .box_w = 18, .box_h = 16, .ofs_x = 0, .ofs_y = -2},
    {.bitmap_index = 22926, .adv_w = 288, .box_w = 18, .box_h = 17, .ofs_x = 0, .ofs_y = -2},
    {.bitmap_index = 23079, .adv_w = 288, .box_w = 18, .box_h = 17, .ofs_x = 0, .ofs_y = -2},
    {.bitmap_index = 23232, .adv_w = 288, .box_w = 18, .box_h = 16, .ofs_x = 0, .ofs_y = -2},
    {.bitmap_index = 23376, .adv_w = 288, .box_w = 18, .box_h = 16, .ofs_x = 0, .ofs_y = -2},
    {.bitmap_index = 23520, .adv_w = 288, .box_w = 18, .box_h = 17, .ofs_x = 0, .ofs_y = -2},
    {.bitmap_index = 23673, .adv_w = 288, .box_w = 18, .box_h = 17, .ofs_x = 0, .ofs_y = -2},
    {.bitmap_index = 23826, .adv_w = 288, .box_w = 18, .box_h = 17, .ofs_x = 0, .ofs_y = -2},
    {.bitmap_index = 23979, .adv_w = 288, .box_w = 18, .box_h = 17, .ofs_x = 0, .ofs_y = -2},
    {.bitmap_index = 24132, .adv_w = 288, .box_w = 18, .box_h = 17, .ofs_x = 0, .ofs_y = -2},
    {.bitmap_index = 24285, .adv_w = 288, .box_w = 18, .box_h = 16, .ofs_x = 0, .ofs_y = -2},
    {.bitmap_index = 24429, .adv_w = 288, .box_w = 18, .box_h = 16, .ofs_x = 0, .ofs_y = -2},
    {.bitmap_index = 24573, .adv_w = 288, .box_w = 18, .box_h = 17, .ofs_x = 0, .ofs_y = -2},
    {.bitmap_index = 24726, .adv_w = 288, .box_w = 18, .box_h = 17, .ofs_x = 0, .ofs_y = -2},
    {.bitmap_index = 24879, .adv_w = 288, .box_w = 18, .box_h = 17, .ofs_x = 0, .ofs_y = -2},
    {.bitmap_index = 25032, .adv_w = 288, .box_w = 18, .box_h = 17, .ofs_x = 0, .ofs_y = -2},
    {.bitmap_index = 25185, .adv_w = 288, .box_w = 18, .box_h = 17, .ofs_x = 0, .ofs_y = -2},
    {.bitmap_index = 25338, .adv_w = 288, .box_w = 18, .box_h = 17, .ofs_x = 0, .ofs_y = -2},
    {.bitmap_index = 25491, .adv_w = 288, .box_w = 18, .box_h = 17, .ofs_x = 0, .ofs_y = -2},
    {.bitmap_index = 25644, .adv_w = 288, .box_w = 18, .box_h = 17, .ofs_x = 0, .ofs_y = -2},
    {.bitmap_index = 25797, .adv_w = 288, .box_w = 18, .box_h = 17, .ofs_x = 0, .ofs_y = -2},
    {.bitmap_index = 25950, .adv_w = 288, .box_w = 18, .box_h = 17, .ofs_x = 0, .ofs_y = -2},
    {.bitmap_index = 26103, .adv_w = 288, .box_w = 18, .box_h = 15, .ofs_x = 0, .ofs_y = -1},
    {.bitmap_index = 26238, .adv_w = 288, .box_w = 18, .box_h = 17, .ofs_x = 0, .ofs_y = -2},
    {.bitmap_index = 26391, .adv_w = 288, .box_w = 18, .box_h = 16, .ofs_x = 0, .ofs_y = -1},
    {.bitmap_index = 26535, .adv_w = 288, .box_w = 18, .box_h = 17, .ofs_x = 0, .ofs_y = -2},
    {.bitmap_index = 26688, .adv_w = 288, .box_w = 18, .box_h = 17, .ofs_x = 0, .ofs_y = -2},
    {.bitmap_index = 26841, .adv_w = 288, .box_w = 18, .box_h = 17, .ofs_x = 0, .ofs_y = -2},
    {.bitmap_index = 26994, .adv_w = 288, .box_w = 18, .box_h = 17, .ofs_x = 0, .ofs_y = -2},
    {.bitmap_index = 27147, .adv_w = 288, .box_w = 18, .box_h = 17, .ofs_x = 0, .ofs_y = -2},
    {.bitmap_index = 27300, .adv_w = 288, .box_w = 18, .box_h = 17, .ofs_x = 0, .ofs_y = -2},
    {.bitmap_index = 27453, .adv_w = 288, .box_w = 18, .box_h = 17, .ofs_x = 0, .ofs_y = -2},
    {.bitmap_index = 27606, .adv_w = 288, .box_w = 18, .box_h = 17, .ofs_x = 0, .ofs_y = -2},
    {.bitmap_index = 27759, .adv_w = 288, .box_w = 18, .box_h = 17, .ofs_x = 0, .ofs_y = -2},
    {.bitmap_index = 27912, .adv_w = 288, .box_w = 18, .box_h = 17, .ofs_x = 0, .ofs_y = -2},
    {.bitmap_index = 28065, .adv_w = 288, .box_w = 18, .box_h = 17, .ofs_x = 0, .ofs_y = -2},
    {.bitmap_index = 28218, .adv_w = 288, .box_w = 18, .box_h = 17, .ofs_x = 0, .ofs_y = -2},
    {.bitmap_index = 28371, .adv_w = 288, .box_w = 18, .box_h = 17, .ofs_x = 0, .ofs_y = -2},
    {.bitmap_index = 28524, .adv_w = 288, .box_w = 18, .box_h = 16, .ofs_x = 0, .ofs_y = -1},
    {.bitmap_index = 28668, .adv_w = 288, .box_w = 18, .box_h = 17, .ofs_x = 0, .ofs_y = -2},
    {.bitmap_index = 28821, .adv_w = 288, .box_w = 18, .box_h = 17, .ofs_x = 0, .ofs_y = -2},
    {.bitmap_index = 28974, .adv_w = 288, .box_w = 18, .box_h = 17, .ofs_x = 0, .ofs_y = -2},
    {.bitmap_index = 29127, .adv_w = 288, .box_w = 18, .box_h = 17, .ofs_x = 0, .ofs_y = -2},
    {.bitmap_index = 29280, .adv_w = 288, .box_w = 18, .box_h = 17, .ofs_x = 0, .ofs_y = -2},
    {.bitmap_index = 29433, .adv_w = 288, .box_w = 18, .box_h = 17, .ofs_x = 0, .ofs_y = -2},
    {.bitmap_index = 29586, .adv_w = 288, .box_w = 18, .box_h = 17, .ofs_x = 0, .ofs_y = -2},
    {.bitmap_index = 29739, .adv_w = 288, .box_w = 18, .box_h = 17, .ofs_x = 0, .ofs_y = -2},
    {.bitmap_index = 29892, .adv_w = 288, .box_w = 18, .box_h = 17, .ofs_x = 0, .ofs_y = -2},
    {.bitmap_index = 30045, .adv_w = 288, .box_w = 18, .box_h = 17, .ofs_x = 0, .ofs_y = -2},
    {.bitmap_index = 30198, .adv_w = 288, .box_w = 18, .box_h = 16, .ofs_x = 0, .ofs_y = -2},
    {.bitmap_index = 30342, .adv_w = 288, .box_w = 18, .box_h = 17, .ofs_x = 0, .ofs_y = -2},
    {.bitmap_index = 30495, .adv_w = 288, .box_w = 18, .box_h = 17, .ofs_x = 0, .ofs_y = -2},
    {.bitmap_index = 30648, .adv_w = 288, .box_w = 18, .box_h = 17, .ofs_x = 0, .ofs_y = -2},
    {.bitmap_index = 30801, .adv_w = 288, .box_w = 18, .box_h = 17, .ofs_x = 0, .ofs_y = -2},
    {.bitmap_index = 30954, .adv_w = 288, .box_w = 18, .box_h = 17, .ofs_x = 0, .ofs_y = -2},
    {.bitmap_index = 31107, .adv_w = 288, .box_w = 18, .box_h = 17, .ofs_x = 0, .ofs_y = -2},
    {.bitmap_index = 31260, .adv_w = 288, .box_w = 18, .box_h = 17, .ofs_x = 0, .ofs_y = -2},
    {.bitmap_index = 31413, .adv_w = 288, .box_w = 18, .box_h = 17, .ofs_x = 0, .ofs_y = -2},
    {.bitmap_index = 31566, .adv_w = 288, .box_w = 18, .box_h = 17, .ofs_x = 0, .ofs_y = -2},
    {.bitmap_index = 31719, .adv_w = 288, .box_w = 18, .box_h = 17, .ofs_x = 0, .ofs_y = -2},
    {.bitmap_index = 31872, .adv_w = 288, .box_w = 18, .box_h = 17, .ofs_x = 0, .ofs_y = -2},
    {.bitmap_index = 32025, .adv_w = 288, .box_w = 18, .box_h = 17, .ofs_x = 0, .ofs_y = -2},
    {.bitmap_index = 32178, .adv_w = 288, .box_w = 18, .box_h = 18, .ofs_x = 0, .ofs_y = -3},
    {.bitmap_index = 32340, .adv_w = 288, .box_w = 18, .box_h = 17, .ofs_x = 0, .ofs_y = -2},
    {.bitmap_index = 32493, .adv_w = 288, .box_w = 18, .box_h = 17, .ofs_x = 0, .ofs_y = -2},
    {.bitmap_index = 32646, .adv_w = 288, .box_w = 18, .box_h = 17, .ofs_x = 0, .ofs_y = -2},
    {.bitmap_index = 32799, .adv_w = 288, .box_w = 18, .box_h = 17, .ofs_x = 0, .ofs_y = -2},
    {.bitmap_index = 32952, .adv_w = 288, .box_w = 18, .box_h = 17, .ofs_x = 0, .ofs_y = -2},
    {.bitmap_index = 33105, .adv_w = 288, .box_w = 18, .box_h = 17, .ofs_x = 0, .ofs_y = -2},
    {.bitmap_index = 33258, .adv_w = 288, .box_w = 18, .box_h = 17, .ofs_x = 0, .ofs_y = -2},
    {.bitmap_index = 33411, .adv_w = 288, .box_w = 18, .box_h = 17, .ofs_x = 0, .ofs_y = -2},
    {.bitmap_index = 33564, .adv_w = 288, .box_w = 18, .box_h = 17, .ofs_x = 0, .ofs_y = -2},
    {.bitmap_index = 33717, .adv_w = 288, .box_w = 18, .box_h = 17, .ofs_x = 0, .ofs_y = -2},
    {.bitmap_index = 33870, .adv_w = 288, .box_w = 18, .box_h = 16, .ofs_x = 0, .ofs_y = -2},
    {.bitmap_index = 34014, .adv_w = 288, .box_w = 18, .box_h = 17, .ofs_x = 0, .ofs_y = -2},
    {.bitmap_index = 34167, .adv_w = 288, .box_w = 18, .box_h = 17, .ofs_x = 0, .ofs_y = -2},
    {.bitmap_index = 34320, .adv_w = 288, .box_w = 18, .box_h = 17, .ofs_x = 0, .ofs_y = -2},
    {.bitmap_index = 34473, .adv_w = 288, .box_w = 18, .box_h = 17, .ofs_x = 0, .ofs_y = -2},
    {.bitmap_index = 34626, .adv_w = 288, .box_w = 18, .box_h = 17, .ofs_x = 0, .ofs_y = -2},
    {.bitmap_index = 34779, .adv_w = 288, .box_w = 18, .box_h = 17, .ofs_x = 0, .ofs_y = -2},
    {.bitmap_index = 34932, .adv_w = 288, .box_w = 18, .box_h = 17, .ofs_x = 0, .ofs_y = -2},
    {.bitmap_index = 35085, .adv_w = 288, .box_w = 18, .box_h = 17, .ofs_x = 0, .ofs_y = -2},
    {.bitmap_index = 35238, .adv_w = 288, .box_w = 18, .box_h = 17, .ofs_x = 0, .ofs_y = -2},
    {.bitmap_index = 35391, .adv_w = 288, .box_w = 18, .box_h = 17, .ofs_x = 0, .ofs_y = -2},
    {.bitmap_index = 35544, .adv_w = 288, .box_w = 18, .box_h = 17, .ofs_x = 0, .ofs_y = -2},
    {.bitmap_index = 35697, .adv_w = 288, .box_w = 18, .box_h = 17, .ofs_x = 0, .ofs_y = -2},
    {.bitmap_index = 35850, .adv_w = 288, .box_w = 18, .box_h = 17, .ofs_x = 0, .ofs_y = -2},
    {.bitmap_index = 36003, .adv_w = 288, .box_w = 18, .box_h = 17, .ofs_x = 0, .ofs_y = -2},
    {.bitmap_index = 36156, .adv_w = 288, .box_w = 18, .box_h = 17, .ofs_x = 0, .ofs_y = -2},
    {.bitmap_index = 36309, .adv_w = 288, .box_w = 18, .box_h = 17, .ofs_x = 0, .ofs_y = -2},
    {.bitmap_index = 36462, .adv_w = 288, .box_w = 18, .box_h = 17, .ofs_x = 0, .ofs_y = -2},
    {.bitmap_index = 36615, .adv_w = 288, .box_w = 18, .box_h = 17, .ofs_x = 0, .ofs_y = -2},
    {.bitmap_index = 36768, .adv_w = 288, .box_w = 18, .box_h = 17, .ofs_x = 0, .ofs_y = -2},
    {.bitmap_index = 36921, .adv_w = 288, .box_w = 18, .box_h = 17, .ofs_x = 0, .ofs_y = -2},
    {.bitmap_index = 37074, .adv_w = 288, .box_w = 18, .box_h = 16, .ofs_x = 0, .ofs_y = -2},
    {.bitmap_index = 37218, .adv_w = 288, .box_w = 18, .box_h = 17, .ofs_x = 0, .ofs_y = -2},
    {.bitmap_index = 37371, .adv_w = 288, .box_w = 18, .box_h = 17, .ofs_x = 0, .ofs_y = -2},
    {.bitmap_index = 37524, .adv_w = 288, .box_w = 18, .box_h = 16, .ofs_x = 0, .ofs_y = -2},
    {.bitmap_index = 37668, .adv_w = 288, .box_w = 18, .box_h = 17, .ofs_x = 0, .ofs_y = -2},
    {.bitmap_index = 37821, .adv_w = 288, .box_w = 18, .box_h = 16, .ofs_x = 0, .ofs_y = -2},
    {.bitmap_index = 37965, .adv_w = 288, .box_w = 18, .box_h = 17, .ofs_x = 0, .ofs_y = -2},
    {.bitmap_index = 38118, .adv_w = 288, .box_w = 18, .box_h = 17, .ofs_x = 0, .ofs_y = -2},
    {.bitmap_index = 38271, .adv_w = 288, .box_w = 18, .box_h = 17, .ofs_x = 0, .ofs_y = -2},
    {.bitmap_index = 38424, .adv_w = 288, .box_w = 18, .box_h = 17, .ofs_x = 0, .ofs_y = -2},
    {.bitmap_index = 38577, .adv_w = 288, .box_w = 18, .box_h = 16, .ofs_x = 0, .ofs_y = -2},
    {.bitmap_index = 38721, .adv_w = 288, .box_w = 18, .box_h = 17, .ofs_x = 0, .ofs_y = -3},
    {.bitmap_index = 38874, .adv_w = 288, .box_w = 18, .box_h = 17, .ofs_x = 0, .ofs_y = -2},
    {.bitmap_index = 39027, .adv_w = 288, .box_w = 18, .box_h = 17, .ofs_x = 0, .ofs_y = -2},
    {.bitmap_index = 39180, .adv_w = 288, .box_w = 18, .box_h = 17, .ofs_x = 0, .ofs_y = -2},
    {.bitmap_index = 39333, .adv_w = 288, .box_w = 18, .box_h = 17, .ofs_x = 0, .ofs_y = -2},
    {.bitmap_index = 39486, .adv_w = 288, .box_w = 18, .box_h = 13, .ofs_x = 0, .ofs_y = 0},
    {.bitmap_index = 39603, .adv_w = 288, .box_w = 18, .box_h = 16, .ofs_x = 0, .ofs_y = -1},
    {.bitmap_index = 39747, .adv_w = 288, .box_w = 18, .box_h = 16, .ofs_x = 0, .ofs_y = -1},
    {.bitmap_index = 39891, .adv_w = 288, .box_w = 18, .box_h = 6, .ofs_x = 0, .ofs_y = -3},
    {.bitmap_index = 39945, .adv_w = 288, .box_w = 18, .box_h = 7, .ofs_x = 0, .ofs_y = 0},
    {.bitmap_index = 40008, .adv_w = 288, .box_w = 18, .box_h = 10, .ofs_x = 0, .ofs_y = -3},
    {.bitmap_index = 40098, .adv_w = 288, .box_w = 18, .box_h = 14, .ofs_x = 0, .ofs_y = 0},
};

static const uint16_t my_font_18_unicode_list[] = {
        0x0000, 0x1F5D, 0x1F61, 0x1F62, 0x1F65, 0x1F66, 0x1F6F, 0x204C,
        0x254E, 0x254F, 0x2F4A, 0x2F4B, 0x2F53, 0x2F54, 0x4D49, 0x4D52,
        0x4D53, 0x4D54, 0x4D56, 0x4D83, 0x4D91, 0x4DA8, 0x4DB9, 0x4DCF,
        0x4DD4, 0x4DD5, 0x4DDA, 0x4DDD, 0x4DF7, 0x4E03, 0x4E09, 0x4E13,
        0x4E17, 0x4E35, 0x4E3F, 0x4E63, 0x4EA2, 0x4EA9, 0x4FA3, 0x5018,
        0x5092, 0x50B1, 0x50B5, 0x50B6, 0x50D6, 0x50E2, 0x50F9, 0x5143,
        0x5163, 0x5174, 0x5179, 0x51E9, 0x5304, 0x5313, 0x532C, 0x5333,
        0x5338, 0x534C, 0x5351, 0x5355, 0x5356, 0x5370, 0x5375, 0x5393,
        0x53BC, 0x53D5, 0x53DF, 0x5433, 0x54AA, 0x5624, 0x5627, 0x5629,
        0x562B, 0x564F, 0x5651, 0x5671, 0x5839, 0x585F, 0x5863, 0x5865,
        0x5868, 0x5870, 0x5872, 0x5873, 0x58A0, 0x58BF, 0x58C6, 0x59A3,
        0x5A99, 0x5AA0, 0x5AD1, 0x5AD2, 0x5AEB, 0x5AFF, 0x5B0F, 0x5B42,
        0x5B5A, 0x5B7A, 0x5BCA, 0x5D4B, 0x5D6F, 0x5DBC, 0x5DBD, 0x5E49,
        0x5EBA, 0x5ECE, 0x5ED1, 0x5F0C, 0x5F22, 0x600E, 0x603C, 0x6058,
        0x615A, 0x6180, 0x6194, 0x61DC, 0x62AB, 0x6318, 0x64AC, 0x64F9,
        0x6529, 0x652E, 0x6532, 0x6557, 0x6568, 0x6578, 0x65A3, 0x65B8,
        0x65BD, 0x65DF, 0x6649, 0x6651, 0x6652, 0x6668, 0x6675, 0x6683,
        0x66AE, 0x66B8, 0x66C7, 0x66E5, 0x6780, 0x6A90, 0x6AAC, 0x6AAE,
        0x6B1D, 0x6B5D, 0x6B7D, 0x6BA8, 0x6BEA, 0x6C31, 0x6C60, 0x6FB8,
        0x7002, 0x717A, 0x7186, 0x71C2, 0x7274, 0x7336, 0x7468, 0x747E,
        0x75C4, 0x75C6, 0x75CD, 0x75FA, 0x7652, 0x7654, 0x7689, 0x76AA,
        0x772E, 0x774A, 0x77E0, 0x78B1, 0x7914, 0x79C8, 0x7A5A, 0x7A75,
        0x7A92, 0x7AFA, 0x7BE0, 0x7C06, 0x7C13, 0x7C1F, 0x7C70, 0x7C78,
        0x7DEF, 0x7DFA, 0x7E1C, 0x7E22, 0x8063, 0x81FA, 0x827F, 0x8325,
        0x88CA, 0x890A, 0x8AEB, 0x8B0A, 0x8B3D, 0x8B40, 0x8CB9, 0x8CC0,
        0x8CCE, 0x8D38, 0x8DF4, 0x8EC4, 0x8ED1, 0x8F02, 0x8F21, 0x8F22,
        0x8F40, 0x8F4B, 0x8F64, 0x8F9C, 0x8FEC, 0x9046, 0x9115, 0x9462,
        0x9533, 0x957C, 0x95B3, 0x9631, 0x9633, 0x963F, 0x9640, 0x97C8,
        0x9817, 0x9821, 0x9828, 0x98B6, 0x98E2, 0x9A21, 0xFE4A, 0xFE51,
        0xFE52, 0xFE55, 0xFE63, 0xFE64, 0xFE68,
};

static const lv_font_fmt_txt_cmap_t my_font_18_cmaps[] = {
    {
        .range_start = 32, .range_length = 95, .glyph_id_start = 1,
        .unicode_list = NULL, .glyph_id_ofs_list = NULL, .list_length = 0, .type = LV_FONT_FMT_TXT_CMAP_FORMAT0_TINY
    },
    {
        .range_start = 183, .range_length = 65129, .glyph_id_start = 96,
        .unicode_list = my_font_18_unicode_list, .glyph_id_ofs_list = NULL, .list_length = 237,
        .type = LV_FONT_FMT_TXT_CMAP_SPARSE_TINY
    },
};

static lv_font_fmt_txt_glyph_cache_t my_font_18_cache;

static const lv_font_fmt_txt_dsc_t my_font_18_dsc = {
    .glyph_bitmap = my_font_18_glyph_bitmap,
    .glyph_dsc = my_font_18_glyph_dsc,
    .cmaps = my_font_18_cmaps,
    .kern_dsc = NULL,
    .kern_scale = 0,
    .cmap_num = 2,
    .bpp = 4,
    .kern_classes = 0,
    .bitmap_format = 0,
    .cache = &my_font_18_cache
};

const lv_font_t my_font_18 = {
    .get_glyph_dsc = lv_font_get_glyph_dsc_fmt_txt,
    .get_glyph_bitmap = lv_font_get_bitmap_fmt_txt,
    .line_height = 18,
    .base_line = 4,
    .subpx = LV_FONT_SUBPX_NONE,
    .underline_position = -2,
    .underline_thickness = 1,
    .dsc = &my_font_18_dsc,
    .fallback = NULL,
    .user_data = NULL,
};
